customer_id,full_name,email,city,country,signup_date
1,Allison Hill,cust1_donaldgarcia@hotmail.com,New Roberttown,Bermuda,2023-08-17
2,Jonathan Johnson,cust2_jennifermiles@yahoo.com,South Bridget,Sudan,2023-02-21
3,Olivia Moore,cust3_jpeterson@gmail.com,Curtisfurt,Bhutan,2024-07-17
4,Gregory Baker,cust4_blairamanda@yahoo.com,New Kellystad,Morocco,2024-05-16
5,Benjamin Stanley,cust5_tracie31@yahoo.com,Shawnstad,Central African Republic,2024-04-02
6,Daniel Adams,cust6_lynchgeorge@hotmail.com,East Steven,Faroe Islands,2023-10-13
7,Margaret Hawkins DDS,cust7_perezantonio@yahoo.com,Adamsborough,United States Minor Outlying Islands,2023-07-29
8,Sherri Edwards,cust8_pfoster@yahoo.com,West Donald,Samoa,2026-01-21
9,Deborah Richards,cust9_icox@hotmail.com,Daviston,Tokelau,2023-06-28
10,Mark Conner,cust10_ycarlson@yahoo.com,Riceside,Tokelau,2026-04-24
11,Melanie Wilson,cust11_kayla51@yahoo.com,Mooretown,Zimbabwe,2025-05-14
12,Michelle Stanton,cust12_williamrodriguez@hotmail.com,Meaganhaven,New Caledonia,2023-03-07
13,James Martin,cust13_georgetracy@gmail.com,Natashaport,Dominican Republic,2023-03-03
14,Shawn Arroyo,cust14_dennislisa@hotmail.com,East Donna,Yemen,2023-07-11
15,Deborah Brennan,cust15_ibrandt@hotmail.com,Lake Larry,Paraguay,2024-03-23
16,Jessica Holmes,cust16_wrightcaleb@gmail.com,New Jeffrey,Barbados,2024-04-21
17,Amy Jones,cust17_heathchad@gmail.com,Elizabethborough,Mauritius,2025-10-31
18,Timothy Duncan,cust18_esanchez@yahoo.com,North Collin,Jersey,2026-05-17
19,Jason Shields,cust19_nuneztracey@gmail.com,South Jessicaville,Egypt,2023-02-24
20,Joshua Taylor,cust20_joshuawright@gmail.com,Mortonside,Bolivia,2026-02-23
21,Zachary Huff,cust21_housemelinda@gmail.com,Tuckerborough,Tonga,2024-02-12
22,Anthony Gray,cust22_ybaker@yahoo.com,Rodneyside,Panama,2026-01-21
23,Brittney Phillips,cust23_rileyamy@hotmail.com,Brianshire,Lesotho,2025-05-09
24,Sarah Moore,cust24_yorkcasey@gmail.com,South David,Tuvalu,2024-03-27
25,Lauren Williams,cust25_barnesbrandy@hotmail.com,Sarahborough,Paraguay,2025-07-08
26,Cynthia Foster,cust26_stephen10@yahoo.com,North Amandahaven,Estonia,2026-04-21
27,Gregory Jones,cust27_mikemoore@hotmail.com,Cherylhaven,Algeria,2024-07-23
28,Kristen Huynh,cust28_mcmillandennis@gmail.com,Lake Angelaview,Finland,2023-01-14
29,Michelle Harris,cust29_william40@gmail.com,Calderonton,Afghanistan,2023-11-23
30,Carlos Whitney,cust30_joycearnold@yahoo.com,North Charlesberg,Mayotte,2025-05-15
31,Jacob Tran,cust31_tanderson@yahoo.com,West Jasonbury,Papua New Guinea,2024-11-27
32,Richard Henson,cust32_vdickson@gmail.com,Port Francisco,South Georgia and the South Sandwich Islands,2024-07-23
33,Sierra Johnson,cust33_kimberly63@yahoo.com,Port Jacqueline,Hong Kong,2023-11-15
34,Shannon Walker,cust34_ybailey@gmail.com,North Donna,Iran,2024-03-16
35,Sean Rasmussen,cust35_michael86@hotmail.com,Sheilaville,Turkey,2024-11-20
36,Cassandra Estes,cust36_benjamin96@yahoo.com,Samuelhaven,Brazil,2023-07-29
37,Kenneth Scott,cust37_zsmith@hotmail.com,West Ryan,Yemen,2023-07-09
38,Erin Edwards,cust38_cortezkevin@yahoo.com,Nguyenport,Micronesia,2025-02-17
39,Jason Bentley,cust39_christinaturner@hotmail.com,West Justinchester,Solomon Islands,2023-07-18
40,Mary Marshall,cust40_glowe@yahoo.com,Lake Christopher,Malaysia,2025-01-05
41,Lisa Davis,cust41_emilywalker@gmail.com,North Brandon,Lebanon,2024-12-05
42,Patricia Gibson,cust42_jennifercruz@yahoo.com,East Diana,Albania,2026-05-21
43,Shannon Mcclure,cust43_zrobinson@hotmail.com,Williamsbury,United States Virgin Islands,2024-06-25
44,Joyce Solis,cust44_stephanie79@hotmail.com,Rivasside,Kiribati,2023-03-30
45,Natasha Wells,cust45_karen48@yahoo.com,West Scott,Rwanda,2025-07-29
46,Devon Flores,cust46_taylorjesse@hotmail.com,Lake Jason,Israel,2026-01-03
47,Joshua Perry,cust47_marissaprice@hotmail.com,Port Nicoleshire,Hong Kong,2023-09-13
48,Tommy Evans,cust48_acastaneda@hotmail.com,South Jeffrey,Jordan,2025-02-14
49,Mr. Michael Yates,cust49_marycalhoun@hotmail.com,South Brittanytown,Belize,2023-06-11
50,Brandy Murray,cust50_greenmark@yahoo.com,Matthewfurt,Fiji,2026-02-04
51,Sandra King,cust51_ruizkaitlyn@gmail.com,Jeffreyland,Slovakia (Slovak Republic),2024-08-23
52,Amanda Johnson,cust52_jamessmith@gmail.com,East Thomas,Brazil,2026-06-20
53,Claudia Lyons,cust53_gary91@gmail.com,Danieltown,Vanuatu,2025-01-10
54,Michael Rubio,cust54_mdavid@gmail.com,North Heidi,Gabon,2026-03-28
55,Lindsay Martinez,cust55_reedross@yahoo.com,New Deborahtown,Thailand,2024-01-29
56,John Hamilton,cust56_cynthia72@yahoo.com,Lake Aimee,Pakistan,2023-05-23
57,Robert Medina,cust57_umarshall@hotmail.com,Marcusbury,Switzerland,2023-04-04
58,Diana Hayes,cust58_qhudson@yahoo.com,Anthonymouth,Cocos (Keeling) Islands,2024-04-11
59,Mr. David Ramirez,cust59_angela83@gmail.com,Lake Richard,Moldova,2024-08-15
60,Melissa Brewer,cust60_bwest@gmail.com,Jeffreybury,Gambia,2023-06-13
61,Jackie Tran,cust61_ronald85@yahoo.com,Nelsonview,Djibouti,2024-04-21
62,Corey Wilson,cust62_jamesrodgers@yahoo.com,Tinaborough,French Polynesia,2023-07-26
63,Christopher Smith,cust63_joshuamccann@hotmail.com,Heidiberg,Northern Mariana Islands,2025-02-17
64,Katherine Salas,cust64_taylor75@gmail.com,West Shelleyfort,Brazil,2024-07-23
65,Jennifer Jones,cust65_hernandezlisa@yahoo.com,East Davidchester,New Caledonia,2025-07-17
66,Lisa Rowe,cust66_chayes@yahoo.com,Torreston,New Zealand,2025-01-17
67,Annette Farmer,cust67_josephmiller@gmail.com,New Charles,Afghanistan,2023-11-30
68,Michael Harrison,cust68_halljasmine@hotmail.com,Jonesbury,Uzbekistan,2025-01-28
69,Rick Lawrence,cust69_ronaldstephens@hotmail.com,West Margaret,Barbados,2024-12-28
70,Ricky Larson,cust70_scott74@hotmail.com,Benderhaven,Mauritius,2024-03-05
71,Bobby Williams MD,cust71_cassandra01@gmail.com,Port Emilyview,Morocco,2024-06-30
72,Peter Ruiz,cust72_lmoon@hotmail.com,Waltersfort,Bermuda,2023-05-27
73,Jason Morris,cust73_hodgemark@hotmail.com,Robertsfurt,Suriname,2026-06-01
74,Amanda Miller,cust74_marcus68@gmail.com,Gutierrezborough,Maldives,2023-12-17
75,Peter Garrett,cust75_harrisandrea@yahoo.com,Gilmorefort,British Virgin Islands,2025-12-29
76,Mark Lloyd,cust76_lancesmith@yahoo.com,East Victoriaville,Kyrgyz Republic,2024-05-16
77,Maria Moore,cust77_william46@yahoo.com,Sanchezside,Cameroon,2023-12-01
78,Thomas Romero,cust78_michellehill@yahoo.com,Sarahhaven,Ethiopia,2025-08-04
79,Diane Evans,cust79_cgrimes@hotmail.com,Reedside,Serbia,2025-02-16
80,Jordan Morris,cust80_tinaallen@yahoo.com,Port Kimberly,Aruba,2024-07-06
81,John Mcintyre,cust81_qhughes@hotmail.com,South Tammie,Brunei Darussalam,2026-02-14
82,Leslie Kane,cust82_dgarcia@gmail.com,South Monica,Cape Verde,2024-03-25
83,Richard Baker,cust83_vsantos@hotmail.com,Finleyfort,Tunisia,2024-10-26
84,Lisa Young,cust84_wendy16@gmail.com,South Garrettport,United Kingdom,2023-04-25
85,Frederick Brown,cust85_nicholas23@hotmail.com,Knightburgh,Chile,2024-04-14
86,Leon Reyes,cust86_tyleraguilar@gmail.com,Littlemouth,Equatorial Guinea,2023-03-07
87,Stephanie Marshall,cust87_erica21@yahoo.com,Vanessaport,Northern Mariana Islands,2024-10-08
88,Melissa Bryant,cust88_james67@gmail.com,South Ashley,Morocco,2025-04-01
89,Michael Johnson,cust89_khill@hotmail.com,New Julieport,Singapore,2024-07-02
90,Lisa Gomez,cust90_christinebyrd@hotmail.com,Lake Colton,Niue,2023-05-16
91,Ellen Alexander,cust91_jessica14@yahoo.com,Thompsonberg,Solomon Islands,2024-03-08
92,Valerie Schmidt,cust92_maria47@yahoo.com,Lindamouth,Belarus,2026-03-07
93,Vincent Dalton,cust93_zcoffey@hotmail.com,Christopherfurt,American Samoa,2024-10-06
94,Caleb Richardson,cust94_brenda51@hotmail.com,South Angel,Turks and Caicos Islands,2024-03-11
95,Erin Bishop,cust95_reidsteven@hotmail.com,Debraville,Burundi,2025-10-19
96,Andrew Ferrell,cust96_davispaige@gmail.com,Chavezside,Italy,2025-03-21
97,Molly Mcclure,cust97_basschristina@yahoo.com,Lake Mitchellmouth,Kenya,2025-07-28
98,Savannah Garcia,cust98_amy50@yahoo.com,Jamesville,Yemen,2023-10-20
99,Jordan Bates,cust99_williamsmatthew@gmail.com,North Maria,Micronesia,2024-06-26
100,Daniel Kane,cust100_kim90@yahoo.com,East Amber,South Georgia and the South Sandwich Islands,2023-10-13
101,Matthew Johnson,cust101_howardkristina@hotmail.com,Alfredview,Austria,2024-05-20
102,Jason Wilson,cust102_alvarezkimberly@hotmail.com,South Williamton,Saint Lucia,2026-02-23
103,Sharon Boyd,cust103_bschneider@gmail.com,Boonechester,Poland,2026-01-08
104,Micheal Wallace,cust104_morriseddie@gmail.com,Claudiashire,Mexico,2024-06-22
105,Jane Harper,cust105_shawn96@gmail.com,Port Dianaside,Saint Helena,2026-04-12
106,Jessica Beasley,cust106_dmorgan@yahoo.com,Blairmouth,Japan,2025-05-27
107,David Mckay,cust107_fjones@gmail.com,Davisstad,Sudan,2026-04-10
108,Anthony Frye,cust108_elizabeth65@hotmail.com,Parrishton,France,2025-03-28
109,Heather Lane,cust109_ericolson@gmail.com,Meganstad,Brazil,2025-01-11
110,Laura Aguirre,cust110_lynchdiane@hotmail.com,Anthonyview,Reunion,2024-03-25
111,Tammy Bell,cust111_mollyknight@yahoo.com,East Joycetown,Bermuda,2023-10-11
112,Cindy Barnes,cust112_eric45@hotmail.com,North Ericton,Peru,2025-11-09
113,Jeremy Coleman,cust113_nperry@hotmail.com,West Russellport,Philippines,2025-10-07
114,Katelyn Estrada,cust114_walkertracey@gmail.com,East Kevinborough,Seychelles,2023-07-06
115,David Murphy,cust115_jimenezryan@gmail.com,Patelbury,Macao,2023-04-07
116,Mary Gomez,cust116_chensley@yahoo.com,South Samanthamouth,Morocco,2023-08-13
117,Jared Bowman,cust117_darius05@gmail.com,Collierstad,Benin,2023-11-10
118,Brian Graham,cust118_zwarren@yahoo.com,Jeffreyburgh,Belarus,2023-11-24
119,Ashley Hicks,cust119_michael23@gmail.com,West James,Netherlands,2025-05-14
120,Peter Jones,cust120_kmarshall@hotmail.com,Maldonadoshire,Norway,2026-05-06
121,Lori Lin,cust121_edward17@yahoo.com,Laurashire,Azerbaijan,2023-05-11
122,Benjamin Murray,cust122_brownmarie@gmail.com,New Brookefurt,Kyrgyz Republic,2025-02-27
123,Tiffany Stevenson,cust123_colelisa@hotmail.com,West Cassidy,Macao,2025-02-20
124,Antonio Garcia,cust124_toni18@hotmail.com,North John,Kazakhstan,2026-05-05
125,Kelly Bishop MD,cust125_paul59@gmail.com,Cameronville,Moldova,2025-08-16
126,Diane Cummings,cust126_mathewaguilar@gmail.com,Kylefurt,Bulgaria,2025-12-19
127,Teresa Collins,cust127_vschneider@gmail.com,Lake Ellenhaven,Guyana,2024-05-29
128,Eric Bean,cust128_stacey73@gmail.com,East Chris,Tanzania,2026-02-07
129,Katie Fernandez,cust129_stanleynancy@hotmail.com,New Nicholas,Central African Republic,2023-01-24
130,Michael Weber,cust130_jenniferwilliams@yahoo.com,South Cheryl,Sao Tome and Principe,2023-08-23
131,Joann Ferguson,cust131_tammy73@yahoo.com,Murrayport,Slovakia (Slovak Republic),2026-01-04
132,Joseph Burch,cust132_laurietaylor@yahoo.com,Lake Timothystad,Micronesia,2024-06-30
133,Michelle Black,cust133_mitchellkathryn@yahoo.com,Whiteheadberg,Switzerland,2024-11-27
134,Travis Walker,cust134_bwilkerson@yahoo.com,South Waynebury,Hungary,2023-08-17
135,Jade Johnson DVM,cust135_lacey20@yahoo.com,Hortonberg,Senegal,2024-08-24
136,Joan Smith,cust136_smithjason@gmail.com,Rodriguezport,Dominica,2025-06-09
137,Anthony Barnes,cust137_fbrown@hotmail.com,Lake Zacharybury,Saint Barthelemy,2023-11-20
138,Jeffrey Mendez,cust138_ashleylopez@hotmail.com,New Theresaland,Zimbabwe,2025-07-18
139,Katie Mcneil,cust139_myerstheodore@hotmail.com,Zavalaview,San Marino,2023-01-07
140,Richard Cooper,cust140_ingramjill@yahoo.com,North Michael,Guadeloupe,2024-06-23
141,Carrie Maxwell,cust141_epollard@hotmail.com,Port Dennis,Saint Barthelemy,2025-10-22
142,Judith Carter,cust142_moodynina@yahoo.com,Zacharyside,Lebanon,2024-01-01
143,Paul Lee,cust143_michelle05@yahoo.com,Port Michealfurt,Samoa,2025-11-05
144,Tyler Morgan,cust144_tylerjimenez@hotmail.com,Lauriechester,Belgium,2023-08-06
145,Zachary White,cust145_manuel15@hotmail.com,Kirkchester,Chad,2024-09-03
146,Heather Williams,cust146_christina64@hotmail.com,North Emilyfurt,Haiti,2025-11-05
147,Nicole Moore,cust147_thomascathy@yahoo.com,East Carlosstad,Guyana,2026-06-01
148,Keith Jacobs,cust148_xrush@yahoo.com,New Devinstad,Indonesia,2024-02-12
149,Donald Horne,cust149_fitzgeraldvictor@yahoo.com,West Kimberlymouth,Croatia,2023-11-10
150,Donna Hendricks DDS,cust150_taylorcharles@gmail.com,Osbornmouth,Papua New Guinea,2025-02-04
151,Austin Daniels,cust151_melissa25@hotmail.com,North Tracie,Somalia,2023-11-27
152,Richard Johnson,cust152_tanner82@hotmail.com,North Kylefort,Malta,2026-01-09
153,Jason Andrews,cust153_teresaday@yahoo.com,Frazierstad,Brunei Darussalam,2025-12-22
154,Penny Bowman,cust154_katrinaanderson@hotmail.com,Port Davidberg,Gabon,2023-01-02
155,Frank Fletcher,cust155_stacey84@gmail.com,Jamesside,Falkland Islands (Malvinas),2026-05-11
156,Eric Ferguson,cust156_brittanycarpenter@gmail.com,Meganshire,Armenia,2024-10-25
157,Alyssa Williams,cust157_debra96@hotmail.com,South Pamelaside,French Guiana,2025-09-27
158,Elizabeth Sanchez,cust158_eevans@hotmail.com,East Scottfort,Kyrgyz Republic,2023-02-09
159,Lawrence Edwards,cust159_jessica56@gmail.com,Zacharyville,Ghana,2023-08-18
160,Bryan Cole,cust160_colinroberts@yahoo.com,Wrightburgh,Suriname,2025-01-13
161,Kenneth Edwards,cust161_tyronerobertson@yahoo.com,Tylerland,Western Sahara,2024-09-21
162,Jim Allen,cust162_brandon47@hotmail.com,Mitchelltown,Tanzania,2024-05-05
163,Cesar Baker,cust163_kathryn50@yahoo.com,New Annastad,Micronesia,2023-04-29
164,James Cole,cust164_marcia99@gmail.com,North Phillip,South Africa,2024-05-08
165,Ms. Holly Thomas,cust165_cporter@gmail.com,Lake Mason,Lebanon,2026-03-07
166,Brittany Barry,cust166_markaustin@gmail.com,Ewingport,Nauru,2023-06-11
167,Ronald Patel,cust167_thomas05@yahoo.com,South Brandytown,Nepal,2023-06-25
168,Walter Patton,cust168_jennifersilva@gmail.com,Hernandezbury,Antigua and Barbuda,2025-09-22
169,Melody Lee,cust169_jedwards@yahoo.com,South Warren,New Zealand,2023-05-22
170,Shelley Fitzgerald,cust170_thorntonapril@hotmail.com,Whitneyfort,Malta,2025-12-26
171,Tyler Stevens,cust171_amy49@yahoo.com,East Joshua,French Southern Territories,2023-09-15
172,William Evans,cust172_janet75@yahoo.com,Annview,France,2023-09-20
173,Michael James,cust173_xcardenas@gmail.com,Bobbyland,Guatemala,2025-08-31
174,Mary Burgess,cust174_jamesryan@hotmail.com,Derrickshire,Dominican Republic,2026-01-30
175,Michael Schmidt,cust175_briangutierrez@hotmail.com,Garciaberg,Albania,2023-12-05
176,Vanessa Moore,cust176_mwoods@yahoo.com,Justinton,United States of America,2024-06-26
177,Marissa Hall,cust177_gentrygregory@gmail.com,Port Randyfort,Colombia,2025-12-16
178,Tonya Howe,cust178_smithashley@gmail.com,Justinside,Malta,2026-05-27
179,Todd Rosales MD,cust179_lisarivera@hotmail.com,Wongburgh,American Samoa,2025-05-16
180,Rachel Bradley,cust180_gregorychase@yahoo.com,Robertsonland,Iran,2024-03-09
181,Cathy Taylor,cust181_shari04@yahoo.com,South Karen,Zimbabwe,2026-01-09
182,Kevin Berry,cust182_desiree30@hotmail.com,South Kurtfurt,Poland,2024-02-16
183,Stephanie Padilla,cust183_hannah45@hotmail.com,East Susan,Lesotho,2024-09-30
184,Paul Obrien,cust184_emiles@hotmail.com,Port John,Saudi Arabia,2025-03-28
185,Rachel Fox,cust185_christian91@gmail.com,New Amanda,Chad,2025-02-03
186,Joseph Wilson,cust186_jenniferburns@hotmail.com,Stokesmouth,Bulgaria,2025-06-16
187,Joyce Brown,cust187_tchambers@hotmail.com,South Jonathantown,Samoa,2025-11-25
188,Benjamin Henderson,cust188_weaverbrian@gmail.com,Johnsonchester,Cocos (Keeling) Islands,2025-07-13
189,Pamela Good,cust189_ybrooks@yahoo.com,Bennettside,Burkina Faso,2023-09-05
190,Hannah White,cust190_urice@gmail.com,Port Andrewport,Kyrgyz Republic,2024-05-22
191,Kimberly Patel,cust191_johnreed@yahoo.com,Lake Kathy,Antigua and Barbuda,2024-04-05
192,Jennifer Miranda,cust192_allencarlos@hotmail.com,South Carlaton,Ecuador,2023-05-12
193,Jennifer Young,cust193_karenparsons@gmail.com,Jimshire,Ghana,2024-11-23
194,Patricia Cardenas,cust194_kevinthomas@hotmail.com,South Kevin,Bahamas,2023-02-13
195,Leslie Moss,cust195_conniesimmons@yahoo.com,West Shellyfurt,Solomon Islands,2026-04-19
196,Melissa Russell,cust196_nicholas87@gmail.com,West Meredith,Cambodia,2026-02-08
197,Suzanne Hart,cust197_igrant@yahoo.com,West James,Oman,2024-04-16
198,Jerry Watson,cust198_brettbennett@hotmail.com,Port Charlesshire,Saint Kitts and Nevis,2026-04-20
199,Claire Clark,cust199_kevin03@gmail.com,Lake Yvonnefort,United States Virgin Islands,2024-03-27
200,Larry Harris,cust200_andrearowe@yahoo.com,Fergusonstad,Gambia,2023-01-15
201,Jose Crawford,cust201_langjennifer@yahoo.com,West Lawrence,Aruba,2023-05-26
202,Connie Thomas,cust202_angela99@hotmail.com,Phillipsborough,Greenland,2023-05-01
203,Kelly Sanchez,cust203_jonathan77@yahoo.com,Lake Laura,Chile,2024-04-13
204,Joshua White,cust204_warrenmary@gmail.com,Port Adamberg,Tajikistan,2023-05-19
205,Andrea Hernandez,cust205_williambrooks@hotmail.com,Hopkinstown,Albania,2023-03-06
206,Jennifer Smith,cust206_amanda40@hotmail.com,Drakeburgh,Botswana,2024-11-07
207,Kelly Allen,cust207_lisa46@gmail.com,Susanmouth,Mongolia,2023-05-26
208,Michael Evans,cust208_valdezmichele@gmail.com,South Nicholasside,Lebanon,2025-11-18
209,Adam Jackson,cust209_pbruce@yahoo.com,New Samanthabury,Croatia,2024-05-02
210,Melissa Knight,cust210_brandon14@hotmail.com,East Sarahmouth,Andorra,2024-07-24
211,Laurie Goodwin,cust211_thickman@gmail.com,New Mary,Iceland,2025-09-21
212,Kimberly Reyes,cust212_krystalnorris@gmail.com,Brianchester,Djibouti,2024-03-14
213,Gina Mack,cust213_unovak@gmail.com,Kristenmouth,Liechtenstein,2026-01-09
214,Juan Bennett,cust214_eringuerrero@gmail.com,Laurenland,Belize,2023-09-28
215,James Bowers,cust215_jodistewart@gmail.com,North Sherrymouth,Guyana,2026-03-15
216,Ashley Miller,cust216_jcole@hotmail.com,Garcialand,Guinea,2026-03-26
217,Linda Mueller,cust217_asmith@yahoo.com,Lake Rachelbury,Montserrat,2025-08-26
218,Melissa Jackson,cust218_kevin72@gmail.com,South Joshua,French Southern Territories,2024-05-12
219,Mr. David Wright,cust219_mwheeler@yahoo.com,East Kevinfurt,Grenada,2025-08-26
220,Jamie Atkins,cust220_pcook@hotmail.com,West Malik,Yemen,2025-04-13
221,Karen Thompson,cust221_snovak@hotmail.com,Faulknerbury,Greece,2024-01-25
222,Robert Long,cust222_frederickjames@hotmail.com,Lake Katrina,Anguilla,2023-07-13
223,Julia Erickson,cust223_ssalinas@gmail.com,Chambersberg,North Macedonia,2023-07-18
224,David Moore,cust224_emccormick@yahoo.com,Aguilarside,Madagascar,2025-06-01
225,Sheila Barnes,cust225_gibbsmichael@hotmail.com,North Kaylastad,Chad,2024-12-26
226,Amanda Terrell,cust226_vrasmussen@yahoo.com,North Coreybury,Malawi,2025-05-17
227,Kristin Watts,cust227_seanmyers@hotmail.com,West Whitney,Liberia,2025-04-21
228,Jason Nixon,cust228_guerrajessica@yahoo.com,Matthewborough,Mali,2025-08-14
229,Mr. Jeffrey Horton,cust229_carlos01@gmail.com,Deborahburgh,Venezuela,2023-04-21
230,Mrs. Carrie Moore,cust230_omullen@yahoo.com,East Danielle,Jersey,2023-07-21
231,Omar Ware,cust231_yvargas@gmail.com,East Joshua,Romania,2023-05-05
232,Amy Garcia,cust232_michaelgonzalez@gmail.com,Emilyfort,Marshall Islands,2025-04-04
233,Emily Price,cust233_wmatthews@yahoo.com,Williamsonport,Uruguay,2024-11-25
234,Angela Anderson,cust234_allendaryl@yahoo.com,New Paul,Nepal,2023-08-12
235,James Lopez,cust235_angelaburns@gmail.com,West Megan,Niger,2024-05-24
236,Ian Smith,cust236_jamescruz@hotmail.com,Ortizfort,Israel,2024-01-28
237,Jill Jackson,cust237_flynnjeffrey@gmail.com,Jeffreyport,Chile,2024-01-25
238,Krystal Barton,cust238_hdunn@hotmail.com,West Kimberlystad,Mauritius,2026-01-03
239,Amanda Ball,cust239_veronicagarcia@hotmail.com,West Nancy,Antigua and Barbuda,2025-07-07
240,Gregory Montoya,cust240_hgrimes@gmail.com,Port Joan,Portugal,2023-10-15
241,Michael Chen,cust241_christinaglover@gmail.com,New Michaelview,Nepal,2025-05-14
242,Erica Padilla,cust242_ashley81@gmail.com,Sellersview,Tonga,2024-01-11
243,Meredith Anderson,cust243_jenniferpoole@hotmail.com,Burnsshire,Norfolk Island,2024-07-24
244,Jason Hayes,cust244_powellkara@hotmail.com,Shawnfort,Greece,2025-08-05
245,Sheila Boone,cust245_simonstephen@hotmail.com,Melissaside,Indonesia,2024-05-26
246,Jeffrey Lewis,cust246_marcus45@hotmail.com,New Melissa,Solomon Islands,2023-06-04
247,Michael Williams,cust247_simsmary@gmail.com,Port Ericmouth,Afghanistan,2025-06-26
248,Jessica Forbes DVM,cust248_erik41@hotmail.com,Johnstad,Papua New Guinea,2026-02-01
249,Carol Sanders,cust249_jessica36@hotmail.com,Lake Codyborough,Lesotho,2023-07-20
250,Kevin Stone,cust250_ssmith@yahoo.com,Port Robertberg,Lesotho,2023-04-14
251,James Cross,cust251_garciamichael@yahoo.com,South Kiara,Sao Tome and Principe,2026-01-12
252,Margaret Byrd,cust252_morenoalan@hotmail.com,South Michael,Croatia,2023-01-31
253,Brittany Jenkins,cust253_fheath@gmail.com,Port David,Saint Lucia,2023-07-11
254,Victor Edwards,cust254_johnnewman@gmail.com,Kimberlytown,Thailand,2024-04-29
255,Sheri Harris,cust255_juliephillips@gmail.com,South Paul,Dominican Republic,2023-12-07
256,Mr. Joseph Levine DVM,cust256_david96@yahoo.com,Port Thomas,Sierra Leone,2025-04-12
257,Kevin Smith,cust257_billbrown@yahoo.com,Courtneyhaven,Seychelles,2025-09-21
258,Michael Miller,cust258_joshuacollins@hotmail.com,Port Eric,Greece,2025-09-12
259,Mark Davenport,cust259_collinssamuel@gmail.com,East Christopherchester,Brazil,2024-03-13
260,Lee Parker,cust260_davidzimmerman@hotmail.com,East Tylerstad,Mali,2025-04-01
261,Samantha Green,cust261_david41@gmail.com,Lindsayview,Malta,2023-05-01
262,Michael Ray,cust262_crawfordwilliam@gmail.com,Villarrealburgh,Heard Island and McDonald Islands,2023-12-04
263,Raymond Shannon,cust263_perezwilliam@gmail.com,East Brandonstad,Hungary,2025-02-15
264,Cassidy Horne,cust264_tranrobin@hotmail.com,Walkerbury,Israel,2023-01-05
265,Erica Mckenzie,cust265_david02@gmail.com,South Caseymouth,Tonga,2025-03-10
266,Ryan Murphy,cust266_msmith@yahoo.com,Jodibury,Kyrgyz Republic,2024-06-27
267,Wesley Cuevas,cust267_jessicapayne@gmail.com,North Sarah,Anguilla,2025-07-20
268,Gregory Franco,cust268_tapiaaaron@hotmail.com,Sweeneyport,Bosnia and Herzegovina,2024-08-07
269,William Barnes,cust269_kaufmandouglas@yahoo.com,North Samanthahaven,Isle of Man,2025-05-16
270,Jacqueline Villegas,cust270_carpenterwilliam@hotmail.com,Jonesshire,Bahamas,2026-02-12
271,Victor Young,cust271_melissa65@yahoo.com,Nelsonland,Western Sahara,2025-09-23
272,Richard Richards,cust272_danielcole@yahoo.com,Martinezstad,Sierra Leone,2023-11-14
273,Eric Baker,cust273_davislindsey@yahoo.com,East Marymouth,Cameroon,2024-01-24
274,David Kelly,cust274_byrdjorge@gmail.com,South Melissaside,San Marino,2024-08-30
275,Anna Garcia,cust275_davidbrown@gmail.com,East Madison,Holy See (Vatican City State),2024-03-21
276,Teresa Miller,cust276_samantha10@gmail.com,Lake Scott,Brunei Darussalam,2023-04-30
277,Ryan Lamb,cust277_williamssteven@gmail.com,Underwoodfurt,Luxembourg,2026-04-01
278,Michael Thompson,cust278_rebekahhill@yahoo.com,North Christina,Nicaragua,2026-01-15
279,Edward Jenkins,cust279_rbrown@yahoo.com,South James,Turks and Caicos Islands,2023-05-05
280,Danielle Mcknight,cust280_mayokimberly@yahoo.com,Stephensfort,Guatemala,2024-10-04
281,Kathryn Price,cust281_anthonyharper@gmail.com,Brianfort,Marshall Islands,2023-04-28
282,Kevin Hall,cust282_craigsandoval@yahoo.com,Port Wendybury,Morocco,2023-04-13
283,Rebecca Kelly,cust283_gregorywatkins@hotmail.com,Robintown,Romania,2026-04-11
284,Theresa Elliott,cust284_marycochran@yahoo.com,Gregoryton,Bermuda,2025-09-03
285,Kyle Smith,cust285_nsmith@gmail.com,West Jennifer,Uruguay,2025-10-26
286,Sheena Brown,cust286_brendastark@gmail.com,Susanstad,Romania,2025-12-23
287,Jennifer Garcia,cust287_marcus26@hotmail.com,Banksburgh,Russian Federation,2023-11-19
288,Melissa Mcfarland,cust288_jeffrey92@yahoo.com,Jessicaport,Brunei Darussalam,2023-04-27
289,Aaron Miles,cust289_xrosales@hotmail.com,East Carriebury,Northern Mariana Islands,2025-11-06
290,Taylor Taylor,cust290_youngtoni@gmail.com,Port Jennamouth,Kiribati,2023-06-14
291,Daniel Steele,cust291_jonathan10@gmail.com,Kimchester,Chad,2024-01-16
292,Katherine Gray,cust292_egarcia@hotmail.com,East Shannon,South Georgia and the South Sandwich Islands,2023-05-21
293,Elizabeth Flores,cust293_jonesgeorge@yahoo.com,Lake Charles,Western Sahara,2026-05-03
294,Anna Wheeler,cust294_bbush@hotmail.com,New Pamela,Cayman Islands,2023-05-20
295,Gary Mccann,cust295_uterry@hotmail.com,Donnaport,Dominica,2024-04-26
296,James Dunn,cust296_xhernandez@gmail.com,Millerfort,Cook Islands,2025-04-06
297,Daniel Little,cust297_wellsdarrell@yahoo.com,Burnsview,Bermuda,2023-09-03
298,Jasmine Watson,cust298_cwood@gmail.com,Scottview,Czech Republic,2026-03-12
299,Kristy Hernandez,cust299_millermaurice@hotmail.com,Arellanoshire,Denmark,2024-05-19
300,Sara Cardenas,cust300_rsheppard@yahoo.com,South Kent,Indonesia,2026-03-31
301,Michelle Shaw,cust301_davidtodd@gmail.com,East Lindsey,Brunei Darussalam,2026-05-02
302,Blake Vega,cust302_wendyburton@hotmail.com,Luisland,Benin,2023-03-23
303,James Nguyen,cust303_april09@hotmail.com,Rodriguezberg,Cameroon,2026-06-22
304,Lauren Hanna,cust304_buckleyanna@gmail.com,Mikaylastad,Turkey,2023-06-17
305,James Washington,cust305_rjohnson@yahoo.com,New Charlotte,Puerto Rico,2025-05-08
306,James Koch,cust306_brandonalvarez@yahoo.com,Andrewport,Georgia,2026-04-10
307,John Horton,cust307_comptonjeremy@yahoo.com,Schroedermouth,Ethiopia,2026-03-03
308,Lisa Davis,cust308_alewis@hotmail.com,Malonestad,Swaziland,2025-12-06
309,Rick Jones,cust309_htaylor@hotmail.com,East Jamesborough,Taiwan,2024-10-09
310,Andrew Williams,cust310_janet45@yahoo.com,Reidville,Pitcairn Islands,2024-06-18
311,Jaime Wheeler,cust311_susanwells@hotmail.com,Maxview,San Marino,2024-02-23
312,Ann Johnson,cust312_martinashley@gmail.com,Lake Jeffrey,Costa Rica,2024-10-05
313,Jason Smith,cust313_wellsdavid@gmail.com,East Johnnyport,Rwanda,2024-05-03
314,Maria Coleman,cust314_dyork@yahoo.com,South Kevin,Mali,2024-06-27
315,Jennifer Garcia,cust315_anna99@yahoo.com,Gabriellefort,Bahrain,2025-03-21
316,Donald Nguyen,cust316_jose43@gmail.com,North Linda,Spain,2023-09-26
317,Jennifer Flores,cust317_jenniferrios@yahoo.com,Rebeccafurt,Iceland,2024-09-06
318,Lauren Cooley,cust318_matthewreeves@hotmail.com,Knoxstad,Madagascar,2025-07-25
319,Christopher Sandoval,cust319_kellyruiz@hotmail.com,Jessicaside,Serbia,2024-10-09
320,Theresa Lam,cust320_walkerjeffrey@yahoo.com,Frenchmouth,Holy See (Vatican City State),2023-05-29
321,Edward York,cust321_obrown@hotmail.com,South Pamelahaven,British Indian Ocean Territory (Chagos Archipelago),2023-01-20
322,Jane Evans,cust322_pittsedward@gmail.com,Robertshire,Uganda,2025-07-27
323,Judith Stewart,cust323_kimberlyfreeman@hotmail.com,West Cynthia,Albania,2026-06-26
324,Daniel Ayala,cust324_tracygallagher@gmail.com,New Ryan,Japan,2026-02-27
325,Vincent Reyes,cust325_fergusonjessica@gmail.com,Katherinehaven,Comoros,2023-07-24
326,Aaron Gross,cust326_heathercooper@gmail.com,South Wesleyport,Chad,2023-05-31
327,Angel Fry,cust327_mluna@hotmail.com,Ryanberg,Guam,2026-01-06
328,Katherine Christensen MD,cust328_osmith@hotmail.com,East Jessica,Namibia,2024-03-12
329,Barbara Dawson,cust329_brooksdanielle@hotmail.com,New Virginiaville,Palau,2025-11-02
330,Amber Wilson,cust330_jjames@yahoo.com,Milesborough,Puerto Rico,2024-06-27
331,Alexandra Fisher,cust331_batesjoseph@hotmail.com,South Maria,Bosnia and Herzegovina,2023-09-29
332,Lisa Campbell,cust332_jimenezchelsea@yahoo.com,West Jade,French Polynesia,2024-12-15
333,Joshua Lozano,cust333_arivera@gmail.com,North Maryfort,Canada,2023-05-21
334,Penny Jones,cust334_conwaydawn@yahoo.com,Josephton,Bolivia,2024-05-15
335,Shelly Phelps,cust335_laurie56@hotmail.com,North Melissaton,Algeria,2025-01-26
336,Mary Jackson,cust336_patricia94@hotmail.com,West Lisaburgh,Brazil,2024-08-06
337,Victor Nelson,cust337_evaughn@yahoo.com,North David,Saint Kitts and Nevis,2023-11-20
338,Tommy Moore,cust338_epruitt@hotmail.com,Whitefurt,Slovakia (Slovak Republic),2025-06-16
339,Allen Cohen,cust339_timothyfreeman@yahoo.com,Williamsview,Palau,2026-01-17
340,Michael Gregory,cust340_tiffanysantiago@yahoo.com,South Dorothybury,Liberia,2024-09-11
341,Michael Cruz,cust341_smithsarah@hotmail.com,Christianburgh,Belarus,2026-06-06
342,Erica Rivera,cust342_brent38@hotmail.com,Powellbury,Belgium,2025-12-19
343,Robert West,cust343_hwest@yahoo.com,North Richardton,Moldova,2023-01-17
344,Samantha Conner,cust344_pamela83@hotmail.com,Clementsstad,Sweden,2026-02-09
345,Daniel Gibson,cust345_xmoran@hotmail.com,Wilsonbury,Afghanistan,2024-09-05
346,Ronald Brandt,cust346_amy51@gmail.com,South Donald,Saint Barthelemy,2023-08-01
347,Jennifer King,cust347_jacobconrad@yahoo.com,South Makayla,Comoros,2023-10-03
348,Ashley Perry,cust348_bartonshannon@hotmail.com,South Adam,Saint Pierre and Miquelon,2024-06-25
349,Timothy Roberson,cust349_xglass@gmail.com,Lake Lisa,Bosnia and Herzegovina,2023-08-25
350,Kyle Andrade,cust350_mbarnes@hotmail.com,West Raymond,Guam,2023-08-08
351,Jodi Anderson,cust351_vmorrison@hotmail.com,Meganside,Tokelau,2026-02-07
352,Norman Spencer,cust352_jamesweber@yahoo.com,Samanthaberg,Russian Federation,2023-11-15
353,Tina Gordon,cust353_jennifer58@yahoo.com,Craigside,France,2024-07-11
354,Jenny Smith,cust354_johnsondustin@hotmail.com,East Josephburgh,France,2024-07-31
355,Brianna Brown,cust355_james80@yahoo.com,Garciaside,Tonga,2026-05-23
356,Matthew Price,cust356_heather06@yahoo.com,Fryemouth,Micronesia,2024-03-07
357,Patrick Harris,cust357_ogreer@hotmail.com,Kariside,Saint Vincent and the Grenadines,2024-12-03
358,Patty Brandt,cust358_shane12@gmail.com,South Billyview,Moldova,2024-02-21
359,Christopher Singleton,cust359_riverajenna@gmail.com,East Sarahton,Singapore,2024-06-24
360,Lisa Stanley,cust360_jtyler@yahoo.com,Port Jasminehaven,Cyprus,2025-11-01
361,Kelly Hartman,cust361_robertherrera@gmail.com,Jeffreyborough,Panama,2025-09-27
362,Isaac Robinson,cust362_wbarajas@hotmail.com,North Elizabethmouth,Dominican Republic,2024-05-29
363,Lisa Oliver,cust363_flemingmanuel@gmail.com,Scottport,Anguilla,2023-04-15
364,Samantha Brooks,cust364_stucker@hotmail.com,West Willie,Yemen,2023-07-09
365,Wesley Ayala,cust365_simsjason@hotmail.com,Port Gina,Syrian Arab Republic,2025-05-17
366,Joshua Park,cust366_elucas@hotmail.com,North Stephen,Greenland,2024-07-20
367,Benjamin Thompson,cust367_angela93@yahoo.com,Hughesfurt,Jersey,2023-04-01
368,James Wilson,cust368_maychristine@hotmail.com,Lake Melaniestad,Vanuatu,2023-01-08
369,Donna Jennings,cust369_campbellsara@yahoo.com,Shorttown,Lebanon,2024-11-14
370,Daniel Francis,cust370_susan24@hotmail.com,Susantown,Micronesia,2023-09-25
371,Brenda Williams,cust371_fmedina@yahoo.com,Lake Judith,Saint Kitts and Nevis,2024-06-20
372,Jason Brewer,cust372_eugenewalker@yahoo.com,North Howard,South Georgia and the South Sandwich Islands,2023-11-27
373,Amy Potter,cust373_enewman@yahoo.com,West Coreyshire,Libyan Arab Jamahiriya,2025-06-23
374,Heather Lambert,cust374_craigharvey@gmail.com,Toddmouth,Nicaragua,2026-02-03
375,Melissa Hernandez,cust375_lindsey62@gmail.com,Johnbury,Rwanda,2025-05-25
376,Jessica Larsen,cust376_erinrivera@yahoo.com,Griffinport,Libyan Arab Jamahiriya,2026-02-22
377,Casey Obrien,cust377_michele28@gmail.com,Jessicaland,Saint Lucia,2023-01-20
378,Albert Hunter,cust378_hessbeth@hotmail.com,North Andrea,Mayotte,2023-08-18
379,Kimberly Valdez,cust379_michaelwalker@hotmail.com,Dennishaven,Malawi,2023-06-04
380,Jack Smith,cust380_melaniedrake@hotmail.com,Port Willie,Kiribati,2023-11-02
381,Keith Knight,cust381_jillwebb@yahoo.com,East Kathleenbury,Bahrain,2026-01-22
382,David Barnett,cust382_paul70@gmail.com,Dakotahaven,North Macedonia,2023-03-15
383,Sandy Baker,cust383_nicholasgray@hotmail.com,New Johnbury,Maldives,2025-01-26
384,Robert Reed,cust384_aeaton@hotmail.com,South Gabriel,Belarus,2026-04-07
385,Diana Hernandez,cust385_michaellove@gmail.com,South Lisa,Saint Helena,2026-02-05
386,Michael Mendoza,cust386_deborahjenkins@gmail.com,East Ashleyburgh,Burkina Faso,2023-10-31
387,Amanda Armstrong,cust387_jacksonsandra@hotmail.com,Greeneshire,Northern Mariana Islands,2025-05-30
388,Nathan Stanley,cust388_stacey37@hotmail.com,Dillonburgh,Cyprus,2023-09-19
389,Lindsay Norton,cust389_cindydixon@gmail.com,Sandrashire,Bangladesh,2023-03-27
390,James Rodriguez,cust390_alexandrablankenship@hotmail.com,Serranoville,Christmas Island,2024-09-23
391,Lucas Williams,cust391_davisdonna@hotmail.com,Port Erikachester,Mali,2025-01-16
392,Shaun Wolfe,cust392_zperez@yahoo.com,Bellshire,Bolivia,2023-03-23
393,David Cannon,cust393_campbellnancy@yahoo.com,Jacobtown,Morocco,2025-01-02
394,Kelly Brooks,cust394_gwendolynstewart@yahoo.com,East Ronaldshire,El Salvador,2024-03-06
395,Joshua Cunningham,cust395_victoria63@yahoo.com,Whiteside,Moldova,2024-05-26
396,Dr. Kenneth Schroeder,cust396_qfitzgerald@gmail.com,South Krista,Zambia,2023-07-30
397,Daniel Morales,cust397_lauren90@gmail.com,Oconnelltown,Spain,2024-12-25
398,Charles Frost,cust398_qdavis@gmail.com,Christopherton,Saint Kitts and Nevis,2026-02-20
399,William Mendez,cust399_jennifer90@gmail.com,Gonzalesborough,Thailand,2025-04-12
400,Regina Mitchell,cust400_bowerswilliam@hotmail.com,New Gavin,Argentina,2026-06-25
401,Matthew Cantrell,cust401_sheakimberly@yahoo.com,Sullivanborough,Maldives,2023-11-13
402,Michael Calhoun,cust402_jessica89@yahoo.com,Sylviaview,Czech Republic,2024-04-29
403,Cheyenne Spears,cust403_greenrichard@gmail.com,New Kellyville,Spain,2023-11-29
404,Deanna Medina,cust404_heather69@yahoo.com,Port Matthew,Singapore,2023-12-29
405,Joe Matthews,cust405_olsonjonathan@yahoo.com,Lake Jacqueline,South Georgia and the South Sandwich Islands,2025-04-24
406,Tyler Black,cust406_haynesjose@yahoo.com,South Emilymouth,Belarus,2023-02-20
407,Cassandra Edwards,cust407_patriciaadams@hotmail.com,South Jillian,Dominica,2024-01-03
408,Shelley Clark,cust408_maryhuff@yahoo.com,Port Daniel,Uruguay,2024-11-11
409,Tyler Vasquez,cust409_duranamber@gmail.com,Watsonmouth,Lithuania,2025-04-23
410,Sierra Andrews,cust410_travis84@yahoo.com,Port Barbara,Austria,2024-05-23
411,Jenny Ayers,cust411_shawphillip@hotmail.com,South Tiffany,Qatar,2024-06-30
412,Emily Smith,cust412_nicolasgarcia@yahoo.com,Jacobview,Dominica,2023-11-23
413,Tyler Cooper,cust413_victorclark@hotmail.com,Michaelfurt,Fiji,2023-08-10
414,Kenneth Krause,cust414_lisale@gmail.com,Chaseborough,Cameroon,2025-02-22
415,Nancy Kennedy,cust415_thompsonvictor@hotmail.com,Kristenport,El Salvador,2023-03-21
416,Laura Ross,cust416_briancervantes@yahoo.com,South Julieview,Guyana,2025-08-21
417,Justin Patrick,cust417_andrew15@hotmail.com,New Barbara,Pakistan,2024-03-31
418,Veronica Mitchell,cust418_emily77@gmail.com,Austinmouth,Norfolk Island,2024-02-13
419,Sheena Davidson,cust419_robert99@yahoo.com,North Fernandobury,Germany,2025-07-31
420,Eddie Adams,cust420_cnelson@yahoo.com,Gutierrezburgh,Timor-Leste,2024-12-17
421,Nicholas Stanley,cust421_clarkrandy@gmail.com,South Amytown,Sierra Leone,2024-09-17
422,Phillip Miller,cust422_christine16@yahoo.com,East Joan,Kenya,2024-04-11
423,Bonnie Roberson,cust423_johnsonmichael@yahoo.com,Mcdonaldside,Vietnam,2024-04-01
424,Jeremy Montes,cust424_brittanybryant@hotmail.com,Millsside,Georgia,2023-02-18
425,Karen Perez,cust425_ramosmichael@yahoo.com,West Alex,Mali,2024-01-31
426,Sarah Cooper,cust426_snichols@yahoo.com,Evanschester,South Georgia and the South Sandwich Islands,2025-03-27
427,David Smith,cust427_jacob86@yahoo.com,East Jennifer,Oman,2024-11-03
428,James Baker,cust428_hgarrett@hotmail.com,Justinside,Sudan,2024-07-24
429,Cole Jones,cust429_keithwalsh@hotmail.com,Nelsonfort,Comoros,2023-05-23
430,Christian Booker,cust430_lopezcurtis@yahoo.com,Lake Samuel,Algeria,2024-07-25
431,Chris Snyder,cust431_robert75@yahoo.com,West Christopherberg,Azerbaijan,2024-12-20
432,James Daniels,cust432_jamesskinner@yahoo.com,North Theresabury,Hungary,2025-11-09
433,Jessica Rojas,cust433_gonzalezjill@gmail.com,South Paul,Georgia,2025-03-29
434,Caitlin Chandler,cust434_kingdanielle@gmail.com,Paigeborough,Bouvet Island (Bouvetoya),2026-01-03
435,Jeffrey Smith,cust435_brenda63@gmail.com,New Kristenfort,Portugal,2024-11-09
436,Jacqueline Davis,cust436_vincentparks@yahoo.com,North Michaelberg,Reunion,2023-02-26
437,Ashley Freeman,cust437_tina57@hotmail.com,North Hannah,Guinea-Bissau,2023-08-25
438,Danielle Williams,cust438_ihansen@hotmail.com,Lopezburgh,Mayotte,2024-06-18
439,Nicholas Hill,cust439_caseymoore@yahoo.com,Ambermouth,Afghanistan,2024-01-01
440,Katie Gross,cust440_harveymichael@hotmail.com,West Jennifer,Palestinian Territory,2026-04-04
441,Sabrina Lee,cust441_jcannon@hotmail.com,Marcusmouth,Bouvet Island (Bouvetoya),2024-06-27
442,Matthew Williams,cust442_gregoryjohnson@gmail.com,Leeton,Montserrat,2023-03-20
443,Jasmine Burns,cust443_brandon39@hotmail.com,North Sarahborough,Palau,2023-08-11
444,Steve Miller PhD,cust444_wardjulia@yahoo.com,Lauraton,Swaziland,2026-05-06
445,Kendra Navarro,cust445_christian38@gmail.com,Lake Jerryfurt,Comoros,2025-06-08
446,Matthew Hudson,cust446_angelagrant@hotmail.com,Port Daniellestad,Peru,2024-12-08
447,Maurice Andrade,cust447_laurapierce@hotmail.com,Dianeside,Netherlands Antilles,2024-10-04
448,Harold Edwards,cust448_megan66@hotmail.com,Charleneshire,Mayotte,2025-06-12
449,Ralph Howe,cust449_michael77@yahoo.com,Lake Austinport,Nepal,2026-05-26
450,Chad Zamora,cust450_evansjeffrey@yahoo.com,Port Lynnview,Uruguay,2025-11-13
451,Kristie Howe,cust451_clintonstevens@gmail.com,West Michael,Myanmar,2023-08-25
452,David Evans,cust452_ncarroll@hotmail.com,Lake Markfort,China,2025-02-27
453,Steven Warner PhD,cust453_larsonkevin@hotmail.com,Millerton,Uruguay,2026-03-26
454,Hannah Montoya,cust454_hconrad@gmail.com,Lake Kimberlyfurt,Austria,2024-01-25
455,Andrew Fernandez,cust455_markwolfe@gmail.com,Lake Jessicafurt,Kiribati,2024-06-05
456,Laura Davis,cust456_zroberts@gmail.com,West Christopher,Montserrat,2023-04-01
457,Kimberly Baker,cust457_xshaw@hotmail.com,Port Dennis,Monaco,2025-06-12
458,James Duncan,cust458_johnadams@yahoo.com,Gailshire,Benin,2023-01-04
459,Jason Diaz,cust459_malikwheeler@gmail.com,Garystad,Nicaragua,2025-11-30
460,Rebekah Hanson,cust460_owilliams@gmail.com,Ericland,Bouvet Island (Bouvetoya),2026-01-07
461,Dana Oliver,cust461_mistywilkins@gmail.com,Heatherville,Gambia,2024-02-08
462,Alexander Clark,cust462_jamesmills@yahoo.com,Deanberg,Puerto Rico,2025-01-15
463,Alicia Aguilar,cust463_scottbrian@gmail.com,Briantown,Bangladesh,2025-06-02
464,Devon Christian,cust464_michelle04@hotmail.com,Hallfurt,Malawi,2023-05-24
465,Ariana Stewart,cust465_lopezvincent@yahoo.com,North Johnhaven,Gambia,2024-11-07
466,James Moore,cust466_gabrielle54@gmail.com,Lisaview,Turkey,2026-06-30
467,Zachary Mooney,cust467_jeremiah56@hotmail.com,North Jessica,Mali,2024-10-04
468,Lisa Garrett,cust468_robertberry@yahoo.com,Reneemouth,Kiribati,2023-09-13
469,Christine Taylor,cust469_michelleparker@hotmail.com,South Wendy,Sierra Leone,2024-09-07
470,Timothy Stark,cust470_carlos81@gmail.com,Maryberg,Saint Lucia,2025-11-04
471,Fernando Dudley,cust471_vturner@hotmail.com,Edwinborough,Botswana,2024-09-25
472,Alexander Odom,cust472_catherine93@hotmail.com,East Grace,Guinea-Bissau,2025-04-16
473,Richard Anderson,cust473_xjoseph@gmail.com,Henryberg,Central African Republic,2024-10-30
474,Andrew Duran,cust474_schaeferstephanie@gmail.com,Port James,Christmas Island,2025-04-04
475,Victoria Camacho,cust475_dwatts@gmail.com,Sullivanton,New Caledonia,2024-08-28
476,Jamie Edwards,cust476_meyershannon@gmail.com,New Amanda,Saint Pierre and Miquelon,2026-02-09
477,James Hubbard,cust477_leescott@yahoo.com,Stevenchester,French Polynesia,2023-09-18
478,Amy Black,cust478_stevenlucas@gmail.com,East Kimberlyside,Burkina Faso,2024-01-28
479,Frank Johnson,cust479_tgarza@gmail.com,Davismouth,Puerto Rico,2025-05-11
480,Michelle Martin,cust480_davisjasmin@hotmail.com,Christopherfurt,Saint Lucia,2025-02-15
481,Kayla Herring,cust481_cpierce@gmail.com,Arianaberg,Central African Republic,2023-12-23
482,Cassidy Joseph,cust482_uparker@yahoo.com,Courtneyville,United Arab Emirates,2026-06-14
483,Dale Dean,cust483_alexander77@hotmail.com,New Nicolebury,Cuba,2026-03-11
484,Karen Ortiz,cust484_burkeadam@hotmail.com,Christineside,Svalbard & Jan Mayen Islands,2024-09-08
485,Amber Hernandez,cust485_benjamin09@hotmail.com,Markland,Australia,2025-04-11
486,Xavier Martin,cust486_cheryl99@hotmail.com,South Kara,Guyana,2026-01-27
487,Anna Evans,cust487_priscilla16@hotmail.com,West Thomasville,Puerto Rico,2023-01-01
488,Erin Gutierrez,cust488_heathersalazar@gmail.com,South Jenniferport,Japan,2024-09-14
489,Emily Fox,cust489_sara99@yahoo.com,Vasquezburgh,Turks and Caicos Islands,2024-08-10
490,Michelle Krause,cust490_wilsonsteven@gmail.com,Port Christina,Israel,2024-03-06
491,Gene Castro,cust491_alexharris@yahoo.com,Kristyport,French Southern Territories,2025-05-30
492,Erica Smith,cust492_matthew99@gmail.com,East Mark,Guadeloupe,2026-04-02
493,Karen Wells,cust493_brewertimothy@hotmail.com,Mcclainside,Ukraine,2026-05-27
494,Richard Gutierrez,cust494_conleykevin@hotmail.com,Angelatown,Cote d'Ivoire,2024-10-21
495,Evelyn Hendricks,cust495_carl24@gmail.com,Tonyaside,Tajikistan,2025-08-10
496,Larry Lopez,cust496_hancockkaren@hotmail.com,Jenniferview,Isle of Man,2025-06-23
497,Shawn Watson,cust497_javier42@gmail.com,Kristenborough,United States Minor Outlying Islands,2025-06-24
498,Jonathan Lloyd,cust498_jamesmclean@hotmail.com,Kimberlyberg,Seychelles,2024-03-13
499,Samantha Hurley,cust499_jamiejohnson@yahoo.com,North Larryton,Poland,2025-11-12
500,Shelby Cook,cust500_garciakatie@hotmail.com,Andrewport,Northern Mariana Islands,2025-08-27
501,Erica Lee,cust501_amanda71@yahoo.com,East Joshua,American Samoa,2023-12-14
502,Kristin Garcia,cust502_andrea42@hotmail.com,Audreyburgh,Barbados,2023-06-23
503,Steven Fernandez,cust503_andersonthomas@hotmail.com,North Patrickland,Japan,2024-08-04
504,Michael Vance,cust504_tjensen@yahoo.com,Lake Katherine,Sudan,2025-11-21
505,Valerie Campos,cust505_fbradley@hotmail.com,Davisport,Poland,2026-06-22
506,Pamela Ruiz,cust506_douglashuang@yahoo.com,Philipmouth,Solomon Islands,2024-11-17
507,Erika Freeman,cust507_alvarezmichael@yahoo.com,West Katrina,Netherlands,2023-07-11
508,Katie Sullivan,cust508_nguyendebra@yahoo.com,Moraleschester,Dominican Republic,2024-04-26
509,Kimberly Dickson,cust509_njones@hotmail.com,Muellerchester,Montenegro,2024-09-27
510,Kimberly Young,cust510_stevensonjennifer@yahoo.com,New Caitlinmouth,Moldova,2024-04-05
511,Jeremy Parker,cust511_gjones@hotmail.com,Murphyton,Bermuda,2024-02-12
512,Charles Carpenter,cust512_shermandonna@yahoo.com,Petershire,Kiribati,2023-10-29
513,Michael Stewart,cust513_samantha65@gmail.com,New Valeriefurt,Tanzania,2023-02-20
514,Edward Wood,cust514_smithann@yahoo.com,Port Juliantown,Dominica,2023-04-05
515,Kevin Garrett,cust515_bsullivan@hotmail.com,Lake Glenn,Burundi,2024-05-16
516,James Middleton,cust516_qmoore@gmail.com,North Charles,Andorra,2025-08-31
517,Stephen Barrett,cust517_christophermay@yahoo.com,Englishchester,Nigeria,2026-06-05
518,Jordan Arnold,cust518_ocruz@gmail.com,Jacobsshire,Luxembourg,2023-05-30
519,Cynthia Shaw,cust519_khouse@yahoo.com,North Ashleystad,Bouvet Island (Bouvetoya),2025-07-21
520,Tonya Miller,cust520_steven18@hotmail.com,East Thomasland,Poland,2025-04-28
521,Rebecca Edwards,cust521_bergeramanda@gmail.com,Gibsonfort,Montserrat,2026-03-24
522,Jennifer Yu,cust522_keith09@hotmail.com,Jessicashire,Eritrea,2024-02-03
523,John Jackson,cust523_douglaskelly@hotmail.com,West Toddberg,Madagascar,2025-02-25
524,Richard King,cust524_joshua40@hotmail.com,New Gregshire,Saint Vincent and the Grenadines,2025-10-09
525,Jeremy Morton,cust525_kimberly37@gmail.com,West Traceyberg,Nepal,2025-03-29
526,Brittany Crawford,cust526_ptownsend@hotmail.com,Barberburgh,Cote d'Ivoire,2024-05-14
527,Sarah Brown,cust527_karla10@gmail.com,Rossport,Lebanon,2023-10-30
528,Nicole Patel,cust528_yvega@yahoo.com,Dustinchester,American Samoa,2023-01-12
529,Robert Reyes,cust529_suzanne01@hotmail.com,Stephaniechester,New Zealand,2023-08-07
530,Shannon Rogers,cust530_leah49@yahoo.com,Mejiabury,Saint Martin,2025-05-20
531,Patricia Meyer,cust531_lawrencesmith@gmail.com,North Roberthaven,Bosnia and Herzegovina,2024-03-24
532,Heather Hardy,cust532_james09@gmail.com,New Dianeborough,Zambia,2023-12-27
533,Barbara Rosario,cust533_gatesdavid@hotmail.com,North Heather,El Salvador,2025-11-26
534,Matthew Jones,cust534_rlivingston@yahoo.com,Jonathanland,Falkland Islands (Malvinas),2025-08-09
535,Janet Cook,cust535_scottlisa@gmail.com,Jonesborough,New Zealand,2023-04-13
536,Matthew Rodriguez,cust536_probinson@gmail.com,Baldwinville,Antigua and Barbuda,2026-02-15
537,Kenneth King,cust537_fsmith@gmail.com,North Elizabethview,Canada,2024-05-25
538,Summer Andrews,cust538_zmendoza@hotmail.com,New Jeremiahfurt,Zimbabwe,2023-09-06
539,Penny Martinez,cust539_mathew46@gmail.com,West Amandamouth,Belgium,2025-07-23
540,Paige Roberts,cust540_gregorywilliams@yahoo.com,West Heather,Ukraine,2023-10-01
541,Michael Tucker,cust541_imoss@gmail.com,North Jennifer,Nauru,2025-08-09
542,James Sparks,cust542_victor70@gmail.com,Brianton,Iraq,2025-12-23
543,Robert Contreras,cust543_ibentley@gmail.com,North Benjamin,Cambodia,2026-02-18
544,Alec Meadows DDS,cust544_jacquelineanderson@gmail.com,West Loriville,Korea,2026-05-04
545,Sara Brown,cust545_wilsonbrooke@hotmail.com,North Linda,Japan,2024-10-11
546,Russell Rojas,cust546_rnguyen@hotmail.com,West Mary,South Africa,2025-06-25
547,Angel Thompson,cust547_martinezdonald@yahoo.com,Lake Mitchell,Chad,2026-06-08
548,Timothy Williams,cust548_moodycrystal@yahoo.com,North Nichole,Belgium,2025-10-30
549,Christopher Davis,cust549_robert72@gmail.com,Lake Joseph,Korea,2025-05-23
550,Todd Bishop,cust550_carlsonjennifer@hotmail.com,Lake Margaretport,Guernsey,2026-01-27
551,Justin Lee,cust551_montgomerymichelle@hotmail.com,South Kaylee,Palestinian Territory,2025-07-02
552,Anthony Rodriguez,cust552_ginaschmitt@yahoo.com,Thompsonton,Austria,2023-11-22
553,Dominique Hamilton,cust553_christina70@gmail.com,New Gregorytown,Libyan Arab Jamahiriya,2025-08-30
554,Andrea Young,cust554_uwatkins@yahoo.com,Lake Erica,Greece,2025-07-10
555,Brian Perez,cust555_joankane@yahoo.com,North Thomas,Libyan Arab Jamahiriya,2024-06-14
556,Jeffrey Robinson,cust556_xthompson@gmail.com,Cortezstad,Faroe Islands,2024-05-21
557,Cameron Schwartz,cust557_ramirezdaniel@yahoo.com,Barnesmouth,Cyprus,2024-07-21
558,Lindsey Clarke,cust558_belindatran@gmail.com,South Melodyfort,Tokelau,2025-12-03
559,Leslie Hood MD,cust559_pfitzgerald@gmail.com,Ryanbury,Uganda,2025-09-19
560,Theresa Mcintyre,cust560_butlerbradley@yahoo.com,South Amandafort,Sudan,2024-05-04
561,Samantha Chavez,cust561_christophermullins@hotmail.com,Dodsonberg,Guinea-Bissau,2024-07-16
562,Matthew Davis,cust562_kcaldwell@hotmail.com,Hodgeshire,Anguilla,2025-06-19
563,Julie Taylor,cust563_xlopez@hotmail.com,Padillatown,Tokelau,2023-06-08
564,Janice Vazquez,cust564_phillipskaren@hotmail.com,Port Gail,Niger,2024-08-08
565,Nancy Brown,cust565_pamela16@yahoo.com,Harveystad,Haiti,2024-04-25
566,Justin Jones,cust566_devonrogers@hotmail.com,Lake Timothyshire,Tunisia,2024-07-10
567,Christine Mcgee,cust567_lukehurst@hotmail.com,Ramirezland,Holy See (Vatican City State),2024-11-18
568,John Rose,cust568_harrisonamanda@hotmail.com,Shannonstad,South Georgia and the South Sandwich Islands,2024-10-16
569,Melissa Spence,cust569_lopeznicole@gmail.com,South Rachaelport,Zimbabwe,2026-01-11
570,Christopher Rodriguez,cust570_tylergolden@hotmail.com,West Robertside,Venezuela,2023-06-15
571,Gregory Wallace,cust571_carterbryan@gmail.com,Robertmouth,Palau,2023-10-11
572,Erin Watkins,cust572_kellis@gmail.com,Georgeview,Denmark,2023-11-05
573,Dr. Randy Williams,cust573_justin29@gmail.com,Ianburgh,Taiwan,2024-04-18
574,Summer Bauer,cust574_johnwilliams@yahoo.com,South Jorge,Colombia,2025-02-23
575,Michael Wade,cust575_earl78@gmail.com,Davidtown,Iraq,2023-11-09
576,Patricia Gould,cust576_eric88@yahoo.com,Thomasport,Western Sahara,2024-03-14
577,Wendy Estrada,cust577_hmorgan@hotmail.com,Mcculloughberg,Philippines,2023-05-12
578,Elizabeth Morales,cust578_seandavis@gmail.com,New Alicia,Slovenia,2025-04-29
579,Diana Johnson,cust579_frhodes@hotmail.com,Leemouth,Netherlands,2025-04-14
580,Terri Kerr,cust580_raymond65@yahoo.com,Alexanderstad,Guernsey,2024-11-08
581,Jeremy Hoffman,cust581_jessicawallace@yahoo.com,Robertschester,Saint Lucia,2026-01-16
582,Brenda Matthews,cust582_thomaskevin@hotmail.com,Carlshire,Saudi Arabia,2025-08-12
583,Aaron Fowler,cust583_robert87@hotmail.com,East Jacob,Hong Kong,2025-05-01
584,John Carson,cust584_mary47@hotmail.com,Walkertown,Cape Verde,2023-05-08
585,Tyler Flowers,cust585_qmartinez@yahoo.com,Whitebury,Antarctica (the territory South of 60 deg S),2024-02-28
586,Donald Gamble,cust586_georgemichael@yahoo.com,Oneillfort,Puerto Rico,2025-05-10
587,Jacqueline Quinn,cust587_brucefrancisco@gmail.com,West Steven,Puerto Rico,2025-03-08
588,Christopher Nelson,cust588_wfields@gmail.com,Kellyland,Malaysia,2026-04-11
589,Mark Duran,cust589_amybrennan@hotmail.com,Josephstad,Bhutan,2023-02-10
590,Heather Thomas,cust590_aprilwatson@yahoo.com,Petersonburgh,Bosnia and Herzegovina,2026-03-25
591,Jonathan Decker,cust591_butlersabrina@gmail.com,North Timothy,Georgia,2025-02-18
592,Brenda Ramos,cust592_gerald40@hotmail.com,East Davidberg,Portugal,2025-09-03
593,Calvin Anderson,cust593_colemankathryn@gmail.com,North Kimchester,Armenia,2023-01-13
594,Andrew Keller,cust594_harrisonrebekah@gmail.com,West Elizabethville,Slovenia,2024-12-21
595,Lance Matthews,cust595_jackbell@gmail.com,Port Julie,Fiji,2024-09-03
596,Hannah Martin,cust596_williamjones@hotmail.com,New Jayborough,Finland,2025-03-09
597,Paul Smith,cust597_glasssamantha@hotmail.com,Richardsonshire,Colombia,2025-05-08
598,Tyler White,cust598_tina63@hotmail.com,South Daniel,Germany,2026-01-07
599,Brian Taylor,cust599_janet80@gmail.com,Tristanfurt,Finland,2026-01-23
600,Noah Mcdaniel,cust600_aperez@yahoo.com,Lopezland,Ukraine,2026-05-20
601,Karen Shelton,cust601_alexandercraig@hotmail.com,South Samuelland,British Indian Ocean Territory (Chagos Archipelago),2024-03-27
602,James Garza,cust602_figueroapatricia@gmail.com,West Theresamouth,Cook Islands,2025-09-26
603,Wanda Martinez,cust603_rhardy@hotmail.com,Katelynfurt,Guinea-Bissau,2024-03-25
604,Larry Sullivan,cust604_jdixon@yahoo.com,North Johnfort,Djibouti,2024-07-12
605,Brandy Garcia,cust605_greertyrone@gmail.com,South Cassandra,Greece,2025-06-11
606,Marco Davis,cust606_guerreroapril@yahoo.com,Harrisfort,Liechtenstein,2025-09-21
607,Kimberly Pacheco,cust607_cisnerosanthony@yahoo.com,South Shannonfurt,Kenya,2023-03-01
608,Andrew Hawkins,cust608_nicole27@yahoo.com,West Jennifer,Libyan Arab Jamahiriya,2025-03-07
609,Laura Henry,cust609_kalvarez@hotmail.com,South Joseshire,Honduras,2024-11-19
610,Heather Levine,cust610_bryan90@gmail.com,Michaelshire,Anguilla,2025-04-08
611,Lori James,cust611_wreed@yahoo.com,Brianbury,Egypt,2023-12-05
612,Erik Miller,cust612_meltondanny@gmail.com,New Markmouth,Palestinian Territory,2025-08-15
613,Laura Valenzuela,cust613_andrew79@gmail.com,Nicholasfurt,Gibraltar,2023-09-19
614,Rhonda Garcia,cust614_matthewshaw@hotmail.com,Garrettport,Haiti,2026-06-28
615,Christina Reid,cust615_pittmanamanda@yahoo.com,Brandonshire,Iran,2025-12-29
616,Lori Rubio,cust616_vargasjoshua@hotmail.com,Simmonsstad,South Africa,2023-02-25
617,Rodney Wagner,cust617_ryan85@gmail.com,Moraleshaven,Korea,2025-03-17
618,Kimberly Ibarra,cust618_barbaralewis@hotmail.com,Adamsside,Sudan,2026-04-27
619,Patricia Hamilton,cust619_boydmichael@gmail.com,East Julie,Serbia,2026-03-01
620,Jeffrey Flores,cust620_waltersmeghan@yahoo.com,Debbieview,Poland,2023-02-25
621,Jennifer Wilson,cust621_anthonyrobles@yahoo.com,Washingtonchester,Jamaica,2023-06-21
622,Amanda Moore,cust622_anthonyclarke@yahoo.com,Lake Melissa,Saint Helena,2025-05-27
623,Mr. Scott Miller,cust623_michelle65@hotmail.com,South Sherryberg,Dominica,2023-10-05
624,Nicholas Fitzpatrick,cust624_tyler13@hotmail.com,Port Lindsaymouth,Syrian Arab Republic,2025-08-03
625,Jean Goodman,cust625_selenarobinson@gmail.com,East Tara,Kazakhstan,2024-01-08
626,Scott Brown,cust626_holly15@hotmail.com,Wellsbury,Fiji,2023-04-13
627,Taylor Cox,cust627_lori09@gmail.com,Lake Samanthabury,El Salvador,2024-06-16
628,Ellen Mullen,cust628_rebecca18@gmail.com,Pricefurt,Vanuatu,2025-02-15
629,Dawn Davis,cust629_kennethvillarreal@gmail.com,Welchchester,Somalia,2024-11-01
630,Sean Morrow,cust630_aruiz@yahoo.com,Mcdowellville,Sweden,2024-03-09
631,Dean Jones,cust631_jguzman@hotmail.com,Shawntown,Serbia,2025-07-20
632,Martin Mccoy,cust632_aarongonzalez@yahoo.com,Barbaraville,Cayman Islands,2024-10-31
633,Micheal Saunders,cust633_melaniejennings@yahoo.com,Mendozaberg,Eritrea,2024-11-22
634,Kevin Murphy,cust634_james65@gmail.com,Waltershire,Czech Republic,2025-02-15
635,Alexander Hansen,cust635_rebeccamccann@gmail.com,Jacquelineburgh,Australia,2024-07-23
636,Jeffrey Green,cust636_rubiogeorge@hotmail.com,North Jenniferchester,Sierra Leone,2025-05-13
637,Jody Nunez,cust637_walkerjames@yahoo.com,Juliefurt,Bulgaria,2024-05-31
638,Daniel Lewis,cust638_jessica36@gmail.com,Sparkstown,French Guiana,2023-06-17
639,Cynthia Hayes,cust639_mikesutton@yahoo.com,North Taylormouth,Puerto Rico,2025-08-21
640,Daniel Reyes,cust640_qfitzgerald@gmail.com,New Brianmouth,Venezuela,2023-02-09
641,Terry Barajas,cust641_smithwilliam@yahoo.com,Tiffanystad,Bulgaria,2026-01-09
642,Kristin Carpenter,cust642_geoffrey75@yahoo.com,North Logan,Marshall Islands,2023-04-17
643,David Edwards,cust643_victormcpherson@yahoo.com,Saraport,United Kingdom,2024-12-17
644,Lisa Juarez,cust644_zachary62@yahoo.com,Gallagherberg,Moldova,2024-04-04
645,Mary Yates,cust645_lopezbrian@gmail.com,South Jorgemouth,Jordan,2023-05-21
646,Steven Simpson,cust646_tkelly@hotmail.com,Ellisville,Tanzania,2023-03-24
647,Brittany Bailey,cust647_mirandawhite@gmail.com,Annashire,Croatia,2023-03-05
648,Valerie Fox,cust648_robertjones@yahoo.com,West Anthonyville,India,2024-05-21
649,Timothy Rodriguez,cust649_eric17@hotmail.com,Gibsonview,Nepal,2024-02-13
650,Erin Williams,cust650_unguyen@hotmail.com,East Michelle,Spain,2023-02-11
651,Erica Brown,cust651_paynecarrie@gmail.com,Scottbury,Sierra Leone,2026-06-26
652,Ann Phelps,cust652_paulpowell@hotmail.com,North Kenneth,Spain,2023-11-09
653,Robert Collins,cust653_michaeldavis@yahoo.com,South Sean,Iceland,2024-05-03
654,Justin Henderson,cust654_nshepherd@gmail.com,Mccoyland,Armenia,2023-09-16
655,Valerie Rhodes,cust655_sarahrose@hotmail.com,West Taylorland,United States of America,2025-08-27
656,Elizabeth Joyce,cust656_mckenzie86@yahoo.com,New Charleston,Malaysia,2023-08-23
657,Jeffery Davis,cust657_michael91@hotmail.com,North Joymouth,Christmas Island,2026-03-01
658,Sarah Williams,cust658_tmcdowell@yahoo.com,Toddmouth,Nigeria,2024-03-22
659,Gloria Hull,cust659_jasonmiller@hotmail.com,Monicaville,Jordan,2025-08-10
660,Abigail Wilson,cust660_dianastevens@yahoo.com,Turnerstad,Portugal,2024-06-08
661,Melissa Foster,cust661_christopher20@gmail.com,Port Allenborough,Togo,2025-01-25
662,John Thomas,cust662_ryangarrett@hotmail.com,North Kevin,Kyrgyz Republic,2023-12-10
663,Javier Wilson,cust663_joannewallace@yahoo.com,Smithmouth,Myanmar,2026-05-25
664,Edward Gallegos,cust664_awilliams@gmail.com,Pettyfort,Saint Pierre and Miquelon,2026-05-28
665,Monique Duarte,cust665_freemantodd@hotmail.com,Hallton,Marshall Islands,2023-08-23
666,Kenneth Tran,cust666_patricia67@gmail.com,Deanstad,Kiribati,2023-12-02
667,Alisha Roberts,cust667_taylorkim@hotmail.com,New Regina,Guadeloupe,2024-09-29
668,Sarah Espinoza,cust668_sanderson@hotmail.com,Moyerstad,South Africa,2023-08-10
669,Wesley Martin,cust669_justincurry@hotmail.com,Andersonborough,Cayman Islands,2026-03-31
670,Ashlee Perry,cust670_ntorres@hotmail.com,North Michaelview,Guinea-Bissau,2023-02-22
671,Carrie Villarreal,cust671_romanmatthew@gmail.com,North Anna,Libyan Arab Jamahiriya,2024-09-30
672,Gerald Kelly,cust672_carrilloangela@gmail.com,Lake Brentmouth,South Georgia and the South Sandwich Islands,2026-03-25
673,Ryan Rodriguez,cust673_harringtonchelsea@gmail.com,New Danielville,Trinidad and Tobago,2025-02-07
674,Isaiah Chandler,cust674_fgill@hotmail.com,East Deborahmouth,Svalbard & Jan Mayen Islands,2025-03-23
675,Samuel Gonzales,cust675_ahammond@gmail.com,Petersonhaven,Chile,2024-02-11
676,Jaime Fischer,cust676_crystal32@hotmail.com,Cobbberg,Spain,2023-06-05
677,Thomas Villanueva,cust677_sherry72@gmail.com,North Matthewfurt,Sierra Leone,2026-04-27
678,Antonio Malone,cust678_rachelbrown@hotmail.com,Robertside,Tunisia,2024-05-12
679,Patrick Blankenship,cust679_wilcoxrachel@hotmail.com,Lake Richard,Norway,2023-07-28
680,Joshua Kramer,cust680_zterry@hotmail.com,Roweport,Belize,2024-09-09
681,George Hardy,cust681_abigailfernandez@gmail.com,New Andreahaven,Guam,2026-05-14
682,Caitlin Johnson,cust682_john46@hotmail.com,Lake Brianstad,Eritrea,2023-09-05
683,Heather Williams,cust683_westashley@gmail.com,Morganbury,Sri Lanka,2026-03-05
684,Lauren Espinoza,cust684_michaelmitchell@hotmail.com,Lake Nicholas,Saint Pierre and Miquelon,2023-03-26
685,Garrett Aguilar,cust685_shawn26@yahoo.com,North Bryanberg,Lebanon,2024-12-12
686,Blake Rhodes,cust686_hchapman@yahoo.com,Breannachester,Kazakhstan,2025-12-27
687,Theresa Dennis,cust687_jcolon@hotmail.com,South Jennifer,Bulgaria,2025-05-27
688,Kayla Rice,cust688_stanleyjohnson@gmail.com,Sandraville,Netherlands,2025-01-28
689,Ashley Wood,cust689_billy21@yahoo.com,Vickieport,French Polynesia,2023-05-22
690,Dr. Charles Lawrence,cust690_zunigakevin@yahoo.com,East Lori,Liechtenstein,2025-11-02
691,Joshua Jones,cust691_butlerashley@hotmail.com,Mcculloughfurt,Lebanon,2024-11-29
692,Sandra Anderson,cust692_williammurray@yahoo.com,Hernandezmouth,Benin,2023-01-26
693,Mary Ortiz,cust693_rachelmorgan@gmail.com,Fitzgeraldland,Tonga,2025-05-10
694,Alexander Mccoy,cust694_ann18@gmail.com,New Amber,Saudi Arabia,2025-09-30
695,Kelly Lopez,cust695_bshaw@gmail.com,North Joshua,Costa Rica,2023-08-05
696,Michael Clay,cust696_imiller@hotmail.com,Richardton,Liechtenstein,2025-06-06
697,Allison Kim,cust697_hjohnson@yahoo.com,Scottville,Bolivia,2025-01-11
698,Dominique White,cust698_moorestephanie@hotmail.com,North Christina,Greece,2025-07-30
699,Micheal Evans,cust699_floresrobert@yahoo.com,Nicholasville,Austria,2023-11-10
700,Paul Willis,cust700_gromero@yahoo.com,West Brucemouth,Micronesia,2025-06-10
701,John Russell,cust701_robinsmith@hotmail.com,East Kathrynberg,Gabon,2023-12-27
702,Jill Mathis,cust702_kristathomas@hotmail.com,Port John,Zambia,2025-12-04
703,Thomas Hayes,cust703_hesssusan@hotmail.com,Deniseburgh,Afghanistan,2024-07-07
704,Thomas Nelson,cust704_mary65@hotmail.com,New Mary,Finland,2026-06-15
705,Patrick Hart,cust705_christopher12@hotmail.com,Natalieborough,New Zealand,2026-01-07
706,Rebekah Henson,cust706_cynthia74@gmail.com,Matthewmouth,Netherlands Antilles,2025-09-17
707,Thomas Anderson,cust707_lynchadam@gmail.com,South Angela,Qatar,2025-08-10
708,Pamela Medina,cust708_ryanpatricia@hotmail.com,Chambersstad,Suriname,2025-06-11
709,Kyle Hughes,cust709_martinezmitchell@gmail.com,Smithtown,Senegal,2026-04-28
710,Thomas Howard,cust710_velasquezcolleen@hotmail.com,East Tina,Guyana,2024-07-03
711,Johnathan Padilla,cust711_adrianjoyce@hotmail.com,Rodriguezview,Montenegro,2024-10-22
712,Carolyn Lee,cust712_cameronanderson@gmail.com,West Sarah,Togo,2024-05-17
713,Joseph Casey,cust713_melaniejohnson@hotmail.com,Erinmouth,Afghanistan,2023-06-27
714,Margaret Hahn,cust714_nashmarcus@yahoo.com,Davidhaven,Lao People's Democratic Republic,2024-07-25
715,Joseph Williams DDS,cust715_ramirezrobert@yahoo.com,Adamborough,Grenada,2025-07-12
716,Kenneth Johnson,cust716_tiffanycoleman@gmail.com,East Frank,Georgia,2024-05-14
717,Mario Johnson,cust717_lmorton@hotmail.com,Marybury,Botswana,2025-08-09
718,Tyler Wall,cust718_april31@hotmail.com,Duranmouth,Mozambique,2026-03-13
719,William Rangel,cust719_sedwards@gmail.com,North Samantha,Kenya,2026-06-03
720,Leslie Reynolds,cust720_byrdanita@yahoo.com,Moraleschester,Djibouti,2025-02-15
721,Rachel Hanson,cust721_yreyes@yahoo.com,West Debratown,Korea,2024-11-19
722,Leah Rodriguez,cust722_larsoncarlos@gmail.com,Lake William,Guinea,2023-02-28
723,Nathaniel Wallace,cust723_devinwilliams@gmail.com,Breannahaven,Pakistan,2025-10-09
724,Emily Mcclure,cust724_dylanparker@yahoo.com,Migueltown,Maldives,2024-10-27
725,Meghan Brown,cust725_hendersonjames@gmail.com,Port Casey,Comoros,2024-01-08
726,Melissa Holden,cust726_melissa95@hotmail.com,Robertburgh,Bosnia and Herzegovina,2025-09-25
727,Richard Williams,cust727_samanthafowler@hotmail.com,South Claire,Dominican Republic,2024-03-10
728,Dr. Robert Aguirre,cust728_lharris@gmail.com,Alejandrostad,Antarctica (the territory South of 60 deg S),2024-12-27
729,Brenda Alexander,cust729_bradley03@gmail.com,Grantview,Saint Helena,2024-06-13
730,Ryan Sanchez,cust730_andrewcameron@gmail.com,Port Ericafurt,Palau,2024-11-28
731,Ashley Boyle,cust731_stephen55@hotmail.com,New Tiffany,Nigeria,2024-07-26
732,Sherry Jones,cust732_nicoleanderson@gmail.com,New Nicholas,Holy See (Vatican City State),2026-05-05
733,Jeffrey Fields,cust733_hinesbrenda@hotmail.com,Kristinemouth,Egypt,2024-07-19
734,Robert Salas,cust734_fclark@yahoo.com,East Williamhaven,Holy See (Vatican City State),2026-02-12
735,Mr. Frank Brooks DDS,cust735_lwells@yahoo.com,East Jeffreyborough,Korea,2023-01-21
736,Jennifer Torres,cust736_xduncan@yahoo.com,East Karenport,Kenya,2025-11-24
737,Crystal Williams,cust737_ronald76@yahoo.com,Lindamouth,Faroe Islands,2024-01-27
738,Christopher Hall,cust738_howardchristopher@hotmail.com,Port Joshuabury,Bolivia,2023-06-25
739,Isaac Payne,cust739_james54@yahoo.com,Jamesberg,Timor-Leste,2024-05-09
740,Nancy Gaines,cust740_carrillojuan@yahoo.com,Bautistashire,Saudi Arabia,2025-04-12
741,Kaitlyn Hunt,cust741_michelleperez@hotmail.com,South Jesus,Namibia,2025-09-27
742,Nina Sharp,cust742_fpeterson@yahoo.com,South Kayla,Qatar,2026-02-11
743,Jeffrey Farrell,cust743_brooksbarbara@gmail.com,Sherrytown,Luxembourg,2024-05-07
744,Sandra Morgan,cust744_wsimmons@yahoo.com,Marktown,Montenegro,2025-09-02
745,Tammy Hernandez,cust745_ashley99@hotmail.com,Bairdborough,Yemen,2025-10-02
746,Joseph Lopez,cust746_murphysuzanne@hotmail.com,Christopherville,Peru,2025-07-06
747,Amanda Barker,cust747_mjohnson@gmail.com,Campbellbury,French Guiana,2023-02-05
748,Andrea Brown,cust748_jacksonmichele@yahoo.com,Mooreville,Bulgaria,2023-07-10
749,Karen Jones,cust749_davidharris@yahoo.com,Mooreshire,Wallis and Futuna,2024-08-25
750,Dale Moran,cust750_ahill@gmail.com,Brownfurt,Netherlands,2024-03-29
751,Kelly Kent,cust751_kstevens@gmail.com,West Debbiemouth,Guatemala,2025-04-08
752,Michelle Evans,cust752_robertwhite@hotmail.com,Ellisburgh,Qatar,2024-05-13
753,Jennifer Bautista,cust753_nicolemoore@hotmail.com,Elizabethland,Qatar,2024-09-19
754,Stephanie Kerr,cust754_jriddle@gmail.com,Charlesville,Madagascar,2026-04-06
755,Erika Hayes,cust755_jared07@gmail.com,Lake Heathermouth,Hong Kong,2025-01-25
756,James Lee,cust756_smithdanny@gmail.com,Ellenmouth,Libyan Arab Jamahiriya,2025-08-27
757,Bradley Sandoval,cust757_rtaylor@gmail.com,Port Andrew,Bolivia,2026-02-07
758,Caleb Figueroa,cust758_chrisgallagher@hotmail.com,Ericstad,Christmas Island,2025-12-23
759,Andrew Leonard,cust759_scottwilliams@hotmail.com,South Hannahmouth,Austria,2024-12-05
760,Amber Bennett,cust760_sarahbrooks@gmail.com,North Allen,Antarctica (the territory South of 60 deg S),2025-05-21
761,Gabrielle Lee DDS,cust761_susandavis@hotmail.com,Lake Gary,Israel,2026-02-01
762,Robyn Morris,cust762_colleenvilla@yahoo.com,Martinezborough,Botswana,2024-11-08
763,Christopher Morales,cust763_alexander37@gmail.com,Lake Lisastad,Aruba,2024-12-21
764,Daniel Turner,cust764_gbird@hotmail.com,West Susan,Netherlands Antilles,2025-07-18
765,Mark Price,cust765_martinreid@hotmail.com,Tiffanyfort,Bangladesh,2024-07-08
766,Lee Richards,cust766_vdixon@gmail.com,East Andrewville,Georgia,2024-09-19
767,Jeffrey Sanchez,cust767_brownnicholas@yahoo.com,East Nicholas,Norway,2024-05-29
768,Thomas George,cust768_vstevenson@gmail.com,Lonnieton,Mali,2024-04-17
769,Jennifer Hess,cust769_perezjessica@yahoo.com,East Amber,United States of America,2023-09-05
770,Virginia Solis,cust770_cathyjames@yahoo.com,South Crystal,Bahrain,2024-01-30
771,Andrea Lee,cust771_shawnamartinez@gmail.com,East William,Japan,2024-10-08
772,Emily Griffith,cust772_rogerobrien@yahoo.com,Barbaraborough,Faroe Islands,2023-09-02
773,Karen Tapia,cust773_raymond27@yahoo.com,Wagnerchester,Senegal,2026-01-02
774,Troy Olson,cust774_fsimmons@yahoo.com,New Jessica,Equatorial Guinea,2024-01-15
775,Eric Campbell,cust775_ijones@hotmail.com,Gonzalezborough,Albania,2024-01-28
776,Jonathan Swanson,cust776_asullivan@yahoo.com,Patrickport,Norway,2024-03-19
777,Mrs. Stacey Riddle,cust777_cruzariel@gmail.com,Kruegerstad,Malawi,2025-09-18
778,Madison Richardson,cust778_curtissara@hotmail.com,East Tim,Uruguay,2024-07-20
779,Lynn Rhodes,cust779_josegibson@hotmail.com,West John,Mozambique,2026-04-22
780,Sarah Smith,cust780_newmansabrina@yahoo.com,New Reneechester,Chad,2025-12-10
781,Dawn Turner,cust781_uwillis@yahoo.com,North Daisystad,Suriname,2026-05-07
782,Paul Conrad,cust782_ahale@gmail.com,Smithland,Singapore,2024-08-02
783,Kelly Pena,cust783_xjackson@gmail.com,East Tom,Macao,2023-07-25
784,Joanne Olsen,cust784_jamesbrady@gmail.com,Tonyachester,Kazakhstan,2024-02-02
785,Lori Oneill,cust785_christophermiller@gmail.com,Calebtown,Myanmar,2024-08-29
786,John Hodges,cust786_brownkaren@gmail.com,North Jasontown,Honduras,2024-04-10
787,Victoria Juarez,cust787_vkennedy@hotmail.com,Rogersmouth,Germany,2025-01-09
788,Teresa Ortega,cust788_wbishop@yahoo.com,North Stephenfurt,Saint Kitts and Nevis,2024-01-03
789,Tammy Johnson,cust789_meltonjoshua@hotmail.com,West Shannon,Poland,2024-09-11
790,Karen Gutierrez,cust790_aaronlittle@yahoo.com,Lake Michaelton,Sri Lanka,2023-01-29
791,Megan Hall,cust791_nross@gmail.com,Ronniefort,Palestinian Territory,2025-12-29
792,Susan Navarro,cust792_catherine28@hotmail.com,East Tylerland,Gabon,2023-09-17
793,Whitney Archer,cust793_cjackson@gmail.com,Batesbury,Ecuador,2024-07-15
794,Paul Keller,cust794_garciavictoria@gmail.com,West Raven,Seychelles,2023-04-04
795,Nathan Wade,cust795_wadesandra@hotmail.com,Davismouth,Tunisia,2023-04-22
796,Kenneth Bradshaw,cust796_schneidernicholas@hotmail.com,Valdezside,Togo,2026-02-07
797,David Green,cust797_christopher15@hotmail.com,Lake Sheri,Montserrat,2024-08-21
798,Samuel Finley,cust798_collinsbrittany@gmail.com,Whitneymouth,Sierra Leone,2023-09-16
799,Michael Hogan,cust799_danielsmith@yahoo.com,Duaneport,Taiwan,2025-10-02
800,Michael Hernandez,cust800_dustin09@yahoo.com,Wayneville,Falkland Islands (Malvinas),2023-07-30
801,Michelle Mendoza DVM,cust801_ycarter@gmail.com,Ericborough,Thailand,2023-01-26
802,Rita Graves,cust802_leblanckimberly@yahoo.com,Evansburgh,Angola,2026-03-21
803,Gail Gregory,cust803_katherine61@hotmail.com,Justinborough,Reunion,2024-08-05
804,Jennifer Anderson,cust804_hornjenna@yahoo.com,New Devin,Qatar,2025-08-19
805,Dr. Daniel Brock,cust805_jillsmith@hotmail.com,Lake Kristenberg,Honduras,2025-09-07
806,Jessica Skinner,cust806_davisterri@gmail.com,North Tinamouth,Nauru,2025-06-21
807,Charles Sharp,cust807_austinallen@yahoo.com,Haileyburgh,Palau,2024-11-28
808,Patty Esparza,cust808_stricklandmichelle@hotmail.com,Hillmouth,Heard Island and McDonald Islands,2024-01-13
809,Bruce Martinez,cust809_andrewberry@hotmail.com,Hillville,South Africa,2023-04-16
810,Janet Cooke,cust810_ievans@gmail.com,Bryanside,Colombia,2024-06-01
811,Michael Long,cust811_lbrown@hotmail.com,Port Karenville,Cocos (Keeling) Islands,2025-09-05
812,Melissa Smith,cust812_hmcbride@gmail.com,New Jamie,Central African Republic,2023-08-22
813,David Mullins,cust813_whitneywilliam@yahoo.com,South Tiffany,Palestinian Territory,2023-05-14
814,Eric Shah,cust814_donna72@hotmail.com,Nealhaven,United States Minor Outlying Islands,2025-03-31
815,Mrs. Kimberly Clark,cust815_batesbradley@gmail.com,East Kevin,Syrian Arab Republic,2025-10-04
816,Chad Arnold,cust816_joshua96@gmail.com,Jorgeburgh,Iran,2023-06-01
817,Tony Rhodes,cust817_amandajones@hotmail.com,Wandaborough,Rwanda,2026-03-27
818,Matthew Hoover,cust818_roberthernandez@yahoo.com,Johnsonbury,Belarus,2023-04-20
819,Joseph Sutton,cust819_ojones@gmail.com,Reginaview,Cameroon,2023-11-07
820,Courtney Smith,cust820_opetty@yahoo.com,Port Saraburgh,Malta,2023-11-02
821,Elizabeth Nicholson,cust821_wdavis@hotmail.com,Andreaville,Ukraine,2026-02-26
822,Evan Walton,cust822_michaelfigueroa@hotmail.com,Woodsberg,Eritrea,2024-09-14
823,Jose Moore,cust823_douglasbradley@yahoo.com,Lake Daniellestad,Russian Federation,2023-06-24
824,Megan Barnes,cust824_wwhite@yahoo.com,Joshuachester,Mali,2024-05-23
825,Sierra Cervantes,cust825_cynthia14@yahoo.com,Meganland,Belarus,2023-08-31
826,Theresa Martin,cust826_millerjustin@yahoo.com,South Ericaberg,Lesotho,2026-02-16
827,Mr. Michael Patel Jr.,cust827_jensenrhonda@hotmail.com,Lake Ronaldside,San Marino,2025-05-02
828,Zachary Guerrero,cust828_lawsontami@hotmail.com,East Charles,Taiwan,2026-05-26
829,Harry Williams,cust829_xgray@gmail.com,Robinbury,Switzerland,2026-05-05
830,Pamela Wilson,cust830_timothy43@gmail.com,Robinsonport,Vanuatu,2026-06-20
831,Maria Petersen,cust831_wallspatricia@yahoo.com,West Adammouth,Greenland,2024-04-07
832,Brian Bailey,cust832_richardsmith@yahoo.com,Gonzalezhaven,Malaysia,2025-12-06
833,Jennifer Gentry,cust833_moorediane@gmail.com,Fosterport,Haiti,2025-02-18
834,Clarence Cain,cust834_mayodiana@yahoo.com,East Michael,Jordan,2025-07-11
835,Stephen Fletcher,cust835_lopezbilly@yahoo.com,Mannington,Central African Republic,2025-06-25
836,Tiffany Moyer,cust836_david78@yahoo.com,West Karen,Slovakia (Slovak Republic),2024-08-31
837,Kathryn Mclean,cust837_ganderson@gmail.com,East Maurice,American Samoa,2026-04-20
838,Cynthia Gregory,cust838_russell90@yahoo.com,Robertsfort,Belize,2025-05-28
839,Danielle Hernandez,cust839_johnwang@yahoo.com,Lake Lori,Congo,2024-09-17
840,Richard Garcia,cust840_jacobbond@hotmail.com,East David,Iran,2026-03-10
841,William Hickman,cust841_msmith@gmail.com,South Richardport,Reunion,2026-06-25
842,Crystal Rogers,cust842_bbrown@hotmail.com,West Danielstad,Fiji,2023-05-04
843,Michelle Wright,cust843_whiteaaron@hotmail.com,Jasonfort,Fiji,2026-06-02
844,Ashlee Lopez,cust844_tcox@gmail.com,Lake Alexanderside,Sierra Leone,2023-07-23
845,Erin Figueroa,cust845_julia98@hotmail.com,Johnview,Cote d'Ivoire,2024-03-01
846,Anita Rodriguez,cust846_williamstanya@hotmail.com,East Janet,Uzbekistan,2024-03-08
847,Tom Montgomery,cust847_jessica38@hotmail.com,North David,Italy,2024-06-25
848,Dawn Wiley,cust848_patricia71@yahoo.com,South Roberthaven,Somalia,2023-06-16
849,Kyle Horton,cust849_keithsosa@gmail.com,Lake Lisa,Lithuania,2023-11-18
850,Sheila Mata,cust850_samuelhicks@hotmail.com,Moralesview,Costa Rica,2024-05-06
851,Christopher Robinson,cust851_suarezkrystal@yahoo.com,Kevinbury,French Polynesia,2023-12-22
852,Kristen Jackson,cust852_fergusonkelly@hotmail.com,West Sara,Faroe Islands,2026-02-04
853,Amber Whitney,cust853_amandasmith@yahoo.com,Markside,Estonia,2023-06-03
854,Jennifer Carr,cust854_tracie05@gmail.com,Gregorytown,Mauritania,2023-11-17
855,Shawna Crosby,cust855_sharphailey@hotmail.com,Mollyside,Costa Rica,2023-01-06
856,Connie Adams,cust856_omoore@hotmail.com,Richardsonfort,Bermuda,2025-04-16
857,Joe Ochoa Jr.,cust857_lharding@hotmail.com,Andrewburgh,Turks and Caicos Islands,2025-07-11
858,James Franklin,cust858_thomasronald@yahoo.com,Garciahaven,Burundi,2026-05-01
859,Rhonda Morrison,cust859_hcruz@gmail.com,East Johnland,Ethiopia,2025-08-20
860,Mark Smith,cust860_rosariodaniel@hotmail.com,Melissaland,Cook Islands,2024-08-19
861,Peter Stafford,cust861_kylemendoza@gmail.com,New Heatherside,British Virgin Islands,2023-03-08
862,Andrew Stephens,cust862_huntmary@gmail.com,East Andrewchester,Hungary,2024-04-19
863,Matthew Perez,cust863_tmcdaniel@gmail.com,Jacksonville,Czech Republic,2024-08-13
864,Tyler Howard,cust864_david10@hotmail.com,East Roy,Grenada,2024-08-02
865,Meghan Hernandez,cust865_colleen45@gmail.com,Sabrinastad,Venezuela,2025-07-18
866,Terry Lindsey,cust866_hensleytiffany@hotmail.com,West Dylan,Kiribati,2023-05-26
867,Rachel Mendoza,cust867_wilsonronald@hotmail.com,Duanemouth,Brunei Darussalam,2024-04-23
868,James Flores,cust868_aolson@hotmail.com,Devonbury,Hungary,2024-06-25
869,Jonathan Ferguson,cust869_patrickcarpenter@yahoo.com,Lake Christopher,Guyana,2026-04-22
870,Xavier Smith,cust870_hrosario@gmail.com,Michaelberg,French Polynesia,2024-02-10
871,Russell Arnold,cust871_osanchez@gmail.com,North Suzanne,Romania,2025-05-20
872,Nicholas Horton,cust872_swatson@gmail.com,South Maryburgh,Antarctica (the territory South of 60 deg S),2023-08-24
873,Charles Sanchez,cust873_carrolllisa@gmail.com,South Julia,San Marino,2026-01-20
874,Tiffany Harrison,cust874_scott04@gmail.com,North Nicole,Antigua and Barbuda,2024-04-05
875,Carrie Martin,cust875_rwall@yahoo.com,Samanthahaven,Gambia,2023-11-02
876,Jessica Moore,cust876_boydtiffany@gmail.com,South Christine,Cyprus,2024-06-28
877,Rodney Daugherty,cust877_velasqueztaylor@yahoo.com,Wilcoxburgh,Austria,2023-10-19
878,Maria Lee,cust878_garciamichael@yahoo.com,East Julianside,Botswana,2023-05-27
879,Kyle Avila,cust879_jacob30@gmail.com,Christophershire,Mongolia,2023-05-03
880,William Webb,cust880_edwardssherry@gmail.com,Karenfurt,Macao,2023-12-06
881,Paul Swanson,cust881_jacquelinedavis@yahoo.com,New Lindseyberg,Anguilla,2024-09-21
882,Janet Willis,cust882_robertsedward@yahoo.com,Lake Christopherbury,Turks and Caicos Islands,2026-05-03
883,Michael Thomas,cust883_victoriamason@hotmail.com,Sethberg,Guadeloupe,2026-03-11
884,Marcus Bentley,cust884_macdonaldkim@yahoo.com,East Wendy,New Caledonia,2024-08-14
885,Christian Burton,cust885_adavis@gmail.com,Amyland,Luxembourg,2025-06-18
886,Erik Villa,cust886_carlosray@yahoo.com,North Haroldmouth,Eritrea,2023-09-12
887,Dr. Pamela Ramos,cust887_shelbybonilla@yahoo.com,West Michelefurt,Ireland,2025-08-17
888,Sylvia Anderson,cust888_william95@yahoo.com,Lake Robertmouth,Estonia,2024-09-14
889,Wendy Williams,cust889_figueroajohn@hotmail.com,East Melissaport,Honduras,2025-04-04
890,James Jones,cust890_qsawyer@gmail.com,Stevenside,United Arab Emirates,2024-07-11
891,Ashley White,cust891_lowerysandra@yahoo.com,South Mark,Ghana,2025-10-21
892,Larry Lewis,cust892_dwilson@gmail.com,South Dustin,Croatia,2026-01-10
893,Andre Burke,cust893_zbrown@yahoo.com,Irwinborough,Austria,2025-10-08
894,Alexander Blake,cust894_onelson@gmail.com,East Chadfurt,Belgium,2025-06-15
895,Michael Savage,cust895_elizabethgreen@gmail.com,South Matthewport,Chad,2023-06-14
896,Tom Olson,cust896_tammykim@hotmail.com,Morrowside,Slovenia,2026-05-09
897,Christina Sharp,cust897_mariodowns@hotmail.com,Alexismouth,Vietnam,2023-03-23
898,Sean Wilson,cust898_ubaker@gmail.com,Hardingberg,North Macedonia,2025-06-03
899,Wayne Davis,cust899_julielopez@hotmail.com,New Nicholas,Guernsey,2024-10-22
900,Corey Frazier,cust900_woodmichael@yahoo.com,Wayneville,Reunion,2026-05-21
901,Dr. Jason Bell PhD,cust901_wmills@yahoo.com,East Stephenstad,Christmas Island,2024-05-27
902,Carla Graham,cust902_megan64@hotmail.com,North Lindaville,Benin,2023-02-22
903,Lisa Jenkins,cust903_nbrady@hotmail.com,Lake Seanshire,Sri Lanka,2023-07-07
904,Dylan Fisher,cust904_kimberlyarnold@gmail.com,Port Terrence,British Virgin Islands,2024-04-13
905,Riley Marshall,cust905_xsmith@gmail.com,Josephview,Gambia,2026-03-24
906,Rebecca Perry,cust906_adamstout@gmail.com,North Ericstad,Tajikistan,2026-04-17
907,Sally Greene,cust907_george96@gmail.com,Leefurt,Switzerland,2023-02-12
908,Timothy Patterson,cust908_lmadden@yahoo.com,Zacharychester,Djibouti,2024-07-05
909,Robert Gordon,cust909_ocameron@yahoo.com,West James,Bermuda,2026-03-26
910,Adam Carrillo,cust910_anthonyzimmerman@gmail.com,Johnsonberg,Korea,2023-03-24
911,Paula Lopez,cust911_kennethnichols@gmail.com,Townsendton,Falkland Islands (Malvinas),2023-12-25
912,Charles Johnson,cust912_rodriguezsara@gmail.com,East Justinburgh,Bermuda,2025-08-21
913,Ryan Durham,cust913_peterhenry@gmail.com,Jonesland,Cote d'Ivoire,2025-11-28
914,Jaime Edwards,cust914_lstokes@yahoo.com,East Donnaton,British Indian Ocean Territory (Chagos Archipelago),2025-06-24
915,Wendy Webb,cust915_moorejudy@gmail.com,New Anthony,Angola,2024-07-23
916,Paige Robinson,cust916_danny30@yahoo.com,East Christopher,Puerto Rico,2024-01-07
917,Debra Olson,cust917_baileyandrea@yahoo.com,Mcgeefort,Jordan,2026-04-13
918,Jennifer Lee,cust918_jamesmathis@hotmail.com,Suzanneville,Myanmar,2025-06-11
919,Laurie Martin,cust919_stephaniefreeman@yahoo.com,Carlsonview,Suriname,2025-10-04
920,Brian Reyes,cust920_ashleybrooks@hotmail.com,South Garyton,Malawi,2023-07-06
921,Jason Munoz,cust921_raymond12@yahoo.com,Gibbsstad,Ecuador,2025-08-20
922,Matthew Watson,cust922_david50@hotmail.com,Jasonshire,South Africa,2024-12-13
923,David Jones,cust923_carolyn83@gmail.com,Jenniferland,Montserrat,2025-04-16
924,Jennifer Avila,cust924_lisa33@gmail.com,Jimenezview,Italy,2024-11-13
925,Jesse Guzman,cust925_byoung@yahoo.com,Lake Kristashire,Albania,2024-10-19
926,Diane Skinner,cust926_ijohnson@hotmail.com,West Deannaland,Latvia,2023-08-03
927,Robert Cummings,cust927_logan56@gmail.com,Troyton,India,2023-11-26
928,William Snyder,cust928_cameronsharon@gmail.com,East Brandontown,Burundi,2024-11-06
929,Frank Watts,cust929_fperez@gmail.com,Lisaside,Albania,2025-04-23
930,Shawna Green,cust930_rodriguezstacey@gmail.com,Markfurt,Faroe Islands,2025-10-11
931,Tammy Silva,cust931_martinezmichelle@hotmail.com,Walshville,Mali,2024-08-13
932,Laura Stanley,cust932_marc73@gmail.com,Katieland,Guinea,2025-03-31
933,Shelley Keller,cust933_heatherjones@yahoo.com,East Alexanderborough,Lao People's Democratic Republic,2026-01-31
934,Chelsea Garcia,cust934_lisagill@hotmail.com,Kathleenport,Russian Federation,2023-03-17
935,Christian Wagner,cust935_jefferycox@yahoo.com,Port Ricardo,Bangladesh,2025-07-20
936,Christopher Parker,cust936_thomasnancy@hotmail.com,East Allenmouth,Colombia,2023-06-30
937,John Schmidt,cust937_joseph81@yahoo.com,Lewisfurt,Macao,2024-10-06
938,Gene Alexander,cust938_corey66@gmail.com,Jaimeburgh,Nepal,2024-05-31
939,Lawrence Stone,cust939_maldonadodebbie@gmail.com,North Brian,Argentina,2024-10-24
940,Cynthia Patel,cust940_jeremy96@yahoo.com,Garciaview,Lithuania,2023-08-26
941,Richard Bailey,cust941_janice40@gmail.com,New Rebecca,Nigeria,2025-04-07
942,Eric Knox,cust942_georgemaldonado@gmail.com,West Rachel,Cambodia,2025-11-19
943,Mary Patterson,cust943_thompsonjoseph@gmail.com,Lake Kathleen,Algeria,2023-01-03
944,Tracy Aguilar,cust944_emarks@gmail.com,Port Andreport,Syrian Arab Republic,2026-01-16
945,Jonathan Fischer,cust945_garcialinda@yahoo.com,Henrystad,Mayotte,2025-08-04
946,John Diaz,cust946_careykevin@yahoo.com,Rodriguezhaven,Saint Lucia,2025-04-26
947,Brittany Jenkins,cust947_donnathomas@yahoo.com,East Beckychester,Guyana,2023-04-22
948,Brandon Knapp,cust948_rfowler@hotmail.com,Archerhaven,China,2024-01-20
949,Michael Barron,cust949_rlawrence@yahoo.com,North Bethany,Reunion,2025-11-27
950,Logan Hamilton,cust950_yknight@yahoo.com,Danieltown,Luxembourg,2025-01-10
951,Bridget Becker,cust951_cindy24@yahoo.com,Calvinport,American Samoa,2026-06-29
952,Daniel Petersen,cust952_brownkevin@yahoo.com,Donnatown,Australia,2025-10-17
953,Gregory Campbell,cust953_stephaniereeves@gmail.com,South Brenda,Belgium,2025-06-24
954,Andrew Fitzpatrick,cust954_lisawalsh@yahoo.com,Rasmussenville,Uganda,2023-04-16
955,Eric Collins,cust955_ushelton@hotmail.com,Lake Katrina,El Salvador,2024-02-21
956,Julian Turner,cust956_evanssara@yahoo.com,South Kimberly,Syrian Arab Republic,2024-06-30
957,Charles Ramos,cust957_william57@yahoo.com,Owenschester,Kyrgyz Republic,2026-01-29
958,Justin Bernard,cust958_idavis@hotmail.com,Kristinshire,Malaysia,2023-09-26
959,Marc Yoder,cust959_brian62@yahoo.com,South Lindseyhaven,Kuwait,2024-08-12
960,Angela Nelson,cust960_cookconnor@yahoo.com,Vaughnton,British Virgin Islands,2025-06-16
961,Megan Stevenson,cust961_mileszachary@hotmail.com,Taylorberg,Gabon,2025-09-19
962,Michelle Zuniga,cust962_mhanson@gmail.com,North Ericville,Mali,2023-09-06
963,Dan Wells,cust963_hmyers@yahoo.com,Webbburgh,Svalbard & Jan Mayen Islands,2023-03-01
964,Ryan Green,cust964_nvillarreal@gmail.com,Thomastown,Colombia,2026-05-31
965,Patrick Allen,cust965_thomasroberts@hotmail.com,New Trevorview,India,2024-05-05
966,Robert Marshall,cust966_shernandez@yahoo.com,New Pedroshire,Gabon,2023-11-21
967,Matthew Sandoval,cust967_wwilliams@gmail.com,Khanmouth,Falkland Islands (Malvinas),2024-09-28
968,Christopher Mason,cust968_michaelmccarthy@yahoo.com,East Dianastad,Palau,2026-02-02
969,Gina Espinoza,cust969_joshuafarmer@yahoo.com,Jonesfort,Honduras,2023-01-29
970,Lisa White,cust970_david59@hotmail.com,Breannafurt,Bangladesh,2026-02-05
971,Samuel Moore,cust971_ortegavictor@hotmail.com,Morrisbury,Sierra Leone,2025-04-15
972,Morgan Young,cust972_jessicacruz@yahoo.com,North Cherylville,Argentina,2023-07-10
973,Angel Hines,cust973_mcleanmanuel@hotmail.com,Grayshire,Moldova,2024-04-05
974,David Kim,cust974_jeremiah26@hotmail.com,North Brandi,Norfolk Island,2023-08-21
975,Anne Johnson,cust975_patriciaward@yahoo.com,West Jacobhaven,Luxembourg,2025-08-03
976,Daniel Carey,cust976_michael82@gmail.com,Pattersonfurt,Tunisia,2023-08-29
977,Blake Patton,cust977_craig73@gmail.com,Andrewport,Uzbekistan,2023-11-12
978,Jeanette Howard,cust978_tammyjones@hotmail.com,Port April,New Zealand,2025-10-17
979,Jennifer Brown,cust979_aguilarsharon@yahoo.com,North Matthewview,Cook Islands,2024-08-20
980,Phillip Taylor,cust980_sandra03@yahoo.com,Port Stacyton,Guatemala,2025-11-08
981,Dr. Linda Salazar,cust981_claytimothy@gmail.com,Jenniferville,Argentina,2024-07-13
982,Danny Bell MD,cust982_andrewbrown@gmail.com,Flemingtown,Micronesia,2025-04-30
983,Mr. James Martinez,cust983_hdunn@yahoo.com,New Tonistad,Guinea,2025-09-15
984,Jeffrey Brown,cust984_christophersmith@yahoo.com,Port Alexisbury,Suriname,2025-08-25
985,Anthony Gonzales,cust985_bradley59@hotmail.com,West David,Indonesia,2024-05-14
986,Bryan Jones,cust986_shawna37@hotmail.com,Priscillabury,Kenya,2025-07-24
987,Teresa Deleon,cust987_misty38@yahoo.com,Heidihaven,Bosnia and Herzegovina,2026-02-02
988,Steven Thornton,cust988_nramirez@gmail.com,West Judy,Cote d'Ivoire,2023-10-24
989,Nathaniel French,cust989_spenceholly@hotmail.com,Bentontown,Luxembourg,2025-02-24
990,Debra Chapman,cust990_margaret10@yahoo.com,Simpsonfurt,Hungary,2024-01-26
991,Danny Gray,cust991_qpatel@yahoo.com,New Kathryntown,United States of America,2026-05-12
992,Stephanie Livingston,cust992_lisa93@gmail.com,Jessicachester,Tonga,2025-11-06
993,Nicholas Moss,cust993_aguirreangela@hotmail.com,Micheleside,Kyrgyz Republic,2023-10-07
994,Nathan Mack,cust994_francisco67@hotmail.com,East Rebecca,Fiji,2023-05-23
995,Tiffany Miller,cust995_kelseyphillips@hotmail.com,Johnsonview,Guyana,2024-07-19
996,David Delgado,cust996_martinezashley@yahoo.com,Melaniemouth,Kyrgyz Republic,2025-04-29
997,Adam Johnson,cust997_timothy83@yahoo.com,New Sheilaview,Ukraine,2024-11-27
998,Emily Brown,cust998_jonathanbuchanan@yahoo.com,Martinezburgh,Cameroon,2025-11-05
999,Mary Hall,cust999_lopezwilliam@yahoo.com,Bobbybury,Bahamas,2024-07-01
1000,Wendy Hester,cust1000_gregorymeredith@yahoo.com,New Jimmyville,Belarus,2023-01-06
1001,Ashley Jones,cust1001_markwatson@hotmail.com,Joneschester,Turkey,2024-08-02
1002,Alexander Lawson,cust1002_matthew65@yahoo.com,Christyburgh,Heard Island and McDonald Islands,2024-09-03
1003,Timothy Buck,cust1003_rodriguezjason@yahoo.com,Shelbyfurt,Switzerland,2026-04-17
1004,Mary Hernandez,cust1004_friedmansusan@gmail.com,Ryanville,Tanzania,2026-04-02
1005,Rebecca Lawson,cust1005_mstewart@hotmail.com,Rhondamouth,Ecuador,2025-09-29
1006,Vanessa Hall,cust1006_kaitlin13@yahoo.com,Coxstad,Monaco,2023-11-01
1007,Suzanne Valdez,cust1007_shanebarnes@hotmail.com,New John,United States of America,2025-07-03
1008,Kevin Taylor,cust1008_laura55@gmail.com,South Robertberg,Morocco,2026-01-08
1009,Stanley Gonzalez Jr.,cust1009_hsmith@yahoo.com,Kathyfort,Samoa,2025-09-18
1010,Sean Bass,cust1010_vaughnveronica@gmail.com,Strongstad,Brunei Darussalam,2024-12-07
1011,Justin Joseph,cust1011_rogersmallory@yahoo.com,Lake Brandonstad,Zambia,2024-11-11
1012,Jason Cole,cust1012_eroberts@hotmail.com,Lake Isaac,Seychelles,2026-02-04
1013,Samantha Hicks,cust1013_paulawatkins@yahoo.com,Graymouth,Christmas Island,2026-01-17
1014,Leah Duffy,cust1014_halltrevor@gmail.com,Mitchellfurt,Ghana,2025-02-11
1015,Tiffany Williams,cust1015_russellramirez@hotmail.com,Coryport,Chad,2025-07-21
1016,Donald Gonzales,cust1016_keithhardin@hotmail.com,East Elizabethberg,Bhutan,2024-10-21
1017,Ryan Fischer,cust1017_georgebernard@hotmail.com,North Tracy,Swaziland,2024-01-22
1018,Dale Mcmahon,cust1018_hdennis@gmail.com,Phillipsville,Saint Barthelemy,2024-05-04
1019,Sarah Wallace,cust1019_fsnyder@gmail.com,Jessicaville,Guinea,2026-03-17
1020,Natasha Walker,cust1020_murphywilliam@yahoo.com,Mccoyhaven,Peru,2025-02-23
1021,Michelle Edwards,cust1021_hamiltonsarah@hotmail.com,Jamesside,Panama,2024-04-23
1022,Lori Avery,cust1022_sanchezbrenda@gmail.com,West Theodore,Libyan Arab Jamahiriya,2025-04-21
1023,Morgan Campbell,cust1023_cynthiadavis@hotmail.com,North Ryan,Liechtenstein,2023-03-31
1024,Christine Thompson,cust1024_nwatts@yahoo.com,Lake Michael,Marshall Islands,2024-10-13
1025,Catherine Evans,cust1025_nancycontreras@yahoo.com,Harperside,Liberia,2025-08-26
1026,Daniel Mccarty,cust1026_robert75@gmail.com,Wilsonmouth,Zimbabwe,2025-02-19
1027,Brian Terry,cust1027_kimwebb@yahoo.com,Mcdanieltown,French Guiana,2025-03-01
1028,Daniel Rosales,cust1028_xbrown@yahoo.com,Emilychester,India,2023-11-08
1029,Jessica Green,cust1029_adamsjessica@yahoo.com,West Sethbury,Montserrat,2025-10-11
1030,Kimberly Chan,cust1030_gouldchristina@yahoo.com,New Amber,Zambia,2023-03-17
1031,Rebekah Davis,cust1031_rhonda81@hotmail.com,New Jasonside,Congo,2023-09-16
1032,Dr. Jennifer Robbins,cust1032_laurie55@yahoo.com,New Jessica,Wallis and Futuna,2025-10-25
1033,Ryan Fischer,cust1033_masonlacey@gmail.com,West Kevin,Denmark,2026-04-23
1034,Melissa Johnson,cust1034_hessnicholas@yahoo.com,Port Joy,Faroe Islands,2024-11-10
1035,Angela Wagner,cust1035_vsmith@hotmail.com,North Jill,Somalia,2023-07-25
1036,Ronald Villarreal,cust1036_ronald04@yahoo.com,Harrisview,Palau,2025-06-20
1037,Jamie Jordan,cust1037_tammyhoffman@yahoo.com,Rebeccaside,Madagascar,2023-07-24
1038,Alan Crawford,cust1038_wbean@hotmail.com,South Jeffreytown,Indonesia,2025-12-13
1039,Jillian Woods,cust1039_daymartin@hotmail.com,North Annborough,Tonga,2025-07-24
1040,Linda Miller,cust1040_ejensen@hotmail.com,North Katrina,El Salvador,2023-02-01
1041,Patrick Flowers,cust1041_morrisannette@yahoo.com,West Hannahside,South Africa,2023-10-23
1042,Jonathan Chung II,cust1042_gfletcher@hotmail.com,North Ronaldland,Honduras,2025-04-19
1043,Adam Meyer,cust1043_martinsamuel@gmail.com,South Tylerhaven,Libyan Arab Jamahiriya,2023-11-13
1044,Shane Barnes,cust1044_phillipsryan@yahoo.com,Alexandrastad,Mongolia,2023-06-03
1045,Brenda Mills,cust1045_leahcrane@yahoo.com,Thomasborough,Vietnam,2025-08-19
1046,Paul Ferrell,cust1046_frankespinoza@yahoo.com,West Robertberg,Latvia,2024-06-26
1047,William Collins,cust1047_jamesdavis@yahoo.com,Codymouth,Nepal,2024-11-24
1048,Gregory Hansen,cust1048_michaelsmith@gmail.com,Justinchester,Myanmar,2026-06-30
1049,Holly Wang,cust1049_ann31@hotmail.com,North Jessica,Fiji,2025-03-25
1050,Justin Martinez,cust1050_xrivera@hotmail.com,Tammyfort,Cote d'Ivoire,2023-06-14
1051,Richard Hays,cust1051_noblechristina@gmail.com,South Nancy,Gibraltar,2024-11-03
1052,Wayne Taylor,cust1052_ecoleman@yahoo.com,Vincentville,Dominican Republic,2025-12-28
1053,Jamie Cruz,cust1053_hkelly@yahoo.com,New Meganburgh,Yemen,2025-02-17
1054,Diamond Thomas,cust1054_fcastro@hotmail.com,Ginaside,United Arab Emirates,2024-10-10
1055,Gregory Johnson,cust1055_melissa56@gmail.com,South Neil,Venezuela,2025-09-26
1056,Alexandra Ramos,cust1056_adamcollins@gmail.com,Ruthhaven,Uruguay,2026-01-13
1057,Don Holland,cust1057_ssanders@hotmail.com,Joshuaton,Montserrat,2023-03-15
1058,Sharon Pennington,cust1058_ehenry@hotmail.com,North Mikeberg,Romania,2026-06-18
1059,Shelby Anderson,cust1059_hflowers@gmail.com,Walshton,Germany,2023-05-21
1060,Joshua Lucero,cust1060_dianamclaughlin@yahoo.com,Rachaelburgh,United Kingdom,2024-04-25
1061,Dr. Holly Smith,cust1061_qbutler@hotmail.com,North Jameshaven,Cameroon,2024-08-11
1062,Angela Ramos,cust1062_charlotte86@gmail.com,West Joshuastad,British Indian Ocean Territory (Chagos Archipelago),2024-04-10
1063,Keith Horton,cust1063_fdavis@gmail.com,East Lonnietown,Seychelles,2023-07-05
1064,Adam Little,cust1064_umiller@gmail.com,Maryborough,San Marino,2025-06-07
1065,Brandi Brown,cust1065_gregory29@yahoo.com,Perezborough,Faroe Islands,2023-07-21
1066,Cassandra Phillips,cust1066_fbaker@yahoo.com,Michaelhaven,Korea,2023-07-25
1067,Melissa Jackson,cust1067_kmoore@gmail.com,Reedport,Cote d'Ivoire,2025-06-27
1068,Warren Arnold,cust1068_christopher34@gmail.com,Greenville,Maldives,2023-12-07
1069,Charlotte Taylor,cust1069_nathan69@gmail.com,Jacquelinestad,Trinidad and Tobago,2024-09-05
1070,Caitlin Alvarez,cust1070_deborah12@yahoo.com,Franciscoside,Colombia,2023-03-01
1071,Jessica Jensen,cust1071_esimon@gmail.com,Jennifermouth,Liberia,2023-04-05
1072,Elizabeth Arellano,cust1072_kathrynsantana@hotmail.com,South Ronaldview,Zimbabwe,2024-10-26
1073,Leslie Martin,cust1073_sandratanner@hotmail.com,New Karen,Bulgaria,2023-04-25
1074,Rachel Brown,cust1074_parkerkatie@yahoo.com,Fostermouth,Afghanistan,2024-08-23
1075,Christina Jackson,cust1075_christopher33@yahoo.com,Lake Johnside,Tanzania,2025-01-04
1076,Abigail Moore,cust1076_ruizgloria@hotmail.com,South Elizabeth,Switzerland,2025-02-06
1077,David Stark,cust1077_wanderson@gmail.com,Mejiaport,Svalbard & Jan Mayen Islands,2025-06-01
1078,Shelley Carlson,cust1078_reedelizabeth@hotmail.com,East Nicoleburgh,Seychelles,2023-10-26
1079,Jack Mason,cust1079_bishopkaren@gmail.com,East Vincent,Aruba,2024-05-15
1080,Jeffrey Morgan,cust1080_ronaldmitchell@yahoo.com,Johnsonchester,Christmas Island,2025-12-23
1081,Michael Flowers,cust1081_wdrake@hotmail.com,Lake Michelletown,Central African Republic,2025-04-23
1082,Kenneth Cruz,cust1082_psmith@hotmail.com,Hendersonton,Gabon,2026-03-05
1083,Patrick Wilson,cust1083_xshaw@yahoo.com,Meganstad,Bouvet Island (Bouvetoya),2024-01-04
1084,Veronica Schmidt,cust1084_fberg@gmail.com,West Stacyshire,Eritrea,2023-12-15
1085,Robert Luna,cust1085_dgraham@yahoo.com,North Mirandamouth,Haiti,2023-12-25
1086,Kyle Wood,cust1086_srogers@gmail.com,Guystad,Israel,2023-06-11
1087,Frederick Fields,cust1087_howardbenjamin@hotmail.com,Wrightland,Martinique,2026-06-02
1088,Nicholas Schultz,cust1088_worozco@yahoo.com,Port Rebecca,Venezuela,2025-02-22
1089,Kelly Ellis,cust1089_nguyenbenjamin@hotmail.com,South Williamland,Guadeloupe,2026-06-23
1090,Nicole Henderson,cust1090_whitejulie@hotmail.com,Port Ritaville,South Africa,2024-05-08
1091,Dean Turner,cust1091_heatherwilliams@hotmail.com,Lewischester,Falkland Islands (Malvinas),2025-10-16
1092,Paula Hill,cust1092_jacobsrenee@hotmail.com,Josephchester,Cote d'Ivoire,2026-04-09
1093,Jason Anderson,cust1093_steven51@gmail.com,North Jenna,Cyprus,2023-10-21
1094,Dwayne Joseph,cust1094_omatthews@hotmail.com,Amberfort,Venezuela,2024-04-20
1095,Grace Flores,cust1095_vhernandez@yahoo.com,New Heidi,Peru,2025-08-02
1096,Jamie Guerrero,cust1096_welchanna@yahoo.com,East Juliehaven,Heard Island and McDonald Islands,2024-06-04
1097,Paul Hayes,cust1097_njohnson@hotmail.com,New Michael,Jersey,2025-07-30
1098,Phillip Potter,cust1098_angela73@yahoo.com,South Catherine,Thailand,2024-06-06
1099,James Lewis,cust1099_duncangregory@gmail.com,Piercestad,Sao Tome and Principe,2023-01-20
1100,Steven Ramirez,cust1100_crystal58@hotmail.com,Perezfurt,Lithuania,2025-08-10
1101,Donna Middleton,cust1101_sandrathompson@yahoo.com,New Mariamouth,Palau,2024-08-12
1102,Terry Reyes,cust1102_amccann@gmail.com,New Jeffreyhaven,Belgium,2026-01-24
1103,Monique Dougherty,cust1103_chelsea29@hotmail.com,Cohenstad,Angola,2023-11-20
1104,Sophia Valdez,cust1104_melissamartin@yahoo.com,East Thomas,Rwanda,2023-06-01
1105,Erica Carter,cust1105_clarksteven@gmail.com,Fritzburgh,Kyrgyz Republic,2025-06-23
1106,Ashley Munoz,cust1106_monica23@yahoo.com,North Kaitlynchester,Tonga,2024-12-08
1107,Julie Cruz,cust1107_trosario@hotmail.com,Lake Kimberlyside,Rwanda,2026-04-18
1108,John Barber,cust1108_lisa05@yahoo.com,Pattersonville,Bosnia and Herzegovina,2024-09-04
1109,Dennis Bryan,cust1109_bowenmichael@hotmail.com,Donaldbury,South Africa,2025-05-18
1110,Mr. Gary Benson,cust1110_fnolan@gmail.com,Matthewmouth,Greenland,2024-05-27
1111,Melissa Carroll,cust1111_juarezearl@yahoo.com,East Nicoleshire,Guyana,2025-07-24
1112,Elizabeth Baldwin,cust1112_thomas74@gmail.com,East Catherine,Togo,2024-09-10
1113,Mark Johnson,cust1113_brandyhernandez@gmail.com,Michaelhaven,Samoa,2024-02-12
1114,Kellie Woods,cust1114_teresaschneider@hotmail.com,Alexandrafurt,Tonga,2025-02-26
1115,Mariah Harrell,cust1115_ythompson@gmail.com,West Jeffreyborough,Czech Republic,2025-09-16
1116,Lee Daniel,cust1116_santosmichael@yahoo.com,Port Juliehaven,Ukraine,2023-08-07
1117,Dale Beck,cust1117_vsims@hotmail.com,West Angelaside,Tanzania,2024-04-30
1118,Shelia Waller,cust1118_griffinalexandra@gmail.com,Lauraburgh,Portugal,2025-02-20
1119,Shannon Perez,cust1119_mthompson@yahoo.com,Christopherborough,Saint Martin,2026-03-17
1120,Amy Leach,cust1120_bruce33@hotmail.com,Marshallside,Turkmenistan,2025-01-05
1121,Emma Walters,cust1121_timothyramos@yahoo.com,North Amy,Cuba,2026-03-23
1122,Elizabeth Smith,cust1122_hcallahan@hotmail.com,Watersborough,Namibia,2024-08-28
1123,Lisa Bryant,cust1123_kingrichard@yahoo.com,Welchmouth,Madagascar,2024-08-27
1124,Mr. Matthew Baker,cust1124_matthewbyrd@hotmail.com,Connieville,Saudi Arabia,2023-02-14
1125,Katherine Flores,cust1125_lsimpson@gmail.com,Chambersville,Uzbekistan,2025-03-21
1126,Grace Mcdaniel,cust1126_jamesrodriguez@gmail.com,West Warren,Ghana,2024-07-16
1127,Kaitlyn Cohen,cust1127_ashleymoore@gmail.com,Port Randy,Chile,2023-01-17
1128,Lisa Moore,cust1128_yvaldez@yahoo.com,Jeremyview,Latvia,2026-03-05
1129,Sandra Wood,cust1129_matthew55@yahoo.com,Ronaldfurt,Serbia,2023-04-11
1130,Philip Powell,cust1130_zgomez@gmail.com,Wangtown,Svalbard & Jan Mayen Islands,2026-05-26
1131,Christine Moran,cust1131_marissa05@yahoo.com,Nguyenside,Saint Vincent and the Grenadines,2025-10-14
1132,Daniel Shaw,cust1132_daniel32@yahoo.com,Davidshire,Latvia,2024-08-09
1133,Theresa Harrington,cust1133_twatts@yahoo.com,West Valerie,Namibia,2024-04-16
1134,Brian Bowman,cust1134_amanda74@gmail.com,Taylorland,Greece,2026-05-28
1135,Morgan Holloway,cust1135_brittanyandrews@hotmail.com,South Johnshire,Mayotte,2024-12-22
1136,Debbie Schmidt,cust1136_hannah21@hotmail.com,Susanstad,United Kingdom,2024-03-24
1137,Nicole Lewis,cust1137_taylor75@yahoo.com,Lake Teresa,Eritrea,2024-01-25
1138,Paul Johnson,cust1138_mayronald@yahoo.com,Port Allisonhaven,Holy See (Vatican City State),2026-06-25
1139,Jeffrey Johnson,cust1139_kristy74@hotmail.com,Cynthialand,Mongolia,2024-05-28
1140,Justin Rodriguez,cust1140_laurenmathis@gmail.com,Bishopborough,Sao Tome and Principe,2023-10-08
1141,Michael Meyers,cust1141_vhayes@gmail.com,Charlesshire,Guadeloupe,2023-07-18
1142,Richard Stevenson,cust1142_zpreston@hotmail.com,Adamfurt,Andorra,2023-03-22
1143,Frank Hernandez,cust1143_breannasaunders@hotmail.com,Valdezborough,Sierra Leone,2024-09-24
1144,Tammy Barry,cust1144_jacobhernandez@yahoo.com,North Anthony,Netherlands,2025-06-21
1145,Amanda Anderson,cust1145_stephanie55@gmail.com,East Kevin,Jamaica,2023-03-10
1146,Crystal Gillespie PhD,cust1146_taylorrachel@yahoo.com,Port Stacytown,Kenya,2026-04-01
1147,Sarah Clark,cust1147_griffinraymond@gmail.com,Lawrenceville,Bermuda,2025-01-17
1148,Katie Lane,cust1148_martinjason@yahoo.com,Karamouth,Israel,2023-09-27
1149,William Marsh,cust1149_timothy81@yahoo.com,North Normanchester,Iran,2023-07-04
1150,Ariel Ward,cust1150_mary64@gmail.com,Lake Dawnfurt,Turkey,2024-08-27
1151,Trevor Hill,cust1151_brandon32@hotmail.com,East Aprilberg,Puerto Rico,2024-10-31
1152,Andrew Carlson,cust1152_michelleguerrero@yahoo.com,Morrowchester,China,2025-04-30
1153,Joseph Hernandez,cust1153_michaelbuckley@gmail.com,South Jamesfurt,Niue,2023-12-26
1154,Ryan Howell,cust1154_loganmartin@yahoo.com,Lake Monicachester,Aruba,2024-02-16
1155,Pamela Sharp,cust1155_ericsmith@gmail.com,South Vanessaville,Lebanon,2023-09-28
1156,Jason Villanueva,cust1156_mtaylor@hotmail.com,West Thomasview,Brunei Darussalam,2026-01-09
1157,Joshua Krueger,cust1157_woodskaitlyn@hotmail.com,East Jeffrey,Bulgaria,2025-01-19
1158,Brenda Hopkins,cust1158_lovejustin@hotmail.com,East Jeremyburgh,Saint Lucia,2025-12-23
1159,Erin Dickson,cust1159_kathleen25@yahoo.com,Donnashire,Saint Pierre and Miquelon,2025-10-24
1160,Amanda Bullock,cust1160_ywelch@gmail.com,North Douglas,Antigua and Barbuda,2024-07-12
1161,Cynthia Sanders,cust1161_armstrongtimothy@yahoo.com,Lake Molly,Morocco,2023-12-03
1162,Willie Chavez,cust1162_amy14@hotmail.com,Matthewburgh,Equatorial Guinea,2024-06-10
1163,Shane Ingram,cust1163_qalvarado@yahoo.com,Bryanstad,Japan,2025-09-13
1164,Traci Martinez,cust1164_theresagreer@gmail.com,Davidstad,Gambia,2024-08-27
1165,Juan Ayers,cust1165_raymondpugh@hotmail.com,East Mary,Cyprus,2024-11-24
1166,Christina Garner,cust1166_annaschmidt@gmail.com,Amberhaven,Chad,2023-08-24
1167,Brett Martin,cust1167_meganpotter@gmail.com,Garrisonview,Australia,2025-08-17
1168,Tiffany Phillips,cust1168_denglish@yahoo.com,Lake Sharon,Afghanistan,2023-06-04
1169,Michael Barnett,cust1169_sandraaustin@gmail.com,Port Robertberg,Liberia,2023-10-16
1170,Pamela Roman,cust1170_petermoore@yahoo.com,Vargasbury,Syrian Arab Republic,2024-04-07
1171,Darrell Rush,cust1171_patriciamartinez@hotmail.com,East Scott,Peru,2025-03-24
1172,Garrett Walsh,cust1172_alexandria97@gmail.com,Evansville,Mauritius,2026-02-15
1173,Jordan Jones,cust1173_nancy06@yahoo.com,Lake Stevenshire,Chile,2025-01-19
1174,Melissa Bauer,cust1174_jeffrey11@hotmail.com,Johnfort,Taiwan,2023-07-04
1175,Jessica Brown,cust1175_grimesjoshua@hotmail.com,Rebeccahaven,Greenland,2025-03-19
1176,Russell Bird,cust1176_smithjennifer@yahoo.com,New Troy,Nauru,2023-01-29
1177,Derek Osborn,cust1177_kcastro@yahoo.com,Williamsville,Nauru,2024-06-25
1178,Maria Garcia,cust1178_wilsonkathryn@yahoo.com,Ochoaton,Guatemala,2026-01-03
1179,Jessica Murray,cust1179_bentleylisa@hotmail.com,Caldwelltown,Cuba,2023-09-11
1180,Allison Bautista,cust1180_carterrobert@gmail.com,Atkinsonview,Guinea-Bissau,2025-07-20
1181,Hailey Beltran,cust1181_joshuabowers@yahoo.com,Lyonsview,Seychelles,2025-01-24
1182,Christine Townsend,cust1182_joy52@yahoo.com,West Michaelside,Saint Vincent and the Grenadines,2024-06-20
1183,Tracy Stewart,cust1183_craig16@yahoo.com,Fowlerfurt,Cook Islands,2026-04-12
1184,Michael Bell,cust1184_whuang@gmail.com,West Allen,Comoros,2025-02-19
1185,Susan Graves,cust1185_katherine82@yahoo.com,East Clarencefurt,Timor-Leste,2025-01-30
1186,Mike Patel,cust1186_yanderson@gmail.com,Christinaland,Gibraltar,2023-08-10
1187,Mrs. Amanda Kelley DDS,cust1187_anthony33@gmail.com,South Deborah,Cuba,2024-04-23
1188,Edward Oconnell,cust1188_amassey@hotmail.com,South Jacob,Maldives,2025-08-23
1189,Lori Oneal,cust1189_tfrancis@yahoo.com,Ryanstad,United Arab Emirates,2023-02-21
1190,Cynthia Fernandez,cust1190_rubiodennis@hotmail.com,Port Amanda,Brunei Darussalam,2026-06-22
1191,Thomas Duke,cust1191_gnichols@hotmail.com,Lake Michael,Reunion,2026-02-23
1192,Kristen Galloway,cust1192_dadams@yahoo.com,Crawfordchester,Bahrain,2024-11-02
1193,Carolyn Castro,cust1193_huangthomas@hotmail.com,North Evelyn,Bahrain,2026-06-03
1194,Desiree King,cust1194_reevestravis@hotmail.com,South Jason,Korea,2024-03-29
1195,Michael Torres,cust1195_ashleyliu@yahoo.com,Port Amber,Pitcairn Islands,2023-05-10
1196,Shari Arellano,cust1196_josephmichael@gmail.com,New Brycechester,Saint Lucia,2025-08-08
1197,Cory Petty,cust1197_maryjohnson@yahoo.com,West Christopherfurt,Montserrat,2024-09-10
1198,Melissa Ballard,cust1198_ihorton@yahoo.com,North Larry,Christmas Island,2025-04-16
1199,Sherry Porter,cust1199_jorgegonzalez@yahoo.com,West Shannonville,Malta,2023-08-27
1200,Shawn Brown,cust1200_flemingcody@gmail.com,North Markport,Antarctica (the territory South of 60 deg S),2023-10-14
1201,Laura Brooks,cust1201_sosajacob@hotmail.com,Whiteborough,Guatemala,2023-04-03
1202,Michael Moore,cust1202_audrey72@hotmail.com,Port Lori,Antarctica (the territory South of 60 deg S),2023-03-18
1203,Taylor Beasley,cust1203_aguirrelarry@yahoo.com,West Feliciashire,Maldives,2024-09-15
1204,Brett Lee,cust1204_wendymora@yahoo.com,Bowersville,Paraguay,2025-10-05
1205,Gina Diaz,cust1205_susanhenry@yahoo.com,West Brianfort,Sudan,2023-08-26
1206,Mary Webster,cust1206_abbottchristopher@hotmail.com,Rhondashire,Morocco,2023-07-19
1207,Kelly Sherman,cust1207_justintaylor@gmail.com,Sherylchester,Iraq,2024-04-25
1208,Bradley Johnson,cust1208_morristimothy@yahoo.com,Tylerport,Sierra Leone,2026-01-05
1209,Amy Guerra,cust1209_staceyparker@hotmail.com,Lake Lee,Australia,2023-10-05
1210,Amber Turner,cust1210_michaelmedina@hotmail.com,Rodgershaven,Thailand,2025-03-06
1211,Jacob Lyons,cust1211_coreydodson@gmail.com,Charlesborough,Lithuania,2025-07-18
1212,Martin Smith,cust1212_sharris@gmail.com,Adambury,Palestinian Territory,2025-01-29
1213,Sandra Joyce,cust1213_xserrano@yahoo.com,East Donaldbury,Nigeria,2026-01-11
1214,Sonia Henderson,cust1214_jamie46@hotmail.com,South Madisonfurt,Fiji,2025-05-08
1215,Chelsey Maxwell,cust1215_carol60@hotmail.com,Andersonbury,Barbados,2026-04-17
1216,Ashley Barrera,cust1216_ijones@yahoo.com,Lake Jonathan,Pitcairn Islands,2023-11-13
1217,Melissa Mitchell,cust1217_justin94@gmail.com,South Mackenzieborough,Zambia,2025-04-29
1218,Ryan Gonzalez,cust1218_harrisondaniel@gmail.com,Port Paulland,Serbia,2023-07-22
1219,Andrea Graham,cust1219_samuel27@hotmail.com,Lake Sarahborough,Seychelles,2025-09-29
1220,Evan Carroll,cust1220_matthewclements@gmail.com,Steventon,India,2026-06-14
1221,Travis Wagner,cust1221_jacklee@hotmail.com,Johnsonmouth,Bangladesh,2025-04-15
1222,Lindsay Roberts,cust1222_douglasbrandt@gmail.com,Lake Cameronhaven,Martinique,2024-07-26
1223,Nathan Ramsey,cust1223_mitchell21@hotmail.com,North Patrick,Mongolia,2023-03-09
1224,James Bradley,cust1224_kathleenjohnson@hotmail.com,North Deborahfort,Vietnam,2025-01-28
1225,Jasmin Jennings,cust1225_vcole@gmail.com,Salazarstad,North Macedonia,2024-03-20
1226,Thomas Hernandez,cust1226_jeffrey42@yahoo.com,Nicolestad,Saint Vincent and the Grenadines,2025-06-27
1227,Robert Thomas,cust1227_ijenkins@gmail.com,Martinezstad,Cote d'Ivoire,2025-06-29
1228,Jennifer Butler,cust1228_ywallace@yahoo.com,Matthewfurt,Burkina Faso,2024-04-28
1229,Christine Robinson,cust1229_ashleygould@hotmail.com,Rachelside,Tokelau,2025-01-12
1230,Jennifer Schneider,cust1230_philipharrison@hotmail.com,Evanschester,Austria,2023-07-23
1231,George Wu,cust1231_bgiles@gmail.com,Johnsonborough,Hungary,2025-01-22
1232,Carrie Terrell,cust1232_danielleandrews@gmail.com,South Leslie,Ecuador,2026-01-20
1233,Bianca Velazquez,cust1233_cheryl98@hotmail.com,Lake Coltonland,Belize,2025-01-04
1234,Thomas Booth,cust1234_melissa55@gmail.com,East Kyle,Bahrain,2023-05-05
1235,Terry Silva,cust1235_talvarez@gmail.com,Kevinside,Cayman Islands,2025-03-26
1236,Brittany Perry,cust1236_jmoore@hotmail.com,Gravesview,Portugal,2024-07-19
1237,Danielle Wilson,cust1237_reginadavis@gmail.com,South Thomas,Lesotho,2024-01-24
1238,Alejandro Watts,cust1238_sarah99@gmail.com,Shannonfort,Yemen,2023-09-08
1239,Hailey Morgan,cust1239_tannercasey@gmail.com,Ericaberg,Bouvet Island (Bouvetoya),2025-07-20
1240,Rachel Caldwell DVM,cust1240_kelly15@hotmail.com,Smithshire,Israel,2023-07-07
1241,Holly King DDS,cust1241_burnsrebecca@gmail.com,Lake Kristopher,Kiribati,2024-03-10
1242,Gail Nelson DVM,cust1242_vhopkins@hotmail.com,East Monicatown,Saint Pierre and Miquelon,2026-05-07
1243,Elizabeth Gonzalez,cust1243_cjames@hotmail.com,Heidimouth,Haiti,2023-02-13
1244,Sarah Mueller,cust1244_izimmerman@yahoo.com,Andreafort,Finland,2023-04-14
1245,Thomas Sellers,cust1245_trujillorobin@hotmail.com,North Lisaville,Ecuador,2024-11-14
1246,James Moore,cust1246_kimberlyshields@gmail.com,Lake Lindsayland,Cape Verde,2024-05-13
1247,Tracie Costa,cust1247_kristi19@gmail.com,Lake Dominicland,Colombia,2023-09-15
1248,Trevor Smith,cust1248_jasonlove@yahoo.com,Colleenborough,Lebanon,2026-03-02
1249,Michelle Simpson,cust1249_taylordennis@hotmail.com,South Jacksontown,Belgium,2024-02-25
1250,Craig Thomas,cust1250_hollywarner@gmail.com,East Melinda,Saudi Arabia,2023-05-21
1251,Carla Reid DDS,cust1251_shunter@gmail.com,Kingstad,Saint Pierre and Miquelon,2026-02-09
1252,Adam Zamora,cust1252_juan21@gmail.com,South Maxton,Niger,2024-02-29
1253,Jessica Craig,cust1253_vsmith@hotmail.com,West Briannastad,Qatar,2026-04-15
1254,Megan Jones,cust1254_jessica57@yahoo.com,Woodport,Serbia,2024-03-18
1255,Joshua Mcgee II,cust1255_bradgomez@yahoo.com,Nguyenfurt,Kyrgyz Republic,2024-04-22
1256,Julie Hernandez,cust1256_bbarnes@gmail.com,Patrickberg,Iran,2024-11-03
1257,Jeffrey Roth,cust1257_edwardshah@gmail.com,North Peterberg,Faroe Islands,2023-10-30
1258,Alex Myers,cust1258_maria84@gmail.com,South Catherine,Luxembourg,2026-05-05
1259,Travis Moore,cust1259_gomezdaniel@yahoo.com,Franklinberg,Dominica,2023-01-06
1260,Kathleen Robinson,cust1260_tsmith@hotmail.com,West Crystal,Poland,2024-07-21
1261,Lisa George,cust1261_matthew52@yahoo.com,Brownmouth,Heard Island and McDonald Islands,2023-10-24
1262,Daniel Nguyen,cust1262_reneeorr@hotmail.com,Buchananside,Guam,2023-09-24
1263,Erin Lee,cust1263_tammyharrington@hotmail.com,Lake Brittany,Dominica,2026-01-11
1264,Danielle Elliott,cust1264_edwardsnicole@yahoo.com,New Marc,Marshall Islands,2024-05-28
1265,Lance Macdonald DVM,cust1265_carl63@yahoo.com,West Melanie,Bahamas,2023-12-24
1266,Daniel Smith,cust1266_mallory78@gmail.com,Suefort,Germany,2023-08-14
1267,Kimberly Holloway,cust1267_susanharper@gmail.com,Jessicaborough,Malta,2023-02-22
1268,Diane Gibbs,cust1268_ahaynes@yahoo.com,Jamesport,Anguilla,2023-09-27
1269,Mathew Fisher,cust1269_steven27@hotmail.com,Petersmouth,Senegal,2023-01-31
1270,Timothy Bryant,cust1270_jasminechavez@gmail.com,West Stephanie,British Virgin Islands,2025-01-03
1271,Gabriel Woods,cust1271_lesliele@hotmail.com,Lake Ryanmouth,Indonesia,2024-05-02
1272,Louis Hodges,cust1272_mario90@hotmail.com,Lake Jenniferberg,Luxembourg,2026-04-20
1273,Barry Hernandez,cust1273_shelbyyoung@yahoo.com,Matthewchester,Guam,2024-10-25
1274,Katherine Gardner,cust1274_zmay@hotmail.com,New Mackenzie,Suriname,2023-02-02
1275,Christopher Farmer,cust1275_jeremy08@gmail.com,Lake Meganbury,Lesotho,2023-12-23
1276,Daniel Hall,cust1276_stephanietaylor@yahoo.com,Paulfurt,Andorra,2024-06-27
1277,Donna Johnson,cust1277_cpierce@gmail.com,East Jeromefort,Albania,2023-04-18
1278,Bobby Keith,cust1278_randyhernandez@gmail.com,Josephstad,Malawi,2023-09-17
1279,Ruben Webster,cust1279_matthew54@yahoo.com,Lake Justintown,Kiribati,2025-05-12
1280,Marisa Hunt,cust1280_hharris@gmail.com,Ballardborough,Cook Islands,2025-12-13
1281,Nancy Evans,cust1281_oliviameyers@yahoo.com,Brownbury,Montenegro,2023-08-21
1282,Sarah Robinson,cust1282_collinsjavier@gmail.com,Jamiefurt,Saint Helena,2023-05-11
1283,William Guzman,cust1283_samanthacastillo@hotmail.com,Laurabury,Belarus,2025-09-02
1284,Stacey Farrell,cust1284_vincentstacey@gmail.com,Seanshire,Cayman Islands,2025-07-07
1285,Jacob Brewer,cust1285_xharmon@gmail.com,Roberttown,French Southern Territories,2025-01-11
1286,Stephanie Turner,cust1286_stephen31@hotmail.com,South Gregville,Benin,2025-11-17
1287,Jordan Tanner,cust1287_joseph97@gmail.com,East Cameron,Philippines,2026-04-30
1288,Andrew Reynolds,cust1288_agutierrez@hotmail.com,Lake Bryanview,Russian Federation,2023-08-12
1289,John Pham,cust1289_lambertsylvia@gmail.com,Lake Shane,Afghanistan,2025-07-14
1290,Amanda Hart DVM,cust1290_tconner@hotmail.com,West Michaelstad,Korea,2025-10-28
1291,Kimberly Brooks,cust1291_jessica82@yahoo.com,Richardshire,Iran,2024-03-29
1292,William Saunders,cust1292_lisawalton@yahoo.com,Wardchester,Benin,2026-06-13
1293,Stacey Cook,cust1293_debbie78@hotmail.com,North Matthew,Uruguay,2023-03-30
1294,Lori George,cust1294_melissaberry@gmail.com,Millerchester,Turkmenistan,2025-12-03
1295,Jonathan Williams,cust1295_johnstonjonathan@hotmail.com,Lake Jeremy,Russian Federation,2024-09-09
1296,Katherine Nguyen,cust1296_amy68@hotmail.com,Robinsonstad,San Marino,2025-07-27
1297,Paul Rodriguez,cust1297_smoore@gmail.com,Port Tanyaville,Lithuania,2023-03-05
1298,Benjamin Clements,cust1298_katelynturner@gmail.com,Port Jamestown,Antarctica (the territory South of 60 deg S),2023-05-05
1299,Daniel Carey,cust1299_jonesshaun@gmail.com,Duffyfurt,Algeria,2025-09-07
1300,Elizabeth Hughes,cust1300_kevinharvey@yahoo.com,Lake Traviston,Luxembourg,2025-04-02
1301,Andre Haynes,cust1301_xmullins@gmail.com,Barkerstad,Yemen,2025-05-23
1302,Katherine Johnson,cust1302_esteskatherine@gmail.com,Kingland,Belize,2023-08-10
1303,Ronald Welch,cust1303_gibsonkaitlyn@gmail.com,Johnsonport,Micronesia,2025-10-01
1304,Sarah Robinson,cust1304_rdavis@gmail.com,New Seanhaven,Cocos (Keeling) Islands,2025-06-27
1305,Michael Price,cust1305_kingdavid@hotmail.com,Thompsonmouth,French Polynesia,2023-05-31
1306,Amanda Burke,cust1306_jrodriguez@gmail.com,South Todd,Albania,2023-06-15
1307,Patrick Valdez,cust1307_kelseywilliams@gmail.com,West Michelle,Myanmar,2024-10-21
1308,Crystal Wallace,cust1308_garciadonald@hotmail.com,South Tylerchester,Angola,2026-05-30
1309,Stephanie Richardson,cust1309_barnesarthur@yahoo.com,Jonesland,Estonia,2023-10-31
1310,Mary Wells,cust1310_rebeccahutchinson@gmail.com,East Christopherburgh,Papua New Guinea,2023-05-15
1311,Matthew Gardner,cust1311_timothy29@yahoo.com,New Bernardborough,Cameroon,2023-09-16
1312,Paul Myers,cust1312_brian01@hotmail.com,Brendatown,Gabon,2024-07-17
1313,Breanna Mccall,cust1313_msolis@hotmail.com,Mendozaborough,Bolivia,2026-04-13
1314,Juan Sims,cust1314_thomasdavid@hotmail.com,Port Kathleen,Lesotho,2026-01-28
1315,Victoria Knight,cust1315_courtneygutierrez@hotmail.com,Sharonview,Ireland,2024-10-27
1316,Jeffrey Harrell,cust1316_qjohnson@hotmail.com,Peterbury,San Marino,2025-02-19
1317,Karen Avery,cust1317_wlucas@hotmail.com,East Carol,France,2026-05-08
1318,Benjamin Greene MD,cust1318_bushkimberly@hotmail.com,West Joshuaview,Kyrgyz Republic,2025-12-22
1319,Victoria Peterson,cust1319_samantha78@yahoo.com,Toddshire,Puerto Rico,2024-08-26
1320,Melanie Greene,cust1320_taylordavis@yahoo.com,Amandaland,El Salvador,2025-07-18
1321,Taylor Baxter,cust1321_lawrencebullock@gmail.com,West Teresa,Congo,2025-11-01
1322,Kelly Jenkins,cust1322_carla39@gmail.com,Jamesstad,Rwanda,2026-05-24
1323,Erica Yates,cust1323_davidsharp@yahoo.com,East Carly,North Macedonia,2025-05-31
1324,Catherine Holland,cust1324_zbrooks@yahoo.com,Sarahmouth,Mauritania,2023-07-23
1325,David Jones,cust1325_levylisa@yahoo.com,North Jacobview,Vanuatu,2023-08-23
1326,Timothy Pierce PhD,cust1326_dgonzalez@yahoo.com,Larsonfort,Jordan,2026-02-03
1327,Bryan White,cust1327_kathleen00@gmail.com,Danielside,Ethiopia,2024-03-16
1328,Brendan Paul,cust1328_qharris@hotmail.com,North Danielview,Finland,2025-05-30
1329,David Montgomery,cust1329_sarah53@gmail.com,New Breannabury,Chile,2025-07-13
1330,Samantha Harris,cust1330_bestchristopher@hotmail.com,Lisaville,Bhutan,2024-04-12
1331,Jason Allen,cust1331_patricialowery@yahoo.com,North Johnport,Jordan,2025-04-27
1332,Linda Hughes,cust1332_jesseboone@yahoo.com,Ramosfurt,Thailand,2024-11-25
1333,Jamie Weaver,cust1333_jamie76@hotmail.com,Marcfort,Madagascar,2025-07-17
1334,Sara Obrien,cust1334_drew19@hotmail.com,Jacksonfurt,Cote d'Ivoire,2025-03-27
1335,Harry Hill,cust1335_rachel69@yahoo.com,Lake Savannahbury,Oman,2025-05-01
1336,Jodi Mcbride,cust1336_xarmstrong@yahoo.com,South Samuelmouth,United States of America,2023-07-14
1337,Jeffrey Bailey,cust1337_michael47@gmail.com,East Melissa,Oman,2024-10-02
1338,Kiara Gonzalez,cust1338_wernermichael@gmail.com,Lake Ruthland,Nicaragua,2025-05-24
1339,Amber Miller,cust1339_shawn42@yahoo.com,Monicaburgh,Denmark,2024-10-02
1340,Christopher Jones,cust1340_oliverashley@hotmail.com,West Amy,Western Sahara,2024-06-06
1341,Christopher Smith,cust1341_carriejones@gmail.com,Lisaburgh,Martinique,2025-02-05
1342,Joel Hodges,cust1342_ericfrederick@gmail.com,West Melissaview,Malaysia,2023-11-09
1343,Kathryn Jacobson,cust1343_dtaylor@yahoo.com,Port David,Tokelau,2025-08-29
1344,Holly Logan,cust1344_lsanchez@hotmail.com,Lake Johnton,Bangladesh,2023-05-18
1345,Mrs. Donna Rice,cust1345_zbyrd@hotmail.com,Onealmouth,Oman,2023-07-06
1346,Heather Jacobs,cust1346_hwalton@yahoo.com,New Michaela,Brunei Darussalam,2023-06-24
1347,Christine Greene,cust1347_meagan19@yahoo.com,Bennettstad,Anguilla,2023-07-10
1348,Craig Smith,cust1348_whampton@gmail.com,Grimesberg,Pakistan,2025-06-03
1349,Jennifer Thomas,cust1349_rebeccaking@yahoo.com,Marquezstad,Turkmenistan,2023-07-17
1350,Carlos Moyer,cust1350_stacieprince@gmail.com,Nathanielstad,Lao People's Democratic Republic,2025-02-02
1351,Stacy Wiggins,cust1351_georgemichael@hotmail.com,Williamsfort,Bangladesh,2023-09-24
1352,Corey Weeks,cust1352_alexgarcia@hotmail.com,Brianhaven,Cuba,2026-02-13
1353,Jacqueline West,cust1353_lauren75@hotmail.com,Justinton,Spain,2023-05-03
1354,Barbara Gonzales,cust1354_ghamilton@gmail.com,East Sarahfurt,Greenland,2026-04-16
1355,Jessica Sharp,cust1355_douglas31@hotmail.com,Hillbury,Armenia,2026-02-24
1356,Adam Anderson,cust1356_ahudson@gmail.com,Payneview,United States Virgin Islands,2026-02-24
1357,William Martin,cust1357_bakertimothy@gmail.com,South Rose,Chad,2024-11-06
1358,Katherine Miller,cust1358_vcain@hotmail.com,Melissaview,Morocco,2023-09-08
1359,Stacy Olsen,cust1359_crystal58@gmail.com,Lindabury,Czech Republic,2025-04-21
1360,Jessica Nelson,cust1360_victor60@hotmail.com,Laurieview,Botswana,2024-12-25
1361,Kristen Richard,cust1361_nicolewright@gmail.com,Lake Amystad,Isle of Man,2025-05-16
1362,Jennifer Rivera,cust1362_sanchezcindy@hotmail.com,Port Leeton,Jordan,2023-04-16
1363,Jeffrey Perry,cust1363_cookmitchell@yahoo.com,South Natasha,Liechtenstein,2024-08-12
1364,Jennifer Lewis,cust1364_satkinson@gmail.com,West Erik,Greece,2026-05-14
1365,Sarah Garcia,cust1365_hoganalan@hotmail.com,Vasquezland,Vietnam,2024-10-01
1366,Rhonda Wong,cust1366_smithgregory@gmail.com,Tonyastad,Philippines,2024-12-21
1367,Samantha Howard,cust1367_williamspatricia@yahoo.com,North Wendyland,Armenia,2023-08-01
1368,Samantha Lee,cust1368_pennyholloway@yahoo.com,West Brittneyhaven,Barbados,2026-03-29
1369,Diane Brown,cust1369_eric81@yahoo.com,Lake Justin,India,2025-11-05
1370,Mary Neal,cust1370_ghoward@yahoo.com,Desireefurt,Italy,2024-03-11
1371,Cynthia Rollins,cust1371_elizabeth33@yahoo.com,Lake Eric,Belgium,2023-11-13
1372,Shaun Hernandez,cust1372_umartinez@gmail.com,Kayleemouth,Mozambique,2025-09-14
1373,John Ortiz,cust1373_sharon37@hotmail.com,West Ericborough,Guatemala,2024-04-04
1374,Andre Farrell,cust1374_perry77@hotmail.com,Bowersmouth,Korea,2023-08-10
1375,Gabriel Levy,cust1375_wbarrett@hotmail.com,North Misty,Chad,2024-12-18
1376,Jennifer Tucker,cust1376_eddie23@hotmail.com,Kruegerborough,Saint Helena,2026-02-13
1377,Andrew Smith,cust1377_jennifer95@yahoo.com,North Timothyhaven,Cook Islands,2025-01-22
1378,Gary Hopkins,cust1378_alyssa89@hotmail.com,South Kayla,Saint Martin,2023-08-24
1379,Jordan Ball,cust1379_amber70@yahoo.com,Andrewshire,Niue,2024-07-24
1380,Amy Gallegos,cust1380_mhickman@hotmail.com,West Mary,Czech Republic,2026-03-21
1381,Eric Pearson,cust1381_montoyaelizabeth@hotmail.com,Ralphtown,Marshall Islands,2024-04-08
1382,Daniel Underwood,cust1382_randyjordan@gmail.com,Amandaside,Wallis and Futuna,2025-05-28
1383,Jonathan Cisneros,cust1383_kayla07@hotmail.com,New Donna,France,2026-02-22
1384,Sarah Frost,cust1384_vcastro@gmail.com,North Gina,Belgium,2026-06-27
1385,David Castillo,cust1385_andersonkara@yahoo.com,Lake Kelly,Equatorial Guinea,2026-06-10
1386,Taylor Harris,cust1386_michaelhubbard@yahoo.com,Whitneyside,Northern Mariana Islands,2026-02-14
1387,William Marks,cust1387_mckaycameron@yahoo.com,North Kathy,Guadeloupe,2023-02-23
1388,Ralph Chan,cust1388_edixon@hotmail.com,Kristenstad,Solomon Islands,2026-06-01
1389,Christopher Drake,cust1389_jessica91@gmail.com,East Matthew,Mali,2024-07-01
1390,Kimberly Mendoza,cust1390_anthony66@gmail.com,Lewisborough,Niger,2023-03-01
1391,Patricia Adkins,cust1391_cherryjulie@hotmail.com,Grantmouth,Iceland,2024-01-05
1392,Jacob Yoder,cust1392_chavezadam@yahoo.com,Lake Sarahmouth,Israel,2024-07-13
1393,Adrienne Edwards,cust1393_gmiller@hotmail.com,New Derekfort,Micronesia,2024-09-24
1394,Molly Peterson DDS,cust1394_hartmandanielle@gmail.com,Amandachester,French Polynesia,2024-11-26
1395,Brian Crosby,cust1395_heathercabrera@gmail.com,Matthewchester,Belarus,2024-12-19
1396,Helen Jimenez,cust1396_richard04@yahoo.com,Lake Christopher,Burundi,2023-01-13
1397,Lindsey York,cust1397_daniel45@yahoo.com,East Barbarashire,South Georgia and the South Sandwich Islands,2024-01-07
1398,Anthony Collins,cust1398_cainana@hotmail.com,Rebeccaport,Bolivia,2023-10-21
1399,Nicole Williams,cust1399_vdavis@yahoo.com,East Caseyshire,Albania,2026-03-05
1400,John Harrison,cust1400_richard14@gmail.com,North Matthew,Colombia,2025-03-31
1401,Laura Delacruz,cust1401_ruizjessica@gmail.com,Lake Susan,Tonga,2023-05-23
1402,Cynthia Russell,cust1402_barbara37@hotmail.com,North Russell,New Zealand,2023-10-18
1403,Cheryl Rose,cust1403_derek96@hotmail.com,Josephville,Romania,2023-03-04
1404,Matthew Jimenez,cust1404_sullivanjames@yahoo.com,New Jack,Norway,2023-07-07
1405,Tracy Wright,cust1405_halljohn@gmail.com,Lake Ralphborough,Falkland Islands (Malvinas),2025-12-22
1406,Laura Pearson,cust1406_greeralexander@gmail.com,Jamieberg,Cameroon,2024-03-16
1407,Rachel Melton,cust1407_tiffany68@hotmail.com,Scottborough,Togo,2025-02-09
1408,Christine Gomez,cust1408_tracyavery@yahoo.com,West Aaronmouth,Cayman Islands,2025-05-09
1409,Stephen Brown,cust1409_nwarren@yahoo.com,West Donaldview,Christmas Island,2025-07-18
1410,Adam Floyd,cust1410_willismichael@hotmail.com,South James,Tonga,2024-11-29
1411,John Myers,cust1411_timothykim@gmail.com,Port Jimmyfort,Hungary,2023-11-19
1412,Travis Hicks,cust1412_danielgriffith@hotmail.com,Hannahview,Tokelau,2025-01-27
1413,Rebecca Francis,cust1413_brownsusan@gmail.com,West Johnny,Ecuador,2024-09-30
1414,Mary Hawkins,cust1414_courtneymadden@gmail.com,North Mark,Portugal,2024-10-26
1415,Jennifer Peterson,cust1415_glee@hotmail.com,Jenniferchester,El Salvador,2026-03-08
1416,Denise Gonzalez,cust1416_msantiago@hotmail.com,Codyfort,Nigeria,2026-05-06
1417,David Williams,cust1417_michael38@yahoo.com,Perezside,Andorra,2023-06-23
1418,Ashley Huang,cust1418_robertwilliams@yahoo.com,Nicholsland,Bosnia and Herzegovina,2023-04-18
1419,Vanessa Alexander,cust1419_jeffreylewis@yahoo.com,North Jonathanshire,Ireland,2023-11-15
1420,Douglas Chapman,cust1420_forozco@yahoo.com,New David,Sri Lanka,2023-11-19
1421,Kyle Francis,cust1421_bradleybarker@hotmail.com,Lake Katherine,Saint Lucia,2026-06-19
1422,Ryan Montoya,cust1422_lauraclay@gmail.com,New Brandishire,Fiji,2023-04-12
1423,Michael Michael,cust1423_khawkins@gmail.com,Lake Ashleyview,Congo,2023-06-17
1424,Christopher Mclaughlin,cust1424_jamesclark@gmail.com,Stevenmouth,Czech Republic,2024-07-11
1425,Amanda Swanson,cust1425_michaelsherman@yahoo.com,Mooreland,Syrian Arab Republic,2025-06-26
1426,Kara Smith,cust1426_austin26@gmail.com,Port Ericland,Cape Verde,2025-05-18
1427,Jeffrey Lyons,cust1427_josephmeyer@hotmail.com,Oliviaburgh,Switzerland,2025-09-21
1428,Kim Bradley DVM,cust1428_yjackson@yahoo.com,Leslieborough,Vanuatu,2026-05-28
1429,Patricia Smith,cust1429_xphillips@hotmail.com,Hoshire,Brazil,2025-06-24
1430,Beth Brown,cust1430_castroralph@hotmail.com,North April,Mauritania,2025-04-28
1431,Rebecca Allen,cust1431_romerocatherine@gmail.com,New Andrea,Guadeloupe,2024-07-13
1432,Anna Green,cust1432_mariawilliams@yahoo.com,East Leah,Cyprus,2024-03-17
1433,Ann Hernandez,cust1433_ujones@hotmail.com,Lake Kathleenmouth,Chad,2025-11-15
1434,Wendy Morgan,cust1434_cannonkimberly@hotmail.com,Port Lisatown,Belize,2023-08-22
1435,Peter Morton,cust1435_millerjames@gmail.com,Bowersside,Oman,2024-12-07
1436,Richard Goodman,cust1436_ballvanessa@yahoo.com,Chambershaven,Oman,2025-05-30
1437,Edgar Moore,cust1437_carolineray@yahoo.com,Travisland,Canada,2023-08-16
1438,Phillip Mason,cust1438_edwardstaylor@hotmail.com,Mcdonaldton,Netherlands Antilles,2024-08-03
1439,Matthew Blackwell,cust1439_vreed@gmail.com,Jenniferview,Marshall Islands,2026-04-29
1440,James Martinez,cust1440_rhernandez@hotmail.com,West Mike,Australia,2025-09-23
1441,Roberto Glover,cust1441_jblair@hotmail.com,Lake Terrychester,Cote d'Ivoire,2025-12-15
1442,Lance Mendez,cust1442_ymontgomery@gmail.com,East Caleb,Ethiopia,2024-09-23
1443,Tanya Grimes,cust1443_mary18@hotmail.com,West Connieview,Togo,2023-04-04
1444,Kimberly Wells,cust1444_zacharygray@gmail.com,South Josephberg,Peru,2024-03-27
1445,Michael Montgomery,cust1445_jessica89@hotmail.com,Rickeyburgh,Angola,2025-03-20
1446,Jason Love,cust1446_jennifer86@gmail.com,West Susanview,Belize,2026-05-12
1447,Andrew Price,cust1447_wmoore@yahoo.com,Michelleton,Colombia,2023-04-23
1448,Daryl Lowe,cust1448_amy24@gmail.com,Lake Christopherfurt,Gambia,2023-01-16
1449,Douglas Roberts,cust1449_ingramjessica@yahoo.com,New Heidi,Maldives,2024-02-23
1450,William Rivera,cust1450_stevendecker@gmail.com,Benjaminton,Timor-Leste,2024-09-09
1451,Daniel Robinson,cust1451_james84@hotmail.com,Nicoleville,Indonesia,2024-03-08
1452,Renee Shaffer,cust1452_daviscarol@hotmail.com,Griffithville,Mayotte,2023-10-09
1453,William Allen,cust1453_mccoyjames@gmail.com,South Dawn,Czech Republic,2024-06-07
1454,Jason Johnson,cust1454_hubersamantha@hotmail.com,Changmouth,Iceland,2024-08-15
1455,Tyler Garrison,cust1455_smithjack@gmail.com,New Danielchester,Bouvet Island (Bouvetoya),2024-11-02
1456,Sara Warren,cust1456_sancheznicholas@yahoo.com,Bakerport,Swaziland,2023-09-03
1457,Barbara Hardy,cust1457_nrangel@hotmail.com,South Micheal,Somalia,2023-01-16
1458,Stephen Jones,cust1458_stokesmonica@hotmail.com,Danielport,Czech Republic,2025-10-15
1459,Joseph Cooper,cust1459_williskatherine@yahoo.com,East Lisa,Cayman Islands,2025-05-31
1460,Lisa Wagner,cust1460_allenjoshua@yahoo.com,Jonesview,Vietnam,2023-12-26
1461,Paul Cross,cust1461_aprilrussell@hotmail.com,Port Michaeltown,Slovakia (Slovak Republic),2023-09-22
1462,Cynthia Walls,cust1462_ygraham@hotmail.com,New Heatherville,San Marino,2025-02-17
1463,Richard Smith,cust1463_acevedonancy@gmail.com,West Peter,Turks and Caicos Islands,2025-12-26
1464,Sabrina Farmer,cust1464_dmoore@gmail.com,Shelbyborough,Bolivia,2024-04-16
1465,Patricia King,cust1465_michael68@hotmail.com,South Ashley,Libyan Arab Jamahiriya,2025-10-21
1466,Karina Hines,cust1466_christineriggs@yahoo.com,Karaton,Brazil,2026-02-18
1467,Steven Smith,cust1467_vdeleon@yahoo.com,South Michelle,United States Minor Outlying Islands,2024-12-26
1468,Stephanie Taylor,cust1468_lewisdeanna@hotmail.com,North Curtisstad,Korea,2023-05-28
1469,Alicia Short,cust1469_victoria91@yahoo.com,Audreytown,Rwanda,2025-03-24
1470,Wendy Aguilar MD,cust1470_kwang@yahoo.com,Mariamouth,Benin,2023-03-28
1471,Elizabeth Nichols,cust1471_beth93@gmail.com,Annetteport,Angola,2025-06-12
1472,Stacy Hudson,cust1472_stephaniezamora@gmail.com,Port Kimberly,Svalbard & Jan Mayen Islands,2023-02-08
1473,Richard Parsons,cust1473_jpowell@gmail.com,Deantown,Moldova,2025-07-30
1474,James Wilson,cust1474_bcompton@hotmail.com,Thompsonborough,Georgia,2023-06-09
1475,Wendy Perez,cust1475_markbates@yahoo.com,New Dillon,Ukraine,2024-10-03
1476,Alicia Cardenas,cust1476_maria56@hotmail.com,East Rachelshire,New Zealand,2026-03-25
1477,Allen Ballard,cust1477_richardhines@hotmail.com,South Donna,Bermuda,2025-05-29
1478,Janet Gray,cust1478_nmccoy@gmail.com,Stokesville,Peru,2026-03-20
1479,Sonya Miranda,cust1479_ashley14@gmail.com,Raymondberg,Dominican Republic,2025-04-08
1480,Patricia Atkinson,cust1480_connie00@gmail.com,Goodwintown,Albania,2025-05-05
1481,Kayla Burke,cust1481_dbrown@gmail.com,Gordonland,Belgium,2024-08-15
1482,Robin Rogers,cust1482_williamscarl@hotmail.com,New Deborahland,French Polynesia,2023-08-24
1483,Angel Rojas,cust1483_chavezkim@hotmail.com,Port Brandi,Kenya,2025-04-09
1484,Lori Williams,cust1484_jeffrey44@gmail.com,Alexanderport,India,2023-02-12
1485,Miguel Cole,cust1485_jessicahines@yahoo.com,New Derrick,Andorra,2024-10-27
1486,Anna Brennan,cust1486_dlivingston@gmail.com,Port Kimberlytown,Indonesia,2023-12-18
1487,Megan Baker,cust1487_jameschavez@gmail.com,West Michael,Venezuela,2026-06-19
1488,Gregory Woodward,cust1488_mcdonaldsara@yahoo.com,East Melissaburgh,Philippines,2025-07-31
1489,Larry Smith,cust1489_robinsonrobert@hotmail.com,Davidfort,Mayotte,2025-01-11
1490,Haley Martinez,cust1490_sethvance@hotmail.com,Kurtshire,Australia,2023-06-30
1491,Caroline Riley,cust1491_thomasrandall@hotmail.com,Port Codyview,Finland,2025-06-13
1492,Cynthia Harris MD,cust1492_rossamanda@gmail.com,Figueroafort,Papua New Guinea,2023-08-05
1493,Suzanne Jones,cust1493_daniellehumphrey@hotmail.com,North Courtney,Eritrea,2024-05-13
1494,Valerie Jackson,cust1494_jessica79@yahoo.com,Port Ronald,Sweden,2025-06-11
1495,Rodney Sanchez,cust1495_charlesgregory@hotmail.com,Rickymouth,Denmark,2026-04-21
1496,Joanna Rodgers,cust1496_lfloyd@hotmail.com,Powellville,Korea,2025-03-31
1497,Antonio Valencia,cust1497_zyoung@hotmail.com,Port Laura,Haiti,2025-12-09
1498,Jamie Thomas,cust1498_henrysoto@yahoo.com,North Victoria,Philippines,2023-06-11
1499,Holly Waters,cust1499_rgiles@yahoo.com,Hudsonland,Mali,2025-03-21
1500,Teresa Jones,cust1500_marksanders@yahoo.com,New Brittanyview,Dominica,2024-09-27
1501,Lee Roberts,cust1501_bentondavid@gmail.com,Laurenbury,Panama,2024-11-26
1502,Jessica Ball,cust1502_william42@yahoo.com,Meghanhaven,Micronesia,2024-03-29
1503,Maria Campbell,cust1503_ggarrett@yahoo.com,Lake Dianaland,Guinea-Bissau,2024-11-13
1504,Cynthia Stephens,cust1504_mmyers@hotmail.com,North Sarah,Korea,2023-12-11
1505,Richard Stuart,cust1505_ballelizabeth@yahoo.com,Bishopfort,Hungary,2023-06-06
1506,Shannon Andrews,cust1506_twagner@gmail.com,West Zachary,Congo,2025-11-11
1507,Paul Gibbs MD,cust1507_rossjacob@hotmail.com,West Brett,Ethiopia,2023-08-22
1508,Mary Parrish,cust1508_njames@yahoo.com,Carrolltown,Peru,2025-12-22
1509,Douglas Weaver,cust1509_melissa44@gmail.com,Murrayfurt,Congo,2025-11-10
1510,Ronald Carr,cust1510_daniellewalters@gmail.com,Kristinebury,Tonga,2024-02-02
1511,Kimberly Valenzuela,cust1511_petersonfrank@gmail.com,Jacobmouth,Saint Helena,2024-12-16
1512,Karen Sloan MD,cust1512_tanyajackson@hotmail.com,Port Heather,Guam,2024-12-20
1513,Rachael Wood,cust1513_michelleayers@gmail.com,Woodtown,Zambia,2023-10-30
1514,Kelly Huber,cust1514_alexis57@hotmail.com,Mallorybury,Albania,2024-04-28
1515,Mark Wilson,cust1515_housedaniel@yahoo.com,Martinborough,Mali,2023-07-30
1516,Felicia Young,cust1516_millermichael@yahoo.com,Christopherport,Korea,2023-10-27
1517,Ronald Harris,cust1517_jessicadiaz@gmail.com,Alvarezhaven,Bhutan,2024-06-08
1518,Jeffery York,cust1518_smithchristine@gmail.com,West Stephanieland,Argentina,2024-02-09
1519,Cassandra Reyes,cust1519_hortonalexandra@hotmail.com,New Jessicaberg,Saudi Arabia,2023-12-22
1520,Devon Anderson,cust1520_richard25@hotmail.com,Butlermouth,Tonga,2026-05-18
1521,Katie Sparks,cust1521_rryan@yahoo.com,East Trevor,Guadeloupe,2023-11-10
1522,Victoria Barry,cust1522_amber59@yahoo.com,Lauramouth,Solomon Islands,2023-06-04
1523,Lisa Thompson,cust1523_kevinmendez@gmail.com,Port Heathermouth,Anguilla,2023-12-29
1524,Samuel Khan,cust1524_moorekurt@hotmail.com,New Deborah,Djibouti,2025-10-08
1525,David Day,cust1525_lloydmiranda@gmail.com,North Mario,Liberia,2025-08-08
1526,Damon Schultz,cust1526_evelyncampbell@yahoo.com,Cruzfort,Cambodia,2026-02-28
1527,Dr. William Walker MD,cust1527_sball@hotmail.com,Hernandeztown,Bulgaria,2026-04-01
1528,Jose Rodgers,cust1528_samantharoberts@gmail.com,Port Lisa,Russian Federation,2025-07-08
1529,Rose Mclaughlin,cust1529_marymartinez@hotmail.com,Port Deanna,Niue,2026-03-02
1530,Brandon Bennett,cust1530_mcclureapril@yahoo.com,Tracyborough,Saint Barthelemy,2024-10-23
1531,Haley Patel,cust1531_tpowell@gmail.com,Thompsonburgh,United Arab Emirates,2024-10-09
1532,John Green,cust1532_anna47@gmail.com,Mooreshire,Western Sahara,2023-11-06
1533,Charles Davis,cust1533_qreyes@hotmail.com,Lake Curtis,Austria,2025-06-19
1534,Catherine Gonzales,cust1534_brewergregory@yahoo.com,East Scott,Saint Barthelemy,2023-05-20
1535,Tammy Rios,cust1535_suehowe@yahoo.com,East Eric,Zimbabwe,2025-08-18
1536,Lisa Figueroa,cust1536_stephanieoconnor@yahoo.com,Lake Kevinside,Mexico,2025-06-24
1537,Steven Nguyen,cust1537_jacqueline39@hotmail.com,West Angela,Gambia,2024-09-12
1538,Bryan Hardy,cust1538_fmclaughlin@gmail.com,Port Phillip,Egypt,2024-07-16
1539,Laura Green,cust1539_becky79@hotmail.com,East Patriciashire,Kazakhstan,2026-04-26
1540,Kenneth Alexander,cust1540_brianwright@hotmail.com,Wolffort,Saint Helena,2023-04-26
1541,John Woodard,cust1541_devon88@gmail.com,East Anthony,Peru,2024-12-21
1542,Annette Mcguire,cust1542_udaniel@gmail.com,East Benjamin,Aruba,2025-11-05
1543,Julian Obrien,cust1543_gstone@hotmail.com,Baileyborough,Puerto Rico,2023-06-01
1544,Michele Watson,cust1544_jack86@gmail.com,East Andreport,Dominica,2024-09-27
1545,Maria Briggs,cust1545_daniel15@gmail.com,Port Jessica,United Arab Emirates,2025-08-03
1546,Anna Maxwell,cust1546_kimberlyblair@hotmail.com,Elizabethland,Gabon,2025-07-14
1547,Donald Parrish,cust1547_brianmorrow@gmail.com,Gayland,Cote d'Ivoire,2023-03-19
1548,Kathryn Franklin,cust1548_thomasbrandon@gmail.com,North Jared,British Indian Ocean Territory (Chagos Archipelago),2023-04-27
1549,Tammy Choi,cust1549_qowens@gmail.com,North Catherineland,Brazil,2025-01-25
1550,James Anderson,cust1550_bobbywilliamson@gmail.com,Taylormouth,Panama,2024-08-10
1551,Kendra Kim,cust1551_jamesdean@hotmail.com,North Kelly,Congo,2023-06-07
1552,George Herrera,cust1552_stanleymcdowell@yahoo.com,East Kathyport,Christmas Island,2023-07-04
1553,Duane Clarke,cust1553_igarrett@yahoo.com,New Elizabethberg,Canada,2026-06-13
1554,Jaime Smith,cust1554_jackierichardson@yahoo.com,Francoland,Sudan,2026-05-01
1555,Mary Trujillo,cust1555_jennifercarroll@yahoo.com,Port Heather,Luxembourg,2025-11-04
1556,Paula Perez,cust1556_rwilson@gmail.com,Mcconnellside,Greece,2025-02-26
1557,Jasmine Farmer,cust1557_jasonjohnson@gmail.com,North Donald,Liberia,2025-08-05
1558,Jenny Cox,cust1558_timothygrant@yahoo.com,East Carolton,Kenya,2026-04-03
1559,Tracey Reynolds,cust1559_gutierrezdavid@yahoo.com,West Luisburgh,Sweden,2026-02-09
1560,Lynn Smith,cust1560_antonio01@gmail.com,Rebeccafurt,Zimbabwe,2023-03-26
1561,Thomas Bowman MD,cust1561_cindy57@hotmail.com,Nathanchester,Tajikistan,2025-07-10
1562,David Mendoza,cust1562_taylorlisa@yahoo.com,Smithton,Moldova,2026-03-16
1563,Bryan Bowers,cust1563_williamsanthony@hotmail.com,Spencerville,Korea,2024-01-21
1564,Phillip Davis,cust1564_rodneywilliams@gmail.com,Port Jessicastad,Kiribati,2024-10-20
1565,Kevin Oneill,cust1565_mccannjanet@yahoo.com,East Williamchester,Korea,2026-05-24
1566,Anthony Marquez,cust1566_christopher04@yahoo.com,Travisborough,Spain,2025-09-01
1567,Brian Gonzalez,cust1567_cunninghamhunter@hotmail.com,Seanchester,Nepal,2025-10-23
1568,Allen Martinez,cust1568_cookyvonne@gmail.com,Mooremouth,Uzbekistan,2023-11-05
1569,Jeffrey Long,cust1569_christianrichards@hotmail.com,Port Devon,Timor-Leste,2023-05-07
1570,Andrew Whitney,cust1570_gperry@yahoo.com,Courtneytown,Saudi Arabia,2025-07-11
1571,Bruce Griffin,cust1571_hestrada@yahoo.com,North Kaitlynview,Myanmar,2023-07-31
1572,Randy Arnold,cust1572_audrey53@hotmail.com,West Kristenton,Equatorial Guinea,2024-12-04
1573,Kathryn Morton,cust1573_deborah97@yahoo.com,Fowlerland,Congo,2023-06-22
1574,Jeffrey Martinez,cust1574_jreyes@hotmail.com,Curtisfurt,Zimbabwe,2025-10-30
1575,Daniel Mitchell,cust1575_washingtonashley@gmail.com,Port Grant,Gibraltar,2023-12-20
1576,Daniel Barker,cust1576_brandi19@yahoo.com,North Jenniferview,Chad,2023-03-22
1577,Sarah Sosa,cust1577_anthonymcdonald@hotmail.com,Weissside,Tanzania,2024-05-22
1578,Brandon Brown,cust1578_donnahopkins@hotmail.com,Codyside,Western Sahara,2025-06-15
1579,Angela Wood,cust1579_hlester@gmail.com,Estesside,Macao,2025-06-18
1580,Tracey Reilly,cust1580_ochoamelissa@hotmail.com,Shannonport,Martinique,2025-12-09
1581,Peter Hayes,cust1581_alejandra39@yahoo.com,Samueltown,Mauritius,2025-12-06
1582,Robert Green,cust1582_barnesluke@hotmail.com,Port Meganborough,Hong Kong,2026-06-02
1583,Elizabeth Powell,cust1583_villawilliam@yahoo.com,Laceychester,Monaco,2023-11-22
1584,Brittany Barber,cust1584_qlane@yahoo.com,West Bradleystad,Denmark,2025-01-15
1585,Deanna Tyler,cust1585_brodriguez@gmail.com,Lambury,Christmas Island,2025-02-02
1586,Mr. Robert Tran,cust1586_mathewbennett@gmail.com,Carpenterfurt,Cocos (Keeling) Islands,2024-08-02
1587,Andrew Jacobs,cust1587_smiles@hotmail.com,Reyesbury,Saint Helena,2025-03-04
1588,Logan Johnson,cust1588_jhunt@gmail.com,Smithside,Guadeloupe,2025-04-17
1589,Charles Zavala,cust1589_bethany36@yahoo.com,North Wayne,Montserrat,2024-11-23
1590,Peggy Adams,cust1590_gpatel@gmail.com,South Derrickview,Indonesia,2026-05-09
1591,William Mullins,cust1591_eguzman@yahoo.com,New Marissaland,French Southern Territories,2023-04-18
1592,Zachary Rodriguez,cust1592_michaelcampos@hotmail.com,Port Morgan,Rwanda,2024-11-16
1593,David Alvarez,cust1593_vkline@gmail.com,North Samantha,Gibraltar,2023-05-15
1594,Anna Cook,cust1594_kentmichael@yahoo.com,Tylerview,British Virgin Islands,2024-11-06
1595,Jessica Santos,cust1595_heidihill@hotmail.com,Moralesland,Latvia,2023-07-13
1596,Kari Buck,cust1596_bartondavid@yahoo.com,New Ambertown,Tonga,2026-02-16
1597,Roy Thomas,cust1597_christopher46@hotmail.com,Port Jeremymouth,Nigeria,2025-03-02
1598,James Bennett,cust1598_amy98@hotmail.com,Lake Theresa,Indonesia,2024-08-04
1599,Kirsten Collins,cust1599_sbradley@gmail.com,Matthewview,Germany,2024-05-31
1600,Amber Martinez,cust1600_jenniferfrazier@gmail.com,Vangbury,Qatar,2026-05-19
1601,Stacy Williams,cust1601_joneschristian@hotmail.com,East Marissaside,Sao Tome and Principe,2023-11-04
1602,Rhonda Clark,cust1602_john21@hotmail.com,Markton,Hong Kong,2024-11-13
1603,Mr. Kristopher Curtis,cust1603_lindsay48@hotmail.com,Haroldport,Uruguay,2023-06-16
1604,James Grimes,cust1604_areynolds@gmail.com,Kristinaview,Central African Republic,2026-04-08
1605,Richard Collins,cust1605_fgrimes@yahoo.com,Amandatown,Montserrat,2023-10-17
1606,Troy Tate,cust1606_jameshunter@hotmail.com,South Davidstad,Eritrea,2024-12-17
1607,Sherri Logan,cust1607_kayleerogers@yahoo.com,North Randymouth,Netherlands,2024-09-27
1608,Crystal Brown,cust1608_lmartin@gmail.com,East Kelly,Serbia,2025-03-13
1609,Jessica Keith,cust1609_icollins@yahoo.com,South Anthonyland,Christmas Island,2023-09-22
1610,William Davis,cust1610_amanda86@gmail.com,Port Rebeccaside,American Samoa,2026-05-03
1611,Kevin Hendrix,cust1611_jdawson@gmail.com,Port Christian,Morocco,2023-06-23
1612,Teresa Wallace,cust1612_galvanjoshua@gmail.com,Sparksburgh,Northern Mariana Islands,2024-09-26
1613,Angela Cross,cust1613_brianrice@gmail.com,Petersonchester,Guatemala,2026-02-18
1614,Monica Delacruz,cust1614_murraymichael@hotmail.com,West Tonya,Yemen,2025-02-10
1615,Emily Martinez,cust1615_wesleyjohns@yahoo.com,Brandonchester,Equatorial Guinea,2024-11-03
1616,Jacob Pearson,cust1616_jodi31@gmail.com,East Eric,Rwanda,2023-09-19
1617,Mrs. Kimberly Cannon,cust1617_nfleming@hotmail.com,South Samuelfurt,Serbia,2025-12-14
1618,Matthew Newman,cust1618_tracyjohnson@hotmail.com,Cohenland,Ukraine,2023-07-11
1619,Miguel Pena,cust1619_soliscarlos@yahoo.com,Port Bobby,Greenland,2025-05-17
1620,Cheyenne Hughes,cust1620_markgardner@gmail.com,Claudiabury,Greenland,2025-11-07
1621,Sierra Smith,cust1621_robertsonjennifer@yahoo.com,Wellsport,Malaysia,2025-01-11
1622,Sarah Reed,cust1622_joshuaking@hotmail.com,Josechester,Austria,2023-02-07
1623,Christine Nichols,cust1623_haley79@hotmail.com,South Janet,Micronesia,2025-01-12
1624,Martin Curtis,cust1624_john91@gmail.com,Hornehaven,Panama,2024-09-24
1625,Joshua Cruz,cust1625_hmcneil@hotmail.com,Port Hannah,Bahamas,2024-01-05
1626,William Olson,cust1626_marygarcia@yahoo.com,West Nicholas,Argentina,2024-03-14
1627,Shannon Downs,cust1627_lpage@yahoo.com,East Marie,Pakistan,2024-11-30
1628,Jerry Boyd,cust1628_ashleygarcia@gmail.com,Johnsonburgh,Western Sahara,2025-09-22
1629,Christine Jackson,cust1629_josephangela@gmail.com,East David,Suriname,2024-01-29
1630,Cody Thompson,cust1630_smithheather@yahoo.com,Hamiltonville,Aruba,2024-04-08
1631,Katie Welch,cust1631_hespinoza@gmail.com,Port Kennethstad,Hungary,2023-10-09
1632,Donna Lowery,cust1632_rachaelroberts@yahoo.com,Lake Sherry,Namibia,2023-11-14
1633,Amber Olson,cust1633_xlogan@hotmail.com,East Leslie,Ireland,2023-06-08
1634,Leah Collier,cust1634_johnsonjames@gmail.com,Conleyfurt,United States Virgin Islands,2024-08-28
1635,Jacob Ochoa,cust1635_stephanie96@yahoo.com,West Andrewton,Jordan,2023-07-27
1636,Steven Price,cust1636_christopher06@yahoo.com,Mikaylaland,Romania,2025-11-05
1637,Wendy Walker,cust1637_aaron78@yahoo.com,South Christinashire,Ethiopia,2026-01-10
1638,Julie Mills,cust1638_richardsonanna@gmail.com,Barnesborough,French Polynesia,2025-12-14
1639,Jamie Swanson,cust1639_mmoore@yahoo.com,New Jimchester,Moldova,2023-03-19
1640,Stephanie Knight,cust1640_rrice@hotmail.com,Harringtonland,Haiti,2024-11-20
1641,Robert Patterson,cust1641_shawn19@yahoo.com,Johnsonbury,Brunei Darussalam,2026-06-19
1642,Brandon Reynolds,cust1642_shawn89@hotmail.com,South Alexis,Belgium,2023-09-26
1643,Abigail Acevedo,cust1643_sarah17@yahoo.com,Williamville,Kuwait,2026-05-08
1644,Mr. Brandon Adkins,cust1644_mphillips@gmail.com,North Amberside,Cameroon,2025-02-10
1645,Lee Vargas,cust1645_ryanthompson@gmail.com,Cookshire,Belarus,2023-11-12
1646,Robert Keith,cust1646_jennifer54@gmail.com,Port Angelaport,Holy See (Vatican City State),2023-11-29
1647,Dr. Francis Chan,cust1647_aaronlane@gmail.com,Tylertown,Russian Federation,2024-01-06
1648,Teresa Williams,cust1648_trobinson@yahoo.com,Hillton,Kuwait,2023-12-06
1649,Ronald Ramirez,cust1649_gbraun@gmail.com,Paigeview,Albania,2025-06-15
1650,John Pearson,cust1650_eugenegreen@yahoo.com,North Derek,Italy,2023-03-31
1651,Todd Daniels,cust1651_adam10@yahoo.com,North Darrenstad,Afghanistan,2025-04-21
1652,Sarah Blackwell,cust1652_zavaladiane@yahoo.com,South Christopher,Turkmenistan,2025-01-16
1653,Jack Arroyo,cust1653_kbrown@gmail.com,North Antonio,Barbados,2024-05-01
1654,Linda Becker,cust1654_kruegerjonathan@hotmail.com,New Audreyport,Monaco,2025-06-28
1655,Melissa Perez,cust1655_laurenboyd@yahoo.com,Port Meredith,Guatemala,2026-06-04
1656,David Frye,cust1656_gutierrezjessica@hotmail.com,South James,Georgia,2024-08-06
1657,Angela Winters,cust1657_johnsonmartin@gmail.com,Kimfurt,Cyprus,2025-07-08
1658,Andrea Stafford,cust1658_tarabowers@hotmail.com,Samuelhaven,Serbia,2024-04-24
1659,Dana Savage,cust1659_robertbrown@yahoo.com,Williamschester,Kiribati,2025-12-29
1660,Joshua Fritz,cust1660_patricia88@gmail.com,Tammymouth,South Georgia and the South Sandwich Islands,2024-05-04
1661,Thomas Salinas,cust1661_richard28@gmail.com,Matthewmouth,Suriname,2024-09-25
1662,Donald Williams,cust1662_shane55@gmail.com,Susanburgh,Costa Rica,2025-08-18
1663,Monica Smith,cust1663_fernandezmathew@yahoo.com,North Trevorport,Saint Martin,2024-02-02
1664,William Garcia,cust1664_corymiller@gmail.com,Maxwellfurt,Bhutan,2025-01-23
1665,Melissa Thomas,cust1665_janet76@gmail.com,East Cynthia,Iraq,2026-03-14
1666,Jacqueline Hall,cust1666_holly12@gmail.com,Lake Derekmouth,United Arab Emirates,2025-06-21
1667,Riley Knight,cust1667_smithmichelle@hotmail.com,North Luismouth,Croatia,2025-08-03
1668,Tara Knox,cust1668_tammy94@yahoo.com,Antonioport,Aruba,2024-07-31
1669,Katherine Hubbard,cust1669_meganford@hotmail.com,West Jeanetteshire,Peru,2025-02-21
1670,Alfred Hall,cust1670_williamstoni@yahoo.com,West Kendra,American Samoa,2025-10-26
1671,Steven Wilson,cust1671_michael03@yahoo.com,New Cherylport,Bahrain,2025-12-16
1672,Elijah Austin,cust1672_mosesveronica@yahoo.com,New Michael,Senegal,2025-05-07
1673,Susan Parks,cust1673_dwayne56@gmail.com,North Rickfort,Montenegro,2023-11-28
1674,Alexis Smith,cust1674_jhahn@gmail.com,New Paulmouth,Lesotho,2024-02-13
1675,Richard Woodard,cust1675_smason@hotmail.com,Lake Pamela,Cuba,2026-05-23
1676,Laura Roberts,cust1676_michelle00@yahoo.com,Ellisburgh,Grenada,2023-10-11
1677,Daniel Chen,cust1677_jonesjason@yahoo.com,Jonathanfurt,Colombia,2024-05-27
1678,Joe Scott,cust1678_burtondoris@hotmail.com,East Kristina,Gambia,2023-04-17
1679,Brandon Smith,cust1679_duncandawn@yahoo.com,West Johnside,Moldova,2025-09-11
1680,Kayla Sanchez,cust1680_oliviawilson@yahoo.com,Wallaceberg,Nicaragua,2025-01-30
1681,Diane Gregory,cust1681_kcook@hotmail.com,Morrisshire,Tokelau,2026-02-09
1682,Christopher Mclaughlin,cust1682_zcollins@gmail.com,Port John,Paraguay,2023-07-30
1683,Cassidy Smith,cust1683_stephengomez@gmail.com,West Stevenmouth,Tuvalu,2025-11-22
1684,Kyle Smith,cust1684_zwilson@yahoo.com,East Jennifer,Mexico,2023-09-13
1685,Colin Graves,cust1685_coreypope@hotmail.com,North Michael,United States Minor Outlying Islands,2024-08-06
1686,Belinda Berry,cust1686_rsharp@yahoo.com,South Danielville,Macao,2023-06-21
1687,Joseph Cook,cust1687_crossnicole@hotmail.com,Vaughnfort,Chad,2023-11-25
1688,Anna Hawkins,cust1688_fletcherkaren@yahoo.com,South Amanda,Sri Lanka,2024-07-12
1689,Shannon Jones,cust1689_jfranklin@hotmail.com,Nolanhaven,Falkland Islands (Malvinas),2025-07-09
1690,Stephen Cline,cust1690_cowandevin@hotmail.com,Martinton,Christmas Island,2025-11-17
1691,Lisa Herrera,cust1691_derekdougherty@gmail.com,Christopherview,Libyan Arab Jamahiriya,2023-10-29
1692,Miss Monique Middleton,cust1692_jonesterri@yahoo.com,Lake Alejandro,Brunei Darussalam,2025-06-14
1693,Morgan Anderson,cust1693_tiffanyhill@hotmail.com,East Melissa,Bulgaria,2023-07-07
1694,Kathleen Jefferson,cust1694_heathergarcia@yahoo.com,North Rachel,Senegal,2024-03-30
1695,Brandon Rogers,cust1695_russellrandy@gmail.com,West Jenniferbury,Vietnam,2025-07-12
1696,Joyce Kelly,cust1696_carrjeffrey@gmail.com,Lake Fernandoland,Israel,2024-12-16
1697,Robin Good,cust1697_harrisonnicholas@hotmail.com,Port Shirleyshire,San Marino,2023-02-24
1698,Colleen Raymond,cust1698_bakermegan@hotmail.com,Carlfurt,India,2025-04-29
1699,Keith Solis,cust1699_sheilabarnes@gmail.com,West Richardstad,Tajikistan,2023-04-20
1700,Wayne Long,cust1700_reyesjackie@gmail.com,New Williamfurt,Guyana,2025-03-22
1701,Eric Mitchell,cust1701_kevin07@yahoo.com,Pettyport,Netherlands,2025-10-25
1702,Michelle Bradley,cust1702_alan96@gmail.com,Lopezburgh,Hungary,2025-02-04
1703,Stephen Wilson,cust1703_tanya43@yahoo.com,Port Joanne,Wallis and Futuna,2024-04-27
1704,Melissa Adams,cust1704_craigrobertson@hotmail.com,New Jessicaville,Saint Vincent and the Grenadines,2025-03-01
1705,Jennifer Fowler,cust1705_rebecca19@hotmail.com,Bakerborough,Monaco,2023-06-17
1706,David Anderson,cust1706_stacey25@hotmail.com,West Amandabury,Ecuador,2025-02-06
1707,Dale Ochoa,cust1707_chrismccarthy@yahoo.com,Sullivanstad,Saint Helena,2024-04-04
1708,Scott Osborne,cust1708_khendricks@hotmail.com,Victormouth,Iran,2023-02-27
1709,Stephanie Salinas,cust1709_jennifer53@yahoo.com,South Nathan,Latvia,2024-10-14
1710,Denise Hughes PhD,cust1710_erivers@yahoo.com,West David,Christmas Island,2023-07-22
1711,Jacob Nichols,cust1711_armstrongsara@hotmail.com,Williammouth,Colombia,2024-11-17
1712,Linda Morris,cust1712_barbara64@yahoo.com,North Melissa,Dominican Republic,2023-10-27
1713,Sergio Hill,cust1713_micheallove@gmail.com,Hunterville,Venezuela,2023-10-09
1714,Amy Contreras,cust1714_debra93@gmail.com,South Lisa,Gabon,2023-03-20
1715,Stacey Lewis,cust1715_chavezrobert@hotmail.com,Pereztown,Antarctica (the territory South of 60 deg S),2024-08-10
1716,Melissa Martinez,cust1716_samantha21@gmail.com,Jessicamouth,Bermuda,2025-08-25
1717,Kristin Flores,cust1717_michaelmontes@yahoo.com,South Pamela,Madagascar,2023-10-12
1718,Debbie Richard,cust1718_fwilliams@gmail.com,Port Deborah,Suriname,2025-08-18
1719,Melissa Jenkins,cust1719_nancy23@yahoo.com,Chavezshire,Jersey,2025-07-07
1720,Fred Lopez,cust1720_rsmith@gmail.com,Port Crystalstad,Suriname,2026-06-14
1721,Jeffrey Herrera,cust1721_penningtonmichael@hotmail.com,North Anthonyberg,Liberia,2023-01-11
1722,Cassandra Anderson,cust1722_jacob73@gmail.com,Johnsonport,Denmark,2023-06-12
1723,Melissa Martinez,cust1723_kathrynrice@hotmail.com,South Victoriaton,Congo,2023-02-08
1724,James Reed,cust1724_aprilmyers@hotmail.com,New Deannashire,Saint Kitts and Nevis,2024-06-08
1725,Kari Sanchez,cust1725_jenniferburch@yahoo.com,East Eddie,Canada,2024-03-17
1726,Patricia Ramos,cust1726_patriciamorrison@gmail.com,West Michaelfort,Portugal,2023-11-03
1727,Stephanie Decker,cust1727_jeremiah36@yahoo.com,New Michaelton,Latvia,2026-01-28
1728,Terry Arnold,cust1728_lwilliams@yahoo.com,Frenchville,Serbia,2026-05-31
1729,Brooke Nash,cust1729_ajohnson@yahoo.com,East Randystad,Oman,2025-12-16
1730,Samantha Spencer,cust1730_janicestuart@yahoo.com,Leblancview,Martinique,2025-05-16
1731,Peggy Mendoza,cust1731_scott42@gmail.com,East Tina,Cape Verde,2023-08-16
1732,Christopher Joseph,cust1732_walterskaren@yahoo.com,Wendystad,Monaco,2024-08-13
1733,Shannon Knight DDS,cust1733_gregorymullen@yahoo.com,South Isaacmouth,Croatia,2024-05-01
1734,Anthony Price,cust1734_plin@gmail.com,New Brianfurt,Poland,2024-09-08
1735,Desiree Carey,cust1735_washingtonleslie@hotmail.com,Kelseyside,Gibraltar,2023-09-07
1736,Stephen Jones,cust1736_qthompson@gmail.com,Elizabethbury,Montserrat,2023-04-08
1737,Kara Diaz,cust1737_edwardsjoshua@yahoo.com,West Lucasshire,Barbados,2024-05-03
1738,Taylor Keller,cust1738_christopher41@gmail.com,Markview,Andorra,2025-05-09
1739,Meagan Johnston,cust1739_nvargas@hotmail.com,Shannonfort,Guinea-Bissau,2026-06-29
1740,Amy Lara,cust1740_andrewjackson@gmail.com,North Cindyfort,Bhutan,2025-07-25
1741,Matthew Hernandez,cust1741_everettashley@hotmail.com,Bullockfurt,Kyrgyz Republic,2023-05-09
1742,Maria Sullivan,cust1742_klewis@yahoo.com,Barrybury,Belgium,2023-08-16
1743,Victoria Lopez,cust1743_rpearson@gmail.com,Haleyshire,Marshall Islands,2025-10-20
1744,Karen Stephens,cust1744_john39@hotmail.com,Jamesland,Norfolk Island,2026-05-07
1745,Erin Lopez,cust1745_hunter12@gmail.com,North Brenda,Guinea,2026-01-02
1746,Patricia Tucker,cust1746_snelson@hotmail.com,Marshport,Lesotho,2023-02-03
1747,Anthony Taylor,cust1747_tfoster@hotmail.com,Crawfordport,Montserrat,2025-11-21
1748,Jerry Collins,cust1748_barnesjames@yahoo.com,Vazquezton,Equatorial Guinea,2026-03-23
1749,Amanda Russell,cust1749_leroy37@gmail.com,New Jocelynview,Mongolia,2024-05-10
1750,Cody Marshall,cust1750_rodriguezcynthia@hotmail.com,Derrickfurt,Czech Republic,2023-10-22
1751,Anthony Watson,cust1751_lball@yahoo.com,Danielhaven,Central African Republic,2024-08-19
1752,Michael Simmons,cust1752_vanessacastaneda@hotmail.com,Sabrinaside,Tajikistan,2025-05-29
1753,Gabriela Long,cust1753_robert63@yahoo.com,Karenport,Samoa,2023-01-04
1754,Michael Floyd,cust1754_cheryl69@hotmail.com,Port Catherine,Syrian Arab Republic,2026-06-13
1755,Shannon Hill,cust1755_kmitchell@yahoo.com,Bakerhaven,Senegal,2024-12-23
1756,Mary Hoffman,cust1756_jeffreywatkins@hotmail.com,Andersonfort,Saint Kitts and Nevis,2024-05-07
1757,Virginia Caldwell,cust1757_cory21@gmail.com,Andersonburgh,Brazil,2026-03-14
1758,Pamela Mendoza,cust1758_rachel85@gmail.com,Crystalchester,Heard Island and McDonald Islands,2025-05-03
1759,Robert Anderson,cust1759_benjaminsmith@yahoo.com,Ashleyport,Hong Kong,2024-01-19
1760,Brittany Carr,cust1760_morrowdonald@hotmail.com,Danielville,Costa Rica,2023-06-25
1761,Julia Garrison,cust1761_allison96@gmail.com,Brandifort,Afghanistan,2025-12-08
1762,Jessica Drake,cust1762_sherylgreen@yahoo.com,Jaimemouth,Indonesia,2025-01-08
1763,Bradley Walker,cust1763_brandon34@gmail.com,Port Rick,Venezuela,2023-05-19
1764,Brandy Hodge,cust1764_kylecarter@yahoo.com,Clarkville,Andorra,2025-12-13
1765,Matthew Klein,cust1765_sgordon@hotmail.com,Harringtonside,Switzerland,2026-01-19
1766,Juan Valenzuela,cust1766_jennifer29@yahoo.com,Mullinston,Cape Verde,2025-11-05
1767,Martha Lucas,cust1767_skim@gmail.com,Bakerton,Gabon,2025-11-05
1768,Fernando Moore,cust1768_stacey22@hotmail.com,Robertmouth,Cocos (Keeling) Islands,2026-02-08
1769,George Wiggins,cust1769_jamesanderson@gmail.com,North Derek,Burkina Faso,2023-02-11
1770,Kenneth Rodriguez,cust1770_nataliehall@gmail.com,West Ricky,Kazakhstan,2025-03-10
1771,Michael Santiago,cust1771_xlogan@gmail.com,Chaseberg,Singapore,2025-08-20
1772,Leonard Potter,cust1772_john02@yahoo.com,Jasonland,Western Sahara,2023-03-31
1773,Susan Navarro,cust1773_lisa23@gmail.com,West Jennifer,Zambia,2025-03-03
1774,Amber Fernandez,cust1774_zjones@hotmail.com,North Shawnburgh,Central African Republic,2025-02-03
1775,Brandi Williams,cust1775_brian64@hotmail.com,Blairville,Switzerland,2024-06-03
1776,Maria Vazquez,cust1776_mallory61@hotmail.com,West Brendan,Guyana,2023-02-03
1777,Crystal Brennan,cust1777_rmoore@yahoo.com,West William,Venezuela,2025-01-01
1778,Christopher George,cust1778_paul84@hotmail.com,Robinberg,Yemen,2023-05-19
1779,David Lopez,cust1779_bauercory@gmail.com,North Davidmouth,Malaysia,2024-12-07
1780,Michael Haas,cust1780_vaguirre@hotmail.com,Lake Sabrinaland,Korea,2024-05-08
1781,Shari Washington,cust1781_yatessarah@hotmail.com,West Dale,Niger,2023-08-01
1782,Melissa Thompson,cust1782_jill17@gmail.com,East Douglas,Lithuania,2026-04-06
1783,Nicole Wright,cust1783_bwhite@yahoo.com,Edwardville,Honduras,2024-11-11
1784,Michael Cohen,cust1784_brittany63@gmail.com,Lake Amberborough,Cook Islands,2023-10-01
1785,Elizabeth Ramos,cust1785_torresmary@yahoo.com,Alexandermouth,Angola,2023-04-01
1786,Alexandra Brooks,cust1786_rcannon@yahoo.com,New Katiemouth,Comoros,2024-12-22
1787,Joan Scott,cust1787_raywalters@gmail.com,New Joyce,Israel,2026-01-23
1788,Cody Morse,cust1788_kflores@gmail.com,Ashleytown,Italy,2024-11-24
1789,James Daniels,cust1789_lisaanderson@hotmail.com,Ashleyburgh,Canada,2023-12-25
1790,Autumn Morris,cust1790_jrobinson@hotmail.com,Leslieshire,Iran,2025-08-09
1791,David Barnett,cust1791_debbiejackson@hotmail.com,Elizabethburgh,Armenia,2025-09-07
1792,Billy Alvarado,cust1792_lucasandrea@gmail.com,East Jennifer,Czech Republic,2024-01-09
1793,Paige Williams,cust1793_audrey32@gmail.com,East Melissaville,Zambia,2023-10-04
1794,Rachael Watson,cust1794_william15@hotmail.com,Port Ryan,Israel,2023-05-10
1795,Wendy Evans,cust1795_garciabrandi@hotmail.com,Joseside,Azerbaijan,2025-07-26
1796,William Brady,cust1796_williamspaul@hotmail.com,Ramoshaven,Lesotho,2023-03-17
1797,Erik Murphy,cust1797_slittle@yahoo.com,Kimberlyville,Nepal,2024-08-23
1798,Carl Phillips,cust1798_danielthomas@yahoo.com,East Charles,Cocos (Keeling) Islands,2024-02-17
1799,Michael Williams,cust1799_cherylpatel@gmail.com,Jessicahaven,United States Virgin Islands,2023-03-31
1800,Patricia Graves,cust1800_davismichelle@yahoo.com,Port Kathleen,Namibia,2024-02-13
1801,Vanessa Ramirez,cust1801_pearsonwillie@gmail.com,Lake Andreaton,Cyprus,2023-03-27
1802,Jennifer Smith,cust1802_jasminbrown@yahoo.com,Lake Evan,Guadeloupe,2024-10-08
1803,James Salas,cust1803_morrisbrandon@gmail.com,Johnhaven,United Arab Emirates,2024-09-27
1804,Michael Mcconnell,cust1804_sarakirby@hotmail.com,Lake Kimberly,Seychelles,2025-11-21
1805,Amy Sanders,cust1805_dmartin@yahoo.com,Port Jeremy,Tanzania,2025-03-26
1806,Stacy Macias,cust1806_nnunez@gmail.com,Russellland,Madagascar,2026-01-17
1807,Brian Welch,cust1807_dthompson@gmail.com,South Andrea,Singapore,2025-08-27
1808,William Lee,cust1808_jamesperez@hotmail.com,North Emily,Thailand,2024-06-02
1809,Tricia Bailey,cust1809_stevengreene@gmail.com,Nguyentown,Iraq,2023-03-16
1810,Karen Cruz,cust1810_hendersoncrystal@yahoo.com,North Cynthia,Vietnam,2024-01-27
1811,Ashlee Pena,cust1811_john19@gmail.com,Lawsonchester,Brazil,2024-08-08
1812,Jonathan Rodriguez,cust1812_iriley@hotmail.com,New Heather,Guernsey,2025-01-01
1813,Cassandra Lowe,cust1813_jacquelinebennett@hotmail.com,Fergusonburgh,New Zealand,2023-04-08
1814,Laura Davis,cust1814_shane49@hotmail.com,West Mark,Netherlands,2024-11-10
1815,Jeffrey Fields,cust1815_irojas@hotmail.com,South Josephfort,Cambodia,2024-07-13
1816,Jennifer Garza,cust1816_bryan79@hotmail.com,Washingtonside,Afghanistan,2023-09-12
1817,Linda Parker,cust1817_wscott@hotmail.com,Richardland,Zimbabwe,2025-01-23
1818,Rebekah Pham,cust1818_daniel73@yahoo.com,Stonemouth,Costa Rica,2025-06-13
1819,Kevin Stokes,cust1819_osbornkelly@hotmail.com,West Kellytown,Somalia,2025-03-30
1820,Mary Robertson,cust1820_uliu@gmail.com,Port Pamton,Central African Republic,2025-06-19
1821,Tyrone Williams,cust1821_mroberts@gmail.com,Port Amyview,Martinique,2025-03-02
1822,Heather Garcia,cust1822_aaronwiley@hotmail.com,Port Elizabeth,Armenia,2024-11-25
1823,Eric Briggs,cust1823_christinedoyle@yahoo.com,New Michaelbury,American Samoa,2024-01-18
1824,Tyler Kramer,cust1824_williamsjason@hotmail.com,Jenniferfurt,Bosnia and Herzegovina,2025-10-13
1825,Sheila Carlson,cust1825_andredonaldson@yahoo.com,Carterside,Eritrea,2025-10-15
1826,Cheryl Gonzales,cust1826_ryan90@hotmail.com,Sloantown,Palau,2025-01-22
1827,John Perry,cust1827_johnsoncrystal@gmail.com,Watsonville,Australia,2025-11-29
1828,Thomas Turner,cust1828_david90@yahoo.com,Hillmouth,Zimbabwe,2024-06-30
1829,Steven Morales,cust1829_fred06@gmail.com,North Mario,Guatemala,2023-06-19
1830,Jessica Woods,cust1830_sarah22@gmail.com,New Alanbury,Cuba,2025-05-19
1831,Maria Phillips,cust1831_greenkyle@yahoo.com,Ambermouth,Holy See (Vatican City State),2023-06-11
1832,Lindsay Nguyen,cust1832_charleslisa@hotmail.com,West Adam,Switzerland,2025-05-31
1833,Chad Cook,cust1833_jeffery29@gmail.com,Lake Johnberg,Palestinian Territory,2026-05-18
1834,Brandon Melton,cust1834_xyoung@hotmail.com,Lake Tara,Lithuania,2024-01-05
1835,Raymond Herrera,cust1835_christinapeters@hotmail.com,Angelaburgh,Cocos (Keeling) Islands,2026-01-22
1836,Elizabeth Maldonado,cust1836_donald51@yahoo.com,New Markstad,Nicaragua,2024-08-24
1837,Austin Rogers,cust1837_ricedana@yahoo.com,Carolview,Kiribati,2024-10-19
1838,Derrick Hall,cust1838_danielle52@yahoo.com,Russoport,Bouvet Island (Bouvetoya),2023-07-30
1839,Sarah Wilson,cust1839_jacqueline97@gmail.com,Keithborough,Argentina,2023-06-13
1840,John Ferguson,cust1840_jamesmoreno@yahoo.com,Port Kristinborough,Dominican Republic,2024-11-02
1841,Kelly Burke,cust1841_ronaldjohnson@yahoo.com,Port Robin,Bangladesh,2024-08-28
1842,Christopher Daniels,cust1842_alecwilcox@yahoo.com,West Gabrielle,Germany,2024-09-19
1843,Jeremy Torres,cust1843_marie35@hotmail.com,South Lisa,Slovenia,2025-07-02
1844,Ashley Cunningham,cust1844_kellygina@gmail.com,Joshuafurt,Luxembourg,2026-05-19
1845,John Newton,cust1845_brittanysanders@gmail.com,Jeffreyfurt,Burkina Faso,2025-05-22
1846,Laura Oneal,cust1846_vgreen@gmail.com,Lake Benjaminton,Martinique,2023-12-08
1847,Gina Perez,cust1847_schmidtjesus@hotmail.com,Frankland,Mauritius,2025-06-28
1848,Mary Roberts,cust1848_george46@yahoo.com,Christinemouth,Myanmar,2024-12-20
1849,Christopher Bartlett,cust1849_madison75@hotmail.com,Karenberg,Yemen,2025-07-04
1850,Ashley Vargas,cust1850_douglasalexander@hotmail.com,Simonland,Svalbard & Jan Mayen Islands,2023-03-28
1851,Joseph Lopez,cust1851_droach@gmail.com,Karenhaven,French Southern Territories,2024-12-23
1852,Deborah Murphy,cust1852_tylerlaura@gmail.com,Crawfordburgh,Mali,2026-06-13
1853,Vicki Garcia MD,cust1853_danielleclark@hotmail.com,Karenside,Brazil,2025-06-09
1854,Laura Lynch,cust1854_fflowers@yahoo.com,Barbaratown,Saint Pierre and Miquelon,2024-07-16
1855,Mary Delacruz,cust1855_marthagriffin@hotmail.com,West Leslieside,Tokelau,2023-04-28
1856,Jay Clark,cust1856_christopher58@hotmail.com,Port Jennifertown,Seychelles,2023-06-03
1857,Emily Martinez,cust1857_vsmith@gmail.com,New Johnshire,Belgium,2025-04-11
1858,Tyler Patel,cust1858_pparker@yahoo.com,Davidchester,Armenia,2025-01-14
1859,Melissa Murphy,cust1859_foleyjennifer@gmail.com,Markberg,French Southern Territories,2025-11-16
1860,Joel Morales,cust1860_sarah87@gmail.com,Toddberg,United States Virgin Islands,2023-11-24
1861,Daniel Bailey,cust1861_ncarroll@yahoo.com,Port Christine,Romania,2023-03-05
1862,Gene Morris,cust1862_odavis@yahoo.com,Wadeland,Pakistan,2023-10-20
1863,James Bennett,cust1863_wcarroll@yahoo.com,North Noahbury,India,2026-05-29
1864,Lisa Keller,cust1864_thomaswhite@gmail.com,New Brooke,Seychelles,2025-06-16
1865,Jennifer Cooper,cust1865_kennethboyd@yahoo.com,Jonathanchester,Belarus,2023-03-13
1866,Brian Kidd,cust1866_uhaley@hotmail.com,West Amanda,Svalbard & Jan Mayen Islands,2023-09-16
1867,Elizabeth Clayton,cust1867_hestertabitha@gmail.com,Lake Ann,Afghanistan,2023-05-18
1868,William Smith,cust1868_tommyclark@gmail.com,West Cynthiaview,Korea,2024-04-28
1869,Paul Hall,cust1869_laura09@yahoo.com,South Tylerview,Puerto Rico,2025-01-20
1870,Sylvia Dalton,cust1870_hudsonglen@hotmail.com,Sheenahaven,Korea,2025-01-11
1871,Shelby Webster,cust1871_daniel35@hotmail.com,Taylorfort,British Virgin Islands,2025-02-23
1872,Stephen Smith,cust1872_jshaffer@gmail.com,Port Patrickview,Singapore,2026-03-07
1873,Sandra Harris,cust1873_brittanywolf@gmail.com,Harrisfort,Kenya,2023-03-08
1874,Heather Hunt,cust1874_jasoncampbell@yahoo.com,Smithview,Bhutan,2026-05-24
1875,Adam Smith,cust1875_mcmahonmichael@hotmail.com,Costaburgh,Mayotte,2023-11-11
1876,Casey Baker,cust1876_tarabradshaw@gmail.com,Port Molly,Uganda,2025-07-10
1877,Andrew Pearson,cust1877_amurray@yahoo.com,Carlton,Russian Federation,2025-01-29
1878,Melissa Combs,cust1878_cory32@yahoo.com,Whitneybury,Tajikistan,2025-01-31
1879,Angela Howell,cust1879_corey22@yahoo.com,Johnsonside,Lebanon,2025-06-28
1880,James Scott,cust1880_lharris@yahoo.com,South Meganberg,Colombia,2023-06-07
1881,Derek Wu,cust1881_geraldgarcia@hotmail.com,North Jamesfurt,Malta,2026-03-21
1882,Michael Lewis,cust1882_ismith@yahoo.com,Bensonburgh,Azerbaijan,2023-10-09
1883,Brittany Johnson,cust1883_kimberly36@yahoo.com,North Ashley,Congo,2025-12-20
1884,Joshua Johnson,cust1884_steven95@gmail.com,North Troyberg,Grenada,2025-01-21
1885,Kristine Smith,cust1885_drobinson@gmail.com,Port Kimberly,Palau,2025-03-26
1886,Christopher Rodriguez,cust1886_vknight@hotmail.com,Wilkersonfurt,Lithuania,2024-10-05
1887,Bryan Brock,cust1887_leslie46@gmail.com,Rodriguezburgh,Mexico,2024-07-24
1888,Tracey Wells,cust1888_gibsonkirk@yahoo.com,East Mandyport,French Polynesia,2024-05-26
1889,Tara Anderson,cust1889_douglas60@gmail.com,Herbertshire,Faroe Islands,2023-08-21
1890,Brenda Oconnor,cust1890_aguilarkevin@yahoo.com,Warefurt,Nicaragua,2023-02-23
1891,Michael Fisher,cust1891_leslie32@yahoo.com,Millermouth,Netherlands,2024-01-17
1892,Michelle Johnson,cust1892_josephcooper@hotmail.com,Breannastad,Bouvet Island (Bouvetoya),2025-10-19
1893,Carlos Rodriguez,cust1893_floressarah@hotmail.com,East Lindaside,Turkmenistan,2025-11-26
1894,Peter Mitchell,cust1894_jscott@yahoo.com,Martinezmouth,Hong Kong,2025-03-03
1895,Dr. Kathryn Adams DDS,cust1895_dixonjerry@hotmail.com,New Danielton,Liechtenstein,2026-02-24
1896,Ryan Anderson,cust1896_dturner@yahoo.com,South Cathy,Saint Lucia,2023-08-30
1897,Sandra Floyd,cust1897_joshuaadams@yahoo.com,Shaneton,Madagascar,2024-06-20
1898,Danny Sheppard,cust1898_bflores@gmail.com,Lake Melissa,Chile,2024-06-17
1899,Christopher Paul,cust1899_vparks@gmail.com,West Raventown,Turkey,2025-07-02
1900,Daniel Brown,cust1900_dunnnicholas@yahoo.com,Chavezshire,Bouvet Island (Bouvetoya),2024-03-15
1901,April Meyer,cust1901_martinezdavid@gmail.com,New Stephanieland,Hungary,2026-06-07
1902,Natalie Hernandez,cust1902_dominicsimpson@yahoo.com,Singhton,Iceland,2024-08-07
1903,Robert Rogers,cust1903_bendermichelle@hotmail.com,Castilloview,Iceland,2025-10-02
1904,Anthony Morse,cust1904_gabrielle36@gmail.com,Lake Marymouth,Belize,2024-02-14
1905,Kelly Miller,cust1905_batesangela@yahoo.com,Markberg,Senegal,2023-09-09
1906,Renee Hernandez,cust1906_lopezjordan@hotmail.com,North Michaelmouth,Serbia,2023-10-05
1907,Jason Johnson,cust1907_nicholas99@hotmail.com,Justinview,Tokelau,2023-06-01
1908,Jeremy Moran,cust1908_browndevin@hotmail.com,Port Donaldside,United States Minor Outlying Islands,2025-07-14
1909,Jonathon Knapp,cust1909_williamcarlson@yahoo.com,East Susanfurt,Cambodia,2023-12-20
1910,Gregory Eaton,cust1910_ubaker@gmail.com,Perezstad,Northern Mariana Islands,2025-06-30
1911,Jennifer Moore,cust1911_maxwellgibson@gmail.com,Christopherville,Sierra Leone,2023-06-29
1912,Brenda Haynes,cust1912_dunnglenda@gmail.com,Port Crystal,Greece,2024-10-16
1913,Albert Wade,cust1913_cwilson@gmail.com,Guzmanbury,Azerbaijan,2024-12-12
1914,Jason Brown,cust1914_annaboyd@yahoo.com,North Christopherburgh,Cook Islands,2023-05-13
1915,Mrs. Nancy Schaefer,cust1915_fjones@gmail.com,Lake Rebeccaside,Saint Barthelemy,2026-01-31
1916,Jonathan Jordan,cust1916_jeffrey44@yahoo.com,West Dianaberg,Kazakhstan,2026-01-15
1917,Daniel Walters,cust1917_bbryan@gmail.com,West Joelstad,Luxembourg,2024-08-17
1918,Rebecca Bird,cust1918_travis24@gmail.com,Angelachester,Belize,2024-09-06
1919,Jason Jackson DVM,cust1919_bradydavid@yahoo.com,South Shawn,Afghanistan,2023-11-19
1920,Sarah Padilla,cust1920_sdonovan@yahoo.com,Port David,Belarus,2023-12-23
1921,Lisa Ramos,cust1921_cphelps@hotmail.com,Kristyport,Lebanon,2025-01-10
1922,Bobby Moore,cust1922_fowlermichael@gmail.com,Proctorville,Sri Lanka,2025-11-07
1923,Kathryn Webb,cust1923_teresa23@yahoo.com,Lisaport,Austria,2024-04-04
1924,Jason Stevenson,cust1924_hkelley@gmail.com,West Krystalchester,Tajikistan,2023-09-06
1925,Oscar Kelly,cust1925_jonathan20@yahoo.com,Laurieland,Seychelles,2024-02-16
1926,Michael Salazar,cust1926_amymiller@gmail.com,Wrightchester,Djibouti,2023-10-12
1927,George Willis,cust1927_vincent82@hotmail.com,New Zacharyshire,Spain,2024-04-29
1928,Alexander Sullivan,cust1928_michelle05@gmail.com,North Hunterburgh,Suriname,2025-10-08
1929,Emily Douglas,cust1929_christopher23@gmail.com,Lake Richardport,New Zealand,2023-02-23
1930,Kelsey Smith,cust1930_tylergarcia@hotmail.com,Brownton,Cook Islands,2025-01-09
1931,Zachary Harris,cust1931_lpierce@hotmail.com,North Christopherview,Antigua and Barbuda,2026-02-08
1932,Christine Ellison,cust1932_pli@gmail.com,Adkinsshire,Swaziland,2026-03-18
1933,Matthew Perry,cust1933_wilkersonkatherine@gmail.com,Gabrielaton,Saint Helena,2025-01-25
1934,Annette Wong,cust1934_vunderwood@yahoo.com,Lake Davidborough,Kazakhstan,2025-08-15
1935,George Martin,cust1935_johnsonsandra@hotmail.com,Millstown,Latvia,2026-02-03
1936,John Hodges,cust1936_taylordougherty@gmail.com,Johnsonhaven,Bouvet Island (Bouvetoya),2023-09-23
1937,Julie Davenport,cust1937_patriciarhodes@hotmail.com,Kingfort,Singapore,2026-06-07
1938,Craig Morgan,cust1938_billyjohns@hotmail.com,North Ianport,Mexico,2023-06-26
1939,Nathan Dunn,cust1939_steven80@gmail.com,Lake Jonathan,Trinidad and Tobago,2023-05-15
1940,Robert Taylor,cust1940_kmaynard@gmail.com,Richardsfurt,Netherlands,2024-09-25
1941,Janet Gomez,cust1941_qgreen@yahoo.com,South Laurenstad,Bahrain,2025-03-26
1942,Michael Sanchez,cust1942_heidi21@yahoo.com,Lake Darrellchester,Ukraine,2025-09-07
1943,Charles Jones,cust1943_npennington@gmail.com,Brandonhaven,Seychelles,2025-12-12
1944,Richard Campbell,cust1944_jacquelineneal@hotmail.com,New Derrick,Mauritius,2025-04-21
1945,Kathy Robinson,cust1945_turnerdaniel@yahoo.com,Port Alexisbury,Aruba,2025-04-18
1946,Jacob Jones,cust1946_wcortez@hotmail.com,Wolfefurt,Rwanda,2026-03-23
1947,Crystal Parrish,cust1947_jesse81@gmail.com,West Andreville,Turkmenistan,2023-06-01
1948,Susan Fisher,cust1948_tracywilkins@hotmail.com,Foleyville,Ghana,2023-09-14
1949,Juan Flores,cust1949_taylorkaylee@yahoo.com,Riveraville,Burkina Faso,2024-10-11
1950,Jacob Hart,cust1950_petersonjordan@yahoo.com,Port Emilymouth,Central African Republic,2023-06-01
1951,James Hernandez,cust1951_ryan54@yahoo.com,Mcdonaldton,Guinea-Bissau,2025-07-10
1952,Brian Murray,cust1952_serranosteven@yahoo.com,Trujillofort,Martinique,2025-08-12
1953,Nicole Olson DDS,cust1953_connorstewart@gmail.com,Port Jacobmouth,French Polynesia,2025-11-25
1954,Sara Gordon,cust1954_janice26@gmail.com,New Gerald,Eritrea,2024-12-06
1955,Jennifer Rice,cust1955_patricialopez@hotmail.com,Wendymouth,Israel,2023-09-20
1956,Chad Griffin,cust1956_jvega@yahoo.com,Port Maryborough,Western Sahara,2026-02-03
1957,Nicholas Rasmussen,cust1957_salvarez@gmail.com,Cassandraborough,Uganda,2026-04-18
1958,Miranda Huff,cust1958_russellemily@gmail.com,Zacharyhaven,India,2024-01-08
1959,Cynthia Brown,cust1959_kimberly34@gmail.com,Kristinahaven,Western Sahara,2023-09-22
1960,Patricia Wells,cust1960_uharmon@hotmail.com,Pattersonview,Singapore,2025-06-05
1961,Corey Douglas,cust1961_robert07@hotmail.com,Portermouth,Guatemala,2025-10-26
1962,Jeffrey Jones,cust1962_allenkimberly@yahoo.com,Port Henry,Cote d'Ivoire,2023-04-24
1963,Nicole Anderson,cust1963_henrymccarthy@gmail.com,South Dakota,Senegal,2023-09-12
1964,John Watson,cust1964_hsimmons@yahoo.com,South Frankport,Cayman Islands,2025-11-27
1965,Kimberly Wilson,cust1965_mary69@hotmail.com,North Nicholas,Wallis and Futuna,2023-11-10
1966,Jeffery Lane,cust1966_breannadrake@gmail.com,East Julieshire,South Africa,2024-09-14
1967,Anna Krause,cust1967_jack64@yahoo.com,North Roberttown,Trinidad and Tobago,2023-12-04
1968,John Eaton,cust1968_dorseylinda@gmail.com,Bradshawmouth,Tuvalu,2023-11-28
1969,Stacy Jennings,cust1969_carterjames@gmail.com,Conleyburgh,El Salvador,2024-10-22
1970,Jamie Walker,cust1970_royscott@hotmail.com,Kimberlychester,Dominican Republic,2024-04-06
1971,Abigail Walker,cust1971_figueroakatelyn@yahoo.com,Brucestad,Nicaragua,2024-12-09
1972,Sabrina Pierce,cust1972_halejeffery@hotmail.com,East Steven,Cayman Islands,2025-11-28
1973,Katherine Weaver MD,cust1973_shortjeffrey@hotmail.com,West Theresashire,Svalbard & Jan Mayen Islands,2024-08-04
1974,Calvin Jordan,cust1974_pchavez@yahoo.com,South Michelle,Micronesia,2023-06-11
1975,Heather Harris,cust1975_vbaker@hotmail.com,Andrewtown,Madagascar,2024-05-28
1976,Jessica Cabrera,cust1976_xgoodman@yahoo.com,East Bradleytown,Papua New Guinea,2024-02-07
1977,Ashley Moyer,cust1977_brookemartin@gmail.com,Kimberlyport,Turkmenistan,2026-02-02
1978,Lisa Ramirez,cust1978_richardsglenn@gmail.com,Susanbury,Costa Rica,2024-07-16
1979,Tyler Sanchez,cust1979_williamslisa@hotmail.com,Mauriceton,Brazil,2023-09-14
1980,Monica Hays,cust1980_mark03@yahoo.com,Heatherborough,Nigeria,2024-09-12
1981,Reginald Lee,cust1981_kellysanchez@gmail.com,Andersonside,Anguilla,2026-06-12
1982,Paul Ryan,cust1982_daviddecker@yahoo.com,Christophershire,Azerbaijan,2025-12-28
1983,Gary George,cust1983_rebecca99@hotmail.com,North David,Ecuador,2023-07-11
1984,Jennifer Jones,cust1984_xparker@yahoo.com,North Rebecca,Hungary,2025-10-26
1985,Reginald Adams,cust1985_knightrachel@yahoo.com,New Davidfurt,Kiribati,2023-12-12
1986,Daryl Olson,cust1986_jenniferanderson@yahoo.com,Thomasberg,Papua New Guinea,2026-04-27
1987,Lori Ross,cust1987_jgarcia@hotmail.com,New Ronaldmouth,Sudan,2026-04-04
1988,Allison Duncan,cust1988_donnasuarez@yahoo.com,Nancyview,Bahamas,2023-11-12
1989,Michael Brown,cust1989_michellegomez@yahoo.com,West Jasonberg,Bolivia,2023-12-17
1990,Ashley Young,cust1990_holmesscott@hotmail.com,Littleview,Lao People's Democratic Republic,2026-05-24
1991,Beth Schwartz,cust1991_michelle21@hotmail.com,Lake Lori,Niue,2024-11-22
1992,Erica Huynh,cust1992_garzajill@gmail.com,Kelseyfort,Lithuania,2026-02-28
1993,Johnathan Reyes,cust1993_suzannegilmore@gmail.com,Gomezstad,Tunisia,2023-03-26
1994,Amy Peterson,cust1994_susan40@hotmail.com,Danastad,Saint Pierre and Miquelon,2023-02-28
1995,Cheryl Rodgers,cust1995_teresaflores@yahoo.com,Taylorburgh,Andorra,2023-06-16
1996,Deborah Olson,cust1996_michaelbradshaw@hotmail.com,Jillianland,Solomon Islands,2023-04-04
1997,Caroline Moore,cust1997_mollysmith@gmail.com,West Jessica,Panama,2026-03-27
1998,Jennifer Sherman,cust1998_seth86@gmail.com,Nicoletown,Bermuda,2024-06-26
1999,Caroline Martin,cust1999_christopher99@gmail.com,Port Alexanderchester,India,2024-03-07
2000,Michael Williams,cust2000_qross@yahoo.com,New Michaelborough,Colombia,2026-03-17
2001,Russell Holland,cust2001_lovechristina@gmail.com,New Jeffreystad,Serbia,2025-05-03
2002,Manuel Taylor,cust2002_mary11@hotmail.com,South Melissa,Puerto Rico,2026-06-19
2003,Vincent Huynh,cust2003_stevenhopkins@yahoo.com,Campbellville,Uzbekistan,2023-03-04
2004,Jennifer Pittman,cust2004_icantrell@yahoo.com,Jefferyhaven,Rwanda,2025-10-16
2005,Alexandra Armstrong,cust2005_stevengonzalez@yahoo.com,South Margaretberg,Togo,2026-01-22
2006,Brian Bird,cust2006_kristinwilson@hotmail.com,Justinland,Jordan,2024-08-16
2007,Todd Baldwin,cust2007_sbailey@gmail.com,South Guy,Latvia,2024-09-10
2008,Jasmine Cox,cust2008_wshannon@gmail.com,Trevinoborough,Somalia,2025-09-16
2009,Eduardo Hanson,cust2009_fuentesnichole@gmail.com,Murphymouth,Bolivia,2024-05-16
2010,Jessica Bolton,cust2010_kharvey@gmail.com,West Heidi,Armenia,2025-04-11
2011,Donna Robinson,cust2011_joseph41@yahoo.com,East Joseph,Japan,2024-09-01
2012,Rebecca Mason,cust2012_carmstrong@hotmail.com,East Michaelport,Sierra Leone,2025-07-17
2013,Nichole Gray,cust2013_robertbradley@yahoo.com,Thompsonhaven,Jordan,2023-05-30
2014,Deborah Delgado,cust2014_larsonjeremy@yahoo.com,Timothyview,China,2023-05-03
2015,Nicholas Young,cust2015_conleyantonio@gmail.com,Fergusonview,Peru,2023-11-20
2016,Eric Mathis,cust2016_smclaughlin@gmail.com,Wagnerhaven,Estonia,2025-06-19
2017,Jim Foster,cust2017_wmiller@yahoo.com,Natalieview,Ukraine,2025-05-01
2018,John Shelton,cust2018_zfischer@hotmail.com,West Donnaland,Maldives,2025-09-18
2019,Joseph Lynch,cust2019_maysedward@yahoo.com,New Megan,Algeria,2025-08-09
2020,Elizabeth Williams,cust2020_jsantos@yahoo.com,West Theresastad,Isle of Man,2024-02-22
2021,Jessica Rogers,cust2021_perezjohn@yahoo.com,Vargasbury,Croatia,2024-11-27
2022,John Alexander,cust2022_andrewsullivan@hotmail.com,New Sarahburgh,Saint Pierre and Miquelon,2026-05-27
2023,Jason Mathews,cust2023_kimberly90@hotmail.com,Romerohaven,Jersey,2023-10-22
2024,Jonathan Rivera,cust2024_hugheskaren@hotmail.com,Harrisburgh,Qatar,2024-10-02
2025,Lisa Abbott,cust2025_barcher@hotmail.com,Laurenmouth,Thailand,2024-10-15
2026,Michael Turner,cust2026_donwilson@yahoo.com,West Deborahside,Jamaica,2024-12-08
2027,Pamela Gardner,cust2027_cvega@gmail.com,Myersburgh,Taiwan,2025-03-27
2028,Benjamin Hines,cust2028_wellssherry@hotmail.com,Port Mary,Taiwan,2023-09-25
2029,Megan Knight,cust2029_tracyhoffman@yahoo.com,Tammyborough,Sierra Leone,2025-01-28
2030,Julie Ellis,cust2030_fergusonlynn@yahoo.com,Georgeshire,French Guiana,2025-11-20
2031,Daniel Dominguez,cust2031_teresamiller@gmail.com,Kevintown,Bouvet Island (Bouvetoya),2026-02-24
2032,Reginald Bishop,cust2032_ycole@hotmail.com,North Christina,Svalbard & Jan Mayen Islands,2023-08-06
2033,Cheryl Richardson,cust2033_susannelson@hotmail.com,Donnabury,Sudan,2024-10-15
2034,Charles Savage,cust2034_owensamber@yahoo.com,Shawtown,Hungary,2024-05-10
2035,Tiffany Nelson,cust2035_ericacooper@hotmail.com,North Noahview,Turkmenistan,2025-08-13
2036,Tammy Barrett,cust2036_murphyjames@yahoo.com,North Thomasberg,Isle of Man,2023-09-08
2037,Amanda Hobbs,cust2037_anthonysoto@gmail.com,South Erikberg,Marshall Islands,2024-07-01
2038,Tracy Pierce,cust2038_marissa85@gmail.com,South Dylanhaven,Palestinian Territory,2025-07-09
2039,Gina Cunningham,cust2039_fwelch@gmail.com,Fernandezchester,Vietnam,2024-05-22
2040,Ashley Greene,cust2040_kgarrison@yahoo.com,Myerstown,Moldova,2023-10-16
2041,Casey Smith,cust2041_bryantcynthia@gmail.com,Leeview,Fiji,2023-07-18
2042,Gabriel Larson,cust2042_dawncook@hotmail.com,Yoderland,Christmas Island,2023-04-14
2043,Paul Cochran,cust2043_kennethsandoval@yahoo.com,South Candice,Myanmar,2024-08-17
2044,Timothy Frye,cust2044_adiaz@gmail.com,Ashleyfurt,Swaziland,2025-02-25
2045,Michele Wright,cust2045_cbanks@gmail.com,Port Kelly,Honduras,2026-06-14
2046,Ryan Vance,cust2046_bobby53@hotmail.com,Scottland,Reunion,2025-05-06
2047,Jessica Richardson,cust2047_erin36@hotmail.com,Maryhaven,Mayotte,2024-05-23
2048,Harold Love,cust2048_pbolton@hotmail.com,Joshuafurt,Isle of Man,2023-11-24
2049,Craig Martinez,cust2049_zjohnson@yahoo.com,Campbellland,Bulgaria,2024-11-01
2050,Eric Velasquez,cust2050_denniswilliams@yahoo.com,New Alice,Colombia,2026-03-29
2051,Jason Harvey,cust2051_reyesraymond@yahoo.com,Thompsonstad,Honduras,2024-10-02
2052,Leslie Preston,cust2052_briannamclaughlin@hotmail.com,East Malik,Micronesia,2024-01-24
2053,Sharon Ross,cust2053_cmckinney@hotmail.com,West Sabrina,Jordan,2023-11-23
2054,Bryan Scott,cust2054_brandonmeza@yahoo.com,North Mark,Netherlands,2025-10-17
2055,Chelsey Duran,cust2055_mooredavid@gmail.com,North Pennyport,French Southern Territories,2025-11-20
2056,William Hale,cust2056_nthomas@hotmail.com,Port Kevinbury,Timor-Leste,2025-08-14
2057,Duane Boyle,cust2057_robinsondavid@gmail.com,Morrisside,Latvia,2025-10-18
2058,Kevin Fernandez,cust2058_marissa64@gmail.com,West Regina,Greenland,2024-09-23
2059,Michelle Hernandez,cust2059_jesusdecker@gmail.com,Holderchester,New Caledonia,2025-10-15
2060,Ashley Harding,cust2060_kmartinez@hotmail.com,Lake Vanessastad,Iran,2023-02-17
2061,Sherry Miller,cust2061_john07@hotmail.com,Ortizhaven,Jersey,2023-07-04
2062,Vanessa Hernandez,cust2062_melissa04@gmail.com,Travisville,Russian Federation,2025-03-16
2063,Darius Jones,cust2063_timothymontgomery@yahoo.com,North Brettfort,Lithuania,2025-11-01
2064,Christopher Crawford,cust2064_bryan61@hotmail.com,North Dwayne,Grenada,2025-07-25
2065,Natasha Silva,cust2065_garzazachary@gmail.com,South Billy,French Southern Territories,2024-05-08
2066,Rita Christian,cust2066_joshua74@hotmail.com,Port Josephchester,Anguilla,2024-03-16
2067,Tyler Perry,cust2067_kimedwards@gmail.com,Lake Marychester,Gibraltar,2026-04-09
2068,Peter Jones,cust2068_ssoto@hotmail.com,Christopherbury,Palestinian Territory,2024-12-23
2069,Joshua Reed,cust2069_michael34@gmail.com,New Laurahaven,Afghanistan,2023-04-10
2070,Joshua Miller,cust2070_morrismary@yahoo.com,Jenniferfurt,Paraguay,2023-04-14
2071,Lance Wilson,cust2071_fwilliams@yahoo.com,North Justinshire,Ecuador,2024-07-30
2072,Rebecca Love,cust2072_patricia18@yahoo.com,Port Johnside,Canada,2025-10-10
2073,Robert Johnson,cust2073_briannalong@gmail.com,East Willieside,Micronesia,2026-05-08
2074,Travis Fuller,cust2074_kelleramanda@gmail.com,South Marc,New Caledonia,2025-08-21
2075,Ann Valenzuela,cust2075_heather93@gmail.com,West Jennifer,Bulgaria,2024-08-08
2076,Timothy Jacobs,cust2076_bevans@hotmail.com,Port Kaylachester,Libyan Arab Jamahiriya,2026-01-04
2077,Nathan Jacobs,cust2077_criddle@hotmail.com,North Tiffany,Saint Barthelemy,2023-01-17
2078,Michael Davis,cust2078_michelle11@gmail.com,Port Peter,Bolivia,2023-08-09
2079,Joshua Spencer,cust2079_cooperlauren@gmail.com,Lake David,Nepal,2025-06-01
2080,Amanda Gamble,cust2080_dwayneedwards@hotmail.com,Gregoryfort,Lesotho,2023-10-02
2081,Heidi Ramirez,cust2081_ybarber@gmail.com,Lake Paula,Belgium,2024-06-25
2082,Arthur Myers,cust2082_carsonashley@hotmail.com,New Joseph,Turkey,2025-01-19
2083,Regina Cuevas,cust2083_moniquewhite@yahoo.com,Livingstonstad,Djibouti,2025-04-05
2084,Brenda Cruz,cust2084_allen57@hotmail.com,Smithfurt,Maldives,2025-01-19
2085,Gary Hess,cust2085_zyoung@yahoo.com,South Maria,Heard Island and McDonald Islands,2023-04-03
2086,Nicholas Eaton,cust2086_hollandroy@gmail.com,North Micheleshire,Aruba,2025-03-31
2087,Virginia Brown,cust2087_daniellethomas@gmail.com,New Joseburgh,Portugal,2023-04-15
2088,Tommy Sherman,cust2088_xhorton@gmail.com,New Debraburgh,India,2026-03-13
2089,Marcus Ferguson,cust2089_andersontammy@yahoo.com,Michaelmouth,Equatorial Guinea,2026-02-24
2090,Vicki Garza,cust2090_bradleymitchell@hotmail.com,Heathermouth,Czech Republic,2024-02-03
2091,Becky Smith,cust2091_higginscaitlin@yahoo.com,Alyssaport,Turks and Caicos Islands,2025-01-12
2092,Diane Rivera,cust2092_kmoore@hotmail.com,Edwardfort,Nicaragua,2026-02-07
2093,Ethan Russell Jr.,cust2093_agarcia@gmail.com,Ambertown,Kiribati,2024-08-14
2094,Jerry Bowman,cust2094_zwinters@gmail.com,East Michael,Bahrain,2023-05-31
2095,Jacob Jones,cust2095_erinjones@gmail.com,South Tylerville,Germany,2025-03-02
2096,Gregory Alexander,cust2096_brooksharold@yahoo.com,East Johnmouth,Gambia,2025-10-29
2097,Derek Mckinney,cust2097_jessica53@gmail.com,Heathermouth,Myanmar,2025-07-11
2098,Nathan Martinez,cust2098_blakesarah@hotmail.com,Grahamport,Tanzania,2026-01-31
2099,Lauren Jordan,cust2099_jmcclure@gmail.com,West Jennifer,Lithuania,2024-07-26
2100,Michael Stevens,cust2100_brookstaylor@gmail.com,Lake Heather,Tanzania,2026-06-30
2101,Nicholas Weaver,cust2101_melissashaffer@gmail.com,East Anthony,Guyana,2026-06-05
2102,David Lopez,cust2102_hannahmunoz@yahoo.com,Port Felicia,Cote d'Ivoire,2023-09-01
2103,Shannon Roberts,cust2103_lopezann@gmail.com,Johnburgh,Suriname,2023-09-21
2104,Robert Brandt,cust2104_lwilliamson@hotmail.com,West Frederick,Lebanon,2023-07-18
2105,Lisa Fletcher,cust2105_jenniferdillon@hotmail.com,North Derrick,Poland,2025-03-17
2106,Kenneth King,cust2106_brownchristina@gmail.com,New Joshua,Burundi,2025-02-03
2107,Edward Keller,cust2107_pamelasmith@hotmail.com,Riveramouth,Tokelau,2024-11-25
2108,Ryan Vaughn,cust2108_peggybrown@yahoo.com,Samuelland,Cook Islands,2026-02-16
2109,Connie Johnson,cust2109_pkramer@gmail.com,East Kiara,Jersey,2025-01-18
2110,Misty Hernandez MD,cust2110_nmcdonald@gmail.com,South Oliviahaven,Reunion,2023-10-23
2111,Tina Morales,cust2111_jessica07@gmail.com,New Michael,Dominica,2024-02-12
2112,Andrew Mendez,cust2112_claireflynn@gmail.com,Christopherton,Northern Mariana Islands,2026-05-18
2113,Michael Luna,cust2113_rachaelnelson@hotmail.com,Kennedystad,Madagascar,2025-11-08
2114,Jesse Taylor,cust2114_wilkinsonrussell@gmail.com,Port Billyfurt,Comoros,2025-04-02
2115,Mary Kelly,cust2115_yware@yahoo.com,Danielport,Montserrat,2025-10-21
2116,Ethan Tucker,cust2116_danschaefer@hotmail.com,Goodmanside,Russian Federation,2023-03-24
2117,Zachary Clarke,cust2117_carol86@gmail.com,Lisatown,Tonga,2023-04-03
2118,Michael Stanley,cust2118_madisonhampton@yahoo.com,Jayberg,Samoa,2023-03-21
2119,Kevin Barry,cust2119_andersoneric@hotmail.com,Lake Michelleville,Greenland,2023-10-08
2120,Kristina Morgan,cust2120_allen12@hotmail.com,Kimburgh,Burundi,2024-11-13
2121,Ruth Stanton,cust2121_sheila42@hotmail.com,West Raymond,Kyrgyz Republic,2025-08-28
2122,Melissa Brown,cust2122_reginaanderson@yahoo.com,Brownside,Thailand,2025-11-29
2123,James Williams,cust2123_archerjames@hotmail.com,Barbarastad,Iran,2025-07-24
2124,Paul Andrews,cust2124_peter58@yahoo.com,Hansonshire,Singapore,2023-11-02
2125,Cheryl Gregory,cust2125_tashachase@yahoo.com,East Randall,British Indian Ocean Territory (Chagos Archipelago),2026-05-26
2126,Joshua Berry,cust2126_robertcruz@gmail.com,North Robertstad,United Arab Emirates,2025-11-21
2127,Jerry Hunter,cust2127_mark86@yahoo.com,Karenstad,Tuvalu,2023-10-14
2128,Brett Church III,cust2128_ahill@gmail.com,Millsmouth,Mali,2024-11-02
2129,Jennifer Schmidt,cust2129_kellybrown@gmail.com,Reyesview,Greece,2026-06-09
2130,Christopher Scott,cust2130_jordan89@hotmail.com,Fitzpatricktown,Cambodia,2024-10-14
2131,Sandra Harris,cust2131_bbarr@gmail.com,Port Lucas,Latvia,2023-11-29
2132,Monica Chavez,cust2132_rickywilliams@hotmail.com,Lisaview,Cape Verde,2025-03-15
2133,Kayla Jenkins,cust2133_brandonsteele@hotmail.com,New Cherylside,Czech Republic,2026-06-16
2134,Lee Salas,cust2134_lewiselizabeth@gmail.com,Littlefort,Nepal,2024-09-04
2135,Dr. Roberto Johnston,cust2135_rtaylor@yahoo.com,New Joseph,Cote d'Ivoire,2026-04-30
2136,Leon Rose,cust2136_louis07@gmail.com,Karenfurt,Sao Tome and Principe,2024-11-19
2137,Elizabeth Hicks,cust2137_berrytyrone@hotmail.com,New John,Andorra,2025-11-04
2138,Lauren Burton,cust2138_taylortoni@gmail.com,Lake Christina,Faroe Islands,2025-11-09
2139,Shane Gates,cust2139_taragomez@hotmail.com,West Abigail,New Zealand,2025-12-26
2140,Alicia Lee,cust2140_eric31@hotmail.com,Ortegafort,France,2025-09-30
2141,Julia Lynch,cust2141_douglascarl@yahoo.com,Victoriahaven,Saint Helena,2026-02-26
2142,Aaron Boyd,cust2142_maryflores@hotmail.com,Hortonview,Botswana,2024-09-05
2143,Caitlin Lucas,cust2143_garysnow@gmail.com,Jenniferfurt,Saint Barthelemy,2025-08-30
2144,Diana Stevens,cust2144_hcarter@gmail.com,Port Tinaborough,Reunion,2023-02-04
2145,Jamie Bridges,cust2145_dianemay@hotmail.com,West Christopherhaven,Uzbekistan,2025-01-24
2146,Pamela Harrison,cust2146_kenneththomas@yahoo.com,Lorraineshire,Georgia,2024-11-09
2147,Joshua Huff,cust2147_preilly@gmail.com,Hardybury,Palau,2023-08-13
2148,Jerry Shaw,cust2148_hoopernicole@gmail.com,Sheltonshire,Azerbaijan,2025-05-03
2149,Robert Hines,cust2149_rstewart@hotmail.com,Brownside,Fiji,2026-04-10
2150,Victoria Carpenter,cust2150_chad76@yahoo.com,Leeshire,Malta,2024-09-22
2151,Robert Hancock,cust2151_cameronkaitlyn@yahoo.com,West Brandymouth,Lithuania,2023-02-24
2152,Kristin Turner,cust2152_jjackson@gmail.com,Andreamouth,Isle of Man,2026-05-07
2153,Alexander Moore,cust2153_jenningsraymond@gmail.com,New Raymond,Botswana,2025-08-29
2154,Timothy Hartman,cust2154_chenmatthew@gmail.com,East Sarahside,Mali,2024-06-27
2155,Sarah Mueller,cust2155_dixondennis@gmail.com,Smithfurt,Iceland,2026-03-30
2156,Sarah Carlson,cust2156_williamsbrenda@gmail.com,Maxwellshire,Moldova,2026-03-28
2157,Juan Barry,cust2157_joshuamccarthy@hotmail.com,Stanleymouth,Uruguay,2024-04-11
2158,Miguel Williams,cust2158_gmurphy@hotmail.com,Atkinsbury,Comoros,2023-04-16
2159,Michael Smith,cust2159_vramos@gmail.com,Port Linda,United Arab Emirates,2026-04-10
2160,Ariel Murphy,cust2160_maldonadokatrina@yahoo.com,West Davidland,Malta,2025-09-10
2161,Larry Wiley,cust2161_zacharypage@yahoo.com,Bradleystad,Malawi,2023-12-16
2162,Ashley Jones,cust2162_parkertimothy@gmail.com,Port Elijahbury,Oman,2025-12-09
2163,Sarah Gonzalez,cust2163_owilson@yahoo.com,Lake Benjaminmouth,Turkey,2026-06-23
2164,Lisa Medina,cust2164_jessebeltran@hotmail.com,Michaelhaven,French Guiana,2025-02-17
2165,William Andrews,cust2165_angel36@hotmail.com,Mckaytown,Bahrain,2023-10-30
2166,Timothy Austin,cust2166_frobinson@hotmail.com,Port David,Myanmar,2024-05-11
2167,Holly Mccarthy,cust2167_carolynwarner@gmail.com,Hallhaven,India,2023-03-06
2168,Patricia Clark,cust2168_taylormaria@yahoo.com,Sandraport,Norway,2026-03-18
2169,Roberto Perez,cust2169_christopher51@hotmail.com,Courtneyview,Mauritania,2023-08-14
2170,Jeffrey Price,cust2170_tlozano@yahoo.com,Bradfordview,Iceland,2024-01-26
2171,Bryan Paul,cust2171_amy17@yahoo.com,South Brycetown,Guadeloupe,2023-02-08
2172,Christopher Martin,cust2172_sullivanandrea@hotmail.com,Patriciaville,Denmark,2025-06-22
2173,Elizabeth Hill,cust2173_dhughes@hotmail.com,Lisaborough,Puerto Rico,2024-10-04
2174,Mr. Alexander Davies,cust2174_amandaroberts@hotmail.com,East Kelli,Antarctica (the territory South of 60 deg S),2025-05-07
2175,Jessica Farrell,cust2175_tanya09@hotmail.com,Mannburgh,Brazil,2023-11-07
2176,Chelsea Bennett,cust2176_vmartinez@yahoo.com,Gutierrezland,Afghanistan,2025-04-25
2177,Erik Long,cust2177_joshuashepherd@gmail.com,Port Melinda,Brunei Darussalam,2024-02-22
2178,Michael Robinson,cust2178_jonesvanessa@hotmail.com,Stantonside,Cyprus,2025-04-20
2179,Katherine Williamson,cust2179_davismichelle@hotmail.com,West Edwardport,Falkland Islands (Malvinas),2025-10-24
2180,Barbara Carter,cust2180_jasonfrank@yahoo.com,South Kevinfurt,United States of America,2026-06-06
2181,Stephen Taylor,cust2181_hli@hotmail.com,Sanchezberg,Hong Kong,2025-08-23
2182,Keith Casey,cust2182_jill69@hotmail.com,Michaelburgh,Northern Mariana Islands,2023-05-08
2183,Michael Bennett,cust2183_lisa49@gmail.com,East Saraside,Gibraltar,2023-10-10
2184,Christopher Solis,cust2184_bryan34@yahoo.com,Nancyfurt,Liberia,2025-11-28
2185,Joseph Herrera,cust2185_turnerkari@gmail.com,West Saraview,Honduras,2024-02-29
2186,Melissa Brooks,cust2186_mcarter@gmail.com,Christopherview,Qatar,2026-02-22
2187,Judith Holmes,cust2187_jason20@yahoo.com,New Marcobury,Kazakhstan,2024-10-27
2188,Jeffrey Davis Jr.,cust2188_wayne01@hotmail.com,Hannaland,Georgia,2025-09-06
2189,Bradley Davis,cust2189_wrightryan@hotmail.com,Jacksonville,Western Sahara,2025-12-12
2190,Katelyn Dunn,cust2190_ndavis@hotmail.com,Mccoymouth,Jamaica,2025-02-10
2191,Gary Gibson,cust2191_russellamy@gmail.com,Port Ronald,Mozambique,2024-10-04
2192,Dana Stokes,cust2192_watsonjose@hotmail.com,North Richard,Austria,2023-12-21
2193,Anthony Haley,cust2193_psawyer@hotmail.com,Reneetown,Peru,2025-07-30
2194,Ronald Jackson,cust2194_daviskristina@gmail.com,Ortizton,Bosnia and Herzegovina,2025-12-27
2195,David Rodgers,cust2195_andrewbird@yahoo.com,Orozcoborough,Thailand,2024-12-02
2196,Brenda Taylor,cust2196_joshuajohnson@yahoo.com,Port Tiffany,Bulgaria,2026-01-23
2197,Christopher Watson,cust2197_dianadavis@hotmail.com,Port Charlesborough,Equatorial Guinea,2024-12-26
2198,Christine Johnston,cust2198_jeremythompson@gmail.com,Mosesville,South Africa,2024-06-25
2199,David Harper,cust2199_marisa64@yahoo.com,East Kevin,Macao,2026-06-03
2200,Raymond Evans,cust2200_apatterson@gmail.com,Brandychester,Japan,2025-09-18
2201,Christopher Brown,cust2201_john77@hotmail.com,West Dorothy,Mexico,2024-01-29
2202,Heather Howell,cust2202_michaeldavenport@gmail.com,Haleyfurt,Iraq,2024-05-19
2203,Gary Boone,cust2203_tony62@yahoo.com,Port Danielle,Bahamas,2024-07-25
2204,Jennifer Evans,cust2204_thomas53@gmail.com,Sweeneystad,Cayman Islands,2026-02-16
2205,Jeremy Riddle,cust2205_sandra66@hotmail.com,Elizabethmouth,Cote d'Ivoire,2024-09-03
2206,Melissa Lyons,cust2206_omartinez@hotmail.com,Julieberg,French Guiana,2024-04-05
2207,Thomas Fischer,cust2207_lsnyder@gmail.com,Dakotafort,Belgium,2024-09-01
2208,Jimmy Newman,cust2208_vtapia@hotmail.com,West Joseph,Wallis and Futuna,2024-08-14
2209,Jennifer Murphy,cust2209_ksanchez@gmail.com,Gloverfurt,Saint Martin,2024-02-29
2210,Elizabeth Ruiz,cust2210_christinagoodwin@hotmail.com,South Colebury,Peru,2025-09-28
2211,Angela Long,cust2211_heatherdavis@gmail.com,South Lindsayfort,Bulgaria,2024-10-11
2212,John Martin,cust2212_hahnjoshua@hotmail.com,Olsenside,United Kingdom,2025-09-09
2213,Kristi Taylor,cust2213_audrey12@gmail.com,Raymondborough,Nauru,2024-12-15
2214,Rachel Ramos,cust2214_marcusramirez@gmail.com,South Megan,French Polynesia,2026-02-21
2215,Jared Stark,cust2215_carlastevens@hotmail.com,Alexanderfurt,Swaziland,2024-07-14
2216,Kathy Ortega,cust2216_whiterobert@yahoo.com,Ashleyland,Niger,2024-08-12
2217,William Johnson,cust2217_jefferywalker@gmail.com,North Stephanieville,Chile,2023-09-07
2218,Raymond Johnson,cust2218_pparsons@hotmail.com,Jessicaton,Senegal,2026-03-20
2219,Chloe Hall,cust2219_jason67@hotmail.com,Lake Joshua,South Africa,2026-01-17
2220,Angel Elliott,cust2220_christopher01@yahoo.com,Burketon,Barbados,2025-02-16
2221,Susan Davis MD,cust2221_beth91@gmail.com,Port Larryburgh,Uganda,2025-03-19
2222,Brittany Hoffman,cust2222_hcastaneda@yahoo.com,Lake Tammieton,Egypt,2024-12-07
2223,Bryan Singleton,cust2223_jonathanwoodard@yahoo.com,Angelaberg,Bahamas,2023-10-27
2224,Craig Coleman,cust2224_qcunningham@gmail.com,Hoodshire,Bolivia,2024-08-17
2225,Joshua Brown,cust2225_kristin11@yahoo.com,East Natalieville,Myanmar,2023-03-28
2226,Tammy Montoya,cust2226_kevinmarshall@gmail.com,New Angela,Palau,2024-08-12
2227,Brandon Anderson,cust2227_trosales@yahoo.com,South Sarah,Belarus,2023-06-11
2228,Lisa Booker,cust2228_xsweeney@yahoo.com,Phillipschester,Comoros,2024-12-10
2229,Cynthia Kramer,cust2229_johnsondana@yahoo.com,Lake Valerieville,Slovenia,2025-06-24
2230,Donna Wright,cust2230_davidcampbell@gmail.com,Lake Johnmouth,Cuba,2024-06-09
2231,Jason Alvarado,cust2231_paulrussell@yahoo.com,Matthewmouth,China,2025-09-08
2232,Kathleen Collins,cust2232_smithcynthia@yahoo.com,Leland,Vietnam,2024-03-14
2233,Lauren Harper,cust2233_abigail56@yahoo.com,Williambury,Azerbaijan,2024-02-18
2234,Brian Mooney,cust2234_ryan56@gmail.com,Michaelhaven,French Polynesia,2026-01-08
2235,Sarah Lopez,cust2235_bryantpeter@gmail.com,Richardtown,Eritrea,2024-07-09
2236,Adam Johnson,cust2236_millermichele@hotmail.com,Danielbury,Albania,2026-02-25
2237,Mrs. Mariah Woodward,cust2237_jorgecobb@hotmail.com,Stricklandville,Turkey,2024-07-10
2238,Warren Hooper,cust2238_mortiz@gmail.com,Vanessaville,Libyan Arab Jamahiriya,2023-10-09
2239,Charles Ruiz,cust2239_jamescortez@gmail.com,Mollyburgh,Burundi,2023-08-12
2240,Juan White,cust2240_justinherrera@yahoo.com,Michellehaven,Congo,2026-06-14
2241,Larry Larson,cust2241_smithchristopher@hotmail.com,Shaunville,Denmark,2026-04-16
2242,Richard Bush,cust2242_michaeljohnson@yahoo.com,West Tammy,Western Sahara,2024-05-05
2243,Charles Miranda,cust2243_sandrasmith@yahoo.com,Davidstad,Zimbabwe,2024-05-11
2244,William George MD,cust2244_anthonyhouse@gmail.com,North Pattyville,Nigeria,2023-04-14
2245,Sean Harding,cust2245_kevinaustin@gmail.com,Lake Josefort,Moldova,2025-12-23
2246,Jesse Oconnor,cust2246_andreathompson@hotmail.com,North Paul,Saudi Arabia,2024-04-07
2247,William Hansen,cust2247_nunezjeremy@hotmail.com,Lake Dustinbury,Swaziland,2024-04-21
2248,Molly Higgins,cust2248_sarah36@hotmail.com,West Lisaside,Gibraltar,2023-04-18
2249,Suzanne Mueller,cust2249_heidi08@yahoo.com,New Patricia,Afghanistan,2023-07-25
2250,Lindsey Jordan,cust2250_norrismichael@gmail.com,Smithland,Saint Lucia,2025-04-26
2251,Gary Stevens,cust2251_shaunhill@yahoo.com,North Raymondberg,Kenya,2024-11-07
2252,Timothy Barnes,cust2252_evansrachel@gmail.com,West Jeffrey,Angola,2025-08-25
2253,Cheyenne Sharp,cust2253_daniellesweeney@yahoo.com,Kevinfort,Tokelau,2023-07-25
2254,Erica Walter,cust2254_schmidtemma@gmail.com,West Grant,Gabon,2023-10-09
2255,Pamela Hill,cust2255_tfletcher@gmail.com,Matthewfurt,Netherlands Antilles,2023-01-11
2256,Joseph Stewart,cust2256_meghan90@yahoo.com,Port Victor,Sudan,2026-02-01
2257,Christopher Martin,cust2257_wbrown@gmail.com,Lake Drew,South Africa,2023-11-20
2258,Kyle Howard,cust2258_melindamorris@hotmail.com,New Paul,Aruba,2025-04-13
2259,Thomas Taylor,cust2259_slong@hotmail.com,South Ericfort,French Polynesia,2025-09-01
2260,Lindsay Calderon,cust2260_turnerrichard@hotmail.com,North Michael,Dominican Republic,2025-09-04
2261,Stephanie Reyes,cust2261_thomasmooney@gmail.com,Walkerberg,Svalbard & Jan Mayen Islands,2024-02-13
2262,Andrew Lewis,cust2262_brendaporter@yahoo.com,Adrianberg,Aruba,2024-08-11
2263,Michael Williams,cust2263_dawnlewis@hotmail.com,South Cassandra,Belize,2024-10-19
2264,April Lucas,cust2264_jeannewong@yahoo.com,South Dustinmouth,Honduras,2024-08-07
2265,Megan Graves,cust2265_palmermiguel@hotmail.com,Aaronmouth,Mozambique,2023-05-02
2266,Robin Thomas MD,cust2266_jessica32@hotmail.com,North Suzanne,Pakistan,2023-07-03
2267,Julie Casey,cust2267_mitchellnicholas@yahoo.com,Marymouth,American Samoa,2026-03-21
2268,Bailey Phillips,cust2268_james91@gmail.com,Dicksonchester,Italy,2024-04-20
2269,Gina Cooper,cust2269_wwong@yahoo.com,East Anthonyshire,Cayman Islands,2025-12-31
2270,Samantha Wong,cust2270_akelley@hotmail.com,Port Jenniferton,Cape Verde,2023-03-18
2271,Benjamin Wilson,cust2271_rgarrett@yahoo.com,South Crystalfort,Norfolk Island,2023-12-25
2272,George Taylor,cust2272_gabriellamartinez@yahoo.com,North Misty,Honduras,2025-05-05
2273,Kellie Mitchell,cust2273_robert71@gmail.com,Meganport,Congo,2023-12-27
2274,Allen Francis,cust2274_xgreer@gmail.com,Port John,Qatar,2023-03-16
2275,Charles Kim,cust2275_njames@gmail.com,Fischerside,Rwanda,2025-03-24
2276,John Spencer,cust2276_kgutierrez@gmail.com,Paulahaven,Burundi,2025-10-11
2277,Brett Hill,cust2277_olsenlinda@gmail.com,Longburgh,Jersey,2024-01-17
2278,Ricky Robinson,cust2278_bryce27@gmail.com,Lesliestad,Cyprus,2024-08-15
2279,Susan Burns,cust2279_emily56@hotmail.com,Maddenview,Marshall Islands,2023-03-18
2280,Edward Simmons,cust2280_joshuapham@yahoo.com,Mariatown,Gambia,2023-01-19
2281,Charles Smith,cust2281_klane@yahoo.com,Patrickmouth,Togo,2024-09-03
2282,Robert Brown,cust2282_wcannon@yahoo.com,Dawsonburgh,Nepal,2026-03-09
2283,Nancy Park,cust2283_nsilva@yahoo.com,Michelleland,Bulgaria,2026-05-19
2284,Elizabeth Melton,cust2284_rachel22@gmail.com,Patriciamouth,Mexico,2023-08-08
2285,Miss Sarah Barnett,cust2285_mitchellmichael@yahoo.com,Hodgeberg,Holy See (Vatican City State),2024-11-17
2286,Joseph Wolfe,cust2286_stevensjames@hotmail.com,North Kelly,Moldova,2024-08-05
2287,Theresa Mercer,cust2287_kimlee@hotmail.com,Lake Brian,Montenegro,2025-07-19
2288,Debra Brown,cust2288_xfreeman@hotmail.com,Smithborough,Ireland,2026-01-17
2289,Megan Allison,cust2289_hgonzalez@gmail.com,Port Margaret,Anguilla,2025-12-09
2290,Sarah Vance,cust2290_wesley42@yahoo.com,Kerriside,Costa Rica,2025-10-08
2291,Paul Henderson,cust2291_ylowe@gmail.com,Lake Amber,Iraq,2023-10-02
2292,Dr. Brady Clark Jr.,cust2292_danielle49@yahoo.com,Mcdowellberg,Anguilla,2025-10-29
2293,Jacqueline Barnes,cust2293_wilsonjacob@yahoo.com,Kathrynland,United States of America,2025-08-16
2294,Cindy Williams,cust2294_jonesrachel@yahoo.com,Rodriguezstad,Solomon Islands,2024-07-12
2295,Michelle Kline,cust2295_fernandezbrandon@hotmail.com,West Jonathanland,Bahamas,2024-01-30
2296,Dillon Brown,cust2296_gcruz@yahoo.com,Lake Jasonmouth,Comoros,2023-08-19
2297,Mary Hill,cust2297_thomasellis@yahoo.com,East Bobbytown,Bosnia and Herzegovina,2024-11-08
2298,Kelli Stewart,cust2298_seth77@hotmail.com,Barryton,Cape Verde,2023-11-29
2299,Rachel Sandoval,cust2299_hmerritt@hotmail.com,South Jacqueline,Jordan,2025-07-28
2300,Jacob Reilly,cust2300_hpollard@yahoo.com,North Ashleyfort,Sweden,2024-06-10
2301,Jessica Riley,cust2301_elizabethmoore@gmail.com,Kanemouth,Tonga,2024-01-17
2302,Wayne Herrera,cust2302_jake58@gmail.com,Robertmouth,Romania,2023-01-29
2303,Jacob Diaz,cust2303_vanessalane@hotmail.com,West Erik,Iran,2024-11-21
2304,Anna Whitehead,cust2304_crogers@gmail.com,Amberview,Vanuatu,2024-08-27
2305,Joshua Jacobs,cust2305_adamgolden@gmail.com,East Kristinamouth,Costa Rica,2026-03-08
2306,Roger White,cust2306_jjordan@hotmail.com,West Levi,Northern Mariana Islands,2024-01-31
2307,Parker Brown,cust2307_david85@yahoo.com,Rodriguezbury,Albania,2023-12-26
2308,Julie Lee,cust2308_nicholsanne@yahoo.com,Lake Megan,Northern Mariana Islands,2026-06-05
2309,Ronald Peters,cust2309_stephanieleon@yahoo.com,Gillespieville,British Indian Ocean Territory (Chagos Archipelago),2025-04-10
2310,Kathryn Taylor,cust2310_heathercastillo@hotmail.com,Gonzalezton,Algeria,2025-05-25
2311,Bradley Jones,cust2311_jenniferramirez@gmail.com,Emilyfort,Cuba,2025-11-21
2312,Tracey Bailey,cust2312_sallison@hotmail.com,Dukeville,Saudi Arabia,2024-11-02
2313,Tanya Joseph,cust2313_rmichael@hotmail.com,Rodriguezstad,Russian Federation,2023-06-27
2314,Hannah Ross,cust2314_crussell@hotmail.com,Warrenbury,Congo,2025-03-31
2315,Derek Smith,cust2315_edwin42@hotmail.com,Flemingstad,Congo,2023-07-15
2316,Lori Krueger,cust2316_daviddavis@gmail.com,Johntown,Kuwait,2024-01-14
2317,Michael Mendoza,cust2317_robertfarmer@yahoo.com,Kramershire,Brazil,2023-10-15
2318,Tony Johnson,cust2318_williamsrandy@gmail.com,Smithhaven,Antigua and Barbuda,2025-09-04
2319,Gregory Armstrong,cust2319_elizabethkirk@yahoo.com,Boyerborough,Cyprus,2024-10-24
2320,Jordan Reeves,cust2320_travis19@gmail.com,West Ashleyfort,Montenegro,2024-05-23
2321,David Sanchez,cust2321_ymercer@yahoo.com,Port Eric,Turkey,2023-01-14
2322,Tommy Herring,cust2322_lisarussell@yahoo.com,Port April,Georgia,2024-06-18
2323,Gary Garrison,cust2323_vanessajimenez@gmail.com,Aaronton,Portugal,2025-02-24
2324,Megan Thomas,cust2324_fbeck@yahoo.com,Tylermouth,Benin,2024-04-27
2325,Kristin Morgan,cust2325_madisonsimpson@gmail.com,Bestborough,Saint Lucia,2025-07-03
2326,Matthew Swanson,cust2326_lukefisher@hotmail.com,South Carmen,Serbia,2024-06-30
2327,Christina Smith,cust2327_brownbenjamin@gmail.com,North Angela,Mali,2024-11-06
2328,Aaron Shepard,cust2328_thompsondawn@gmail.com,Hollyview,Bahrain,2024-09-10
2329,Stanley Greene,cust2329_colleenwilliams@hotmail.com,North Sandra,Romania,2026-04-07
2330,Jeremy Coleman,cust2330_kaylalong@hotmail.com,New Kristinaland,Burundi,2026-03-19
2331,Miss Jessica Jones,cust2331_kimberly47@gmail.com,Rhondabury,Barbados,2023-01-24
2332,Sharon Davis DVM,cust2332_emilyharmon@gmail.com,Crawfordborough,Netherlands,2024-06-19
2333,Jonathan Irwin,cust2333_grantvanessa@hotmail.com,Donaldchester,New Caledonia,2025-01-06
2334,Zachary Quinn,cust2334_deborah16@yahoo.com,Mendozaville,Malawi,2024-04-28
2335,James Hurst DDS,cust2335_robertyoung@hotmail.com,Angelfurt,Turkmenistan,2023-05-08
2336,Margaret Stevens,cust2336_kjackson@gmail.com,Reynoldsmouth,Malaysia,2023-08-31
2337,Kayla Hudson,cust2337_sethsanders@yahoo.com,Garyside,United States Virgin Islands,2025-08-11
2338,Megan Klein,cust2338_fordbeverly@gmail.com,Arianaville,Burkina Faso,2024-09-20
2339,Marcus Castillo,cust2339_ryanvillegas@yahoo.com,Phillipsside,Taiwan,2023-11-24
2340,Justin Moyer,cust2340_stewartsandra@hotmail.com,Davidmouth,Botswana,2025-04-10
2341,Phyllis Rivera,cust2341_ashleyashley@gmail.com,Michellestad,Spain,2025-10-26
2342,Joseph Miller,cust2342_skinnerkyle@yahoo.com,North Morganstad,Singapore,2024-09-28
2343,Nathan White,cust2343_brooke28@yahoo.com,Baileymouth,Australia,2023-08-29
2344,Maria Schroeder,cust2344_andrewgarcia@gmail.com,Cynthialand,Norway,2024-08-27
2345,Sara Johnson,cust2345_george06@hotmail.com,Edwardburgh,Central African Republic,2025-01-22
2346,Colin Jacobs,cust2346_waltersalfred@gmail.com,North Kimberlyfort,Northern Mariana Islands,2026-06-12
2347,Todd Burnett,cust2347_rebeccacurtis@yahoo.com,West Jacqueline,Montserrat,2024-03-28
2348,David Landry,cust2348_virginia57@hotmail.com,Port Dawnview,Gambia,2024-03-24
2349,Matthew Harper,cust2349_fgregory@yahoo.com,Lake Omarfort,Solomon Islands,2023-10-01
2350,Matthew King,cust2350_jeffery51@yahoo.com,Riosside,Mauritania,2025-09-06
2351,Jennifer Pennington,cust2351_elizabethbrennan@hotmail.com,Port Kenneth,Saint Vincent and the Grenadines,2023-11-10
2352,Mary Mcintosh,cust2352_asoto@yahoo.com,South Tiffany,Switzerland,2025-07-20
2353,Erik Moore,cust2353_hkennedy@yahoo.com,New Rachelport,Ecuador,2026-05-25
2354,Stephen Ortiz,cust2354_dianebanks@yahoo.com,Port Theresa,Jersey,2025-02-04
2355,Melissa Delacruz MD,cust2355_hineskrystal@yahoo.com,West Virginiaton,Nepal,2025-05-01
2356,Derrick Ford,cust2356_williamsjames@gmail.com,New Brandon,Lao People's Democratic Republic,2026-01-29
2357,Thomas Burns,cust2357_megangarza@yahoo.com,Elizabethtown,Dominican Republic,2025-08-22
2358,Alyssa Fisher,cust2358_angie51@yahoo.com,Lake Davidtown,French Southern Territories,2026-01-05
2359,Allison Lopez DDS,cust2359_jason31@gmail.com,Carlsonbury,Sweden,2024-03-23
2360,John Garrison,cust2360_jacob11@gmail.com,Lake Michael,Antarctica (the territory South of 60 deg S),2024-05-21
2361,Sean Morales,cust2361_nicolemontoya@gmail.com,Pittmanfurt,United Kingdom,2026-05-05
2362,Michael Rodriguez,cust2362_millstyler@hotmail.com,New Jennifer,Guernsey,2023-06-17
2363,Gordon Miller,cust2363_zdavila@hotmail.com,New Jesseville,Belgium,2025-12-12
2364,Steven Torres,cust2364_larry37@hotmail.com,Port Robertfort,Colombia,2025-07-03
2365,Ashley Bryant,cust2365_scottcruz@gmail.com,Lake Loganfort,Holy See (Vatican City State),2025-12-17
2366,Michelle Farmer,cust2366_kathleenscott@gmail.com,Port Roger,Malaysia,2025-01-10
2367,Bryan Daugherty,cust2367_amyers@hotmail.com,South Ashleyland,Netherlands,2023-06-09
2368,Cynthia Tyler,cust2368_sandraharper@gmail.com,Garnerton,Georgia,2026-03-01
2369,Michael Griffith,cust2369_samanthamartinez@hotmail.com,Alexanderville,Yemen,2023-08-18
2370,Philip Ramirez,cust2370_mariaschmidt@hotmail.com,West Wayneland,Palestinian Territory,2023-05-07
2371,Christian Thomas,cust2371_richarddiaz@hotmail.com,New Gregory,Saint Helena,2026-01-26
2372,David Anderson,cust2372_katie76@yahoo.com,New Chelsea,Bouvet Island (Bouvetoya),2025-11-01
2373,Eileen Johnson,cust2373_courtney31@hotmail.com,Lake Kevin,Jordan,2024-02-19
2374,Jacqueline Herman,cust2374_tannergina@gmail.com,Webbville,Gibraltar,2026-03-18
2375,Charles Richards,cust2375_yjacobs@yahoo.com,South Jasonburgh,Malawi,2026-01-04
2376,Jeffery Jennings,cust2376_manningjessica@yahoo.com,Port Christine,Cayman Islands,2023-11-03
2377,Joshua Sanders,cust2377_buchananscott@hotmail.com,Grahamfort,Brazil,2023-12-03
2378,Heather Cunningham,cust2378_cfreeman@hotmail.com,Michaelland,Holy See (Vatican City State),2024-11-02
2379,Amy Hill,cust2379_smithvanessa@gmail.com,Port Debbie,Samoa,2025-12-01
2380,Dana Snyder,cust2380_eatonjulie@yahoo.com,Nicoleburgh,Nepal,2025-06-23
2381,James Juarez,cust2381_youngkimberly@yahoo.com,New Kimberlyborough,Faroe Islands,2023-08-27
2382,Michael Shelton,cust2382_colleen82@gmail.com,Weaverville,Aruba,2024-02-25
2383,David Dunn,cust2383_seanjones@yahoo.com,East Johnfurt,Bahamas,2026-04-09
2384,Eric Hernandez,cust2384_youngdiane@gmail.com,Lauraburgh,Antigua and Barbuda,2025-09-28
2385,Natalie Jennings,cust2385_keithemily@hotmail.com,Lake Kimberlychester,Cyprus,2023-07-06
2386,Adam Medina,cust2386_wongjacqueline@gmail.com,Burkemouth,San Marino,2025-11-11
2387,Michelle Wong,cust2387_colson@gmail.com,West Davidview,Qatar,2025-07-01
2388,Phyllis Levy,cust2388_bryantryan@yahoo.com,Monicatown,South Africa,2023-04-24
2389,Kim Obrien,cust2389_whitestephen@hotmail.com,Christopherville,Turkmenistan,2025-07-17
2390,Nicole Dean,cust2390_michael56@hotmail.com,Thomasfurt,Guatemala,2023-09-28
2391,Rodney Greene,cust2391_fpatterson@gmail.com,Griffinville,Portugal,2025-11-17
2392,Kathryn Perry,cust2392_meghanallen@yahoo.com,Rodriguezfurt,Serbia,2025-04-30
2393,Tammy Alexander,cust2393_shelbywatson@yahoo.com,South Corey,Mayotte,2025-07-24
2394,Kelly Burgess,cust2394_martindonald@hotmail.com,Elizabethland,Gabon,2026-02-28
2395,James James,cust2395_ucoleman@gmail.com,West Stephanieville,Barbados,2023-04-29
2396,Jennifer Davis,cust2396_grant15@gmail.com,Williamville,Netherlands Antilles,2026-02-18
2397,Joseph Fisher,cust2397_bgreen@yahoo.com,Edwardsside,Mongolia,2025-08-04
2398,Jordan Webb,cust2398_robinsonandrea@gmail.com,North Joshuabury,Libyan Arab Jamahiriya,2024-09-23
2399,Tami Perez,cust2399_hannahmiller@yahoo.com,Lake Stephanie,Slovakia (Slovak Republic),2023-02-14
2400,Victoria Wheeler,cust2400_timothybrown@yahoo.com,West Caleb,United States of America,2025-03-21
2401,James Zuniga,cust2401_bethmiller@yahoo.com,East William,Fiji,2024-06-05
2402,Joseph Smith,cust2402_griffinbrandy@yahoo.com,Port Mariamouth,Philippines,2023-01-07
2403,Louis Tyler,cust2403_marissa74@hotmail.com,Weberton,Germany,2024-03-22
2404,Sean Rodriguez,cust2404_rodriguezamy@yahoo.com,Vanessastad,Maldives,2026-03-30
2405,Kristen Nichols,cust2405_cooleypatricia@gmail.com,Jonesborough,Norfolk Island,2023-05-30
2406,Sarah Grimes,cust2406_richard31@yahoo.com,Port Clinton,Nepal,2023-04-03
2407,Troy Wall,cust2407_vmeyers@yahoo.com,South Candicechester,Cuba,2025-05-17
2408,Justin Jones MD,cust2408_alicianorris@hotmail.com,South Alyssaburgh,Qatar,2024-12-06
2409,Phillip Day,cust2409_porterronald@yahoo.com,Jacobburgh,Brazil,2023-05-11
2410,Robert Vazquez,cust2410_zmccall@gmail.com,South Christinahaven,Greenland,2026-01-13
2411,Andrew Abbott,cust2411_hannah03@yahoo.com,New Michael,French Polynesia,2023-05-04
2412,Ricardo Gordon,cust2412_heather39@hotmail.com,East Timothyview,Saint Martin,2023-05-22
2413,Mark Thomas,cust2413_kimberly51@yahoo.com,Chadburgh,Gibraltar,2025-08-24
2414,Sherry Soto,cust2414_marilyn62@gmail.com,Lake Jacob,Sudan,2023-03-06
2415,Michael Foster,cust2415_michael13@hotmail.com,Lucasville,Germany,2024-08-10
2416,Ricardo Morrison,cust2416_jacobsonlaurie@hotmail.com,Boydmouth,Singapore,2025-04-17
2417,Amber Matthews,cust2417_michael98@yahoo.com,Lake Joshua,Saint Lucia,2024-01-04
2418,William Carr,cust2418_jacquelinemurray@hotmail.com,West Debra,Senegal,2023-10-05
2419,Jennifer Romero,cust2419_wileyjason@hotmail.com,Leechester,Korea,2025-05-10
2420,Michael Martinez,cust2420_jasminevillegas@hotmail.com,West David,Chile,2025-02-05
2421,Nancy Landry,cust2421_barkeralicia@hotmail.com,Port Lisa,Isle of Man,2025-02-22
2422,Danielle Quinn,cust2422_aedwards@gmail.com,Lake Krystalport,Ethiopia,2025-07-07
2423,Philip Tran,cust2423_eric02@hotmail.com,Johnstad,Albania,2025-02-12
2424,Elizabeth Jenkins,cust2424_wilsonjill@yahoo.com,West Robertview,Algeria,2025-02-08
2425,Laura Garcia,cust2425_nbell@hotmail.com,East Taylormouth,Georgia,2023-06-14
2426,Brandi Roberson,cust2426_cohencindy@hotmail.com,South Michelle,Papua New Guinea,2026-01-09
2427,Penny Johnson,cust2427_lucasflores@yahoo.com,Lake Becky,China,2023-09-30
2428,Tyler Allen,cust2428_bdawson@hotmail.com,Greeneburgh,Montenegro,2024-12-13
2429,David Reyes,cust2429_christopher18@gmail.com,Port Christinebury,Slovenia,2023-08-31
2430,Beth Valdez,cust2430_kellygray@hotmail.com,New Julie,Faroe Islands,2024-01-01
2431,Dakota Evans,cust2431_stephaniescott@yahoo.com,Curtishaven,Hong Kong,2026-01-05
2432,Logan Dennis,cust2432_xparsons@yahoo.com,West John,Monaco,2025-03-15
2433,Tony Duffy,cust2433_matthew74@gmail.com,Loritown,Morocco,2025-12-19
2434,Carla Malone,cust2434_chelsea70@gmail.com,Romanchester,Finland,2023-09-18
2435,Frank Davis,cust2435_csullivan@yahoo.com,Martinezside,Mali,2024-04-01
2436,Andrew Vargas,cust2436_joshua88@yahoo.com,West Valerie,Saint Vincent and the Grenadines,2023-01-08
2437,Maria Estrada,cust2437_ljordan@hotmail.com,Stephenchester,Reunion,2023-02-16
2438,Michael Wyatt,cust2438_brennanmichelle@yahoo.com,North Meghanmouth,United States of America,2024-09-03
2439,Alexander Blake,cust2439_laura71@yahoo.com,Castillostad,Italy,2025-08-06
2440,Gabriel Delgado,cust2440_danielswilliam@gmail.com,South Travisport,Eritrea,2026-01-20
2441,Miranda White,cust2441_heather59@hotmail.com,Johnstonmouth,Andorra,2025-05-18
2442,Wendy Ramirez,cust2442_brewerkimberly@yahoo.com,South Matthew,Aruba,2025-12-25
2443,Michael Santana,cust2443_laurahamilton@yahoo.com,West Laurie,British Virgin Islands,2025-02-15
2444,Andrew Anderson,cust2444_bairdfelicia@gmail.com,Monicafort,Japan,2024-04-15
2445,Nicole Baxter,cust2445_willie16@gmail.com,Ashleychester,Tokelau,2024-05-21
2446,Amber Cruz,cust2446_william30@hotmail.com,North Kaylaberg,Kazakhstan,2025-08-01
2447,Jamie Cook,cust2447_aaroncarter@hotmail.com,Dylanfort,Kuwait,2024-12-09
2448,James Wells,cust2448_paulperry@gmail.com,Lake Roberto,El Salvador,2023-11-14
2449,Douglas Fuller,cust2449_richard96@hotmail.com,East Daniel,Barbados,2024-07-18
2450,Brittany Walker,cust2450_ffrazier@yahoo.com,South Nicoleville,Turks and Caicos Islands,2024-01-22
2451,Douglas Howard,cust2451_lmercado@hotmail.com,Zamorafurt,Ecuador,2023-08-20
2452,Jill Edwards,cust2452_hicksrachel@hotmail.com,Cervantesview,Slovenia,2023-03-07
2453,Raymond Brooks III,cust2453_debra48@hotmail.com,Devonstad,Thailand,2025-05-08
2454,Paul Cobb,cust2454_riverskristen@yahoo.com,Owensside,Lebanon,2026-06-13
2455,Derek Hernandez,cust2455_wfisher@gmail.com,Candicestad,Cook Islands,2023-02-02
2456,Billy Webster,cust2456_deniseclark@hotmail.com,Port Antonioton,Montserrat,2024-05-07
2457,Nancy Hogan,cust2457_raymond82@gmail.com,Jennifermouth,Ecuador,2024-02-27
2458,Tina Cook,cust2458_vdiaz@gmail.com,Port Erica,Western Sahara,2023-05-18
2459,William Welch,cust2459_hensleybenjamin@yahoo.com,Port Yvonneland,Bangladesh,2023-07-26
2460,David Parker,cust2460_madison11@hotmail.com,Bassland,Benin,2026-05-01
2461,Melanie Flores,cust2461_kaitlynwest@yahoo.com,Simmonsport,Saint Lucia,2023-03-10
2462,Jerry Mclean,cust2462_qdixon@gmail.com,Jennifershire,Isle of Man,2025-07-03
2463,Matthew Casey,cust2463_jkelley@hotmail.com,Lake Nathanberg,Heard Island and McDonald Islands,2026-05-09
2464,William Willis,cust2464_rosechristine@yahoo.com,Lake Jesse,Djibouti,2023-04-10
2465,Christopher Bush,cust2465_shenderson@gmail.com,Joshuafort,Pitcairn Islands,2024-05-16
2466,Joseph Thompson,cust2466_carlosbrown@gmail.com,North Amanda,Honduras,2023-04-01
2467,John Hayes,cust2467_jasongarza@gmail.com,Shawnhaven,Guadeloupe,2025-04-03
2468,Jesse Hancock,cust2468_aaronmurphy@yahoo.com,Dakotaburgh,United States Virgin Islands,2025-06-17
2469,Rachel Castillo,cust2469_marygay@hotmail.com,Gutierrezfort,Lesotho,2024-04-24
2470,Damon Montes,cust2470_charles30@gmail.com,Willieborough,Ethiopia,2026-01-10
2471,Tracy Barton,cust2471_baileystephanie@hotmail.com,Danaville,Liechtenstein,2024-03-20
2472,Erin Mcdowell,cust2472_lambalexandra@hotmail.com,East Teresaside,Honduras,2023-04-26
2473,Robert Franco,cust2473_bennettmichael@hotmail.com,East Amanda,Western Sahara,2023-10-14
2474,Laurie Collins,cust2474_kelleyjennifer@gmail.com,East Susanland,Svalbard & Jan Mayen Islands,2025-10-28
2475,James Green,cust2475_larrymoore@hotmail.com,Audreybury,Serbia,2024-08-15
2476,Sara Moss,cust2476_thompsonzachary@gmail.com,Conwayport,Bermuda,2024-04-24
2477,Elizabeth Morales MD,cust2477_cookdanielle@yahoo.com,Port Brian,Bahrain,2026-03-25
2478,Andrew Brown,cust2478_kenneth77@hotmail.com,Lake Jenniferton,Nicaragua,2024-10-15
2479,Dr. Heather Dunn DDS,cust2479_luis66@gmail.com,Markport,British Indian Ocean Territory (Chagos Archipelago),2026-03-28
2480,Natalie White,cust2480_thomassheila@hotmail.com,Matthewton,Israel,2026-05-09
2481,Bradley Montgomery,cust2481_johnsonteresa@hotmail.com,Hendrixfurt,Portugal,2024-10-18
2482,Alicia Woodard,cust2482_ernestwright@hotmail.com,South Amandachester,Sweden,2024-04-30
2483,Beth Mcdaniel,cust2483_okelly@yahoo.com,Lake Kimberly,Syrian Arab Republic,2024-09-10
2484,Peggy Blevins,cust2484_ricecrystal@yahoo.com,Lake Adamstad,Montenegro,2023-10-21
2485,Matthew Walters,cust2485_travis28@hotmail.com,Williamsborough,Cayman Islands,2025-12-03
2486,Anthony Brewer,cust2486_rdurham@hotmail.com,Christinaberg,Equatorial Guinea,2024-03-28
2487,Kristie Crosby,cust2487_chelseadavis@yahoo.com,Lake Lisa,Greenland,2025-04-26
2488,Kayla Schaefer,cust2488_mccarthydylan@hotmail.com,Smithfurt,Aruba,2024-09-07
2489,Allen Moody,cust2489_josebarnes@yahoo.com,Oliviaview,Korea,2024-07-17
2490,Jennifer Petty,cust2490_bobby90@yahoo.com,Lake Wayneshire,Madagascar,2023-05-05
2491,James Watts,cust2491_austinlester@yahoo.com,Ryanberg,Cyprus,2026-02-14
2492,Katherine Romero,cust2492_yluna@yahoo.com,Terrybury,Barbados,2026-04-26
2493,Matthew Williams,cust2493_nicoletaylor@hotmail.com,North Victoriaborough,Moldova,2023-12-25
2494,Thomas Olson,cust2494_elizabeth71@hotmail.com,East Williamborough,Greenland,2025-05-24
2495,Nathan Scott,cust2495_jessica82@hotmail.com,Kyleshire,Rwanda,2026-02-12
2496,Debbie Lamb,cust2496_kruegerjesus@yahoo.com,New John,Guinea-Bissau,2025-10-12
2497,Tina Ortiz,cust2497_daniellewilkins@yahoo.com,East Diane,India,2023-04-07
2498,Robert Scott MD,cust2498_hbriggs@hotmail.com,Davenportmouth,Hong Kong,2024-12-06
2499,Brittany Macdonald,cust2499_kim82@gmail.com,Lake Amanda,Afghanistan,2025-02-19
2500,Ashley Robinson,cust2500_nathanielwilliams@hotmail.com,Ronaldport,Pitcairn Islands,2025-12-10
2501,Jenny Knox,cust2501_nshaw@yahoo.com,Marioside,Cyprus,2024-10-14
2502,Derrick Campbell,cust2502_mariah75@gmail.com,East Michaelborough,Belgium,2025-05-02
2503,Erica Cooper,cust2503_carol28@hotmail.com,Hillmouth,Falkland Islands (Malvinas),2025-04-16
2504,Michael Thornton,cust2504_tara62@yahoo.com,Morrisville,Taiwan,2023-11-02
2505,Autumn Williamson,cust2505_vcoleman@gmail.com,Christiestad,Solomon Islands,2024-09-06
2506,Randall Osborne,cust2506_hcollins@hotmail.com,Alexanderchester,Dominica,2025-02-09
2507,Aimee Lamb,cust2507_michaelgordon@gmail.com,Port Danielborough,Taiwan,2024-01-12
2508,Peter Murphy,cust2508_jpearson@gmail.com,Duanehaven,Fiji,2026-01-06
2509,Rebecca Lewis,cust2509_timothyortiz@gmail.com,Ryanton,Zimbabwe,2025-08-27
2510,Mark Hunter,cust2510_hilllaura@gmail.com,Angelaland,Taiwan,2024-05-08
2511,Sheila Gonzales,cust2511_nicholasibarra@yahoo.com,Hatfieldfort,Bosnia and Herzegovina,2024-04-06
2512,Erin Nelson,cust2512_reedbrenda@yahoo.com,New Pamelafort,Togo,2024-09-07
2513,Paul Ewing,cust2513_tylerwilliams@yahoo.com,South Sara,Timor-Leste,2023-10-23
2514,Lori Brown,cust2514_jennifernicholson@yahoo.com,Wallaceberg,Spain,2025-08-06
2515,Nancy Jackson,cust2515_suarezstacy@yahoo.com,New John,Angola,2023-04-29
2516,Jordan Baxter,cust2516_christophermoore@gmail.com,Greenstad,Indonesia,2026-02-25
2517,Jose Roberts,cust2517_jsmith@hotmail.com,Port Timothymouth,Belize,2025-04-25
2518,Stephanie Terry,cust2518_lawsoncalvin@yahoo.com,Mitchellberg,Montserrat,2025-05-03
2519,Destiny Davis,cust2519_cassandra25@gmail.com,South Samanthaside,Christmas Island,2026-02-15
2520,Megan Sanchez,cust2520_elizabeth74@yahoo.com,Hamiltonfurt,Slovakia (Slovak Republic),2025-12-21
2521,Steven Olson,cust2521_mark94@hotmail.com,Lake Mary,Cyprus,2023-10-02
2522,Mrs. Julie Vasquez,cust2522_michelle92@gmail.com,Port Branditon,Libyan Arab Jamahiriya,2025-03-06
2523,Travis Allen,cust2523_reedmichael@yahoo.com,Martinezton,Panama,2024-05-12
2524,Bryce Cook,cust2524_steven34@hotmail.com,Johnland,Svalbard & Jan Mayen Islands,2024-06-06
2525,Deborah Herrera,cust2525_geraldbender@yahoo.com,Richardville,Czech Republic,2024-02-21
2526,Matthew Simon,cust2526_zparker@hotmail.com,Nancystad,Lao People's Democratic Republic,2024-11-07
2527,Maurice Hernandez,cust2527_amandalevy@yahoo.com,Port Kimberlyshire,Solomon Islands,2023-06-11
2528,Hailey Burgess,cust2528_marissa58@gmail.com,Powellberg,Solomon Islands,2025-07-10
2529,Kiara Stout,cust2529_frankrobert@gmail.com,Lake Jill,Solomon Islands,2025-01-29
2530,Elizabeth Smith,cust2530_marshalljohn@hotmail.com,Schultzville,Equatorial Guinea,2023-07-09
2531,Katherine Lawrence,cust2531_terrimartinez@yahoo.com,Ashleyton,Maldives,2026-01-01
2532,Kathryn Campbell,cust2532_djohnson@gmail.com,New Makayla,Bolivia,2024-01-26
2533,Joe Gilbert,cust2533_hopkinsbenjamin@gmail.com,Bradyfurt,Kuwait,2023-04-16
2534,Maria Andrews,cust2534_sdaniels@hotmail.com,New Larry,Pitcairn Islands,2024-07-03
2535,Steven Moore,cust2535_beth38@hotmail.com,Wallacebury,Guinea,2025-02-11
2536,Dr. Katelyn Allen DVM,cust2536_jacqueline96@gmail.com,Brownberg,Burkina Faso,2026-05-23
2537,Cindy Maxwell,cust2537_jerryreed@gmail.com,New Adrian,Faroe Islands,2026-05-19
2538,Larry Bartlett,cust2538_frederick49@gmail.com,Sullivanbury,Germany,2023-03-22
2539,Raymond Bradley,cust2539_emack@hotmail.com,Abigailtown,Congo,2023-05-30
2540,Sarah Vance,cust2540_beckrobin@hotmail.com,Port Michael,Niue,2024-01-21
2541,Jacob Cervantes,cust2541_gholloway@gmail.com,Howardchester,Dominica,2026-04-18
2542,Kaitlin Garza,cust2542_jasmine12@hotmail.com,Pattersonshire,Bosnia and Herzegovina,2026-02-18
2543,Cameron Anderson,cust2543_lauramartin@yahoo.com,West Michelle,Sri Lanka,2024-03-20
2544,Thomas Richards,cust2544_meganpatrick@yahoo.com,Davilamouth,Korea,2025-09-08
2545,Lori Nelson,cust2545_isabel25@hotmail.com,Joshualand,Bouvet Island (Bouvetoya),2024-03-03
2546,Rebecca Watts,cust2546_christopher67@gmail.com,Lake Matthewton,Costa Rica,2024-11-12
2547,Maria Fernandez,cust2547_seanbean@yahoo.com,Kimberlyside,Slovakia (Slovak Republic),2024-09-12
2548,Shannon Crosby,cust2548_patrick22@gmail.com,West Dorothybury,Congo,2023-02-01
2549,Derek Brown,cust2549_rodriguezscott@hotmail.com,South Alexander,Afghanistan,2024-03-09
2550,Sherry Foster,cust2550_taylor70@hotmail.com,South Dorisfort,Jordan,2024-01-25
2551,Joshua Rowe,cust2551_mthomas@yahoo.com,South Robertfort,Portugal,2023-08-29
2552,Mallory Lopez,cust2552_porterbobby@hotmail.com,Hoffmanport,Bosnia and Herzegovina,2025-09-07
2553,Robin Walker,cust2553_olivialambert@yahoo.com,Destinyfurt,Equatorial Guinea,2024-05-11
2554,Julie Rodriguez,cust2554_moralesmarcus@hotmail.com,New Erin,Iceland,2026-05-22
2555,Danielle Salinas,cust2555_sanfordjennifer@yahoo.com,East Kennethmouth,Suriname,2024-02-23
2556,Ashley Ali,cust2556_hfleming@hotmail.com,Lake Michelleside,Montserrat,2025-03-23
2557,James Gardner,cust2557_amarshall@yahoo.com,Gregorymouth,Uzbekistan,2024-05-05
2558,Kyle Walsh,cust2558_xchandler@yahoo.com,South Laura,Burundi,2026-02-04
2559,Jay Moss,cust2559_piercewilliam@yahoo.com,Wyattberg,Tonga,2024-10-20
2560,Lindsey Gonzalez,cust2560_amy84@gmail.com,North Rickymouth,Dominican Republic,2024-08-02
2561,Erin Miller,cust2561_matthew46@hotmail.com,Port Hannah,Guatemala,2025-02-18
2562,Shawn Navarro,cust2562_brandon12@hotmail.com,East Christopher,Greenland,2025-08-12
2563,Trevor Aguilar,cust2563_aknight@gmail.com,Lindseymouth,Bolivia,2025-12-28
2564,Johnny Vincent DDS,cust2564_antoniojenkins@yahoo.com,New Kevinberg,El Salvador,2025-01-05
2565,Melissa Smith,cust2565_richmondjon@gmail.com,Jasonmouth,Hungary,2024-09-23
2566,Ashley Grant,cust2566_qellis@yahoo.com,North Paulbury,Georgia,2024-06-19
2567,Troy Cameron,cust2567_qrhodes@gmail.com,Lake Kathrynbury,Aruba,2025-01-06
2568,Christopher Carpenter,cust2568_ugoodman@hotmail.com,Cookfort,Ukraine,2025-11-16
2569,Wendy Peterson,cust2569_turnerjuan@hotmail.com,New Kevinmouth,Saint Kitts and Nevis,2025-10-15
2570,Sarah Weaver,cust2570_paul54@gmail.com,Williamsshire,Uganda,2025-08-12
2571,Sabrina Robbins,cust2571_leah61@gmail.com,North Timothyshire,Lebanon,2023-07-21
2572,Stanley Cox,cust2572_robert72@hotmail.com,Hernandezfurt,Pitcairn Islands,2025-08-19
2573,Elizabeth Morgan,cust2573_changbethany@hotmail.com,Suefurt,Marshall Islands,2024-10-17
2574,Natalie Smith,cust2574_lgray@hotmail.com,Port Stephanie,Saint Barthelemy,2024-02-21
2575,Andrea Stone,cust2575_ecasey@gmail.com,Waremouth,Kazakhstan,2025-01-29
2576,Julie Sherman,cust2576_ashleyorozco@yahoo.com,South Jeffrey,Lao People's Democratic Republic,2024-10-02
2577,Sherry Morton,cust2577_yjones@gmail.com,South Katherinestad,British Virgin Islands,2025-04-27
2578,Kyle Jackson,cust2578_russelltammy@hotmail.com,West James,Djibouti,2023-04-04
2579,Todd Allen,cust2579_jasonlawrence@gmail.com,Joshuatown,Solomon Islands,2026-02-26
2580,Michael Johnson,cust2580_qknight@hotmail.com,Lake Sally,Iran,2024-03-29
2581,Martha Lee,cust2581_zmedina@yahoo.com,New Kevin,Burkina Faso,2023-10-26
2582,Dana Baldwin,cust2582_johnsonpatrick@yahoo.com,Amandaside,Guadeloupe,2023-02-03
2583,John Valentine,cust2583_danielnixon@hotmail.com,West Garrettstad,Georgia,2024-06-18
2584,Kendra Smith,cust2584_terriortiz@yahoo.com,West Mason,Antarctica (the territory South of 60 deg S),2026-02-07
2585,Scott Bean,cust2585_bstephens@hotmail.com,North Jeremy,Nauru,2026-04-11
2586,Caroline Wright,cust2586_starkaustin@gmail.com,Annchester,Uzbekistan,2026-04-01
2587,Kevin Ray,cust2587_amberkennedy@hotmail.com,Moorehaven,Luxembourg,2025-05-05
2588,Robert Jones,cust2588_lindabradley@yahoo.com,New Lisa,Lebanon,2024-08-27
2589,Laura Collins,cust2589_simmonsjimmy@gmail.com,South Adammouth,Belgium,2023-11-09
2590,Cassandra Freeman,cust2590_gail20@gmail.com,Lake Jacqueline,Sao Tome and Principe,2024-02-06
2591,Nathaniel Burns,cust2591_michael41@yahoo.com,Alyssaberg,Palestinian Territory,2024-11-06
2592,Andrea Oneill,cust2592_richard27@yahoo.com,Port Connorburgh,Iraq,2024-04-16
2593,Laura King,cust2593_marciahall@hotmail.com,Brownside,United States of America,2025-02-16
2594,Ebony Daniels,cust2594_jamesberry@yahoo.com,Thomasbury,Portugal,2026-03-12
2595,Jennifer Mann,cust2595_simmonslaura@yahoo.com,Seanberg,Denmark,2024-05-18
2596,John Adams,cust2596_vincent19@hotmail.com,Smithstad,Aruba,2025-10-19
2597,Krystal Crawford,cust2597_bcaldwell@hotmail.com,West Charles,Bulgaria,2026-02-01
2598,Ryan Moore,cust2598_david32@hotmail.com,Wilkinsonview,Morocco,2024-11-22
2599,Christina Woods,cust2599_william91@yahoo.com,Robinville,Belarus,2024-06-11
2600,Daniel Munoz,cust2600_mmiller@gmail.com,Port Stevenmouth,Gabon,2025-09-27
2601,Ashley Conner,cust2601_robin48@yahoo.com,New Robert,Hungary,2025-10-01
2602,Kyle Holmes,cust2602_heatherthompson@hotmail.com,Lunabury,Senegal,2025-08-01
2603,Jessica Clarke,cust2603_wjackson@yahoo.com,Jamesport,Congo,2023-12-11
2604,Grace Torres,cust2604_kstone@hotmail.com,Coxville,Guadeloupe,2024-12-22
2605,Nicole York,cust2605_patriciadelacruz@hotmail.com,Port Ericshire,Australia,2023-12-13
2606,Courtney Reilly,cust2606_davidsondavid@yahoo.com,Woodwardtown,Saint Helena,2023-10-14
2607,Dustin Guzman,cust2607_ehale@gmail.com,Perryport,Turkmenistan,2026-01-24
2608,James Maxwell,cust2608_davidgreen@gmail.com,East Robertbury,Austria,2025-09-27
2609,Angela Bernard,cust2609_gaineserika@gmail.com,Allenville,Sao Tome and Principe,2024-01-12
2610,Robert Foster,cust2610_greensusan@yahoo.com,Duncantown,Turkey,2026-01-15
2611,Austin Adams,cust2611_jeffrivera@hotmail.com,Shaneport,Central African Republic,2023-05-01
2612,Joshua Allen,cust2612_christina67@yahoo.com,West Johntown,Somalia,2025-12-09
2613,Jeffrey Durham,cust2613_steven36@yahoo.com,North Jenniferberg,Netherlands,2023-03-11
2614,Laura Warner,cust2614_reynoldsmegan@yahoo.com,Port Maryport,Gabon,2023-06-02
2615,Jonathan Wright,cust2615_louis04@gmail.com,North Richard,Lithuania,2023-04-10
2616,Misty Brady,cust2616_xramos@yahoo.com,New James,Zimbabwe,2023-01-14
2617,Kenneth Matthews,cust2617_luis39@gmail.com,Gregfort,Moldova,2025-04-24
2618,Felicia Gonzalez,cust2618_mcclainjohn@yahoo.com,West Matthew,Norfolk Island,2023-10-09
2619,Meghan Williams,cust2619_rodneygarcia@gmail.com,West Katherine,Venezuela,2024-04-18
2620,Mark Ryan,cust2620_jenniferellis@gmail.com,East Michael,Gibraltar,2023-05-20
2621,Jennifer Martinez,cust2621_markfuentes@yahoo.com,West Staceymouth,Martinique,2023-11-06
2622,Amy Matthews,cust2622_cynthia04@gmail.com,Lake Lisa,Peru,2023-01-19
2623,Glen Torres,cust2623_wheelereric@yahoo.com,East Malikhaven,Spain,2024-03-23
2624,Teresa Townsend,cust2624_willismegan@hotmail.com,Rebeccastad,Saint Barthelemy,2025-11-01
2625,Monica Collins,cust2625_sarah19@hotmail.com,Rodriguezfort,Togo,2025-07-22
2626,Heather Avery,cust2626_oreynolds@gmail.com,West Robert,Andorra,2025-02-03
2627,Jessica Mcgee,cust2627_meganjones@hotmail.com,Patriciachester,Dominica,2023-05-04
2628,Adam Maxwell,cust2628_egraham@yahoo.com,West Ericmouth,New Caledonia,2026-06-19
2629,Janice Stokes,cust2629_dlarson@gmail.com,Jamesborough,Puerto Rico,2026-06-16
2630,Allison Mahoney,cust2630_mcgeebrittany@gmail.com,North Sabrinachester,Saint Martin,2025-09-16
2631,Anthony Robinson,cust2631_toddpalmer@hotmail.com,New Brittneyton,Fiji,2025-09-26
2632,Stephanie Douglas,cust2632_jmays@hotmail.com,South Tammyfort,Russian Federation,2023-02-02
2633,Heather Rose,cust2633_sarah90@yahoo.com,Lake Brittanymouth,Iran,2023-01-14
2634,Kimberly Martin,cust2634_cthompson@gmail.com,Averyfort,Cayman Islands,2025-12-25
2635,Misty Lucero,cust2635_nunezsherry@yahoo.com,Mooreborough,Kuwait,2026-02-03
2636,Jason Smith,cust2636_jessicajoseph@gmail.com,North Kayla,Netherlands,2025-04-22
2637,Stephen Wolf,cust2637_dakota45@yahoo.com,South Steven,Belgium,2023-01-25
2638,John Elliott,cust2638_ggray@hotmail.com,Coleland,Trinidad and Tobago,2023-02-04
2639,Pamela Barry,cust2639_colemanmichael@gmail.com,Elizabethstad,Swaziland,2025-12-20
2640,Zachary Wright,cust2640_gordonsabrina@hotmail.com,Clarkberg,Andorra,2024-07-16
2641,Brandy Moreno,cust2641_roy33@yahoo.com,Olsonbury,Andorra,2026-01-02
2642,Ariana Simpson,cust2642_yrodriguez@gmail.com,Rodriguezport,Mexico,2024-08-10
2643,Mr. Samuel Thomas,cust2643_taylornicholas@yahoo.com,Manuelton,Guam,2023-02-05
2644,Willie Hunter,cust2644_wadebrenda@hotmail.com,New Melanie,Iran,2025-10-25
2645,Cynthia Hicks,cust2645_kyledavis@gmail.com,East Laurenport,Egypt,2025-05-31
2646,Patricia Brown,cust2646_carpenterkelly@yahoo.com,New Kyle,Vietnam,2024-01-03
2647,Albert Holt,cust2647_daniel99@hotmail.com,Edwardsview,Isle of Man,2023-08-08
2648,Brittany Harvey,cust2648_michaelboyd@yahoo.com,East Matthew,Korea,2023-07-17
2649,Lynn Brown,cust2649_davidjohnson@gmail.com,Benjaminfurt,Samoa,2025-12-09
2650,Samuel Cantrell,cust2650_lopezchristian@yahoo.com,Port Josehaven,Thailand,2023-11-01
2651,Patricia Hunter,cust2651_rogersrobert@yahoo.com,Lake Amyville,Thailand,2024-05-08
2652,Kent Freeman,cust2652_kelsey79@gmail.com,Marshchester,Belize,2024-01-29
2653,John Carr,cust2653_kevin20@gmail.com,Port Tiffany,Puerto Rico,2026-06-23
2654,Danielle Stephens,cust2654_elee@gmail.com,Youngland,French Southern Territories,2025-12-14
2655,Darrell Jones,cust2655_gentryanthony@gmail.com,Sheltonshire,Sudan,2024-05-31
2656,Dennis Martinez,cust2656_elizabethortiz@yahoo.com,North Josephland,Tunisia,2024-12-26
2657,Sandra Martinez,cust2657_olsenlinda@hotmail.com,Lake Leslie,Yemen,2024-07-01
2658,Matthew Greene,cust2658_jessica68@hotmail.com,West Bryan,Aruba,2025-03-23
2659,Blake Davis,cust2659_blackdaniel@hotmail.com,West Alecmouth,Uruguay,2023-06-11
2660,Michael Moore,cust2660_wallacebrenda@gmail.com,Larryton,Macao,2025-02-03
2661,Aaron Garner,cust2661_romanraven@yahoo.com,West Donnahaven,Kuwait,2025-04-11
2662,Andrea Gonzalez,cust2662_lisa56@yahoo.com,Thomasberg,Kuwait,2025-07-29
2663,William Greene,cust2663_gibsonjoseph@gmail.com,Port Victoria,Korea,2026-03-03
2664,Luke Carpenter,cust2664_osmith@gmail.com,Lake Jeremyport,Benin,2024-05-13
2665,Mark Richmond,cust2665_smithpaul@gmail.com,South Katherine,Korea,2024-04-07
2666,Todd Warner,cust2666_baileysara@yahoo.com,North Gina,Argentina,2024-09-06
2667,Zachary Morrison,cust2667_kenneth12@yahoo.com,South Benjamin,Venezuela,2023-06-15
2668,Antonio Alexander,cust2668_tmarshall@hotmail.com,Hamptonshire,Suriname,2023-03-06
2669,Denise King,cust2669_mcdonaldrachael@gmail.com,Mortontown,Austria,2023-07-11
2670,Joy Mcdonald,cust2670_wallacestephanie@gmail.com,Edwardsport,Nepal,2025-04-10
2671,Dakota Branch,cust2671_wallacedakota@gmail.com,Rodriguezchester,Syrian Arab Republic,2025-02-15
2672,Andrew Jensen,cust2672_sandraadams@yahoo.com,Port Michaelshire,Jamaica,2025-02-11
2673,Darren Hall,cust2673_elizabeth65@yahoo.com,East Ashley,Botswana,2026-02-05
2674,Michael Cardenas,cust2674_michaelmeadows@gmail.com,Christinashire,Myanmar,2025-09-01
2675,Mark Whitney,cust2675_jenniferrobbins@hotmail.com,Hollandmouth,Dominica,2023-04-25
2676,Jesse Nixon,cust2676_kathryn24@hotmail.com,Robbinsberg,Vanuatu,2023-01-20
2677,Rebecca Cain,cust2677_megan65@hotmail.com,Port Christy,Tonga,2023-12-17
2678,Robert Tran,cust2678_greenchristian@gmail.com,Barbaraville,Ukraine,2023-06-19
2679,Sylvia Myers,cust2679_jordanmichael@hotmail.com,South Moniquemouth,Kyrgyz Republic,2025-10-20
2680,Bailey Love,cust2680_btaylor@yahoo.com,West Karen,India,2025-06-07
2681,Daniel Watkins,cust2681_ssmith@hotmail.com,Michaeltown,Tanzania,2024-11-09
2682,Linda Young,cust2682_thomaslarsen@gmail.com,Sandersshire,Canada,2026-03-04
2683,Cameron Bass,cust2683_murphychristine@gmail.com,Mercertown,Australia,2023-07-15
2684,Rachel Hogan,cust2684_contreraskara@gmail.com,Rogerchester,Barbados,2025-12-17
2685,Julia Hoffman,cust2685_tammy98@gmail.com,North Melissa,Afghanistan,2023-03-29
2686,Patrick Hunt,cust2686_alyssaturner@yahoo.com,Port Erinside,Timor-Leste,2024-04-15
2687,Carl Craig,cust2687_charlesbaker@yahoo.com,South Ericamouth,Yemen,2024-03-08
2688,Lori Gutierrez,cust2688_tara61@hotmail.com,East Vanessa,Sierra Leone,2026-03-06
2689,Kimberly Koch MD,cust2689_karenfox@yahoo.com,Davidfurt,Bahrain,2025-08-31
2690,Lori Robbins,cust2690_moorerobert@gmail.com,Lawsonchester,Madagascar,2024-07-09
2691,Thomas Lynch,cust2691_gutierrezsteven@yahoo.com,Port Johnbury,Slovenia,2023-04-06
2692,Andrea Duncan,cust2692_donnamadden@gmail.com,Lake Linda,Sri Lanka,2023-06-02
2693,Brian James,cust2693_stevengreen@hotmail.com,Meganburgh,Vietnam,2024-07-28
2694,Cody Mendez,cust2694_jonathan84@gmail.com,Wangside,Jordan,2026-01-17
2695,Shelby Stephenson,cust2695_parkertasha@gmail.com,South Jonathanhaven,Anguilla,2026-02-28
2696,Jonathan Miller,cust2696_logan59@hotmail.com,Port Daniellefurt,Qatar,2023-03-09
2697,Penny Schmidt,cust2697_jacksonmichael@gmail.com,North Jennifer,Ethiopia,2024-01-03
2698,Tiffany Mcdonald,cust2698_gutierrezolivia@yahoo.com,Hardyborough,Cameroon,2024-10-06
2699,Jordan Jones,cust2699_thompsonluis@hotmail.com,Mcdonaldbury,Saint Helena,2023-02-02
2700,Thomas Duncan,cust2700_tiffany95@yahoo.com,New Suzanneberg,Equatorial Guinea,2024-02-29
2701,Debra Miller,cust2701_mendozajay@yahoo.com,Smithhaven,Jamaica,2026-04-17
2702,Henry Rosario,cust2702_groy@gmail.com,West Stacy,French Guiana,2023-10-23
2703,Caitlyn Clark,cust2703_danielsmichael@gmail.com,Lake Stacieberg,Morocco,2025-03-26
2704,Lori Gamble,cust2704_williamwalker@gmail.com,North Pamelahaven,Malta,2023-06-07
2705,Christopher Alexander,cust2705_wjarvis@yahoo.com,Edwardtown,Latvia,2024-09-04
2706,Austin Cole,cust2706_piercedevin@yahoo.com,Marialand,Jordan,2023-11-29
2707,Caitlin Austin,cust2707_ngill@hotmail.com,Nguyenburgh,Nigeria,2026-02-28
2708,Erin Rivera,cust2708_smithmichael@gmail.com,New Dannyport,Portugal,2024-05-07
2709,Dawn Anderson,cust2709_nwiley@hotmail.com,North Jasontown,Korea,2026-03-06
2710,David Johnson,cust2710_aaronstrong@hotmail.com,Feliciaview,Congo,2025-03-07
2711,Erin Harris MD,cust2711_jsaunders@hotmail.com,Port Catherinechester,Russian Federation,2026-01-12
2712,Caleb Larsen,cust2712_jsalazar@yahoo.com,Albertborough,Togo,2024-11-10
2713,James Browning,cust2713_hahnperry@yahoo.com,Bakermouth,Albania,2025-02-25
2714,Joshua Roberts,cust2714_andrea15@hotmail.com,South Richardberg,Mozambique,2023-10-14
2715,Sandra Jackson,cust2715_williskenneth@gmail.com,Adamtown,Palau,2023-06-10
2716,Renee Gilbert,cust2716_ugarcia@gmail.com,West Marymouth,Holy See (Vatican City State),2025-10-22
2717,David Martin,cust2717_nguyenmary@gmail.com,Wongport,Dominica,2024-12-09
2718,Devin Brown,cust2718_tyler62@yahoo.com,New Michael,Sierra Leone,2023-04-20
2719,Brian Rivera,cust2719_lisaflores@hotmail.com,Davenportmouth,Kiribati,2023-07-20
2720,Kristen Thompson,cust2720_walkertonya@yahoo.com,East Andrewstad,Spain,2025-06-14
2721,Stephanie Romero,cust2721_iwilson@yahoo.com,Port Pamelaport,Sweden,2024-04-20
2722,Cassandra Frey,cust2722_michealpark@hotmail.com,Donnastad,Nepal,2023-06-05
2723,Amber Doyle,cust2723_anna75@yahoo.com,Greeneland,Botswana,2024-11-28
2724,Rachel Mayo,cust2724_andrewtorres@yahoo.com,Jenkinsberg,Kenya,2026-05-24
2725,Erika Parrish,cust2725_millerpaul@hotmail.com,Tammyshire,Kyrgyz Republic,2026-06-11
2726,Amanda Avila,cust2726_donna22@gmail.com,East Nicholas,Mali,2026-05-04
2727,Jamie Smith,cust2727_josephreynolds@hotmail.com,East Emilyshire,Tuvalu,2025-03-23
2728,Lisa Perez,cust2728_gcampbell@hotmail.com,Lake Johnshire,Netherlands,2024-10-30
2729,Karen Henson,cust2729_stevenschultz@yahoo.com,Donovanbury,Croatia,2023-03-02
2730,Karla Weaver,cust2730_nicole28@yahoo.com,Huntville,Mayotte,2024-07-13
2731,Deanna Young,cust2731_pfoster@gmail.com,Lake Adambury,Luxembourg,2025-07-11
2732,Lisa Baird,cust2732_kimberly57@hotmail.com,Mollyport,Falkland Islands (Malvinas),2025-10-01
2733,Victor Hayes,cust2733_juliataylor@hotmail.com,Justinbury,French Southern Territories,2024-04-12
2734,Sandra Holder,cust2734_norrisanthony@hotmail.com,Johnshire,Pakistan,2024-12-29
2735,Christine Carr,cust2735_stephanie90@yahoo.com,Coxmouth,Korea,2026-02-06
2736,Courtney Powers,cust2736_robert81@yahoo.com,Foxborough,Gambia,2025-02-07
2737,Katherine Moses,cust2737_brianramos@hotmail.com,Port Gloriamouth,Lao People's Democratic Republic,2025-06-03
2738,Anna Morse,cust2738_lesliejohnson@hotmail.com,South Williamborough,Iceland,2024-01-16
2739,Brittany Gonzalez,cust2739_justin33@yahoo.com,Davidside,Grenada,2026-04-14
2740,Amanda Lopez,cust2740_hubbardsuzanne@hotmail.com,Edwardsburgh,Kuwait,2025-02-17
2741,Michael Page,cust2741_mitchellshannon@yahoo.com,East Donaldberg,Ecuador,2023-06-25
2742,John Carter,cust2742_olivia93@hotmail.com,Leestad,Puerto Rico,2026-06-20
2743,William Gentry,cust2743_benjaminjenkins@yahoo.com,Charleschester,Georgia,2024-08-27
2744,Timothy Ward,cust2744_lauren61@gmail.com,New Anneland,Zimbabwe,2024-05-19
2745,Karen Oconnor,cust2745_cameronmark@yahoo.com,Garciaberg,Chile,2023-05-31
2746,Susan Weaver,cust2746_dianachen@yahoo.com,Phillipschester,Moldova,2023-06-18
2747,Danielle Smith,cust2747_nathan55@hotmail.com,Brentchester,Croatia,2024-07-02
2748,Jessica Porter,cust2748_mtate@hotmail.com,Sandraborough,Djibouti,2023-11-12
2749,Katherine Hodge,cust2749_barbaraburke@yahoo.com,Johnsonhaven,Christmas Island,2025-02-17
2750,Samantha Ross,cust2750_jle@yahoo.com,East Staceyburgh,Canada,2023-11-12
2751,Jeremy Rush,cust2751_moralesstephen@hotmail.com,South Dawnmouth,Anguilla,2025-03-08
2752,Andrea Peterson,cust2752_thompsonbrian@hotmail.com,West Kyle,Antigua and Barbuda,2024-10-10
2753,Kyle Shannon,cust2753_reyesjessica@hotmail.com,Lake John,Poland,2025-01-08
2754,Leah Reid,cust2754_yangeric@yahoo.com,North Aaron,Guadeloupe,2023-08-07
2755,John Moore,cust2755_dwilliams@hotmail.com,East William,Palau,2023-07-07
2756,Paul White,cust2756_stewartchristine@yahoo.com,Mossside,Tuvalu,2023-01-11
2757,Christopher Kelley,cust2757_bryanlee@gmail.com,North Tinaburgh,Italy,2024-09-23
2758,Kristen Valenzuela,cust2758_robert65@hotmail.com,Derrickview,Liechtenstein,2025-06-29
2759,Ryan Butler,cust2759_lucasolivia@yahoo.com,Mooreview,United States Virgin Islands,2025-01-07
2760,Grace Cox,cust2760_shawnowens@yahoo.com,Simpsonside,Eritrea,2024-07-06
2761,Aaron Terry,cust2761_robert77@yahoo.com,South Christopherhaven,Macao,2023-07-29
2762,Tiffany Hernandez,cust2762_eric80@hotmail.com,New Laura,Cameroon,2023-09-29
2763,Melissa Jones,cust2763_cscott@gmail.com,West Jamesfort,Belarus,2023-06-28
2764,Teresa Johnson,cust2764_zchandler@hotmail.com,Port Jamesfurt,Honduras,2024-01-19
2765,John Berg,cust2765_cynthia27@hotmail.com,North Nicole,Senegal,2025-06-01
2766,Deborah Hawkins,cust2766_john54@gmail.com,Connerland,Morocco,2025-07-08
2767,Vanessa Hawkins,cust2767_angela87@gmail.com,South Aaronhaven,Slovakia (Slovak Republic),2026-02-14
2768,Jennifer Brennan,cust2768_richardsonbenjamin@yahoo.com,Lake Stacyfort,Sweden,2026-02-10
2769,Dustin Walker,cust2769_jessica96@yahoo.com,Lake Rhonda,Isle of Man,2025-11-15
2770,Anthony Villegas,cust2770_johnsonmaria@gmail.com,Lake Taylorville,Luxembourg,2025-04-15
2771,Heidi Barber,cust2771_watsonedgar@hotmail.com,Annetteburgh,Poland,2023-07-31
2772,Lori Warner,cust2772_antoniosmith@hotmail.com,New Rachel,Latvia,2023-02-23
2773,Marcus Morrison,cust2773_deborah53@hotmail.com,Morrismouth,San Marino,2023-07-03
2774,Ronald Jackson,cust2774_patrickgregory@hotmail.com,Elizabethburgh,Azerbaijan,2024-12-25
2775,Jared Rodriguez,cust2775_scottwilliams@hotmail.com,Christopherborough,Dominican Republic,2026-02-09
2776,Richard Salazar,cust2776_mirandaclarke@yahoo.com,Grayville,Samoa,2023-07-10
2777,Jamie Stark,cust2777_matthew17@yahoo.com,Port Michaelport,Nicaragua,2026-05-07
2778,Kelli Miller,cust2778_brianna08@gmail.com,Port Laura,Macao,2026-05-09
2779,Douglas Williams,cust2779_sean45@gmail.com,Clarkview,Holy See (Vatican City State),2024-10-26
2780,Emily Dickson,cust2780_davisdarryl@hotmail.com,Lake Aprilland,Martinique,2025-02-27
2781,Michael Prince,cust2781_candace21@gmail.com,Margaretchester,British Indian Ocean Territory (Chagos Archipelago),2023-01-26
2782,Christine Cardenas,cust2782_mcummings@hotmail.com,Heatherside,Algeria,2024-08-20
2783,Amanda Moore,cust2783_wbaker@hotmail.com,Batesberg,Algeria,2025-04-27
2784,Gary Payne,cust2784_lynnholmes@yahoo.com,Lake Chelsealand,Timor-Leste,2025-03-05
2785,Diane Bonilla,cust2785_chelsea84@yahoo.com,Paulport,China,2023-06-23
2786,Taylor Mullen,cust2786_qgriffith@hotmail.com,Hatfieldburgh,Belgium,2026-02-19
2787,Blake White,cust2787_amanda45@gmail.com,South Sean,Western Sahara,2024-05-12
2788,Lisa Gordon,cust2788_ilawrence@hotmail.com,Shepardmouth,French Polynesia,2026-03-17
2789,Jose Stephenson,cust2789_tammy34@gmail.com,New Saraberg,Saint Helena,2025-12-03
2790,Wendy Terrell,cust2790_avang@hotmail.com,Sydneychester,Cocos (Keeling) Islands,2023-12-14
2791,Faith Ritter,cust2791_johnhuang@hotmail.com,North Ericview,Tajikistan,2025-02-18
2792,Donna Phillips,cust2792_robertkramer@yahoo.com,Wilsonland,Guyana,2023-12-14
2793,Robert Taylor,cust2793_jacquelineallen@gmail.com,Johnsonchester,Grenada,2023-10-12
2794,Kelly Delacruz,cust2794_curtisjohnson@hotmail.com,South Cynthia,French Southern Territories,2024-07-04
2795,Anthony Hood,cust2795_lindseymcintyre@hotmail.com,Joneschester,North Macedonia,2024-09-08
2796,Diane Bryant,cust2796_robert11@gmail.com,East Amytown,Liechtenstein,2024-07-03
2797,Charlene Strong,cust2797_escobarrobert@yahoo.com,Michaelhaven,Greenland,2025-10-06
2798,Jamie Gomez,cust2798_jeanne41@hotmail.com,East Courtneyside,Pitcairn Islands,2023-10-26
2799,Gina Jones,cust2799_robinmills@hotmail.com,Reynoldston,United States Minor Outlying Islands,2023-05-10
2800,Sandra Austin,cust2800_tlawrence@hotmail.com,Gregoryhaven,Tuvalu,2023-12-09
2801,Michael Patel,cust2801_shane05@gmail.com,East Christianbury,Taiwan,2025-06-09
2802,Robin Fernandez,cust2802_udavis@gmail.com,Lake Erik,Andorra,2024-07-19
2803,Jeffrey James,cust2803_ibaird@yahoo.com,Gardnerberg,Japan,2025-05-12
2804,Michaela Strickland,cust2804_thomasrice@hotmail.com,Jarvisbury,Canada,2024-09-05
2805,Xavier Webb,cust2805_mariahkim@gmail.com,South Hunterside,Denmark,2025-09-18
2806,Deborah Schultz,cust2806_timothy56@gmail.com,Lake David,Spain,2023-06-07
2807,Jodi Newman,cust2807_brownmark@yahoo.com,Janicefort,Cuba,2025-01-09
2808,Calvin Ford,cust2808_georgecooper@yahoo.com,West Jennaview,Armenia,2024-05-30
2809,Tricia Rivera,cust2809_kelly68@hotmail.com,New Laura,Uganda,2024-05-20
2810,Judith Johnson,cust2810_garciathomas@hotmail.com,West Kristinachester,Northern Mariana Islands,2025-10-12
2811,Donna Booth,cust2811_zhall@yahoo.com,Franklinport,Fiji,2026-05-01
2812,Tammy Baker,cust2812_oporter@gmail.com,Lake Gregory,Thailand,2026-06-16
2813,Michael Campbell,cust2813_michael77@gmail.com,Lake Melindaburgh,Dominican Republic,2024-02-05
2814,Deborah Edwards,cust2814_susan64@gmail.com,Gutierrezside,Nepal,2025-07-26
2815,Anthony Anderson,cust2815_perezstephanie@hotmail.com,Lake Davidhaven,Luxembourg,2023-08-08
2816,Peter Thomas,cust2816_johncoleman@hotmail.com,West Patriciaside,Singapore,2023-10-05
2817,Mrs. Megan Potts MD,cust2817_jamieramirez@gmail.com,Richardtown,Bulgaria,2024-09-15
2818,Joanna Martin,cust2818_ujones@yahoo.com,Cathystad,Kyrgyz Republic,2023-01-14
2819,Lauren Hurst,cust2819_susan59@yahoo.com,Theresatown,Uganda,2025-03-21
2820,Steven Allen,cust2820_tanderson@hotmail.com,South Dannyhaven,Haiti,2024-11-11
2821,Tina Mitchell,cust2821_hansenclaudia@gmail.com,Davidstad,Cambodia,2026-06-24
2822,Amy Chavez,cust2822_kimberlyjones@hotmail.com,Coleland,New Zealand,2025-02-17
2823,Cathy Evans,cust2823_travis45@gmail.com,Port Jamesberg,Lebanon,2024-11-05
2824,Pamela Keith,cust2824_gharris@hotmail.com,West Stephanie,Comoros,2025-06-20
2825,Heidi Garrison,cust2825_jenniferdavis@gmail.com,Natalieport,Algeria,2024-11-16
2826,Carrie Gonzalez,cust2826_phall@gmail.com,Christopherland,Swaziland,2025-05-31
2827,Amanda Higgins,cust2827_michaelarmstrong@hotmail.com,Lake Anthonyfort,New Caledonia,2026-05-02
2828,Ann Mcbride,cust2828_rebeccanguyen@yahoo.com,North Angelaland,Zimbabwe,2023-10-06
2829,Ashley Marsh,cust2829_joseshaw@yahoo.com,Jonesborough,Netherlands Antilles,2024-09-07
2830,Loretta Holt,cust2830_apatterson@gmail.com,South John,Svalbard & Jan Mayen Islands,2024-10-18
2831,Randy Hernandez,cust2831_christineandrade@hotmail.com,New Christopher,Czech Republic,2026-05-20
2832,Dylan Villarreal,cust2832_martinalicia@hotmail.com,New Amyhaven,Rwanda,2024-02-16
2833,James Jenkins,cust2833_eric19@gmail.com,New Ericborough,Congo,2025-09-08
2834,Victor Acosta,cust2834_clintonhaley@gmail.com,Ibarrafurt,Liechtenstein,2024-10-05
2835,Eric Frost,cust2835_pruittchristopher@hotmail.com,Lake Amy,Mongolia,2023-12-30
2836,Brian Hunter,cust2836_uroberts@gmail.com,East Jenniferburgh,Angola,2025-03-26
2837,Victoria Nelson,cust2837_brittany60@yahoo.com,West Patriciafort,Sierra Leone,2024-10-15
2838,Anthony Baldwin,cust2838_treed@gmail.com,Jasminemouth,Canada,2024-08-19
2839,Roger Avila,cust2839_davidjohnson@gmail.com,Moyerhaven,Saint Lucia,2025-10-02
2840,Matthew Farrell,cust2840_stewartpamela@yahoo.com,East Kathleenshire,New Zealand,2026-03-25
2841,Raymond Brown,cust2841_bkane@gmail.com,Brittneyview,Iraq,2024-05-11
2842,Shari Faulkner,cust2842_pparks@hotmail.com,Port John,Portugal,2024-10-29
2843,Allen Rodriguez,cust2843_alexandra00@hotmail.com,Delacruzland,Falkland Islands (Malvinas),2025-02-09
2844,Kristin Gonzalez,cust2844_javierlewis@gmail.com,Morganside,Slovakia (Slovak Republic),2024-07-28
2845,Dustin Dominguez DDS,cust2845_cindycurtis@gmail.com,Rogerstown,Tajikistan,2025-03-15
2846,Charlotte Warren,cust2846_robin25@hotmail.com,Juliastad,Germany,2025-01-17
2847,Mrs. Lisa Wilson DDS,cust2847_nharrington@yahoo.com,Port Karen,Japan,2023-08-22
2848,Justin Harris DDS,cust2848_randyhart@hotmail.com,East Stephanie,Martinique,2026-02-28
2849,David Young,cust2849_scott84@yahoo.com,Roachview,Maldives,2024-02-14
2850,John Joseph,cust2850_longtravis@gmail.com,North Richard,Botswana,2026-04-27
2851,Gregory Jackson,cust2851_ccastillo@gmail.com,Michaelport,Albania,2026-01-22
2852,Ashley Parsons,cust2852_lauren57@gmail.com,Lake Larryborough,Reunion,2024-01-04
2853,Barry Gutierrez,cust2853_twilson@yahoo.com,Port Jamesfurt,Belarus,2026-01-31
2854,Lawrence Ross,cust2854_pattonmatthew@hotmail.com,Nicholasstad,United States of America,2023-02-25
2855,Patrick Mason,cust2855_noahmullins@gmail.com,Hayesview,Sri Lanka,2025-08-03
2856,Dylan Lloyd,cust2856_crystal54@yahoo.com,Emilychester,Antarctica (the territory South of 60 deg S),2024-03-05
2857,Willie York,cust2857_burkerobert@gmail.com,South Kimberly,Zimbabwe,2025-06-16
2858,Joseph Marsh,cust2858_rmeadows@gmail.com,Lake Meredithmouth,Samoa,2024-08-19
2859,Christine Yates,cust2859_amandabarrett@gmail.com,Marymouth,Angola,2023-05-22
2860,Lauren Green,cust2860_russellsamantha@yahoo.com,New Danielborough,Isle of Man,2025-04-17
2861,Rachel Chase,cust2861_allenlisa@hotmail.com,Annaborough,Tunisia,2025-10-19
2862,Kara Ford,cust2862_vazquezgerald@yahoo.com,Jennifershire,Grenada,2023-10-13
2863,Becky Shepherd,cust2863_jonathan96@yahoo.com,Kellyland,Saint Vincent and the Grenadines,2024-09-12
2864,Karen Dominguez,cust2864_megan27@yahoo.com,New Alan,American Samoa,2024-05-10
2865,Walter Newton,cust2865_wongsean@yahoo.com,Stevenport,Qatar,2024-06-01
2866,Lauren Young,cust2866_cabrerajennifer@hotmail.com,Port Francis,Fiji,2023-11-12
2867,Kayla Tucker,cust2867_mcdanielfrances@gmail.com,North Seanmouth,Moldova,2025-05-16
2868,Ashley Vega,cust2868_daisy57@yahoo.com,Lake Joannaton,Togo,2025-02-11
2869,Zachary Potts,cust2869_anita14@gmail.com,West Jennifer,Singapore,2023-06-01
2870,Zachary Cervantes,cust2870_daniellewebb@hotmail.com,Marquezfurt,Palestinian Territory,2025-07-08
2871,Wyatt Martinez II,cust2871_robertnguyen@yahoo.com,Sampsonfort,Bhutan,2026-05-09
2872,Gloria Castro,cust2872_houstonmichelle@yahoo.com,Lake Pamelaview,Barbados,2025-09-08
2873,Taylor Freeman,cust2873_wilsonrobert@gmail.com,Sarahview,Equatorial Guinea,2026-04-07
2874,Matthew Faulkner,cust2874_bruceray@yahoo.com,Geraldport,Tunisia,2025-03-31
2875,Christy Dennis,cust2875_tara23@yahoo.com,Wallerside,Peru,2025-12-30
2876,Monica Ellis,cust2876_harrisonann@gmail.com,West John,Grenada,2025-11-03
2877,Brooke Potter,cust2877_piercefrank@gmail.com,Webbshire,Bahamas,2025-05-06
2878,Mary Jenkins,cust2878_hernandezrussell@hotmail.com,New Victoria,Switzerland,2026-01-18
2879,Yolanda Stevens,cust2879_wparker@hotmail.com,North Kayla,Afghanistan,2023-03-17
2880,Chelsea Kaiser,cust2880_wsmith@hotmail.com,South Brandonbury,Libyan Arab Jamahiriya,2025-01-06
2881,Amy Welch,cust2881_tellison@yahoo.com,East Benjamin,South Georgia and the South Sandwich Islands,2026-01-04
2882,Nicole Johnson,cust2882_joshuanelson@gmail.com,Vasquezport,Mauritius,2026-05-01
2883,Jason Sutton,cust2883_ebailey@yahoo.com,Lisafurt,Ghana,2023-06-24
2884,Jeffery Foster,cust2884_christopher98@gmail.com,South Whitneyview,Luxembourg,2023-08-12
2885,Gregory Villarreal,cust2885_leematthew@gmail.com,North Jacob,Christmas Island,2024-05-23
2886,William Perez,cust2886_davidpaul@hotmail.com,Michaelstad,Zambia,2024-12-28
2887,David Carr,cust2887_duartesteven@yahoo.com,Lake Patrickmouth,Benin,2023-12-07
2888,Grant Holland,cust2888_steven75@gmail.com,West Jean,Cook Islands,2026-06-08
2889,Mr. Kevin Johnson,cust2889_mary36@hotmail.com,Burkeborough,Congo,2023-04-01
2890,Jeffrey Robinson,cust2890_david85@hotmail.com,Moorehaven,Djibouti,2026-02-27
2891,Steven Wall,cust2891_tylerthompson@yahoo.com,North Austin,Sudan,2025-03-29
2892,John Wang,cust2892_smithheather@yahoo.com,Lake Jared,Vietnam,2024-11-10
2893,Christine Griffin,cust2893_james33@hotmail.com,Lake Courtneyhaven,Cote d'Ivoire,2025-05-31
2894,Holly Walters,cust2894_andersondebbie@hotmail.com,West Stevenmouth,Bolivia,2023-08-05
2895,Rebecca May,cust2895_karen17@yahoo.com,Fernandezfurt,French Polynesia,2023-01-22
2896,Michael Parker,cust2896_codyburns@hotmail.com,South Christine,Cayman Islands,2023-07-21
2897,Alvin Clark,cust2897_crystalcole@hotmail.com,Boydstad,Nicaragua,2024-06-13
2898,Nicholas Anderson,cust2898_cynthiaarmstrong@gmail.com,Austinmouth,United States Minor Outlying Islands,2024-03-30
2899,Megan Huffman,cust2899_christopherwatson@gmail.com,North Brittney,Holy See (Vatican City State),2025-11-11
2900,Samantha Fisher,cust2900_lauren10@gmail.com,Alexanderchester,Jordan,2025-11-28
2901,Nancy Warren,cust2901_powellstephen@yahoo.com,Butlerland,Trinidad and Tobago,2026-02-16
2902,Keith Gregory,cust2902_jwright@hotmail.com,Jenniferland,Tuvalu,2026-04-03
2903,Crystal Rogers,cust2903_dwayne76@gmail.com,North Mark,Mongolia,2026-03-24
2904,Dana Rhodes,cust2904_jamie63@hotmail.com,Christinaport,Albania,2024-03-28
2905,Justin Flores,cust2905_robert65@gmail.com,South Brianfort,Cuba,2025-07-01
2906,Chase Phelps,cust2906_batesjill@yahoo.com,South Emily,Cyprus,2025-02-05
2907,Valerie Bell,cust2907_ddouglas@gmail.com,East Stacey,Costa Rica,2025-03-12
2908,Jonathan Adams,cust2908_carmenjones@hotmail.com,Smithville,Mozambique,2025-08-06
2909,Larry Turner,cust2909_ufoster@gmail.com,Clarkberg,Isle of Man,2026-04-20
2910,Thomas West,cust2910_elizabethpalmer@hotmail.com,Crystalview,Bermuda,2025-10-21
2911,Mr. Anthony Cabrera,cust2911_greenetyler@yahoo.com,Rosestad,Northern Mariana Islands,2023-11-05
2912,Ashley Mitchell,cust2912_tolsen@yahoo.com,Grahamshire,Syrian Arab Republic,2024-12-07
2913,Thomas Mcguire,cust2913_ambertate@gmail.com,Davidshire,Antarctica (the territory South of 60 deg S),2023-02-20
2914,Jasmine Cooper,cust2914_transcott@yahoo.com,Ramosshire,Marshall Islands,2025-09-15
2915,Kimberly Young,cust2915_qhill@yahoo.com,New Lorihaven,Ghana,2023-08-03
2916,Kathy Foster,cust2916_brian30@hotmail.com,Ramirezburgh,Estonia,2024-08-28
2917,Elizabeth Golden,cust2917_john69@yahoo.com,North Jacob,Bosnia and Herzegovina,2025-05-01
2918,Jasmine Carson,cust2918_hbrown@hotmail.com,East Markport,Italy,2023-06-25
2919,Jane Smith,cust2919_brenda03@yahoo.com,Greenview,Kuwait,2023-08-26
2920,Thomas Martinez,cust2920_simmonsjacob@gmail.com,Bradleybury,Saint Lucia,2023-10-18
2921,Melanie Hale,cust2921_andrea68@hotmail.com,Lake Annaton,Armenia,2024-12-14
2922,Elizabeth Edwards,cust2922_jasonwatson@hotmail.com,Espinozafurt,Afghanistan,2024-09-30
2923,Danny Edwards,cust2923_mirandaanthony@hotmail.com,Kristenfort,Congo,2024-12-03
2924,Alexandra Frey,cust2924_jonesmelissa@yahoo.com,Davisside,Bermuda,2025-07-21
2925,Kristin Cruz,cust2925_harpercathy@hotmail.com,East Robinstad,Argentina,2024-02-28
2926,Gabriella Johnston,cust2926_martharay@hotmail.com,Millerchester,South Africa,2025-12-03
2927,Angela Smith,cust2927_maychelsey@gmail.com,Lake Frank,Syrian Arab Republic,2025-09-16
2928,Sarah Meadows,cust2928_andre19@yahoo.com,East Sydneybury,Cote d'Ivoire,2024-12-14
2929,Angela Lee,cust2929_frank20@hotmail.com,Blaketon,Western Sahara,2025-09-02
2930,Cindy Salas MD,cust2930_hcrawford@hotmail.com,Paulmouth,Equatorial Guinea,2023-07-19
2931,Jasmine Rodriguez,cust2931_rebeccamccormick@hotmail.com,Lake Antonio,Denmark,2025-06-16
2932,Wendy Vargas,cust2932_sherry65@yahoo.com,East Danielside,Jersey,2025-07-15
2933,Mason Weaver,cust2933_contrerasdavid@hotmail.com,Port Erin,Tanzania,2024-10-15
2934,Connie Brown,cust2934_michael87@hotmail.com,North Ruben,Canada,2023-05-18
2935,Richard Cabrera,cust2935_carol88@hotmail.com,Port Andrewshire,Romania,2024-09-06
2936,Brian Farmer,cust2936_rasmussenmichael@yahoo.com,North Calvin,Saudi Arabia,2023-04-02
2937,Daniel Henderson,cust2937_sullivanjoshua@gmail.com,West Jonathanchester,Taiwan,2023-08-24
2938,Joshua Jones,cust2938_qmeadows@gmail.com,West Roger,Greece,2023-02-16
2939,Keith Gomez,cust2939_rsmith@hotmail.com,Mariahaven,Antigua and Barbuda,2024-12-03
2940,Carlos Duffy,cust2940_matthew69@hotmail.com,Lake Christine,Mayotte,2023-08-12
2941,Hannah Valdez,cust2941_mscott@yahoo.com,West Douglastown,French Guiana,2023-12-03
2942,Jordan Villarreal,cust2942_lvelez@yahoo.com,Lake Kathleen,Martinique,2024-05-14
2943,Jared Myers,cust2943_humphreylindsay@gmail.com,North Peterport,Lithuania,2025-11-22
2944,William Morales,cust2944_rhays@hotmail.com,Wumouth,Myanmar,2023-12-24
2945,Brandy Casey,cust2945_zanderson@yahoo.com,Millerfurt,Iceland,2026-02-04
2946,Nathan Ross,cust2946_tatekyle@hotmail.com,West Lindsey,Iran,2023-11-24
2947,Linda Welch,cust2947_cwebb@gmail.com,Woodburgh,Taiwan,2024-11-08
2948,Mr. Michael Williams Jr.,cust2948_lydia72@gmail.com,Lake Sharonmouth,Cameroon,2026-02-20
2949,Tyler Peterson,cust2949_maria60@gmail.com,Juliehaven,Taiwan,2025-05-23
2950,Lindsay Johns,cust2950_xwhite@gmail.com,Kendratown,Niue,2025-08-04
2951,Nicholas Perez,cust2951_katrinalopez@gmail.com,Nathanchester,Andorra,2024-04-19
2952,Tyler Hanson,cust2952_elizabeth32@gmail.com,North Cassandraberg,Uruguay,2025-04-09
2953,Denise Scott,cust2953_jessicamcguire@yahoo.com,West Michelleside,Vanuatu,2024-01-13
2954,Kayla Baker,cust2954_erinreid@yahoo.com,Lake Morgan,Aruba,2024-01-17
2955,Anne Wilson,cust2955_jeremyrobinson@hotmail.com,New Danieltown,Armenia,2025-06-04
2956,Latasha Hernandez,cust2956_francisco65@yahoo.com,Cochranmouth,Guyana,2025-03-21
2957,Jocelyn Campbell,cust2957_michelle63@hotmail.com,Wayneside,Cambodia,2023-03-01
2958,Peter Snyder,cust2958_leonardphillips@gmail.com,Lake Marc,Greece,2026-06-11
2959,Steven Cordova,cust2959_angelarivera@gmail.com,Matthewbury,Micronesia,2024-02-09
2960,Chelsea Hayden,cust2960_adriangreen@yahoo.com,Grahamfurt,Russian Federation,2025-07-09
2961,Carl Payne,cust2961_tevans@hotmail.com,Millerberg,Azerbaijan,2026-04-27
2962,Emily Jones,cust2962_jenniferprice@yahoo.com,North Nathan,Sao Tome and Principe,2025-05-29
2963,Jennifer Davis,cust2963_castillokenneth@gmail.com,Kristyview,Cyprus,2025-03-07
2964,Robert Smith,cust2964_smiller@yahoo.com,New Kristina,Nepal,2023-01-10
2965,Eric Zimmerman,cust2965_joseph33@gmail.com,Davisville,Pitcairn Islands,2024-03-15
2966,Cristina Cardenas,cust2966_kristen72@hotmail.com,Wilkinsonmouth,Antarctica (the territory South of 60 deg S),2024-02-26
2967,Paul Francis,cust2967_jeremy49@hotmail.com,Diazside,Reunion,2024-07-24
2968,Juan Gutierrez,cust2968_grossalexandra@gmail.com,Huntton,Yemen,2023-05-09
2969,Tara Andrade,cust2969_diazbrittany@yahoo.com,Jeffchester,Uruguay,2026-03-28
2970,Cameron Leach,cust2970_cisnerosjason@gmail.com,East Jacob,Trinidad and Tobago,2023-07-28
2971,Deborah Williams,cust2971_csmith@gmail.com,West Jessicahaven,Cuba,2026-01-04
2972,Kristi Collins,cust2972_fsharp@yahoo.com,South Andrewfurt,Hungary,2024-01-18
2973,Zachary Farmer,cust2973_rsmith@yahoo.com,Riversberg,Central African Republic,2025-01-19
2974,Krista Moore,cust2974_kristinnewman@gmail.com,New Mariaborough,Togo,2024-10-29
2975,Jennifer Mullen,cust2975_timothytyler@yahoo.com,South Jose,Somalia,2024-02-08
2976,Daniel Jefferson,cust2976_jennifer59@yahoo.com,Lake Kathleen,United Arab Emirates,2025-07-26
2977,Matthew Sanders,cust2977_amy31@gmail.com,West Denise,Estonia,2023-08-22
2978,Gerald Shepherd,cust2978_beth81@gmail.com,Tinachester,Guernsey,2024-06-21
2979,Walter White,cust2979_salaskara@yahoo.com,South Katherinetown,Gambia,2025-09-29
2980,Molly Perez,cust2980_hking@gmail.com,Lake Robertmouth,Mozambique,2025-12-16
2981,Isaiah Mercer,cust2981_ashley42@gmail.com,South Audrey,Congo,2024-10-03
2982,Christine Castaneda,cust2982_reneelong@hotmail.com,Thompsonfurt,Kyrgyz Republic,2026-05-07
2983,Johnathan Freeman,cust2983_michaelhansen@gmail.com,Port Kimberly,Benin,2025-03-06
2984,Dr. Benjamin Reed,cust2984_choidenise@yahoo.com,South Kristin,Timor-Leste,2026-06-05
2985,Curtis Lawson,cust2985_hatkinson@yahoo.com,North Cliffordland,Czech Republic,2025-03-14
2986,Felicia Fox,cust2986_parkerisaac@gmail.com,Bonillafort,Niger,2026-04-17
2987,Benjamin Haney,cust2987_millermichelle@hotmail.com,Davisfurt,Singapore,2023-08-22
2988,Samantha Petersen,cust2988_collinscourtney@hotmail.com,West Tinafort,Czech Republic,2024-12-13
2989,Tammy James,cust2989_omurray@yahoo.com,Whiteton,Myanmar,2024-12-21
2990,Bailey Owen,cust2990_stephenreynolds@gmail.com,North Michael,South Georgia and the South Sandwich Islands,2025-07-26
2991,Keith Pollard,cust2991_rhonda97@gmail.com,Michaelmouth,Niger,2026-06-18
2992,Randy Burns,cust2992_wilsonerin@yahoo.com,Port Tammyfort,Costa Rica,2023-12-20
2993,Catherine Copeland,cust2993_lsmith@yahoo.com,Richardside,Portugal,2024-09-01
2994,Margaret Pierce,cust2994_johnsonkatelyn@yahoo.com,Gonzalezstad,Macao,2026-06-12
2995,Walter Atkins,cust2995_maria36@yahoo.com,Nicoleton,Chile,2026-04-23
2996,Chris Foster,cust2996_zbarrett@yahoo.com,Stokesview,Saint Pierre and Miquelon,2023-06-23
2997,Jeremy Figueroa,cust2997_lmontgomery@hotmail.com,Teresaland,Guernsey,2023-10-02
2998,Mark Rodgers,cust2998_melissa45@hotmail.com,Lake Danielleview,Anguilla,2024-10-03
2999,Daisy Simpson,cust2999_hansenjoshua@hotmail.com,Edwardsbury,Norway,2023-08-30
3000,Faith Johnson,cust3000_wballard@yahoo.com,Port Tammyhaven,Albania,2024-05-03
3001,Joseph Gonzalez,cust3001_sara93@gmail.com,East Richardfurt,Gabon,2024-09-17
3002,Kelly Horton,cust3002_lisa07@gmail.com,Clarkview,Benin,2023-08-28
3003,Nathan Hughes,cust3003_lisamccarthy@gmail.com,Daleberg,Ireland,2024-01-10
3004,David Patel,cust3004_sharris@yahoo.com,Campbellchester,Ethiopia,2025-02-03
3005,Yolanda Finley,cust3005_vshields@gmail.com,East Melissa,Zambia,2023-10-17
3006,John Short,cust3006_vbaker@hotmail.com,Port Brian,Zimbabwe,2025-11-12
3007,Diane Cabrera,cust3007_wileyandrew@hotmail.com,Grahamfort,Spain,2025-03-06
3008,Melanie Carlson,cust3008_myerstiffany@yahoo.com,Alvarezfort,Cook Islands,2025-05-06
3009,Whitney Roy,cust3009_simmonsjoseph@gmail.com,Sergiostad,Faroe Islands,2026-05-06
3010,Kara Lawrence,cust3010_andrew52@yahoo.com,East Kathleentown,Saint Kitts and Nevis,2023-10-10
3011,Joseph Cook,cust3011_fbrown@hotmail.com,East Carolbury,Turks and Caicos Islands,2026-03-23
3012,Tammy Huffman,cust3012_andersontravis@yahoo.com,Carmenshire,Mali,2025-02-24
3013,Toni Garcia,cust3013_reginawright@yahoo.com,Smithhaven,Slovakia (Slovak Republic),2025-05-16
3014,Katherine Jones,cust3014_burtonkaren@hotmail.com,Davidtown,Svalbard & Jan Mayen Islands,2024-01-16
3015,Andrew Johnson,cust3015_wrose@hotmail.com,Scottview,Malaysia,2025-09-23
3016,Renee Perez,cust3016_steven65@hotmail.com,Hannahtown,Trinidad and Tobago,2026-01-05
3017,Dennis Anderson,cust3017_williemendez@gmail.com,Port Shannonhaven,Ecuador,2023-12-21
3018,Rachel Lara,cust3018_john16@yahoo.com,Juliehaven,Switzerland,2026-02-10
3019,Dean Adams,cust3019_piercedonna@yahoo.com,North James,Colombia,2023-12-08
3020,Amanda Sims,cust3020_ryan52@yahoo.com,North Juliaburgh,Costa Rica,2025-09-29
3021,Mariah Nolan,cust3021_ojames@gmail.com,East Michael,Iran,2024-08-14
3022,Wayne Good,cust3022_alexanderdawn@gmail.com,Joshuaton,Spain,2023-10-15
3023,Joel Glass,cust3023_wilsonmichelle@hotmail.com,Jasonside,Uruguay,2024-01-19
3024,Alex Anderson,cust3024_beckamanda@hotmail.com,Port Wendyfurt,Venezuela,2024-10-06
3025,Rhonda Brown,cust3025_caseyantonio@gmail.com,West Kennethport,Russian Federation,2025-07-12
3026,Thomas Howard,cust3026_ngreene@hotmail.com,West Mariah,Greenland,2026-06-22
3027,Erin Fox,cust3027_brookschristopher@gmail.com,Thomasborough,Serbia,2023-04-20
3028,Brenda Frederick,cust3028_brendaparrish@gmail.com,Jackstad,Haiti,2025-01-05
3029,Melissa Schroeder,cust3029_rogersmatthew@gmail.com,North Sharon,British Virgin Islands,2023-01-20
3030,Monica Phelps,cust3030_megan48@yahoo.com,Garciamouth,American Samoa,2025-09-19
3031,Pamela Hunt,cust3031_brenda15@hotmail.com,New Ashleyview,France,2023-10-07
3032,Dylan Young,cust3032_anthony69@yahoo.com,Kristenborough,Heard Island and McDonald Islands,2024-02-04
3033,Katie Miller,cust3033_romerojennifer@hotmail.com,South Samuel,Greenland,2025-02-25
3034,Randall Hayes,cust3034_rpeck@yahoo.com,West Justin,Russian Federation,2026-02-24
3035,Daniel West,cust3035_jill37@hotmail.com,Gilberttown,Lithuania,2025-11-01
3036,Dustin Rivera,cust3036_carol48@yahoo.com,Murrayview,Uzbekistan,2025-10-10
3037,Stephanie Graham,cust3037_jameselliott@yahoo.com,Wilsonmouth,Haiti,2025-04-17
3038,Gwendolyn Johnson,cust3038_kimberlyjordan@yahoo.com,South Kevinberg,United States Minor Outlying Islands,2025-10-04
3039,Brittany Hernandez,cust3039_msanders@gmail.com,Lisaville,Puerto Rico,2025-05-01
3040,Desiree Crawford,cust3040_brownjustin@yahoo.com,Angelaport,Guinea,2025-06-28
3041,Victor Barron,cust3041_sandra21@yahoo.com,East Nathan,Vanuatu,2025-09-27
3042,Melissa Valencia,cust3042_dperry@hotmail.com,Katherineport,Spain,2023-12-09
3043,Anna Shaw,cust3043_carterchristopher@gmail.com,Reneefort,Monaco,2023-06-19
3044,Christopher Garrett,cust3044_oaguilar@yahoo.com,Eatonbury,Trinidad and Tobago,2026-03-03
3045,Michael Johnson,cust3045_debbie01@gmail.com,Nathanside,Congo,2023-03-05
3046,Anna Wood,cust3046_glenmartin@yahoo.com,North Cherylborough,Poland,2024-03-27
3047,Cynthia Robinson,cust3047_lsanchez@gmail.com,North Elizabeth,Tuvalu,2024-08-21
3048,Justin West,cust3048_sherrygamble@gmail.com,New Kenneth,Zambia,2023-03-08
3049,Kelly Mullins,cust3049_bmejia@yahoo.com,Lake Nicole,Turkmenistan,2024-07-16
3050,Brandy Smith,cust3050_kerrylyons@gmail.com,Jacobfurt,Jordan,2024-04-05
3051,Donald Luna,cust3051_bparker@yahoo.com,Wongborough,Seychelles,2026-01-06
3052,Carol Simpson,cust3052_crussell@hotmail.com,Aprilside,Lebanon,2024-08-14
3053,Scott Nelson,cust3053_larryfox@hotmail.com,West Sarahview,Hungary,2023-12-11
3054,Claudia Mcguire,cust3054_john55@yahoo.com,Collinsberg,Congo,2025-07-25
3055,Alexandra Hernandez,cust3055_lsparks@gmail.com,Adamsshire,Iceland,2026-03-04
3056,Michael Morton,cust3056_benjamindavid@hotmail.com,Port Don,Slovenia,2025-10-11
3057,Dana Barton,cust3057_josephcastro@gmail.com,North Jeremy,Cote d'Ivoire,2026-01-30
3058,Michael Ayala,cust3058_zavalaemma@gmail.com,New Robert,Uruguay,2025-11-12
3059,Stephen Meyer,cust3059_tyler30@yahoo.com,Markfurt,Poland,2023-08-20
3060,Stacy Lowe,cust3060_pbates@hotmail.com,Margaretmouth,Macao,2026-03-18
3061,Michael Brown,cust3061_matthew26@hotmail.com,Pearsonview,Northern Mariana Islands,2023-08-22
3062,Kyle Lewis,cust3062_ksexton@yahoo.com,West Robertview,Jordan,2024-07-02
3063,Stephen Marsh,cust3063_bobbycarter@gmail.com,Ramosmouth,Saint Barthelemy,2026-01-17
3064,Jacob Williams,cust3064_christopher91@hotmail.com,Emilytown,Spain,2025-01-21
3065,James Garcia,cust3065_lesliephelps@yahoo.com,New Christopherview,Comoros,2026-01-15
3066,Sandra Mckinney,cust3066_anolan@hotmail.com,East Melissa,Paraguay,2023-03-27
3067,Michelle Chan,cust3067_jaredkelley@gmail.com,Williamshaven,Nicaragua,2025-06-22
3068,Nancy Henry,cust3068_coxdavid@gmail.com,Michaelport,Mozambique,2026-01-23
3069,Jennifer Montgomery,cust3069_cookdavid@gmail.com,West Christina,Japan,2024-03-23
3070,Brian Roberts,cust3070_rebecca83@gmail.com,Sheritown,Niue,2025-05-20
3071,Dr. Patrick Diaz,cust3071_billyjones@hotmail.com,East Daniel,Mexico,2023-07-29
3072,Donna Lara,cust3072_madelinerodriguez@yahoo.com,Port Eric,Finland,2024-05-21
3073,Leon Ramos,cust3073_laurenwhite@yahoo.com,Bellton,China,2024-09-01
3074,James Strong,cust3074_matthew06@gmail.com,Shawnmouth,Guadeloupe,2023-03-08
3075,Jesus Taylor,cust3075_craigrichard@yahoo.com,East Shawnmouth,Bouvet Island (Bouvetoya),2025-07-10
3076,Steve Kelly,cust3076_cpierce@yahoo.com,West Stevenland,Sierra Leone,2024-06-22
3077,Christopher Wolfe,cust3077_atkinsonshawn@hotmail.com,Port Henry,Dominican Republic,2024-12-14
3078,Robert Andrews,cust3078_kathleenellison@gmail.com,Josephport,Saint Martin,2023-06-28
3079,Emma Miller,cust3079_drivera@yahoo.com,Jacobville,Romania,2025-06-18
3080,Amanda Nelson,cust3080_avega@hotmail.com,Courtneymouth,Saint Vincent and the Grenadines,2023-08-29
3081,Alexander Le,cust3081_casey15@hotmail.com,Amyton,Slovakia (Slovak Republic),2024-04-30
3082,Anthony Walker,cust3082_peter53@gmail.com,Harrisbury,Albania,2024-03-05
3083,Michael Richardson,cust3083_james00@hotmail.com,Davidview,Djibouti,2026-04-19
3084,Jerry Bowman,cust3084_codyford@hotmail.com,Scottville,Svalbard & Jan Mayen Islands,2024-12-19
3085,Michael Russo,cust3085_andreafrazier@gmail.com,Lake Lori,Samoa,2026-06-03
3086,Jerry Pittman,cust3086_oscar17@yahoo.com,Brooksstad,Netherlands,2025-05-26
3087,Trevor Young,cust3087_anthonymiles@gmail.com,Jennifershire,Belize,2023-12-06
3088,Lisa Kelley,cust3088_jenniferjones@hotmail.com,South Karl,Luxembourg,2026-06-15
3089,Lance Velasquez,cust3089_bradley54@yahoo.com,Lake Matthew,Cook Islands,2023-10-13
3090,Isabella Smith,cust3090_yphelps@yahoo.com,New Joseburgh,Trinidad and Tobago,2024-02-28
3091,Joshua Wong,cust3091_uthomas@gmail.com,Rodriguezburgh,Isle of Man,2024-02-28
3092,Carl Randolph,cust3092_efrench@gmail.com,Hunttown,Saint Vincent and the Grenadines,2023-05-02
3093,William Mercado,cust3093_ryansmith@hotmail.com,New Joshuashire,Afghanistan,2026-03-13
3094,Andrea Mcdonald,cust3094_brennanvirginia@yahoo.com,Estradahaven,Anguilla,2024-12-19
3095,Ryan Barnett,cust3095_fmarshall@yahoo.com,North Joshuashire,Kyrgyz Republic,2025-12-26
3096,James Anderson,cust3096_garciamatthew@hotmail.com,Torrestown,Liechtenstein,2024-07-29
3097,Mark Nixon,cust3097_peter91@hotmail.com,East Benjamin,Tonga,2026-05-07
3098,Sarah Maddox,cust3098_richard97@yahoo.com,West Brady,Lithuania,2026-01-08
3099,Jeff Burgess,cust3099_mfowler@yahoo.com,New Davidville,Liechtenstein,2023-12-11
3100,Deborah Cole,cust3100_victor93@yahoo.com,Diamondport,Cuba,2024-10-24
3101,Jacqueline Munoz,cust3101_lwalton@yahoo.com,Port Barry,Belgium,2024-08-22
3102,Amy James,cust3102_ronald91@gmail.com,Pachecoville,Morocco,2024-08-15
3103,Jason Richards,cust3103_jasonallen@gmail.com,Lake Charles,Serbia,2026-03-18
3104,Kristin Williams,cust3104_gmoreno@hotmail.com,Brooksbury,Greenland,2024-07-01
3105,Cassandra Norris,cust3105_tayloremma@hotmail.com,Kinghaven,British Virgin Islands,2025-11-19
3106,Justin Powell,cust3106_kellyrichardson@yahoo.com,New Teresa,South Georgia and the South Sandwich Islands,2023-07-15
3107,Kent Miller,cust3107_vdixon@gmail.com,New Debra,Poland,2023-10-05
3108,Sarah Brooks,cust3108_stewarttammy@hotmail.com,Hardyshire,Belgium,2025-04-22
3109,Damon Melendez,cust3109_jason53@yahoo.com,New Sara,Belarus,2023-05-02
3110,Gary Bell,cust3110_rachelstevens@gmail.com,Zacharyborough,Hong Kong,2024-07-21
3111,Sarah Hayes,cust3111_victoria29@yahoo.com,East Barbara,Ireland,2023-09-17
3112,Stacy Gibbs,cust3112_drakeamanda@yahoo.com,South Ashleyview,Denmark,2023-09-29
3113,Lauren Moon,cust3113_laurie01@gmail.com,Dustinfort,Slovakia (Slovak Republic),2024-05-26
3114,Kara Dean,cust3114_joshua92@gmail.com,North Melissaland,Madagascar,2023-10-27
3115,Margaret Perry,cust3115_lewiseric@hotmail.com,West Shane,Zimbabwe,2024-10-21
3116,Joseph Hogan,cust3116_garciamark@yahoo.com,Port Jacobmouth,Heard Island and McDonald Islands,2024-05-21
3117,Marvin Harrell,cust3117_rmitchell@gmail.com,Lopezmouth,United States of America,2025-03-15
3118,Jason Martin,cust3118_suzannerivas@yahoo.com,Lauraburgh,Cambodia,2025-09-29
3119,Laura Smith,cust3119_potterjohn@yahoo.com,West Paul,United States Minor Outlying Islands,2023-10-19
3120,Trevor Weber,cust3120_marissa47@hotmail.com,Lake Ebonychester,Australia,2026-03-28
3121,Danielle Duncan,cust3121_williamsbelinda@yahoo.com,South Jamesberg,Belarus,2024-07-04
3122,Phillip Miller,cust3122_aaronjackson@yahoo.com,South Matthewland,Hungary,2025-04-28
3123,Susan Rogers,cust3123_elizabeth18@hotmail.com,Josephborough,Cuba,2025-02-07
3124,Jessica Ward,cust3124_taylormatthew@hotmail.com,West Rebeccamouth,Micronesia,2025-07-14
3125,Matthew Garcia,cust3125_jessica82@hotmail.com,Lake Markport,Nauru,2023-06-04
3126,Bradley Richards,cust3126_daycurtis@yahoo.com,New Brandi,New Caledonia,2023-07-10
3127,Brian Rodriguez,cust3127_potterjavier@hotmail.com,Heatherfurt,United Arab Emirates,2025-04-05
3128,Chelsey Martinez,cust3128_robertmoore@gmail.com,Port Jennifer,Botswana,2025-11-21
3129,Steve Hernandez,cust3129_jacqueline69@hotmail.com,Powellport,Mayotte,2024-07-23
3130,Joshua Ford,cust3130_wrightpaul@hotmail.com,Stacyville,United States Minor Outlying Islands,2025-01-25
3131,Tyler Benson,cust3131_ferrelltammy@gmail.com,Lake Daniel,Palau,2025-07-20
3132,Brandon Lee,cust3132_nicole31@yahoo.com,Pooleside,Seychelles,2025-09-26
3133,Vincent Roberts,cust3133_sarah02@gmail.com,Ralphfurt,Lesotho,2024-11-01
3134,Lori Duarte,cust3134_alejandrotaylor@gmail.com,Erikside,Jamaica,2026-04-06
3135,Andrew West,cust3135_xjohnson@gmail.com,Lake Victoria,Vietnam,2023-01-06
3136,Leslie Nichols,cust3136_eerickson@yahoo.com,New Jaclynfort,Libyan Arab Jamahiriya,2023-07-10
3137,Angela Cole,cust3137_gregory40@gmail.com,Port Jeffery,Argentina,2025-07-27
3138,Jacqueline Jones,cust3138_jlevy@yahoo.com,Brockberg,Guatemala,2025-01-03
3139,Jeffrey Roberts,cust3139_kimlisa@hotmail.com,New Gregory,Tanzania,2023-05-10
3140,Nathaniel Molina,cust3140_beverlyflores@gmail.com,New Diane,Sri Lanka,2025-12-30
3141,Rebecca Dixon,cust3141_rebeccawong@hotmail.com,Port Mary,Mexico,2025-03-25
3142,Kelli Mendoza,cust3142_hilldebra@gmail.com,Rebeccamouth,Sierra Leone,2024-03-22
3143,Angela Mendez,cust3143_beth11@hotmail.com,Maldonadoshire,Colombia,2025-05-29
3144,Marilyn Flores,cust3144_jasmine05@gmail.com,Lucerotown,Lithuania,2024-03-09
3145,Aaron Hansen,cust3145_ashley99@hotmail.com,Gonzalezstad,Korea,2025-10-10
3146,Jason Rubio,cust3146_kaylayoung@gmail.com,Rhondastad,Barbados,2024-07-03
3147,Samantha Tran,cust3147_joshua22@yahoo.com,Matthewborough,Svalbard & Jan Mayen Islands,2024-10-23
3148,Chelsea Johnson,cust3148_cheryl54@gmail.com,Clarkstad,Bouvet Island (Bouvetoya),2024-08-03
3149,Michele Rangel,cust3149_carlsontyler@yahoo.com,Lake Jerrychester,Denmark,2024-11-22
3150,Henry Jacobs,cust3150_jessica41@yahoo.com,South Nicole,United Kingdom,2026-01-25
3151,David Taylor,cust3151_ybridges@yahoo.com,Lake Jamesburgh,Cuba,2026-03-29
3152,Kimberly Taylor,cust3152_alexanderolivia@hotmail.com,West Shirley,Gambia,2023-09-25
3153,Natalie York,cust3153_natalie11@gmail.com,Curryshire,Jamaica,2026-03-05
3154,Scott Vance,cust3154_chadtorres@gmail.com,North Rachael,Martinique,2025-09-20
3155,Candice Allen,cust3155_vdennis@hotmail.com,Emilytown,Anguilla,2024-12-04
3156,Timothy Davis,cust3156_sanchezrobert@hotmail.com,Jenniferton,United States Virgin Islands,2023-04-10
3157,Barry Hernandez,cust3157_mccarthyandrew@gmail.com,Williamshaven,Estonia,2023-04-05
3158,Amy Walters,cust3158_ppatel@hotmail.com,East Katherine,Finland,2023-07-23
3159,Laura Atkins,cust3159_clarkdavid@gmail.com,Jacobport,Papua New Guinea,2025-07-30
3160,Daniel Harris MD,cust3160_williamsmichael@gmail.com,West Megantown,Bahrain,2023-02-03
3161,Eduardo Gonzalez,cust3161_matthewcook@hotmail.com,Duncanberg,Australia,2023-09-12
3162,Olivia Murillo,cust3162_erikacarlson@yahoo.com,Fischermouth,Bulgaria,2023-11-20
3163,Katherine Norton,cust3163_pagelauren@hotmail.com,Espinozamouth,Liechtenstein,2025-06-22
3164,Nicolas Hardin,cust3164_robinsontimothy@hotmail.com,East Kristineside,Belize,2025-07-23
3165,Laura Mendez,cust3165_bobbyhunter@gmail.com,West Michaelshire,El Salvador,2023-01-02
3166,Patrick Ortiz,cust3166_brewerkristy@hotmail.com,West Daniel,Moldova,2025-05-26
3167,Amanda Nixon,cust3167_umaxwell@hotmail.com,East Connieville,Guernsey,2024-02-19
3168,Renee Hicks,cust3168_rebeccarodriguez@hotmail.com,Johnfurt,Saint Helena,2023-09-28
3169,Isaiah Ramirez,cust3169_carolyn39@gmail.com,Millershire,Germany,2024-09-10
3170,Tony Perez,cust3170_melanie70@gmail.com,Lake Taylorland,Seychelles,2023-11-22
3171,Jimmy Douglas,cust3171_brianwoodard@yahoo.com,Jenniferbury,Peru,2024-07-15
3172,Douglas Malone,cust3172_colesheila@hotmail.com,Bryanthaven,Tunisia,2023-07-11
3173,Valerie Matthews,cust3173_dawnmerritt@gmail.com,Port Saraton,Korea,2025-01-08
3174,Meghan Smith,cust3174_andrew94@yahoo.com,North Kimberlyport,Iraq,2024-05-27
3175,Jeremy Barnett,cust3175_staffordjoshua@gmail.com,Andreachester,Liberia,2023-06-18
3176,Jason Tapia,cust3176_susanmartinez@yahoo.com,Madisonfort,Bahamas,2025-01-31
3177,Kristine Perry,cust3177_wilsonalexis@gmail.com,Owenstown,Djibouti,2023-12-05
3178,Gabriel Frank,cust3178_donna30@yahoo.com,East Kyle,Honduras,2023-04-17
3179,Patricia Knight,cust3179_qsandoval@hotmail.com,Port Jasonton,Eritrea,2025-03-22
3180,Crystal Mcgrath,cust3180_mramos@hotmail.com,West Richard,Montserrat,2024-09-17
3181,John Campbell,cust3181_garciasarah@gmail.com,North Williamport,Ecuador,2024-04-24
3182,Bradley Baker,cust3182_hannah51@hotmail.com,East Stevenland,Ukraine,2025-05-29
3183,Amy Sanchez,cust3183_rebeccastevens@gmail.com,West Pamela,Sri Lanka,2023-07-06
3184,Elizabeth Compton,cust3184_jason25@gmail.com,East David,Swaziland,2023-07-14
3185,Brian Jones,cust3185_bowmananthony@gmail.com,Garciafurt,Pakistan,2023-01-03
3186,Amy Johnson,cust3186_gregorylevine@yahoo.com,Frankchester,Slovenia,2024-03-13
3187,Martha Shah,cust3187_lisa84@hotmail.com,West Kimberly,British Indian Ocean Territory (Chagos Archipelago),2025-09-03
3188,Jason Richmond,cust3188_elizabeth99@hotmail.com,Josephberg,Isle of Man,2023-06-09
3189,Angela Hill,cust3189_leonard75@hotmail.com,South Alyssa,Saint Helena,2023-09-29
3190,Jackie Ferguson,cust3190_melissa94@gmail.com,Port James,Congo,2026-04-30
3191,Jacob Hall,cust3191_william35@hotmail.com,New April,Guadeloupe,2024-04-08
3192,Robert Stewart,cust3192_gmoran@gmail.com,Stokesstad,Eritrea,2025-11-29
3193,Samantha Barr,cust3193_henry77@yahoo.com,Kingview,Mongolia,2025-06-30
3194,Robert Sanchez,cust3194_ronald00@yahoo.com,South Ashleyhaven,Uzbekistan,2023-01-20
3195,Edward Hamilton,cust3195_xdiaz@gmail.com,Fordbury,Solomon Islands,2023-01-17
3196,Yolanda Bell,cust3196_denise60@hotmail.com,East Davidview,Anguilla,2024-12-04
3197,Scott King,cust3197_jessica96@gmail.com,Port Ryanshire,Syrian Arab Republic,2023-09-04
3198,Sarah Olsen MD,cust3198_taylor79@gmail.com,Farleystad,Paraguay,2025-05-14
3199,Rebecca Mann,cust3199_james60@gmail.com,West Brian,Sweden,2023-09-28
3200,Michael Schwartz,cust3200_john98@hotmail.com,Stacieberg,Kuwait,2025-09-05
3201,Heather Jennings,cust3201_ronaldhartman@yahoo.com,Ashleyview,Guadeloupe,2023-05-26
3202,Elizabeth Hale,cust3202_jennifer57@hotmail.com,East Shaneborough,Saint Kitts and Nevis,2024-04-13
3203,Michael Roberts,cust3203_scottrodriguez@gmail.com,Port Dustin,Pitcairn Islands,2025-02-23
3204,Alexander Lewis,cust3204_phillipwade@gmail.com,Hughesmouth,Ireland,2023-07-02
3205,Debra Johnson,cust3205_tiffany46@yahoo.com,Coryburgh,Micronesia,2023-07-29
3206,Jonathan Krueger,cust3206_bellsharon@hotmail.com,New Jennifer,Central African Republic,2023-07-31
3207,Reginald Carter,cust3207_briana28@hotmail.com,South Kimberly,United Arab Emirates,2024-10-03
3208,John Nelson,cust3208_colleenflores@yahoo.com,Port Jermaine,Northern Mariana Islands,2025-01-22
3209,Joyce Simon MD,cust3209_nmeyer@hotmail.com,Carrilloshire,Colombia,2024-09-04
3210,Tyler Wilson,cust3210_tayloraaron@yahoo.com,North Jonathan,Uganda,2023-10-08
3211,Danielle Barajas,cust3211_khuber@hotmail.com,Matamouth,Cuba,2025-02-22
3212,Andrea Orr,cust3212_bwright@yahoo.com,North Ann,Monaco,2023-09-30
3213,Justin Walker,cust3213_brett93@gmail.com,Colebury,Bosnia and Herzegovina,2023-10-20
3214,Miss Virginia Small,cust3214_shelly48@yahoo.com,Port Ernestmouth,Paraguay,2023-05-21
3215,Jacqueline Fowler,cust3215_foxrobert@hotmail.com,North Cathyfort,Canada,2025-12-22
3216,Justin Fuller,cust3216_savagesherry@gmail.com,Michaelbury,Nepal,2026-02-27
3217,Melissa Hudson PhD,cust3217_jimmyjones@yahoo.com,Shahville,Kuwait,2023-01-18
3218,Richard Johnson,cust3218_jamesfuentes@hotmail.com,Port Ryantown,Turks and Caicos Islands,2026-06-03
3219,Teresa Marshall,cust3219_jacksonlaura@yahoo.com,East Sarahton,Kenya,2023-12-03
3220,Kimberly Snyder,cust3220_zachary75@yahoo.com,Stefanietown,Namibia,2025-06-20
3221,Paul Torres,cust3221_phillipsmaria@yahoo.com,East Peter,Nigeria,2024-12-20
3222,James Griffin,cust3222_gmoses@hotmail.com,West Katieberg,Armenia,2024-03-12
3223,Walter Perez,cust3223_kathy50@hotmail.com,Rebeccaberg,Botswana,2023-11-07
3224,Mr. Matthew Hickman,cust3224_michelestrong@gmail.com,Muellerfurt,Kiribati,2025-04-23
3225,Andrew Peters,cust3225_velliott@hotmail.com,Amandamouth,Faroe Islands,2026-06-15
3226,Tina Miller,cust3226_bbrewer@yahoo.com,South Keith,Bermuda,2025-06-25
3227,Lori Delgado,cust3227_umedina@gmail.com,Kennedyland,Cayman Islands,2024-03-20
3228,Daniel Bridges,cust3228_wyang@hotmail.com,West Tina,Vietnam,2023-06-27
3229,Adrian Alexander,cust3229_benjamin93@yahoo.com,Carloshaven,Taiwan,2023-07-25
3230,James Carpenter,cust3230_lyoder@gmail.com,Port Tarabury,Paraguay,2023-10-14
3231,Molly Harrison,cust3231_tamaraparsons@gmail.com,West Pedro,Liberia,2023-09-10
3232,Virginia Moore MD,cust3232_tranmatthew@hotmail.com,Kristinville,Heard Island and McDonald Islands,2026-04-22
3233,Michael White,cust3233_ajames@hotmail.com,Port Matthewfort,Sudan,2025-02-25
3234,Jennifer Obrien,cust3234_anthonywinters@yahoo.com,Port Reneebury,Swaziland,2024-12-20
3235,Gina Lopez,cust3235_ryan84@hotmail.com,Glennmouth,Suriname,2025-05-29
3236,Nancy Solis,cust3236_fwilliams@yahoo.com,Garciaview,Solomon Islands,2024-10-06
3237,Shane Johnson,cust3237_bowersjessica@gmail.com,Braunport,Congo,2023-10-14
3238,Jeffrey Keller,cust3238_sallen@yahoo.com,Lopezland,United States of America,2024-05-22
3239,John Burns,cust3239_marissa54@yahoo.com,Pattersonhaven,Canada,2024-07-21
3240,Joshua Porter,cust3240_hilltracy@yahoo.com,Lake Bryan,Botswana,2023-06-22
3241,Lindsey Mason,cust3241_robertfletcher@hotmail.com,North Cynthia,Burkina Faso,2024-05-23
3242,Daniel Kane,cust3242_davidhart@gmail.com,South Hollyville,Croatia,2026-02-07
3243,Brenda Horton,cust3243_jennifer84@yahoo.com,Chavezfort,Barbados,2026-05-15
3244,Ronald Adams,cust3244_ysantos@yahoo.com,West Leslieside,Namibia,2026-05-13
3245,Laura Mcclain,cust3245_vjennings@yahoo.com,Scottfurt,Liechtenstein,2026-05-29
3246,Sabrina Shah,cust3246_erandolph@hotmail.com,Cruzview,Liberia,2024-08-06
3247,Amber Gomez,cust3247_porterjo@yahoo.com,New Ryan,Greenland,2023-02-24
3248,Tammy Jones,cust3248_bryan99@hotmail.com,Morenoshire,Moldova,2024-09-09
3249,Whitney Mcdonald,cust3249_joy22@gmail.com,Jonesside,Guyana,2024-02-25
3250,Jennifer Lawson,cust3250_obowers@hotmail.com,Gloverview,Antigua and Barbuda,2025-11-26
3251,Robert Taylor,cust3251_bvalencia@gmail.com,East Francisland,Equatorial Guinea,2026-05-27
3252,Cory Stephens,cust3252_zoehoover@gmail.com,Port Andrew,Belgium,2025-11-09
3253,Brian Melton,cust3253_elizabeth65@yahoo.com,Matthewfort,Ghana,2024-01-22
3254,Michael Kelly,cust3254_egarcia@yahoo.com,South Charlotte,Vietnam,2025-03-13
3255,Jesse Mckay,cust3255_loganpineda@hotmail.com,Lake Walter,Rwanda,2024-08-28
3256,Mary Murphy,cust3256_nmoses@yahoo.com,Lake Valerie,Sri Lanka,2023-04-22
3257,Michelle Andrews,cust3257_ebeck@yahoo.com,West Shirley,Iceland,2024-05-05
3258,Melissa Greene,cust3258_hamptonsabrina@yahoo.com,West Michelle,Vietnam,2025-10-10
3259,Madeline Fisher,cust3259_brittanylong@hotmail.com,Derrickhaven,Tokelau,2025-03-01
3260,Bruce Burch,cust3260_elee@hotmail.com,North Lisatown,Bulgaria,2023-08-19
3261,Tara Sweeney,cust3261_lawsonbrian@hotmail.com,Melissaberg,Taiwan,2024-05-08
3262,Joshua Guerrero,cust3262_craiganderson@yahoo.com,New Blakeview,United Arab Emirates,2025-10-20
3263,Robert Jackson,cust3263_lisa46@hotmail.com,East Austin,India,2026-05-01
3264,Jason Chen,cust3264_carolynduke@yahoo.com,New Ericborough,Saint Martin,2023-05-26
3265,Carl Allen,cust3265_bestalexis@gmail.com,Edwardshaven,Taiwan,2025-12-17
3266,Michael Shannon,cust3266_thomasjustin@yahoo.com,Port Stacy,Australia,2023-01-25
3267,Jacob Wolf DDS,cust3267_joanwright@gmail.com,Port Breannashire,New Caledonia,2025-01-09
3268,Allison Baker,cust3268_turnerkristin@gmail.com,New Alexanderfort,Bhutan,2024-10-10
3269,Carrie Byrd,cust3269_sheilaanderson@yahoo.com,Sotobury,Liechtenstein,2023-09-28
3270,Greg Alexander,cust3270_kimscott@yahoo.com,West Luke,Moldova,2025-03-03
3271,Donna Pace,cust3271_reginasullivan@gmail.com,Patriciabury,Mozambique,2026-03-10
3272,Raymond Mcgee,cust3272_catherinewhite@hotmail.com,Port Dominicland,Guatemala,2025-05-11
3273,Martin Clark,cust3273_maria33@hotmail.com,South Ericside,New Zealand,2025-01-18
3274,Erin White,cust3274_lisa73@gmail.com,Port Davidton,Cyprus,2026-01-23
3275,Brian Burke,cust3275_valeriereed@gmail.com,Leslieland,Yemen,2023-12-20
3276,Christopher Clarke,cust3276_fisheremily@gmail.com,Port Sarafurt,Togo,2025-08-22
3277,Megan George,cust3277_smithjoshua@yahoo.com,South John,Cuba,2023-05-30
3278,Dylan Clark,cust3278_kaitlynelliott@yahoo.com,West Dylantown,Norfolk Island,2023-02-04
3279,Mark Martin,cust3279_gsanders@gmail.com,Erichaven,Australia,2026-04-17
3280,Katie Khan,cust3280_udorsey@hotmail.com,Rodriguezborough,Comoros,2023-05-19
3281,Jacqueline Williams,cust3281_chapmanrachel@hotmail.com,Lewisberg,Guam,2023-01-29
3282,Shannon Brewer,cust3282_vfrederick@yahoo.com,Woodchester,British Indian Ocean Territory (Chagos Archipelago),2024-06-20
3283,Juan Parker,cust3283_ppena@yahoo.com,Lindaborough,Cyprus,2024-03-17
3284,Dustin Gray,cust3284_hfoley@yahoo.com,West Kennethchester,Saint Pierre and Miquelon,2023-03-23
3285,Bryan Edwards,cust3285_leetravis@gmail.com,Danielfort,Indonesia,2023-05-04
3286,Jasmine Padilla,cust3286_robin65@yahoo.com,North Kristenbury,Romania,2025-03-26
3287,Patrick Hernandez,cust3287_hdoyle@yahoo.com,North Alan,Cayman Islands,2025-11-03
3288,Stephen Nguyen,cust3288_matthew79@hotmail.com,Maryborough,Korea,2024-08-09
3289,Crystal Sanders,cust3289_nelsonjustin@yahoo.com,Jasonburgh,Niger,2025-10-23
3290,Amber Jones,cust3290_lmoore@hotmail.com,North Allen,Slovakia (Slovak Republic),2025-04-30
3291,Mark Hernandez,cust3291_catherinemartin@hotmail.com,Antonioport,Montenegro,2025-05-17
3292,Casey Green,cust3292_rtrujillo@hotmail.com,Jameston,Uruguay,2025-04-03
3293,Kimberly Lewis,cust3293_karen67@hotmail.com,North Stephaniemouth,Madagascar,2023-06-18
3294,Eric Jordan,cust3294_tbennett@hotmail.com,South Sarah,Svalbard & Jan Mayen Islands,2026-01-03
3295,Walter Schultz,cust3295_aprilwagner@hotmail.com,Rebeccatown,Marshall Islands,2026-01-06
3296,Kerry Cook,cust3296_emartin@gmail.com,Jamesberg,Cote d'Ivoire,2026-06-15
3297,Paula Murphy,cust3297_tonychen@yahoo.com,Weeksburgh,Lebanon,2023-11-09
3298,Monica Nelson,cust3298_jamespowers@gmail.com,Danachester,Israel,2024-07-22
3299,Angel Garcia,cust3299_carol61@hotmail.com,South Mollyfurt,Chile,2023-06-21
3300,Kimberly Todd,cust3300_nbender@gmail.com,Teresaview,Tuvalu,2024-09-26
3301,David Mcconnell,cust3301_christopher69@hotmail.com,Robertland,Denmark,2023-06-11
3302,Denise Horn,cust3302_heatheryoung@gmail.com,New Anthony,Indonesia,2025-11-13
3303,Cheryl Harrison,cust3303_ballarddeanna@gmail.com,Sheppardbury,Norfolk Island,2024-02-21
3304,Kristen Smith,cust3304_ernestmarsh@gmail.com,Lewishaven,Serbia,2023-11-15
3305,Andre Burton,cust3305_bethanycox@gmail.com,East Johnfurt,Northern Mariana Islands,2026-01-03
3306,Claire Jones,cust3306_wheelergregory@gmail.com,Williamsbury,British Virgin Islands,2024-10-31
3307,Suzanne Webb,cust3307_bassian@yahoo.com,Port Stacyville,Panama,2025-03-11
3308,Katelyn Flores,cust3308_smithadam@gmail.com,South Nicholasmouth,Tajikistan,2026-04-16
3309,Christy Todd,cust3309_melissa83@yahoo.com,Port Michelle,United States of America,2023-05-16
3310,Ashley Gentry,cust3310_justin74@yahoo.com,North Steventon,Ukraine,2024-09-27
3311,Kristen Smith,cust3311_ltaylor@gmail.com,Brianbury,Palestinian Territory,2025-06-14
3312,Michelle Smith DVM,cust3312_justinreeves@hotmail.com,East Maryburgh,Bouvet Island (Bouvetoya),2024-05-03
3313,Michael Johnson,cust3313_gregorywolfe@hotmail.com,East Felicia,Saudi Arabia,2023-04-29
3314,Michael Cruz,cust3314_dylan02@gmail.com,North Corey,Lao People's Democratic Republic,2024-05-15
3315,Molly Martin,cust3315_garyhughes@hotmail.com,North Karaland,Iran,2023-06-26
3316,Brian Pratt,cust3316_vnorton@hotmail.com,Doyletown,Christmas Island,2025-06-08
3317,Gary Hunter,cust3317_karen67@gmail.com,East Georgeshire,French Southern Territories,2023-08-26
3318,Michael Velazquez,cust3318_jason04@hotmail.com,West Latoyaland,New Caledonia,2025-07-17
3319,Peggy Brown,cust3319_anthony55@gmail.com,Warrenburgh,Mexico,2026-06-07
3320,Timothy Griffin,cust3320_kimberlygordon@yahoo.com,Bishopton,Saint Martin,2026-05-31
3321,Matthew Perez,cust3321_santosphilip@hotmail.com,Mariahmouth,Vietnam,2023-04-23
3322,Erica Robbins,cust3322_millerraven@yahoo.com,South Danielle,Kenya,2024-09-25
3323,Neil Dunn,cust3323_wilsonhannah@gmail.com,North Michael,Bermuda,2023-12-26
3324,Amy Lee,cust3324_simmonsjames@yahoo.com,North Ninaton,Haiti,2023-09-02
3325,Eric Morales,cust3325_jonestaylor@hotmail.com,Melissafort,Spain,2023-01-26
3326,Brandon Williams,cust3326_wnelson@yahoo.com,Gainesside,Iraq,2023-10-09
3327,Lydia Davis,cust3327_maria79@gmail.com,Cynthiaside,Poland,2023-01-24
3328,David Mcgrath,cust3328_rayrobin@gmail.com,Lorimouth,Qatar,2023-12-02
3329,Robert Morales,cust3329_ebutler@hotmail.com,Davidshire,Iran,2025-10-13
3330,Anne Williams,cust3330_kristycole@yahoo.com,Charlesfort,Trinidad and Tobago,2024-12-11
3331,Olivia Williams,cust3331_elizabethpeters@yahoo.com,Susanport,Korea,2025-12-07
3332,Carla Stevens,cust3332_marcuslopez@gmail.com,New Samanthashire,Norway,2025-11-25
3333,Kim Warren,cust3333_xbowers@hotmail.com,Thompsonmouth,Chile,2024-06-14
3334,Sherri Lee,cust3334_jackie02@hotmail.com,Anthonybury,Morocco,2023-12-08
3335,Mary Gonzalez,cust3335_katie48@yahoo.com,Derekmouth,Egypt,2025-01-31
3336,Crystal Sharp,cust3336_wflynn@gmail.com,New Chris,Saint Martin,2023-09-17
3337,Mary Sullivan,cust3337_thomascook@gmail.com,Port Larry,Afghanistan,2024-07-04
3338,Lydia Brown,cust3338_jenkinsjames@yahoo.com,North Joseberg,Bermuda,2023-08-30
3339,Michael Scott,cust3339_gregory63@yahoo.com,Port Misty,Moldova,2023-03-02
3340,Stephen Lee,cust3340_rjohnson@yahoo.com,Michaelville,Saint Vincent and the Grenadines,2024-11-17
3341,Marissa Parker,cust3341_monica21@gmail.com,South Matthewshire,Estonia,2025-05-29
3342,Keith Woods,cust3342_garrett18@hotmail.com,Haydenport,Honduras,2024-07-11
3343,Brian Richardson,cust3343_clairemartinez@yahoo.com,Karenburgh,United Arab Emirates,2025-12-08
3344,James Thompson,cust3344_cthompson@hotmail.com,West Jason,United States of America,2023-05-11
3345,Kelsey Simpson,cust3345_wardmelissa@gmail.com,Stewartville,Eritrea,2024-06-22
3346,Tony Jones,cust3346_melissacastillo@hotmail.com,Lake Rachael,Australia,2026-03-26
3347,John Oneal,cust3347_jordansingh@gmail.com,Lake Wesleyberg,El Salvador,2023-06-07
3348,Elijah Clements,cust3348_rnichols@yahoo.com,West Jamie,Australia,2025-10-13
3349,Madison Mccall DDS,cust3349_simmonsjill@hotmail.com,Wilsontown,Honduras,2025-07-21
3350,Linda Gutierrez,cust3350_mgentry@gmail.com,Port Michele,Bahrain,2025-11-12
3351,Katherine Sosa,cust3351_cruzalbert@gmail.com,Samuelstad,Mozambique,2025-01-07
3352,Brian Martin,cust3352_taylorvicki@gmail.com,Williamsview,Senegal,2023-04-24
3353,Thomas Castillo,cust3353_gmccormick@gmail.com,North Sara,Bahamas,2025-10-20
3354,Stacy Baker,cust3354_donald07@hotmail.com,Hinesmouth,Madagascar,2026-03-06
3355,Carla Huynh,cust3355_mitchelljoshua@yahoo.com,West Philip,Norway,2023-12-08
3356,Ryan Jackson,cust3356_wjones@hotmail.com,Genemouth,Saint Vincent and the Grenadines,2025-01-23
3357,Sharon Nelson,cust3357_donna63@yahoo.com,New Jerome,Guam,2023-11-19
3358,John Harrison,cust3358_peterhamilton@yahoo.com,Jenniferville,Armenia,2024-06-06
3359,Daniel Nelson,cust3359_stewartkelsey@gmail.com,East Matthewchester,Saint Vincent and the Grenadines,2023-07-30
3360,Casey Kelly,cust3360_ymontgomery@yahoo.com,Port Christinaborough,Guinea-Bissau,2026-03-21
3361,John Stark,cust3361_knoxmark@gmail.com,North Brian,Macao,2023-08-25
3362,James Alvarado,cust3362_pcollins@yahoo.com,New Andrewberg,Timor-Leste,2024-04-12
3363,Kevin Brown,cust3363_toni93@yahoo.com,Brooksmouth,Cayman Islands,2025-11-08
3364,Margaret Ruiz,cust3364_lgallagher@yahoo.com,Port Sethchester,Uruguay,2023-01-06
3365,Heidi Schroeder,cust3365_fkemp@yahoo.com,Jessicaberg,Greenland,2023-04-01
3366,Christopher Rivera,cust3366_robert90@gmail.com,Trujilloburgh,Timor-Leste,2023-01-26
3367,John Walton,cust3367_christinehart@yahoo.com,Natalieborough,Solomon Islands,2024-05-15
3368,Kathleen Gregory,cust3368_thomaslori@hotmail.com,Josephmouth,Afghanistan,2023-04-05
3369,Dennis Davis,cust3369_pughjustin@yahoo.com,Terrymouth,Cyprus,2025-08-24
3370,Kimberly Jones,cust3370_emmafranklin@yahoo.com,Thorntonmouth,Central African Republic,2025-01-15
3371,Jennifer Collins,cust3371_badkins@yahoo.com,New Michaeltown,Indonesia,2025-02-23
3372,Christine Mcclure,cust3372_jonescarol@hotmail.com,Lopezberg,Mali,2023-11-04
3373,James Bailey,cust3373_donnaholt@gmail.com,Curtisland,Liberia,2024-01-02
3374,Stephen Cruz,cust3374_jamesclayton@hotmail.com,North William,Holy See (Vatican City State),2023-03-14
3375,Brandon Santos,cust3375_robertbrock@yahoo.com,Lake Henrytown,Norfolk Island,2026-02-06
3376,Christina Walker,cust3376_simongabrielle@gmail.com,New Johnchester,Libyan Arab Jamahiriya,2025-05-08
3377,Miranda Gutierrez,cust3377_dlogan@gmail.com,Petersonmouth,Honduras,2024-04-04
3378,Gregory Rivera,cust3378_clarkrachel@hotmail.com,New Markview,Cook Islands,2024-10-21
3379,Patrick Rodriguez,cust3379_taylorclaudia@hotmail.com,Nathanbury,Swaziland,2024-05-23
3380,Luke Potter,cust3380_hayleylopez@gmail.com,West Erika,Bangladesh,2025-05-02
3381,Matthew Edwards,cust3381_marshalldouglas@yahoo.com,South Dillonchester,American Samoa,2024-10-17
3382,Douglas Rodriguez,cust3382_franciskenneth@hotmail.com,Kimville,Venezuela,2024-07-09
3383,Veronica Haley,cust3383_jessicascott@gmail.com,Terryshire,Korea,2023-06-09
3384,Christopher Campbell,cust3384_eknight@gmail.com,Garyton,Cayman Islands,2026-03-16
3385,Robert Rosario,cust3385_shawntate@gmail.com,Amyside,Estonia,2025-02-02
3386,Pamela Morrison,cust3386_vargaspamela@hotmail.com,Mariastad,Zambia,2023-09-02
3387,Michael Cook,cust3387_curryisabella@yahoo.com,Maryfurt,Palestinian Territory,2025-10-25
3388,Dr. Jessica Saunders MD,cust3388_johnsoncharles@yahoo.com,West Morgan,Turkey,2023-04-18
3389,Nancy Bennett,cust3389_mark70@gmail.com,Gillstad,Serbia,2024-01-03
3390,Steven Turner,cust3390_vmcmillan@hotmail.com,South Tracy,Senegal,2024-04-02
3391,Hailey Williams,cust3391_rebeccawolfe@gmail.com,Elizabethmouth,Liberia,2025-11-22
3392,Amanda Reid,cust3392_josephjefferson@gmail.com,North Robert,Cyprus,2023-04-05
3393,Alexandria Freeman,cust3393_lauriereese@yahoo.com,Michaelmouth,Tajikistan,2025-04-01
3394,Gregory Holland,cust3394_mistywolf@yahoo.com,Mcdanielhaven,Guadeloupe,2023-05-22
3395,Tina Frazier,cust3395_zsolomon@hotmail.com,West Michaelmouth,Bouvet Island (Bouvetoya),2025-08-10
3396,Holly Perry,cust3396_amiller@yahoo.com,Tinashire,Dominican Republic,2024-08-01
3397,Paul Hughes,cust3397_vfowler@hotmail.com,Leechester,Brazil,2024-09-28
3398,Andrea Clark,cust3398_robert32@gmail.com,Rebeccaland,Malawi,2024-11-01
3399,James Powell,cust3399_christopherthomas@hotmail.com,Bergermouth,Tanzania,2023-06-26
3400,Emily Franco,cust3400_jriley@yahoo.com,Duncanhaven,Niue,2026-02-06
3401,Jennifer Gonzalez,cust3401_dspears@yahoo.com,South Courtney,Eritrea,2025-07-24
3402,Jasmine Golden,cust3402_henrybailey@hotmail.com,South Johnbury,Albania,2023-01-17
3403,Brandi Campbell,cust3403_rodriguezpeter@gmail.com,New Margaretchester,Ecuador,2025-01-25
3404,Michael Smith,cust3404_elizabeth36@gmail.com,Frenchburgh,Congo,2024-02-15
3405,Colin Butler,cust3405_daniellegomez@yahoo.com,Peterport,Chad,2024-08-20
3406,Kelly Mcbride,cust3406_lloydnichole@hotmail.com,East Melissaburgh,Latvia,2026-02-28
3407,Daniel Anderson,cust3407_jennatorres@hotmail.com,Clarkmouth,Brunei Darussalam,2024-09-14
3408,Crystal Peterson,cust3408_jmiller@hotmail.com,North Tammy,Syrian Arab Republic,2026-06-29
3409,April Cameron,cust3409_william62@hotmail.com,New Matthewland,Russian Federation,2024-05-11
3410,Matthew Martin,cust3410_owenslaura@gmail.com,Lake Peter,Hungary,2025-08-08
3411,James Cortez,cust3411_timothy81@hotmail.com,East Robert,Thailand,2025-01-24
3412,Jose Rogers,cust3412_jamessutton@hotmail.com,Lake Gilbertview,Antarctica (the territory South of 60 deg S),2026-04-26
3413,Katherine Robinson,cust3413_elizabethrodriguez@gmail.com,Lake John,Guam,2025-10-07
3414,Michael Benton,cust3414_robert19@hotmail.com,Brandonbury,Austria,2024-02-05
3415,Jonathan Peters,cust3415_iclarke@hotmail.com,Riveraport,Thailand,2026-01-24
3416,Dorothy Weaver,cust3416_masonernest@hotmail.com,New Wesley,Chile,2024-05-17
3417,Susan Jones,cust3417_hillsteven@yahoo.com,Adamsland,Ecuador,2023-11-05
3418,Bradley Vincent,cust3418_wgutierrez@gmail.com,East Jacqueline,Sri Lanka,2023-01-14
3419,Ashley Bradley,cust3419_diane90@gmail.com,Annaview,Mozambique,2025-04-19
3420,Cheryl Phelps,cust3420_joy57@yahoo.com,Boyerland,Saint Helena,2023-02-18
3421,Tamara Herrera,cust3421_vcooper@gmail.com,Lake Patricialand,Qatar,2024-04-22
3422,Gregory Ross,cust3422_jrobertson@gmail.com,Susanshire,Saudi Arabia,2026-01-14
3423,Robert Bradshaw,cust3423_christopher70@yahoo.com,Rodriguezmouth,Paraguay,2024-12-10
3424,Andrew Schmidt,cust3424_carneysamuel@gmail.com,North Rachel,United Kingdom,2023-01-20
3425,Mark Lewis,cust3425_hardingeric@hotmail.com,Fosterfort,Japan,2024-11-17
3426,Jessica Blackburn,cust3426_deborahwalker@yahoo.com,South Michael,Liberia,2023-01-03
3427,Martin Riley,cust3427_baileydonna@yahoo.com,Trujilloborough,Namibia,2025-02-09
3428,John Stewart,cust3428_mcardenas@hotmail.com,North Philip,Saint Kitts and Nevis,2024-09-21
3429,Leslie Newton,cust3429_joseph68@hotmail.com,Francisbury,Saint Barthelemy,2023-08-01
3430,Nicole Holmes,cust3430_dferguson@gmail.com,Jasonville,Burkina Faso,2024-02-25
3431,Rebecca Henderson,cust3431_randerson@yahoo.com,Lake Antoniomouth,Maldives,2025-12-21
3432,Adrian Davis,cust3432_paul59@yahoo.com,North Anthonyshire,Paraguay,2024-05-02
3433,Stephen Johnson,cust3433_aprilhurley@yahoo.com,Alexanderbury,Norfolk Island,2025-05-09
3434,Jon Sanchez,cust3434_omullins@hotmail.com,New Cassandraville,Cote d'Ivoire,2025-10-04
3435,Joseph Shah,cust3435_hjimenez@gmail.com,North James,American Samoa,2023-05-03
3436,Calvin Keller,cust3436_diana25@hotmail.com,North Christophershire,Palau,2023-10-19
3437,Perry Burke,cust3437_lanegabriel@hotmail.com,Bryanburgh,Germany,2024-07-27
3438,Lisa Rodgers,cust3438_chandlerjeremy@gmail.com,New Amy,Kiribati,2023-07-10
3439,Victoria Price,cust3439_ojohnson@yahoo.com,Port Jessica,Morocco,2023-03-31
3440,Stephanie Monroe,cust3440_kimberlydecker@gmail.com,New Cheryl,Latvia,2024-04-19
3441,Kimberly Mitchell,cust3441_andrewgarcia@gmail.com,Allenshire,Papua New Guinea,2025-11-30
3442,Marcus Sutton,cust3442_lthornton@yahoo.com,Allenburgh,Turkey,2025-04-25
3443,Bryan Mahoney,cust3443_piercedavid@gmail.com,North Lisahaven,Israel,2025-02-01
3444,Jeffrey Cole,cust3444_lsnyder@gmail.com,Port Arthur,Denmark,2025-07-27
3445,Christopher Cordova,cust3445_cflores@yahoo.com,West Wesleyburgh,Dominica,2023-06-23
3446,Alexandria Butler,cust3446_hkim@yahoo.com,New Monicaburgh,Ethiopia,2026-04-04
3447,Kaitlyn Mcfarland,cust3447_wmorris@yahoo.com,East Sandraport,Morocco,2023-07-15
3448,Karen Green,cust3448_cody45@gmail.com,Kellyburgh,Guinea,2025-11-01
3449,Eric Roman,cust3449_tonyamorris@hotmail.com,Penashire,Australia,2023-10-01
3450,Rose Diaz,cust3450_gilldakota@gmail.com,Jillfort,Uganda,2025-03-18
3451,David Hancock,cust3451_floresronald@hotmail.com,Snyderton,Pakistan,2023-06-03
3452,Matthew Potter,cust3452_walleramy@hotmail.com,North Michele,Czech Republic,2026-04-27
3453,Franklin Brown,cust3453_bflores@gmail.com,Lake Kevin,Samoa,2026-03-08
3454,Jamie Watts,cust3454_kimberlylane@gmail.com,Cindystad,Burundi,2023-05-08
3455,Frank Brown,cust3455_stewartnicole@yahoo.com,Castanedaberg,Iraq,2025-06-09
3456,Joshua Colon,cust3456_lindaali@hotmail.com,South Christopher,Bouvet Island (Bouvetoya),2023-09-25
3457,Nicole Price,cust3457_jenniferwatts@hotmail.com,Carpentermouth,Saint Pierre and Miquelon,2024-04-29
3458,Jason Trujillo,cust3458_cynthiajohnson@hotmail.com,Deniseview,Latvia,2024-08-20
3459,Jill Berg,cust3459_robertdavis@gmail.com,Port Cherylburgh,Saint Kitts and Nevis,2024-06-18
3460,Diana Ingram,cust3460_sarahmiles@gmail.com,Port Sheilafurt,Colombia,2024-10-07
3461,Michael King,cust3461_pruittmichael@yahoo.com,Joshuaside,New Zealand,2025-03-15
3462,Joshua Moreno,cust3462_christophercannon@gmail.com,West Richard,Antarctica (the territory South of 60 deg S),2024-10-30
3463,Thomas Wagner,cust3463_uwells@hotmail.com,Monicatown,Gambia,2024-10-13
3464,Ms. Nicole Bean,cust3464_scott68@hotmail.com,Penaland,Congo,2025-07-16
3465,Patrick Richardson,cust3465_ithompson@yahoo.com,Paulborough,French Southern Territories,2024-07-10
3466,Anthony Frazier,cust3466_jasonray@yahoo.com,Thompsonport,Indonesia,2024-04-23
3467,Shaun Lewis,cust3467_christianharris@gmail.com,Paulville,Latvia,2023-06-02
3468,James Mcclain,cust3468_youngjared@yahoo.com,Charlottehaven,Sweden,2024-02-20
3469,Rachel Contreras,cust3469_ashley16@gmail.com,Melissabury,Togo,2023-10-06
3470,Amanda Bender MD,cust3470_pricejimmy@yahoo.com,Whiteberg,Malta,2026-04-12
3471,Russell Torres,cust3471_karen85@yahoo.com,Hernandezshire,Guinea,2023-08-12
3472,Ryan Schultz,cust3472_alison10@yahoo.com,Burgesston,Cocos (Keeling) Islands,2023-11-15
3473,Stephanie Phillips,cust3473_walshscott@hotmail.com,Jamesville,United States of America,2023-08-05
3474,Jamie Hoover,cust3474_joshua06@yahoo.com,Gardnerport,Ghana,2023-12-03
3475,Dr. Connie Carey,cust3475_jordanbrian@gmail.com,Ericborough,Singapore,2025-07-09
3476,Chloe Adams,cust3476_melanie07@gmail.com,Lake Saramouth,Saudi Arabia,2025-08-12
3477,Jose Johnson,cust3477_donnajohnson@yahoo.com,Port Ronaldmouth,Bhutan,2024-10-05
3478,Gerald Conrad,cust3478_kimberlyporter@gmail.com,Spencermouth,Guinea-Bissau,2025-04-12
3479,Robert Jackson,cust3479_kellychang@gmail.com,North Lori,Cocos (Keeling) Islands,2023-09-05
3480,Megan Dunn,cust3480_kristi20@hotmail.com,Dillonmouth,Tunisia,2026-01-02
3481,Aaron Stanton,cust3481_robertjordan@yahoo.com,Port Markton,Lesotho,2025-01-03
3482,Victoria Taylor,cust3482_hallcarolyn@gmail.com,East Lorettaburgh,Haiti,2024-03-01
3483,Perry Tucker,cust3483_ycervantes@gmail.com,New Susan,French Polynesia,2025-07-14
3484,Thomas Rush,cust3484_timothylong@yahoo.com,New Brandy,Ethiopia,2024-09-23
3485,Nicholas Todd,cust3485_leetricia@hotmail.com,Davidsonville,France,2025-08-06
3486,Mary Gallegos,cust3486_robertsonlisa@yahoo.com,Port Mariahaven,Timor-Leste,2024-06-26
3487,Brian Richards PhD,cust3487_hawkinsrhonda@yahoo.com,Jacksonton,Nicaragua,2023-09-03
3488,David Scott,cust3488_ashleyholt@yahoo.com,South Sheilatown,Antarctica (the territory South of 60 deg S),2023-07-05
3489,David Foster,cust3489_rose86@yahoo.com,Websterfort,French Polynesia,2023-11-19
3490,Linda Sullivan,cust3490_ramosjeffery@yahoo.com,Port Kellyfort,Estonia,2024-09-15
3491,Aaron Garcia,cust3491_leezachary@gmail.com,West Mary,Bulgaria,2026-05-20
3492,Meghan Richards,cust3492_adam39@gmail.com,Daryltown,Burundi,2023-03-24
3493,Raymond Murphy,cust3493_sbrooks@yahoo.com,Castroside,Vietnam,2024-03-16
3494,Melvin Garcia,cust3494_richardmills@yahoo.com,Edwardside,Bangladesh,2024-11-02
3495,David Cruz,cust3495_eric83@hotmail.com,North Jason,Nigeria,2023-10-31
3496,Heather Greene,cust3496_joykhan@yahoo.com,New Desireestad,Comoros,2023-07-06
3497,Robert Copeland,cust3497_kellygrimes@gmail.com,West Christinefort,Syrian Arab Republic,2024-05-23
3498,Jordan Murphy,cust3498_pharris@yahoo.com,Johnsonshire,Zambia,2024-12-29
3499,Laura Butler,cust3499_morrisonmichael@yahoo.com,Baileymouth,Djibouti,2025-03-22
3500,Anna Noble,cust3500_kerriking@yahoo.com,Harrisfurt,Mauritius,2025-11-17
3501,Monica Davis,cust3501_stonejulie@yahoo.com,Lake Emilymouth,Japan,2023-04-11
3502,Diana Lewis,cust3502_kfoley@gmail.com,Stanleyland,Philippines,2024-09-04
3503,Tiffany Johnston,cust3503_hugheswilliam@gmail.com,South John,Serbia,2024-06-16
3504,Andrew Medina,cust3504_scott86@yahoo.com,East Paulfort,Puerto Rico,2023-12-23
3505,Ronnie Tran,cust3505_marymatthews@gmail.com,Port Tracy,Monaco,2023-03-05
3506,Sarah Hicks,cust3506_jonathanmoses@hotmail.com,New Natashatown,Northern Mariana Islands,2025-04-08
3507,Ariel Dominguez,cust3507_nancy37@hotmail.com,North Jasmin,Fiji,2025-07-15
3508,Steven Harris,cust3508_miguel67@gmail.com,Underwoodchester,Sao Tome and Principe,2026-02-12
3509,Dawn Kelley,cust3509_nelsonkevin@gmail.com,Lake Jessicaton,Slovenia,2026-01-31
3510,Jason Hernandez,cust3510_williamsroberto@gmail.com,Mackfort,Cayman Islands,2024-05-26
3511,Kelly Martin,cust3511_kara42@yahoo.com,Lake Joseph,Namibia,2023-07-13
3512,Laura Yang,cust3512_paulabrooks@hotmail.com,Norrischester,Ireland,2025-08-04
3513,Sherri Braun,cust3513_xoconnor@hotmail.com,Huffbury,Zimbabwe,2023-07-28
3514,Susan Kent,cust3514_jacob92@yahoo.com,Port Russellfort,Kuwait,2023-10-14
3515,Fred Espinoza,cust3515_tatedaniel@yahoo.com,Lake Andrew,Bahamas,2023-09-06
3516,Brooke Bennett,cust3516_williamsdavid@gmail.com,Flemingfort,Lao People's Democratic Republic,2023-01-25
3517,John Key,cust3517_jrodriguez@yahoo.com,Garciachester,Croatia,2023-05-07
3518,Erika Jenkins,cust3518_gregory72@hotmail.com,Lake Kellyhaven,Mexico,2024-03-31
3519,Katelyn Ball,cust3519_ksanders@yahoo.com,East Joannaport,Egypt,2023-09-25
3520,Jennifer Riggs,cust3520_autumnflores@yahoo.com,Nelsonfort,Brunei Darussalam,2024-02-10
3521,Anthony Campbell,cust3521_gzhang@gmail.com,Lake Jamestown,India,2025-03-31
3522,Ashley Mckinney,cust3522_antonio26@gmail.com,West Anthony,Nigeria,2025-02-01
3523,Kaitlin Davis,cust3523_erictownsend@gmail.com,Reyeschester,Iraq,2023-06-22
3524,Donna Smith,cust3524_jillwhite@gmail.com,Lake Michelleshire,Fiji,2026-04-07
3525,Danny Jackson,cust3525_dmcintyre@hotmail.com,West Angelaland,Dominican Republic,2026-04-15
3526,Kelly Mckay,cust3526_hwalker@gmail.com,Parsonsmouth,Togo,2024-06-14
3527,Taylor Valdez,cust3527_vphillips@yahoo.com,South Daniel,British Indian Ocean Territory (Chagos Archipelago),2023-06-03
3528,Adam Moss,cust3528_tina05@gmail.com,Barryfurt,Martinique,2023-02-14
3529,Robert Roberts Jr.,cust3529_matthewnunez@hotmail.com,Riosmouth,Monaco,2023-05-13
3530,Chris Ross,cust3530_ryan06@hotmail.com,West Elizabeth,Bahrain,2024-02-09
3531,John Juarez,cust3531_xneal@gmail.com,South Natalie,El Salvador,2025-06-27
3532,Claudia Conley,cust3532_shawngonzalez@yahoo.com,Alyssatown,Paraguay,2023-09-21
3533,Wyatt Henderson,cust3533_danielhurley@yahoo.com,South Joshuafurt,Belarus,2023-07-08
3534,Todd Ballard,cust3534_pcarrillo@gmail.com,East Melanie,Somalia,2024-11-10
3535,Shawn Cole,cust3535_bairdaaron@yahoo.com,East Brandimouth,Barbados,2023-09-08
3536,Kimberly Williams,cust3536_john48@hotmail.com,Port Derekfurt,Malaysia,2023-03-29
3537,Paul Guzman,cust3537_lunaadriana@gmail.com,Zacharyshire,New Caledonia,2025-08-02
3538,Erin Pena,cust3538_paynejoseph@gmail.com,West Jennifer,Anguilla,2023-04-14
3539,Andrew Combs,cust3539_nealpatricia@yahoo.com,Pollardbury,Guam,2023-12-11
3540,Kelly Colon,cust3540_lpatrick@hotmail.com,Lake Jackville,Slovakia (Slovak Republic),2026-03-21
3541,Barry Jenkins,cust3541_acarroll@gmail.com,Lake Charles,United States Minor Outlying Islands,2025-06-06
3542,Donna Jordan,cust3542_xgallegos@yahoo.com,New Danny,Romania,2025-03-19
3543,Monica Knight,cust3543_randymoore@yahoo.com,Christyside,Slovenia,2025-10-13
3544,Lauren Vaughn,cust3544_carol26@gmail.com,North John,Belgium,2023-03-02
3545,Debbie Reynolds,cust3545_wschmitt@yahoo.com,Port Robertstad,Liechtenstein,2025-02-22
3546,Tamara Welch,cust3546_andrewwhitney@hotmail.com,Melissaport,Dominica,2025-05-23
3547,Laura Molina,cust3547_debra64@yahoo.com,New Paulshire,Turkey,2023-12-20
3548,Robert Anderson,cust3548_melaniejohnson@gmail.com,Patriciaside,United States Virgin Islands,2024-12-25
3549,David Rangel MD,cust3549_elizabethcarroll@yahoo.com,Kingside,Indonesia,2024-03-15
3550,Patrick Watts,cust3550_barbaracollins@gmail.com,West Joseph,Suriname,2024-01-19
3551,Sara Leonard,cust3551_wrobertson@hotmail.com,New Georgechester,New Zealand,2024-07-17
3552,James Gonzalez,cust3552_elizabeth96@gmail.com,Grahamburgh,Burundi,2024-07-27
3553,Joshua Miller,cust3553_theodorehall@yahoo.com,New Jamiestad,Guadeloupe,2025-07-02
3554,Julie Hoffman,cust3554_martinsuzanne@gmail.com,North Michellefort,Belgium,2023-11-01
3555,Alyssa Anderson,cust3555_michael02@hotmail.com,Guerreroshire,France,2023-03-12
3556,Daniel Diaz,cust3556_joshuamcknight@hotmail.com,Heatherland,Antarctica (the territory South of 60 deg S),2026-06-11
3557,Charlotte Allen,cust3557_wilcoxryan@hotmail.com,Burchshire,Northern Mariana Islands,2026-06-22
3558,Jeff Bowman,cust3558_thomas20@hotmail.com,North Dorothyton,French Polynesia,2026-06-17
3559,David Wright,cust3559_lmathis@yahoo.com,Port Christopherside,Kiribati,2024-05-18
3560,John Oliver,cust3560_dawn34@gmail.com,West Jason,Czech Republic,2024-08-27
3561,Beverly Baker,cust3561_nicole77@yahoo.com,South Stephen,Guyana,2025-10-18
3562,Gerald Martin,cust3562_barrettadriana@yahoo.com,North Cory,Uzbekistan,2025-04-23
3563,Eric Carney,cust3563_jenniferlopez@gmail.com,Dawsonside,Liechtenstein,2026-02-01
3564,Kathy Evans,cust3564_changlaura@yahoo.com,Riverashire,Sierra Leone,2025-09-08
3565,Isabella Shaw,cust3565_sergio70@yahoo.com,Lake Brittany,Malta,2023-05-05
3566,Carlos Fowler,cust3566_vickipeck@yahoo.com,Millerchester,Rwanda,2023-06-29
3567,Maria Vargas,cust3567_robert77@hotmail.com,New Victoriashire,Maldives,2024-07-26
3568,Cindy Perry,cust3568_marksmolly@yahoo.com,Kimberlymouth,Solomon Islands,2025-02-23
3569,Michele Brown,cust3569_kaitlin23@hotmail.com,Susanton,Benin,2023-10-09
3570,Julia Snyder,cust3570_rtaylor@gmail.com,Warestad,French Guiana,2025-05-08
3571,Kristine Dean,cust3571_kshelton@gmail.com,Spencerberg,Sudan,2024-02-13
3572,Brandy Williams,cust3572_johnsonanthony@hotmail.com,Gregorychester,Papua New Guinea,2025-12-12
3573,Anthony White,cust3573_morrismarcus@yahoo.com,West Michelleton,Mongolia,2024-05-25
3574,Jill Chen,cust3574_beckalan@hotmail.com,Crystalstad,Malaysia,2026-01-18
3575,Stephanie Nelson,cust3575_timothynunez@hotmail.com,Nancyshire,India,2023-02-09
3576,Michael Anderson,cust3576_lisa30@yahoo.com,South Davidmouth,Cape Verde,2025-02-22
3577,Amy Delgado,cust3577_jamie35@gmail.com,Fordmouth,Pitcairn Islands,2025-01-05
3578,Mr. David Bowen,cust3578_paulwhitaker@yahoo.com,Morrisborough,Papua New Guinea,2025-09-09
3579,Elijah Holland,cust3579_qgreene@gmail.com,Gainesland,Norfolk Island,2026-01-20
3580,Lori Dillon,cust3580_sosarobert@hotmail.com,South Meganfurt,India,2025-09-19
3581,Veronica Munoz,cust3581_rwall@yahoo.com,Port Megan,United States Virgin Islands,2024-12-05
3582,Julia Christensen,cust3582_keithhall@yahoo.com,Masonbury,Slovenia,2026-03-04
3583,Amber Hernandez PhD,cust3583_kconrad@yahoo.com,West Mark,Kiribati,2025-10-25
3584,Stacy Burns,cust3584_jessica78@gmail.com,Lake Victorhaven,Portugal,2024-10-20
3585,Kurt Cain,cust3585_uadams@yahoo.com,East Erinland,Eritrea,2025-03-06
3586,Margaret Lawson,cust3586_psantiago@gmail.com,Thompsonmouth,Grenada,2024-07-07
3587,Edward Walker,cust3587_aguilarbryce@hotmail.com,Phillipfurt,Cuba,2024-01-04
3588,Mrs. Jennifer Price DDS,cust3588_sparksbrian@hotmail.com,South Jonathonmouth,Malawi,2023-02-23
3589,Patrick Choi,cust3589_pittsmary@hotmail.com,North Jamesstad,Serbia,2024-10-15
3590,Nicole Russo,cust3590_qgoodman@hotmail.com,New Robert,Venezuela,2026-05-07
3591,Thomas Eaton,cust3591_beverly86@yahoo.com,Harrisonton,Grenada,2024-03-24
3592,Jose Richards,cust3592_wellsvalerie@hotmail.com,Lynchville,Greece,2023-03-02
3593,Joshua Dickson,cust3593_qsmith@gmail.com,East Kimberly,Sweden,2024-07-29
3594,William Myers,cust3594_thomasgreen@gmail.com,North John,Senegal,2023-04-30
3595,Kimberly Jones,cust3595_solson@gmail.com,New Josephstad,Bahrain,2025-08-24
3596,Heather Gutierrez,cust3596_kennedyelizabeth@yahoo.com,Angelaburgh,Cape Verde,2025-12-20
3597,Jacob Andrade,cust3597_angela06@gmail.com,Port Elizabethberg,Mexico,2025-01-02
3598,Michelle Franklin,cust3598_laurakelly@gmail.com,Rosefort,Bosnia and Herzegovina,2026-04-11
3599,Steven Bell,cust3599_kevans@yahoo.com,Melissafort,Ethiopia,2024-04-21
3600,Michael Flores,cust3600_hcohen@gmail.com,Port Alecville,Mexico,2023-11-23
3601,Molly Williams,cust3601_michaeltimothy@yahoo.com,Loristad,Sao Tome and Principe,2023-07-25
3602,Michael Daniels,cust3602_floresalex@gmail.com,Tuckerfort,Spain,2024-05-22
3603,Dawn Graham,cust3603_seanshepherd@hotmail.com,Bennettfurt,Solomon Islands,2024-05-08
3604,Jasmine Rivera,cust3604_jesusroth@yahoo.com,Juliachester,Denmark,2024-06-29
3605,John Shannon,cust3605_ericgrimes@hotmail.com,Gillespieburgh,Macao,2025-12-28
3606,Tim Cooper,cust3606_jefferyroberts@hotmail.com,Sanchezmouth,Australia,2023-04-25
3607,Christopher Burke,cust3607_florescynthia@yahoo.com,Andersonchester,Anguilla,2024-03-25
3608,Sharon May,cust3608_emartin@yahoo.com,Stefaniefort,Korea,2026-03-25
3609,Wesley Gray,cust3609_beverly98@gmail.com,Potterfort,Saint Helena,2025-03-06
3610,Jeffrey Harris,cust3610_hbrewer@yahoo.com,Drakehaven,San Marino,2024-12-27
3611,Melanie Leach,cust3611_shawn31@hotmail.com,Susanview,Somalia,2023-12-22
3612,Tasha Brown,cust3612_ksanchez@yahoo.com,West Timothy,Lesotho,2023-12-27
3613,Donald Gonzales,cust3613_christopherwalker@yahoo.com,Wallacefurt,United Kingdom,2024-04-29
3614,Rachel Lowery,cust3614_reillykatelyn@hotmail.com,Riverafort,Nauru,2026-04-28
3615,Kimberly Mcpherson,cust3615_jessicacervantes@gmail.com,North Mariotown,Ghana,2024-10-13
3616,Patrick Kim,cust3616_xmorris@yahoo.com,West Jessicaland,Montserrat,2025-01-04
3617,Eric Lopez,cust3617_qmartinez@hotmail.com,Garciaberg,Comoros,2026-04-26
3618,Danielle Ware,cust3618_hamptonkathryn@yahoo.com,East Nathan,Somalia,2023-02-27
3619,Miguel Salazar,cust3619_ledwards@hotmail.com,New Randyburgh,Macao,2024-12-21
3620,Michael Wheeler,cust3620_foxann@hotmail.com,Cynthiahaven,Pakistan,2026-03-08
3621,Brianna Miles,cust3621_djoyce@yahoo.com,North Brianna,Latvia,2026-02-28
3622,Kevin Hess,cust3622_mikaylabruce@yahoo.com,New Victorshire,Luxembourg,2023-10-19
3623,Erika Rogers,cust3623_gibbskaren@hotmail.com,Joshuastad,Panama,2026-02-27
3624,Michael Burke,cust3624_sierrakline@hotmail.com,Lake Christophermouth,New Zealand,2024-01-21
3625,Christopher Herring,cust3625_ckelly@hotmail.com,West Keith,Dominica,2025-10-05
3626,Marc Lambert,cust3626_ronald11@yahoo.com,Floresshire,Micronesia,2026-01-15
3627,Tina Dougherty,cust3627_zmartin@hotmail.com,Angelashire,Solomon Islands,2024-09-24
3628,Kristen Lambert,cust3628_adrian55@gmail.com,West Jamesfurt,Guadeloupe,2023-12-26
3629,Karen Kim,cust3629_monicadougherty@gmail.com,Yangtown,Guernsey,2025-10-01
3630,Colton Williams,cust3630_ewest@gmail.com,West Paulbury,Micronesia,2023-03-19
3631,Alfred Velazquez,cust3631_hgrimes@yahoo.com,South Ashley,Suriname,2023-07-04
3632,Brittney Roberts,cust3632_kylewalker@gmail.com,Allenchester,Portugal,2023-04-26
3633,Andrew Bernard,cust3633_alyssa06@hotmail.com,Franceshaven,Costa Rica,2024-04-21
3634,Jessica Mahoney,cust3634_hendersonfernando@hotmail.com,Colemanchester,Aruba,2026-05-17
3635,Karen Watson,cust3635_anne73@hotmail.com,Kellytown,Ghana,2024-03-24
3636,Nicole Caldwell,cust3636_qolson@gmail.com,Tiffanyport,Armenia,2023-02-10
3637,Michael Pratt,cust3637_johnsonamber@yahoo.com,Allisonberg,Croatia,2025-12-14
3638,Jonathan Avila,cust3638_csoto@hotmail.com,East Keithville,Andorra,2025-09-05
3639,Angelica Brown,cust3639_wmoss@yahoo.com,North Richard,American Samoa,2023-01-02
3640,Barbara Miranda,cust3640_millercynthia@hotmail.com,Costaland,Djibouti,2024-11-10
3641,Alice Hill,cust3641_brandon04@yahoo.com,Austinside,Namibia,2026-06-11
3642,Mark Johnson,cust3642_mcintoshpatrick@hotmail.com,Cindymouth,Jordan,2024-02-17
3643,Nancy Phelps,cust3643_knappjeffrey@hotmail.com,Clarkborough,Iraq,2023-09-25
3644,Charles Martin,cust3644_mark81@yahoo.com,New Jessicabury,Guernsey,2024-11-28
3645,Phillip Phillips,cust3645_jorgelucas@hotmail.com,Moralesbury,Paraguay,2023-12-30
3646,Patricia Blair,cust3646_michael98@gmail.com,Jacquelineside,Trinidad and Tobago,2024-10-24
3647,Rebecca Butler,cust3647_megangarcia@gmail.com,Rodriguezmouth,Austria,2023-05-02
3648,Kathryn West,cust3648_jimenezalexander@hotmail.com,South Taraside,United States Minor Outlying Islands,2023-02-14
3649,Courtney Smith,cust3649_noah12@hotmail.com,West Brianfurt,El Salvador,2023-10-30
3650,Timothy Cruz,cust3650_mikehall@gmail.com,Jefferyville,Brunei Darussalam,2026-04-16
3651,Kevin Chavez,cust3651_kaylamartin@hotmail.com,Sarahshire,Western Sahara,2023-10-18
3652,Douglas Johnson,cust3652_mccoydeborah@hotmail.com,Wilsonbury,Pakistan,2023-08-16
3653,Peter Schroeder,cust3653_cantubenjamin@yahoo.com,South Sharon,Sweden,2025-12-13
3654,Ruben Carrillo,cust3654_amiller@yahoo.com,Port Josephville,Heard Island and McDonald Islands,2025-01-17
3655,Dean Schmitt,cust3655_carolmoody@hotmail.com,Jessicastad,Equatorial Guinea,2023-05-29
3656,Michael Berry,cust3656_conleysarah@yahoo.com,West Brookefort,Switzerland,2025-02-04
3657,Alex Lopez,cust3657_seanwheeler@yahoo.com,West Rachel,Svalbard & Jan Mayen Islands,2025-03-21
3658,Jason Bush,cust3658_rcampbell@gmail.com,Samuelview,Afghanistan,2026-04-15
3659,Jessica Martinez,cust3659_james25@yahoo.com,Paulside,Congo,2023-07-26
3660,Tony Cortez,cust3660_clarkjonathan@gmail.com,Melvintown,Morocco,2024-11-20
3661,Denise Anderson,cust3661_kendra75@gmail.com,Richardside,Macao,2024-09-10
3662,Kayla Hill,cust3662_heidigonzales@yahoo.com,East Peterborough,Gambia,2024-10-22
3663,Matthew Douglas,cust3663_tracymayer@hotmail.com,East Richard,Cayman Islands,2023-10-07
3664,David Johns,cust3664_shanemoon@yahoo.com,Cartermouth,United States Minor Outlying Islands,2023-11-19
3665,Katie Martinez,cust3665_kathryn87@hotmail.com,Goodwinshire,Poland,2025-06-13
3666,Kenneth Adams,cust3666_kristinharris@yahoo.com,Danafort,Cayman Islands,2025-09-24
3667,Sandra Christensen MD,cust3667_jenna90@hotmail.com,Jerrychester,Ukraine,2024-10-11
3668,Jonathan Hines,cust3668_leerandy@hotmail.com,Port Daniel,Korea,2023-12-23
3669,Gloria Turner,cust3669_angelaferguson@gmail.com,North Destiny,South Africa,2026-02-24
3670,Teresa Chandler,cust3670_garciarichard@hotmail.com,East Johnberg,Mauritania,2026-06-10
3671,Bryan Harper,cust3671_stephanie11@yahoo.com,Kimberlybury,Mongolia,2024-12-31
3672,Dr. Ian Sanchez,cust3672_daltonbethany@gmail.com,Lake Nicholaschester,American Samoa,2024-04-02
3673,Sarah Young,cust3673_sgomez@yahoo.com,East Robertburgh,Sudan,2026-04-21
3674,Scott Snyder,cust3674_duanemclean@yahoo.com,Lake Kimberlyberg,Trinidad and Tobago,2023-12-26
3675,Jessica Davidson,cust3675_matthewmoses@gmail.com,North Alyssaton,Belarus,2025-02-13
3676,John Austin,cust3676_bleblanc@yahoo.com,Lake Christina,Malta,2024-09-20
3677,Justin Carr,cust3677_ivan68@yahoo.com,Cantuton,Martinique,2024-08-26
3678,Juan Farmer,cust3678_danielwilliams@gmail.com,Duketon,Malta,2023-09-18
3679,Jody Mclean,cust3679_bethlee@gmail.com,North Robin,Guam,2023-12-30
3680,Nancy Myers,cust3680_eflynn@gmail.com,Lake Shari,Lithuania,2023-01-04
3681,Roger Orozco,cust3681_thanson@hotmail.com,North Jerry,Kyrgyz Republic,2026-03-19
3682,Bruce Rivera,cust3682_elijahmueller@gmail.com,East Bailey,Paraguay,2025-03-12
3683,Tracey Murphy,cust3683_rodriguezbrittany@hotmail.com,New Gabriella,Tanzania,2026-03-08
3684,Katherine Ware,cust3684_jimmy18@hotmail.com,Cobbstad,Netherlands Antilles,2023-03-08
3685,Joshua Brown,cust3685_jilladams@yahoo.com,South Robert,Netherlands Antilles,2024-01-08
3686,Dana Kirby,cust3686_tiffany50@yahoo.com,Amyside,Lithuania,2026-05-18
3687,Adam Harmon,cust3687_ncosta@hotmail.com,Lake Jacobmouth,Somalia,2024-10-13
3688,Mark Miller,cust3688_katieesparza@hotmail.com,West Jamesbury,Bouvet Island (Bouvetoya),2026-06-06
3689,Jade Fisher,cust3689_hbaker@gmail.com,West Richardland,Turks and Caicos Islands,2024-03-28
3690,Christina Morse,cust3690_marksmith@yahoo.com,East Lisa,Hungary,2026-03-04
3691,Keith Jones,cust3691_ipaul@yahoo.com,Masseybury,Djibouti,2023-08-02
3692,Brandon Williams,cust3692_jamessmith@yahoo.com,Lake Shaneshire,French Polynesia,2025-10-13
3693,Thomas Wright,cust3693_kathryn99@yahoo.com,New Charlestown,Albania,2023-10-16
3694,Nicole Cook,cust3694_oyates@hotmail.com,Ericchester,Czech Republic,2024-11-09
3695,Jacob Ruiz,cust3695_lallen@yahoo.com,East Denisetown,Canada,2023-06-09
3696,Renee Kaufman,cust3696_gmendoza@gmail.com,Perrychester,Angola,2024-05-02
3697,Kevin Rasmussen,cust3697_nicole77@yahoo.com,Lake Kevinton,Heard Island and McDonald Islands,2024-12-11
3698,Jonathan Lee,cust3698_jennifershields@hotmail.com,Bensonstad,Central African Republic,2024-10-16
3699,Bryan Rose,cust3699_moralesjessica@gmail.com,South Taramouth,Tonga,2023-12-10
3700,Anna Scott,cust3700_darren48@yahoo.com,Oliviachester,Kazakhstan,2023-07-01
3701,Thomas Mcconnell,cust3701_vjones@yahoo.com,Christophertown,Pitcairn Islands,2024-11-18
3702,Kyle Collins,cust3702_diamond85@yahoo.com,East Jonathanville,Pakistan,2025-07-03
3703,Mrs. Katherine Andrade,cust3703_murraypaul@gmail.com,North Daleberg,Korea,2023-01-24
3704,Daniel Davis,cust3704_gibsonanthony@gmail.com,Theodorefurt,Guinea-Bissau,2024-06-27
3705,Jennifer Smith,cust3705_hudsonelizabeth@hotmail.com,Kellyberg,Slovakia (Slovak Republic),2024-03-05
3706,Anthony Kline,cust3706_jtran@yahoo.com,North Robertview,Costa Rica,2024-05-26
3707,Michael Turner,cust3707_huffjon@yahoo.com,Nataliefurt,Western Sahara,2023-05-19
3708,Donald Mullins,cust3708_davidfarley@gmail.com,Klineport,Brunei Darussalam,2024-12-18
3709,Rebecca Henderson,cust3709_richard38@hotmail.com,Coreymouth,Nicaragua,2024-06-09
3710,Douglas Norris,cust3710_eflores@yahoo.com,Rogermouth,Comoros,2023-08-10
3711,Cynthia Potts,cust3711_beverly50@yahoo.com,Port Marcusport,Bosnia and Herzegovina,2023-01-03
3712,Stephen Alvarez,cust3712_velazquezdarlene@yahoo.com,Newtonbury,Norfolk Island,2023-04-09
3713,Michael Potts,cust3713_fowleramanda@hotmail.com,Shawnfurt,Austria,2025-03-01
3714,Robert Rose,cust3714_hillheather@yahoo.com,Daniellefort,Gambia,2025-06-16
3715,Cynthia Adams,cust3715_nathanpena@hotmail.com,Wrightfort,Antigua and Barbuda,2025-05-09
3716,Jeffery Ingram,cust3716_marycox@gmail.com,Lake Lindseyfort,South Georgia and the South Sandwich Islands,2023-12-07
3717,Amber Lucero,cust3717_thomasmiller@hotmail.com,New Markfurt,Moldova,2025-04-27
3718,Jo Newman,cust3718_gary05@hotmail.com,Antoniostad,Liberia,2025-10-06
3719,Brittany Jones,cust3719_sergio26@yahoo.com,South Staceyburgh,France,2025-02-14
3720,Todd Davis,cust3720_michelle06@gmail.com,Hunttown,Malawi,2024-12-20
3721,Yesenia Mcgee,cust3721_longlauren@gmail.com,East Susanville,Kuwait,2026-01-23
3722,Evelyn Taylor,cust3722_kimberlygilmore@gmail.com,North Jacob,Iceland,2025-02-07
3723,Mr. Aaron Vaughn,cust3723_aprilcooper@yahoo.com,South Gregorymouth,Reunion,2023-07-27
3724,Vincent Davis,cust3724_kylie77@gmail.com,East Leslie,Liechtenstein,2025-09-08
3725,John King,cust3725_lowekyle@gmail.com,New Johnnyton,Kazakhstan,2026-03-29
3726,Stephanie Green,cust3726_debra71@hotmail.com,Douglaston,Tokelau,2024-04-06
3727,Whitney Taylor,cust3727_jeremy09@yahoo.com,Hannahside,Liechtenstein,2023-11-30
3728,Robert Mccarthy II,cust3728_emily27@gmail.com,Richardsmouth,Canada,2025-07-13
3729,Nathan Garcia,cust3729_andersonedgar@gmail.com,Daleland,Dominican Republic,2023-05-31
3730,Amber Johnson,cust3730_jacob02@yahoo.com,Mccannview,Zimbabwe,2023-03-10
3731,Paula Roberts,cust3731_jacksondonald@hotmail.com,East Jeremy,Chile,2024-08-26
3732,Kristin Floyd,cust3732_olivia70@hotmail.com,Jamieville,Egypt,2023-02-11
3733,William Proctor,cust3733_nbenjamin@yahoo.com,North Jeffrey,Bouvet Island (Bouvetoya),2024-10-14
3734,Travis Spencer,cust3734_nicholasbrown@gmail.com,South Carlos,Botswana,2024-06-18
3735,Angela Cole,cust3735_joseph98@hotmail.com,New Aaron,Kenya,2023-08-03
3736,Victoria Kim,cust3736_amydavis@gmail.com,Brownview,Morocco,2023-06-01
3737,Christopher Kirby,cust3737_kyle77@gmail.com,West Robinstad,Gibraltar,2024-12-01
3738,Katie Anderson,cust3738_sallyarnold@gmail.com,Port Williamside,Sudan,2023-12-15
3739,Matthew Hall,cust3739_brian28@yahoo.com,Olsonside,Serbia,2025-02-07
3740,Gilbert Tucker,cust3740_jeffrey15@yahoo.com,Craigbury,Cuba,2023-11-26
3741,Jill Smith,cust3741_fbutler@gmail.com,Lewisbury,Bermuda,2023-06-03
3742,Richard Jones,cust3742_gterry@hotmail.com,Matthewbury,Anguilla,2026-01-25
3743,Katherine Barber,cust3743_jonathanbrown@yahoo.com,Deanmouth,Algeria,2023-07-10
3744,Cindy Armstrong,cust3744_anthonydavis@hotmail.com,North Paula,France,2024-11-23
3745,Mrs. Beverly Woods,cust3745_myersmaria@yahoo.com,Davidchester,Monaco,2026-05-01
3746,John Hernandez,cust3746_bruce65@gmail.com,West Jenniferbury,Hungary,2026-06-10
3747,Teresa Weber,cust3747_andersonlisa@gmail.com,New Michaelside,Suriname,2025-09-15
3748,Lisa Boone,cust3748_heather50@hotmail.com,New Cassandrachester,Mauritius,2023-03-05
3749,Teresa Burgess,cust3749_marc57@hotmail.com,Port Jessicaview,French Polynesia,2025-06-02
3750,Amanda Edwards MD,cust3750_rebecca55@yahoo.com,Salinasview,Algeria,2023-12-04
3751,Carrie Wilson,cust3751_zbrewer@yahoo.com,North Sandy,Anguilla,2026-05-28
3752,Stephen Shields,cust3752_turnerarthur@hotmail.com,South Crystaltown,Montserrat,2025-06-08
3753,David Glover,cust3753_hhoward@yahoo.com,North Alexanderport,Argentina,2023-11-18
3754,Micheal Scott,cust3754_johnathan76@hotmail.com,West Jessica,Mauritania,2023-04-20
3755,Heather Ward,cust3755_campbellpaula@hotmail.com,Port Julian,Jamaica,2023-07-27
3756,Jeremy Brown,cust3756_alyssahorton@hotmail.com,Joannaland,Madagascar,2024-11-09
3757,Michael Rodriguez,cust3757_rgomez@hotmail.com,Brianville,Heard Island and McDonald Islands,2024-02-25
3758,Lindsay Parker,cust3758_morganandrew@gmail.com,Scottchester,Poland,2024-01-25
3759,Travis Washington,cust3759_xhumphrey@gmail.com,Lake Sydneybury,Singapore,2025-04-18
3760,Mercedes Martinez,cust3760_dmorales@gmail.com,Kylefurt,Bolivia,2026-02-08
3761,David Carter,cust3761_swheeler@yahoo.com,West Felicia,Belize,2026-01-11
3762,Kimberly Lopez,cust3762_delacruzmelissa@gmail.com,Chenview,Western Sahara,2024-06-27
3763,Melanie Saunders,cust3763_kimberlyellis@hotmail.com,Tiffanyland,Saint Barthelemy,2024-07-30
3764,Suzanne Evans,cust3764_andrew09@hotmail.com,Patrickside,Equatorial Guinea,2024-09-01
3765,Cynthia Waller,cust3765_dawnroberts@hotmail.com,Castrofort,Sao Tome and Principe,2024-05-01
3766,James Little,cust3766_qbarnes@hotmail.com,Schaefermouth,Marshall Islands,2023-07-16
3767,David Gates,cust3767_daniel18@yahoo.com,South Davidside,Montserrat,2023-04-12
3768,Jeremy Roman,cust3768_zcoleman@gmail.com,New Davidborough,Uganda,2025-03-15
3769,James King,cust3769_barbara93@gmail.com,Grahamshire,Luxembourg,2026-03-16
3770,Sarah Schmidt,cust3770_robert75@hotmail.com,North Courtneychester,Saint Martin,2026-01-30
3771,Rebecca Gross,cust3771_qwashington@yahoo.com,Kristenfort,Liberia,2025-10-02
3772,Wendy Nelson,cust3772_linda70@gmail.com,Wendytown,Qatar,2023-11-11
3773,Jacob Campbell,cust3773_barry99@hotmail.com,Stephenmouth,Bulgaria,2023-04-22
3774,Wyatt Robinson,cust3774_stephanie48@yahoo.com,Matthewmouth,Russian Federation,2025-01-08
3775,Kara Dunlap,cust3775_vclark@hotmail.com,Teresatown,Russian Federation,2023-01-08
3776,Felicia Key,cust3776_stephanie07@gmail.com,Mcfarlandfort,Bulgaria,2025-05-25
3777,Michelle Hampton,cust3777_uprice@hotmail.com,Brownside,Mozambique,2023-06-29
3778,Sarah Boyer PhD,cust3778_bmontoya@gmail.com,Buckleyside,Antarctica (the territory South of 60 deg S),2024-08-26
3779,Chelsea Marshall,cust3779_joseph29@yahoo.com,Lake Michael,Azerbaijan,2026-05-14
3780,Lindsey Sanders,cust3780_reynoldsjeffrey@yahoo.com,Beckerview,Burundi,2025-09-10
3781,Brian Chaney,cust3781_willisperry@hotmail.com,Perkinstown,Timor-Leste,2024-02-13
3782,Julie Thompson,cust3782_maxgarcia@hotmail.com,West Ronaldfort,Marshall Islands,2023-07-18
3783,Mario Thomas,cust3783_mendozabrandon@hotmail.com,East Jasonport,Sweden,2023-02-22
3784,Alicia Clark,cust3784_levans@yahoo.com,Port Kimberly,Nigeria,2024-02-28
3785,Juan Davis,cust3785_ochambers@yahoo.com,North Deannaburgh,Montserrat,2023-12-16
3786,Jennifer Baker,cust3786_carlosrodriguez@gmail.com,Holderville,Estonia,2024-08-20
3787,Howard Bailey,cust3787_valdezanthony@gmail.com,New Lisa,San Marino,2023-06-17
3788,Dr. Lindsey Cruz,cust3788_pfrazier@hotmail.com,Ericshire,Yemen,2025-08-27
3789,Samantha Grant,cust3789_jenniferhoward@hotmail.com,Oliviahaven,Macao,2023-08-25
3790,David Ball,cust3790_kirkpierce@yahoo.com,Lake Johnburgh,Tunisia,2024-09-23
3791,Richard Sutton,cust3791_cowanbarbara@gmail.com,Mooreton,Yemen,2025-03-25
3792,Heather Moore,cust3792_jwilliamson@yahoo.com,Emmahaven,Ecuador,2025-08-22
3793,Briana Finley,cust3793_ffarmer@hotmail.com,Lake William,Papua New Guinea,2025-09-28
3794,Sandra Valencia,cust3794_solismelissa@yahoo.com,Martinfort,Lesotho,2024-06-26
3795,Richard Reyes,cust3795_williamsandrew@yahoo.com,New Nicholas,Niger,2023-07-06
3796,Jane White,cust3796_craig57@gmail.com,Lake Willieberg,Andorra,2026-01-19
3797,Dennis Bush,cust3797_stevenscurtis@gmail.com,New Kimberly,Fiji,2025-03-04
3798,Michael Bryant,cust3798_robertkim@gmail.com,Christinebury,South Georgia and the South Sandwich Islands,2024-01-14
3799,Alvin Aguilar,cust3799_jason11@gmail.com,Lake Marcusport,Heard Island and McDonald Islands,2025-01-29
3800,Ryan Best,cust3800_hessthomas@hotmail.com,Lake Heidiland,Papua New Guinea,2025-02-20
3801,Denise Lee,cust3801_bward@yahoo.com,North Jackson,Bosnia and Herzegovina,2025-01-26
3802,Melody Cuevas,cust3802_nlewis@gmail.com,Shepherdton,Belize,2024-01-18
3803,Shelly Davis,cust3803_ariel62@gmail.com,Port Erik,Saint Kitts and Nevis,2025-07-01
3804,Debbie Mcgrath,cust3804_hjones@yahoo.com,Josephshire,Japan,2023-04-02
3805,Amy Sexton,cust3805_melissa43@yahoo.com,Port Joshuafort,Belize,2024-06-23
3806,Justin Castaneda,cust3806_fryematthew@gmail.com,Julieland,Russian Federation,2025-06-19
3807,Tony Carr,cust3807_jbrown@yahoo.com,Burkeborough,South Georgia and the South Sandwich Islands,2025-08-10
3808,Shannon Hogan,cust3808_mbarajas@yahoo.com,Williamsmouth,Equatorial Guinea,2024-06-23
3809,Sarah Cook,cust3809_loganbell@yahoo.com,East Kyle,Tonga,2024-04-08
3810,Anthony Garza,cust3810_elizabeth86@gmail.com,Morganview,Turkmenistan,2024-07-04
3811,Joseph Jimenez,cust3811_hrodriguez@yahoo.com,South Brianside,Angola,2026-03-01
3812,Latoya Lambert,cust3812_michael70@hotmail.com,South Travis,Mexico,2023-05-07
3813,Tyler Clay,cust3813_joseph41@yahoo.com,Julieview,Seychelles,2023-11-06
3814,Jared Gibbs,cust3814_morenobruce@yahoo.com,North Markville,Denmark,2023-07-18
3815,Jorge Perry,cust3815_robertking@hotmail.com,Williamsberg,Equatorial Guinea,2023-06-25
3816,Nicholas Ortega,cust3816_phillipsmorgan@gmail.com,Daughertyside,Belgium,2024-12-05
3817,Adam Patterson,cust3817_wintersjeffrey@yahoo.com,Moorebury,Nepal,2026-01-13
3818,Rachel Myers,cust3818_vegalawrence@gmail.com,Loganmouth,Argentina,2025-04-27
3819,Johnny Smith,cust3819_hbailey@hotmail.com,North Rachelfort,Micronesia,2026-04-22
3820,Jonathon Dickson,cust3820_stephen18@hotmail.com,Mccallfort,South Georgia and the South Sandwich Islands,2024-04-10
3821,Jeffrey Anderson,cust3821_munozerik@gmail.com,West Brenda,British Indian Ocean Territory (Chagos Archipelago),2026-02-07
3822,Adam Reid,cust3822_danielmoore@gmail.com,Cindyside,Cyprus,2023-05-05
3823,Troy Marshall,cust3823_kristen08@hotmail.com,East Gloriaton,Guatemala,2025-03-03
3824,Rhonda Morton,cust3824_xburton@yahoo.com,North Gregoryburgh,Guam,2025-12-06
3825,Rebecca Brown,cust3825_robertpaul@hotmail.com,East Michaelton,Somalia,2025-05-07
3826,Jamie Banks,cust3826_mossraymond@gmail.com,Brownstad,Vanuatu,2026-01-01
3827,Guy Andrade,cust3827_stewartpeter@yahoo.com,South Janetberg,Montserrat,2025-08-30
3828,Robert Reed,cust3828_vbradshaw@gmail.com,Chaseton,Bulgaria,2026-03-18
3829,Dana Hensley,cust3829_jlopez@gmail.com,East Mark,Falkland Islands (Malvinas),2024-04-27
3830,Robert Gamble,cust3830_hughesjoseph@hotmail.com,Hansenmouth,Svalbard & Jan Mayen Islands,2025-09-02
3831,Tyler Banks,cust3831_ipruitt@gmail.com,Patriciaton,Austria,2024-09-04
3832,Jessica Morris,cust3832_zachary39@gmail.com,Port Adamchester,Bahamas,2023-06-11
3833,Robert Copeland,cust3833_ismith@hotmail.com,Clayfurt,Falkland Islands (Malvinas),2025-03-19
3834,Sarah Sanchez,cust3834_cindy04@yahoo.com,Stephensonton,North Macedonia,2023-03-13
3835,Emily Spencer,cust3835_brianharrison@gmail.com,Penashire,Anguilla,2025-10-25
3836,Jesus Baker,cust3836_cuevasadam@gmail.com,Samanthaton,Ukraine,2026-03-15
3837,Stephanie Gardner,cust3837_ruth54@yahoo.com,New William,Afghanistan,2025-11-24
3838,Catherine Parker,cust3838_kmoore@hotmail.com,Kristenmouth,Central African Republic,2026-03-16
3839,Danny Smith,cust3839_suzanneward@yahoo.com,Rachelville,Comoros,2026-06-24
3840,David Miller,cust3840_etran@hotmail.com,Alexanderstad,British Virgin Islands,2023-10-29
3841,Sean Reese,cust3841_wileycynthia@gmail.com,West Kaitlynport,Bosnia and Herzegovina,2023-09-04
3842,Walter Mayer,cust3842_vasquezcrystal@gmail.com,Jessicastad,Bangladesh,2025-07-08
3843,Kevin Rocha,cust3843_javieringram@yahoo.com,Gravesberg,Slovenia,2023-12-21
3844,Kristina Barry,cust3844_shane87@hotmail.com,North Ashley,Canada,2023-12-09
3845,Cassandra Harris,cust3845_bennettbrett@yahoo.com,South Lisa,Kazakhstan,2024-03-09
3846,Eric Hess,cust3846_harrisjamie@yahoo.com,East Deannaside,Suriname,2024-01-30
3847,Daniel Jordan,cust3847_molly64@gmail.com,Bellborough,Belize,2023-09-16
3848,Stephanie Novak,cust3848_nathan68@gmail.com,Anthonyside,Myanmar,2023-03-29
3849,Brian Carter,cust3849_kristinehickman@gmail.com,Williamsonshire,Lesotho,2025-05-17
3850,Priscilla Allen,cust3850_andersonalan@gmail.com,East Lisa,Puerto Rico,2023-06-10
3851,Lynn Allen,cust3851_jsmith@yahoo.com,New Jessicaberg,Lithuania,2025-06-10
3852,Aaron Osborne,cust3852_kimpayne@yahoo.com,Pattersonport,Lao People's Democratic Republic,2024-02-18
3853,Jonathan Hernandez,cust3853_rojassteven@yahoo.com,Farleyborough,Isle of Man,2023-10-30
3854,Heather Maddox,cust3854_dlee@hotmail.com,East James,Timor-Leste,2026-05-03
3855,Joe Davis,cust3855_kennethporter@hotmail.com,Coxhaven,Puerto Rico,2024-06-12
3856,Brenda Smith,cust3856_zfranco@yahoo.com,New Deborah,Bangladesh,2024-10-16
3857,Kimberly Berry,cust3857_smithkimberly@yahoo.com,East Tomton,Georgia,2023-05-18
3858,Carla Jackson,cust3858_nicholas80@yahoo.com,Lake Shannonberg,Cayman Islands,2023-06-28
3859,Ashlee Carr,cust3859_cholder@gmail.com,North Blake,Bahamas,2025-03-05
3860,Deborah Hardy,cust3860_nicole44@hotmail.com,Pierceton,Western Sahara,2026-02-13
3861,Theresa Merritt,cust3861_jamesbutler@yahoo.com,Hardinmouth,United States Virgin Islands,2025-03-24
3862,Brandy Brown,cust3862_robinsonelizabeth@hotmail.com,South Jacquelinechester,French Southern Territories,2026-02-04
3863,Thomas Obrien,cust3863_treid@gmail.com,New Victorside,Algeria,2024-10-29
3864,Christine Warren,cust3864_janice37@gmail.com,South Jessica,Tunisia,2024-07-19
3865,Kathleen Mitchell,cust3865_cookstephanie@yahoo.com,East Crystalmouth,Cook Islands,2025-11-30
3866,Diane Jackson,cust3866_pittmanelizabeth@yahoo.com,West Timothy,Netherlands,2025-07-27
3867,Nathan Sanchez,cust3867_crawfordamy@yahoo.com,Lake Lindsay,Guinea,2023-01-26
3868,Lisa Ortiz,cust3868_antonioparker@gmail.com,Meyerfurt,El Salvador,2026-06-30
3869,Pamela Rivera,cust3869_yphillips@gmail.com,New Christinafort,Malawi,2026-04-18
3870,Sarah Cooper,cust3870_lesliecooper@yahoo.com,West Matthew,Solomon Islands,2025-12-06
3871,Jesse Bishop,cust3871_mcknightfernando@hotmail.com,Kennedyview,Aruba,2025-05-09
3872,Alexander Edwards,cust3872_damon82@yahoo.com,New Richard,Mauritania,2023-08-19
3873,Virginia Jensen,cust3873_maryestrada@hotmail.com,Taylorstad,Oman,2025-04-28
3874,Jenny Mason,cust3874_alopez@yahoo.com,North Jeremyfurt,Holy See (Vatican City State),2023-11-03
3875,Martin Williams DVM,cust3875_tracyhowe@hotmail.com,Marissashire,Central African Republic,2023-10-31
3876,John Sims,cust3876_hollandanthony@hotmail.com,East Lynnchester,Tokelau,2026-03-06
3877,James Clayton,cust3877_mjones@gmail.com,North Brandonville,Jersey,2026-04-19
3878,Ruben Watkins,cust3878_kyle43@gmail.com,North Thomashaven,Trinidad and Tobago,2026-04-08
3879,James Pena,cust3879_wacosta@hotmail.com,Port Lynn,United States Minor Outlying Islands,2023-07-25
3880,Catherine Klein,cust3880_elizabeth89@hotmail.com,Parksborough,Azerbaijan,2023-08-05
3881,Dr. Christopher Jenkins MD,cust3881_ghudson@gmail.com,Brownside,Philippines,2026-02-26
3882,Nicole Jones,cust3882_cervanteschristopher@hotmail.com,Aaronberg,Guinea-Bissau,2023-07-26
3883,Alex Nelson,cust3883_tiffanymcknight@yahoo.com,West Marilyn,Oman,2024-08-08
3884,Michael Morgan,cust3884_wnunez@gmail.com,Teresaport,Luxembourg,2026-01-01
3885,Megan Baker,cust3885_ferrellalexis@hotmail.com,Jacquelinestad,Congo,2024-12-05
3886,Vickie Finley,cust3886_mcooper@hotmail.com,Leblancshire,Venezuela,2025-04-21
3887,Amy Cummings,cust3887_nicole28@hotmail.com,Port Jeremy,Sri Lanka,2024-06-24
3888,Jennifer Pugh,cust3888_andrewhopkins@hotmail.com,New Susan,Kuwait,2025-02-23
3889,Elizabeth Hampton,cust3889_jeremyrobbins@gmail.com,Michaelmouth,Malta,2025-09-21
3890,Thomas Porter,cust3890_natalie04@yahoo.com,Andersonfurt,Saint Helena,2026-03-17
3891,Manuel Hernandez,cust3891_dorisphillips@hotmail.com,South Shannonland,Angola,2026-06-01
3892,Kenneth Hansen,cust3892_tracey98@gmail.com,North Nicolas,Eritrea,2025-08-26
3893,Carl Martinez,cust3893_william97@gmail.com,West Zachary,Barbados,2023-03-18
3894,Mason Harrison,cust3894_wardmelinda@hotmail.com,Jeremystad,Uganda,2023-12-19
3895,Tyrone Curtis,cust3895_justinellison@yahoo.com,Lake Mistytown,Malaysia,2024-07-18
3896,Jennifer Pearson,cust3896_casejohn@yahoo.com,Johnmouth,Mauritius,2025-04-05
3897,Mary Adams,cust3897_christine73@hotmail.com,East Alexandraland,Northern Mariana Islands,2023-10-22
3898,Benjamin Long,cust3898_codykeller@gmail.com,Jonathanfort,Micronesia,2026-06-20
3899,Claudia Marshall,cust3899_dwilliams@yahoo.com,South Anthonystad,Yemen,2026-05-31
3900,Alicia Morales,cust3900_paulrobinson@yahoo.com,Whiteview,Rwanda,2025-04-02
3901,Pamela Mcneil,cust3901_ronaldchavez@gmail.com,Obrienton,Equatorial Guinea,2023-03-21
3902,Amanda Palmer,cust3902_scottmiddleton@yahoo.com,Alvaradoburgh,Reunion,2025-03-21
3903,Cheryl Chapman,cust3903_mhouston@yahoo.com,Port Aprilstad,Falkland Islands (Malvinas),2024-11-09
3904,Sean Drake,cust3904_tinarocha@yahoo.com,New Gabriel,Sri Lanka,2024-05-01
3905,Larry Garcia,cust3905_daniel99@yahoo.com,South Sarah,Kiribati,2023-04-11
3906,Kimberly Figueroa,cust3906_xrosario@hotmail.com,Jessicaborough,Costa Rica,2025-08-31
3907,Matthew Andrews,cust3907_charlesortega@hotmail.com,Lisamouth,Ukraine,2024-07-04
3908,Arthur Decker,cust3908_villarrealnoah@hotmail.com,East Danieltown,Spain,2025-02-01
3909,Andrew Jimenez,cust3909_nparker@hotmail.com,Pamelahaven,Paraguay,2023-02-11
3910,Sheena Marshall,cust3910_belldana@yahoo.com,New Priscilla,Austria,2024-11-22
3911,Rachel Lee,cust3911_riverajason@yahoo.com,Andersenborough,Chile,2024-09-12
3912,Julie Johnston,cust3912_jennaschaefer@yahoo.com,Emmafurt,Singapore,2024-09-28
3913,James Robertson,cust3913_fstewart@gmail.com,Frankview,Senegal,2024-07-28
3914,Kimberly Anderson,cust3914_wallacesean@gmail.com,West Michelleport,El Salvador,2025-10-03
3915,Debra Logan,cust3915_wheeleranne@hotmail.com,Leslieshire,Senegal,2023-07-21
3916,Janice Schultz,cust3916_angelasmith@hotmail.com,Port Trevor,Wallis and Futuna,2024-04-11
3917,Sarah Hayes,cust3917_elizabethgutierrez@yahoo.com,Lake Seanmouth,Peru,2023-10-03
3918,Joshua Bailey,cust3918_tylersharon@gmail.com,Chaveztown,Lesotho,2024-09-07
3919,Brian Ramirez,cust3919_robert19@yahoo.com,Chandlerfurt,South Africa,2025-06-26
3920,Brandon Cook,cust3920_jimmy01@gmail.com,South Destiny,Guam,2024-10-19
3921,Michael Murray,cust3921_xrichard@yahoo.com,Julieborough,Saint Kitts and Nevis,2024-07-05
3922,Marvin Castillo,cust3922_christopher05@gmail.com,Stonetown,Somalia,2025-05-03
3923,Molly Allen,cust3923_salazarkenneth@yahoo.com,North Lance,Libyan Arab Jamahiriya,2026-05-23
3924,Sharon Massey,cust3924_vsampson@gmail.com,Robinsontown,Gibraltar,2023-07-02
3925,Shaun Phillips,cust3925_tapiajenna@gmail.com,Hernandezborough,Bahamas,2024-01-20
3926,Regina Gray,cust3926_mikayla71@gmail.com,Sandersfurt,Netherlands,2025-06-23
3927,Jeffrey Berg,cust3927_riverabrian@gmail.com,South Dianeshire,Northern Mariana Islands,2024-03-08
3928,Julie Lynch,cust3928_daltonjohnston@yahoo.com,Ramosshire,Venezuela,2025-04-13
3929,Megan Dunn,cust3929_christina12@gmail.com,North William,Sao Tome and Principe,2025-09-19
3930,Jose Joseph MD,cust3930_jonathanrobinson@yahoo.com,Andersenfurt,Mauritania,2025-11-23
3931,Whitney Griffin,cust3931_samantha23@gmail.com,New Jenniferland,United Arab Emirates,2025-02-04
3932,John Cook,cust3932_allen33@yahoo.com,Hodgeland,Bahrain,2023-04-26
3933,Janet Hubbard,cust3933_hillamanda@hotmail.com,West Karen,Iraq,2025-11-21
3934,Lee Gallegos,cust3934_davidsonshannon@yahoo.com,Brianview,Paraguay,2023-11-22
3935,Mary Patton,cust3935_brooksashley@hotmail.com,South Tonya,Belize,2023-05-15
3936,Bailey Valdez,cust3936_diazwilliam@gmail.com,South Lindsay,Spain,2024-09-29
3937,Donald Alexander,cust3937_torresjessica@yahoo.com,Brianstad,Pitcairn Islands,2025-11-03
3938,Ana Garcia,cust3938_christinavelez@yahoo.com,Port Jacquelineland,Nigeria,2025-04-06
3939,Caitlyn Clarke,cust3939_smithvincent@yahoo.com,Lake Robertohaven,Barbados,2023-10-05
3940,Sandra Parker,cust3940_pattersondanielle@hotmail.com,Davisfort,Senegal,2025-12-09
3941,Christian Lynch,cust3941_taraortiz@yahoo.com,New Tanyamouth,Saint Vincent and the Grenadines,2026-03-10
3942,Veronica Spencer,cust3942_yolanda04@hotmail.com,Washingtonshire,Reunion,2023-03-01
3943,John Mitchell,cust3943_johnsonbrian@gmail.com,Calebhaven,Tonga,2023-12-22
3944,Jermaine Lawrence,cust3944_jthompson@hotmail.com,Cherylmouth,Italy,2024-01-30
3945,Tyler Bishop,cust3945_michelle32@yahoo.com,New Ashleyland,Algeria,2024-02-16
3946,Scott Powell,cust3946_josedean@gmail.com,South Samantha,Libyan Arab Jamahiriya,2023-04-29
3947,Kara Schmidt,cust3947_melissa26@hotmail.com,East Christina,Samoa,2024-05-25
3948,Jacob Gonzalez,cust3948_jonathan21@gmail.com,North Davidmouth,Lesotho,2023-03-09
3949,Donald Garcia,cust3949_molly13@hotmail.com,Tonibury,Cayman Islands,2025-07-23
3950,Christine Ward,cust3950_chelseaallen@yahoo.com,Phyllismouth,Canada,2023-04-14
3951,Michelle Thomas,cust3951_johnthomas@hotmail.com,New Michael,Saint Vincent and the Grenadines,2025-01-08
3952,Mr. Jeffrey Hahn,cust3952_andreahenry@gmail.com,Andrewchester,Russian Federation,2024-02-12
3953,Michael Wise,cust3953_duartekevin@hotmail.com,New Patricia,Armenia,2024-07-15
3954,Michael Moore,cust3954_vlopez@yahoo.com,Goodmanshire,Comoros,2025-01-24
3955,Nicole Johnson,cust3955_kmcdowell@hotmail.com,Mistymouth,Saint Kitts and Nevis,2025-08-08
3956,Alec Brown,cust3956_amanda26@gmail.com,Lake Elizabeth,Ireland,2025-10-31
3957,Jacqueline Smith MD,cust3957_melissafields@yahoo.com,Port Jasonport,Seychelles,2025-03-23
3958,Tanner Mitchell,cust3958_vwoods@yahoo.com,Lewisfort,Benin,2023-09-11
3959,Jeffrey Lawrence,cust3959_bsmith@hotmail.com,Johnburgh,Mauritius,2023-03-04
3960,Krista Davies,cust3960_janetpena@gmail.com,Owenmouth,Korea,2024-05-10
3961,Helen Lee,cust3961_yconner@yahoo.com,Martinburgh,Niue,2025-02-01
3962,James Ayers,cust3962_alexanderoconnell@hotmail.com,Port Juan,Ireland,2025-09-28
3963,Megan Marsh,cust3963_briannamcdaniel@yahoo.com,East Aprilmouth,Belarus,2026-05-01
3964,Sonya Bennett,cust3964_zhudson@hotmail.com,New Carol,Guam,2025-07-02
3965,Trevor Barrett,cust3965_aprilhernandez@gmail.com,South Dustinshire,Maldives,2023-12-30
3966,Mrs. Elizabeth Lopez DDS,cust3966_gnorton@gmail.com,South Debra,North Macedonia,2025-08-29
3967,James Cook,cust3967_udurham@hotmail.com,Lake Bonnieport,Barbados,2026-04-16
3968,Francis Payne,cust3968_byrdsherry@hotmail.com,Farmerhaven,Bangladesh,2026-02-03
3969,Steven Stevens,cust3969_caitlin23@hotmail.com,Johnsonchester,Malawi,2024-12-17
3970,Matthew Jarvis,cust3970_jose43@yahoo.com,Port Daniel,Congo,2024-12-06
3971,Scott Klein,cust3971_achaney@gmail.com,Port Sherri,Saint Barthelemy,2023-12-01
3972,Melinda Gordon,cust3972_jesse43@gmail.com,Hudsonfort,Greenland,2024-06-13
3973,Jamie Baldwin,cust3973_gregory81@hotmail.com,North Lisafort,Fiji,2023-07-05
3974,Kyle Reeves,cust3974_danielmoore@yahoo.com,Christinemouth,Georgia,2024-08-06
3975,Daniel Anderson,cust3975_danieljones@hotmail.com,South Kristintown,Gambia,2023-02-26
3976,David Taylor,cust3976_alicia81@gmail.com,Cherylburgh,Anguilla,2025-03-02
3977,Alexander Green,cust3977_dcooper@gmail.com,Davisshire,Bosnia and Herzegovina,2023-04-12
3978,Gregory Davis,cust3978_smithrachel@gmail.com,Guzmanburgh,Saudi Arabia,2023-11-30
3979,Darin Dillon,cust3979_ericdaniels@gmail.com,East Elaineton,Christmas Island,2026-03-17
3980,Keith Clay,cust3980_walllarry@gmail.com,Paulfurt,Belize,2024-03-14
3981,Cynthia Powell,cust3981_fsimpson@gmail.com,Lake Juliastad,Australia,2024-03-29
3982,Laura Arnold,cust3982_nfitzgerald@hotmail.com,Jeremyborough,Guyana,2024-04-06
3983,Troy Page,cust3983_eanderson@gmail.com,Meganshire,Faroe Islands,2024-02-28
3984,Bryan Sanchez,cust3984_elizabeth51@gmail.com,Lake David,Nauru,2024-07-05
3985,Dale Hancock,cust3985_kellysmith@yahoo.com,Lake Meganmouth,Montenegro,2025-04-18
3986,Jennifer Rogers,cust3986_annawalker@yahoo.com,Lake Tina,Zimbabwe,2025-11-17
3987,Karen Gonzalez,cust3987_chapmanmorgan@gmail.com,North Lauraport,Bosnia and Herzegovina,2023-02-11
3988,Michael Freeman,cust3988_daviskyle@hotmail.com,Lake David,India,2023-01-19
3989,Vincent Harrington,cust3989_beckymack@yahoo.com,Williamport,Iceland,2025-08-28
3990,Donna Martin,cust3990_shawkathryn@hotmail.com,East Jasontown,Bhutan,2023-09-28
3991,Gregory Greene,cust3991_sullivanalfred@hotmail.com,Port Tommystad,Antigua and Barbuda,2023-12-21
3992,Greg Ellison,cust3992_peterberger@yahoo.com,Leahview,Iran,2026-05-16
3993,James Moore,cust3993_emilysolomon@hotmail.com,Victoriachester,Guatemala,2023-01-18
3994,Shawn Harrell,cust3994_kmueller@gmail.com,North Jonathan,Yemen,2024-04-03
3995,Katelyn Preston,cust3995_patricknunez@gmail.com,Tonyport,Benin,2024-05-31
3996,Richard Sharp,cust3996_lwilson@yahoo.com,Matthewland,Tonga,2026-05-30
3997,Kevin Kelly,cust3997_williamscourtney@gmail.com,Higginsstad,Gambia,2024-09-17
3998,William Coleman,cust3998_derek72@hotmail.com,Jamesland,Argentina,2024-07-17
3999,Lisa Cunningham,cust3999_josebrown@hotmail.com,West Jennaport,Kenya,2025-05-17
4000,Russell Barnes,cust4000_fphillips@gmail.com,Smithburgh,Guyana,2025-02-10
4001,Frank Moon,cust4001_lopezjulia@yahoo.com,Lopezburgh,Mayotte,2024-12-15
4002,Kenneth Evans,cust4002_vasquezjoseph@gmail.com,South Johnmouth,Nicaragua,2025-07-29
4003,Raymond Adams,cust4003_angelagriffin@hotmail.com,East Kari,New Zealand,2024-05-31
4004,Lisa Mckee,cust4004_hodgessusan@hotmail.com,Port Brenda,Pakistan,2024-03-22
4005,Heather Farley,cust4005_lisaharrington@yahoo.com,Paulchester,Taiwan,2025-08-13
4006,Karen Green,cust4006_patrick50@hotmail.com,Sandraton,Samoa,2024-09-10
4007,Mariah Lutz,cust4007_john99@hotmail.com,West Taylor,American Samoa,2025-12-02
4008,Lauren Jackson,cust4008_jwilson@hotmail.com,Courtneyville,El Salvador,2026-07-01
4009,Michael Hernandez,cust4009_donald32@hotmail.com,Rogersshire,British Indian Ocean Territory (Chagos Archipelago),2025-03-24
4010,Tracey Callahan,cust4010_maxwelljacob@gmail.com,Port Michelleborough,American Samoa,2026-04-12
4011,Katherine Preston,cust4011_lisaperez@hotmail.com,Andrewchester,Northern Mariana Islands,2023-07-29
4012,Rickey Vargas,cust4012_perkinsdeborah@hotmail.com,West Alexanderfort,Turkmenistan,2023-01-16
4013,Jimmy Guzman,cust4013_wcarter@yahoo.com,Sharonview,Anguilla,2025-11-13
4014,Leslie Mcneil,cust4014_prestonjohn@yahoo.com,Ruizside,Norway,2025-02-05
4015,Bruce Holt,cust4015_julie56@yahoo.com,Franklinmouth,Nigeria,2026-02-23
4016,James Doyle,cust4016_frankalvarez@gmail.com,Staciefort,Saudi Arabia,2026-05-01
4017,Michael Walters,cust4017_duncanvanessa@yahoo.com,Sullivanmouth,Pitcairn Islands,2026-06-01
4018,Ashley Mayer,cust4018_jenningskyle@gmail.com,Sandersbury,Canada,2024-08-01
4019,Penny Wallace,cust4019_davidsonkaitlyn@gmail.com,Lisaland,Myanmar,2024-09-03
4020,Ricky Moore,cust4020_jacob36@hotmail.com,South John,Panama,2023-08-10
4021,David Williams,cust4021_tarafox@yahoo.com,West Charles,Guatemala,2025-09-13
4022,Karen Wilson,cust4022_jbrady@yahoo.com,North Danielport,Kyrgyz Republic,2023-05-11
4023,Steven Johnson,cust4023_jonathanryan@gmail.com,Larryview,Sweden,2024-11-19
4024,Tara Leon,cust4024_cpitts@gmail.com,Lake Connorfurt,Malaysia,2024-07-20
4025,Leslie Sullivan,cust4025_thomasbarber@gmail.com,Jeffreyborough,Aruba,2024-10-27
4026,Joshua Diaz,cust4026_sullivanrachel@gmail.com,Lake Lauraview,Ukraine,2024-07-21
4027,Michael Johnson,cust4027_juangould@hotmail.com,New Alison,Chile,2024-06-18
4028,John Baker,cust4028_zjohnson@hotmail.com,Robinsonchester,Syrian Arab Republic,2024-09-03
4029,Dennis Lee,cust4029_blackjames@gmail.com,New Joanna,Mali,2024-01-21
4030,Adriana Morgan,cust4030_aaronvillanueva@hotmail.com,West Ashley,Palau,2023-11-04
4031,Dustin Gutierrez,cust4031_jessicagonzalez@hotmail.com,Petersville,Costa Rica,2025-11-25
4032,Tammy Alvarez,cust4032_pamelamartin@yahoo.com,New Charlesstad,Ukraine,2024-05-07
4033,Kevin Diaz,cust4033_austinthompson@gmail.com,Tuckerchester,Austria,2023-04-27
4034,Dana Collins,cust4034_dmalone@yahoo.com,East Williamport,Netherlands Antilles,2026-05-13
4035,Kaitlyn Gutierrez DDS,cust4035_alyssa10@yahoo.com,East Brianachester,Liberia,2025-04-07
4036,Carrie Dixon,cust4036_seanschultz@hotmail.com,Rebeccashire,Czech Republic,2024-10-16
4037,Whitney Waters,cust4037_tammymcguire@yahoo.com,West Ronaldstad,Egypt,2023-10-14
4038,Danielle Schroeder,cust4038_johnlevy@gmail.com,South Garyport,Suriname,2023-02-22
4039,Annette Shelton,cust4039_ryan23@gmail.com,Jimeneztown,Bahrain,2025-10-15
4040,Diana Henry,cust4040_hilltonya@gmail.com,West Kennethville,Tuvalu,2024-08-28
4041,Amanda Hoffman,cust4041_janderson@yahoo.com,Williamfurt,Colombia,2024-06-15
4042,Jerry Lucas,cust4042_epark@gmail.com,Port Shannon,Ireland,2025-05-07
4043,Jason Chang,cust4043_danielle36@hotmail.com,South Michaelfort,French Guiana,2025-04-08
4044,Jason Dunn,cust4044_susanperry@hotmail.com,Lake John,Saint Vincent and the Grenadines,2025-03-06
4045,Jacqueline Norman,cust4045_michael57@yahoo.com,Kleinhaven,Guyana,2023-03-14
4046,Melissa Hill,cust4046_william61@hotmail.com,South Kelly,Mauritius,2026-04-09
4047,Stephanie Lee,cust4047_ijohnson@yahoo.com,Markburgh,Guernsey,2026-03-17
4048,Jean Bowman,cust4048_davidmendoza@hotmail.com,New Marvin,Namibia,2024-01-24
4049,Susan Gentry,cust4049_cummingssydney@yahoo.com,Clarkburgh,Namibia,2024-12-03
4050,Daniel Sparks,cust4050_torrestravis@gmail.com,South Cheryl,Swaziland,2024-03-31
4051,Alexandra Simon,cust4051_luis10@hotmail.com,Frankville,Nicaragua,2025-12-30
4052,Julia Hooper,cust4052_vcharles@hotmail.com,New Krystal,Philippines,2025-09-01
4053,Carl Torres,cust4053_ericabauer@hotmail.com,Hunterton,Bahrain,2025-01-04
4054,Jennifer West,cust4054_luis48@yahoo.com,Lake Eddie,Barbados,2025-11-04
4055,Melissa Estrada,cust4055_muellerphillip@yahoo.com,Timothyhaven,Saint Barthelemy,2024-09-06
4056,Tina Campbell,cust4056_armstrongadam@gmail.com,Reillyville,Ireland,2023-12-15
4057,Regina Hensley,cust4057_james17@yahoo.com,Smithburgh,French Polynesia,2026-02-17
4058,James Burke,cust4058_dixonkelly@gmail.com,Delacruzmouth,Greenland,2024-01-06
4059,Ryan Cox,cust4059_yfloyd@hotmail.com,West Kimberly,Cocos (Keeling) Islands,2024-08-24
4060,Jake Young,cust4060_lisacollins@hotmail.com,Chapmanfurt,Saint Kitts and Nevis,2023-07-19
4061,Michael Wyatt,cust4061_palmerkatherine@hotmail.com,West Danieltown,Congo,2025-08-22
4062,Daniel Torres,cust4062_ggreen@gmail.com,Martinezshire,Turkmenistan,2023-09-20
4063,Jerry Brown,cust4063_ericnewton@hotmail.com,North Caroline,Portugal,2024-06-13
4064,Daniel Ayers,cust4064_christophergonzalez@hotmail.com,Markmouth,New Caledonia,2026-02-18
4065,Amanda Williams,cust4065_matthewhughes@hotmail.com,Andersonbury,Azerbaijan,2024-01-10
4066,Daniel Barnes,cust4066_mboyer@yahoo.com,Lake Erinville,Solomon Islands,2024-11-18
4067,Brett Ross,cust4067_ywebb@yahoo.com,Lindaborough,Samoa,2023-07-02
4068,Tristan Nelson,cust4068_dmendoza@gmail.com,Ruizmouth,Slovakia (Slovak Republic),2024-03-31
4069,William Lamb,cust4069_monroekevin@yahoo.com,East Amandaview,United Arab Emirates,2024-12-28
4070,Justin Doyle,cust4070_nicholaschapman@yahoo.com,Stephaniebury,Peru,2024-04-02
4071,John Miranda,cust4071_mrandall@hotmail.com,Morrisontown,Maldives,2024-09-20
4072,Kelly Hall,cust4072_hatfieldkenneth@hotmail.com,West Breanna,Samoa,2025-05-11
4073,Lisa Bishop,cust4073_kristy47@yahoo.com,South Brian,Burundi,2024-11-09
4074,Dominic Barber,cust4074_ecastro@gmail.com,Johnnyburgh,Mexico,2025-01-31
4075,Taylor Bryant,cust4075_wigginsjohn@gmail.com,Patricktown,Dominican Republic,2024-06-17
4076,Christopher Hansen,cust4076_perezrobert@hotmail.com,Lake Rebeccaside,Pakistan,2026-04-14
4077,Kimberly Castillo,cust4077_macdonaldterry@gmail.com,East Barbaraborough,Taiwan,2024-08-25
4078,Lori Galloway,cust4078_cschmitt@hotmail.com,Holtport,Sierra Leone,2025-08-07
4079,Jennifer Sanchez,cust4079_estrickland@hotmail.com,Whitechester,Saint Martin,2023-08-30
4080,Preston Rose,cust4080_powelljesse@gmail.com,Clarkside,British Indian Ocean Territory (Chagos Archipelago),2025-08-21
4081,Todd Thomas,cust4081_randerson@hotmail.com,Turnerview,Iraq,2023-04-20
4082,Robert Hill,cust4082_xchavez@yahoo.com,South Kenneth,Zimbabwe,2026-04-10
4083,Ruth Church,cust4083_justin21@hotmail.com,Jameston,United Kingdom,2026-04-03
4084,Amanda Jones,cust4084_michellegilbert@yahoo.com,New Albert,Anguilla,2026-06-25
4085,Leah Carson,cust4085_john65@gmail.com,Cynthiafurt,Malta,2023-05-26
4086,Jason Williams,cust4086_burkenancy@gmail.com,Port Rebeccaberg,Sri Lanka,2025-08-25
4087,Travis Stafford,cust4087_reillydana@yahoo.com,Heatherberg,Kyrgyz Republic,2024-02-03
4088,Jason Singleton,cust4088_timothyolsen@hotmail.com,Port John,Dominican Republic,2025-10-21
4089,Jessica Skinner,cust4089_rebecca01@hotmail.com,Jonathanmouth,Kiribati,2023-09-03
4090,James Perry,cust4090_nicolerandall@hotmail.com,Brianchester,Finland,2025-02-20
4091,Daniel Nichols,cust4091_fieldssharon@yahoo.com,Lake Henry,Ireland,2025-12-21
4092,Charles Scott,cust4092_xwood@yahoo.com,Adkinsberg,Svalbard & Jan Mayen Islands,2024-09-03
4093,Amy Hodges,cust4093_joan67@hotmail.com,South Jorge,Peru,2025-04-26
4094,Shane Harding,cust4094_janicedixon@hotmail.com,West Erinmouth,Croatia,2023-04-21
4095,Robert Baker,cust4095_matthewespinoza@yahoo.com,Port Tricia,Paraguay,2023-11-05
4096,Renee Lucas,cust4096_gsteele@gmail.com,Port Susan,Madagascar,2023-10-09
4097,Michael Pope,cust4097_sanchezkathy@gmail.com,Chambersland,Macao,2024-02-15
4098,Emily Brooks,cust4098_elizabethwilliams@yahoo.com,Kaylachester,Rwanda,2024-12-02
4099,Carlos Morales,cust4099_stanleydeanna@gmail.com,New Staceystad,Sierra Leone,2025-04-18
4100,Colleen Gonzales,cust4100_john03@gmail.com,Amandafurt,Georgia,2026-03-12
4101,Phillip Patton,cust4101_patricia28@gmail.com,Jonathantown,Bahamas,2025-07-26
4102,Carmen Bartlett,cust4102_danielkelly@gmail.com,Castrobury,American Samoa,2023-10-21
4103,Gloria Lopez,cust4103_sweeneyjohn@yahoo.com,East Julie,Cayman Islands,2024-10-09
4104,Brenda English,cust4104_kayla55@hotmail.com,Fuenteshaven,Gabon,2024-01-05
4105,Jacqueline Hogan,cust4105_opayne@gmail.com,New Beverly,French Guiana,2023-06-15
4106,Allen Fleming,cust4106_maddoxwilliam@yahoo.com,Paynehaven,Uruguay,2025-09-25
4107,Spencer Bentley,cust4107_sheltonariel@yahoo.com,Lake Misty,Malawi,2024-11-12
4108,Jeremy Gonzalez,cust4108_hoffmananna@yahoo.com,Richardtown,Syrian Arab Republic,2023-12-29
4109,Eduardo Booth,cust4109_elizabethshelton@yahoo.com,Smithborough,United States Minor Outlying Islands,2024-10-03
4110,Brett Ferguson,cust4110_ckelly@yahoo.com,Port Bethanyton,Papua New Guinea,2023-04-29
4111,John Mercado,cust4111_brandonmorales@hotmail.com,South Tinaborough,Mozambique,2023-01-10
4112,James Green,cust4112_timothy73@hotmail.com,North Edward,Norfolk Island,2025-07-14
4113,Samantha Maxwell,cust4113_flemingjoe@gmail.com,Millerside,Palau,2024-07-14
4114,Megan Martinez,cust4114_briangonzalez@yahoo.com,Browningland,Saint Pierre and Miquelon,2024-03-04
4115,Robert King,cust4115_patriciamiller@hotmail.com,Perrychester,Falkland Islands (Malvinas),2023-12-12
4116,Dr. John Berry,cust4116_ian56@yahoo.com,Lake Jasmine,Mayotte,2026-03-26
4117,Troy Santana,cust4117_alexandersmith@hotmail.com,Millerhaven,Cyprus,2023-11-21
4118,Gary Hays,cust4118_brownstephanie@yahoo.com,Port Joannafurt,Rwanda,2025-09-29
4119,Christine Johnson,cust4119_sjohnson@gmail.com,North Raymond,Burundi,2023-06-30
4120,Samuel Turner,cust4120_valerie71@gmail.com,Williamsfurt,Bahamas,2023-09-23
4121,Tyler Young,cust4121_nrice@gmail.com,West Davidville,Armenia,2026-06-12
4122,Christopher Franklin,cust4122_thomas80@hotmail.com,Lake Codyton,Saint Pierre and Miquelon,2025-06-07
4123,James Marshall,cust4123_isingh@hotmail.com,Shawnstad,Korea,2025-05-29
4124,Stacey Shaffer,cust4124_raymondmurray@hotmail.com,Cynthiaview,Seychelles,2025-04-06
4125,Larry Miller DVM,cust4125_juliadavid@hotmail.com,Amberfurt,Germany,2025-05-28
4126,Randy Medina,cust4126_leslie33@yahoo.com,North Joseph,Svalbard & Jan Mayen Islands,2025-09-04
4127,Allison Ford,cust4127_smitheric@yahoo.com,Matthewmouth,Guatemala,2025-02-24
4128,Michael Jensen,cust4128_kristy16@gmail.com,West Christopher,Latvia,2023-01-10
4129,Brenda Andersen,cust4129_briancameron@yahoo.com,North Thomas,China,2023-03-19
4130,Dr. Melinda Glenn,cust4130_pattonkaitlyn@yahoo.com,New Pamelahaven,Rwanda,2025-12-29
4131,Michael Rodriguez,cust4131_wayne44@hotmail.com,North Raymond,Ghana,2024-02-13
4132,Peggy Livingston,cust4132_christopheranderson@gmail.com,Blacktown,Mongolia,2025-02-03
4133,Anna Riggs,cust4133_bkidd@gmail.com,Davidmouth,Canada,2023-01-29
4134,Karen Clayton,cust4134_awilson@yahoo.com,South Amandahaven,Oman,2024-10-21
4135,Jason Rojas,cust4135_craig73@yahoo.com,Ronaldshire,Grenada,2025-12-23
4136,John Rowland,cust4136_gerald77@yahoo.com,Lovebury,Pitcairn Islands,2024-01-26
4137,Jacqueline Hughes,cust4137_ujohnson@gmail.com,Lake Timothy,Switzerland,2023-02-06
4138,Derek Ramsey,cust4138_jennifer07@hotmail.com,West Dawnville,Niger,2023-01-09
4139,Jamie Contreras,cust4139_donaldbrown@yahoo.com,Bartlettberg,Guadeloupe,2024-05-24
4140,Jennifer Miles,cust4140_danielle95@hotmail.com,East Linda,Madagascar,2024-04-08
4141,Anna Martinez,cust4141_hamiltonamy@hotmail.com,West Jenniferchester,Indonesia,2024-12-06
4142,Ronald Kerr,cust4142_wallerbarbara@gmail.com,Shellyhaven,Cuba,2024-10-01
4143,Curtis Cabrera,cust4143_rickmorris@hotmail.com,Lake Wendyhaven,Luxembourg,2023-09-22
4144,Mark Todd,cust4144_justinthomas@hotmail.com,Clintonchester,Kyrgyz Republic,2023-07-30
4145,Brandon Herrera,cust4145_john96@yahoo.com,Turnerborough,Burundi,2025-02-24
4146,David Turner,cust4146_ujohnson@hotmail.com,New Melinda,Bosnia and Herzegovina,2025-10-27
4147,Christopher Mckinney,cust4147_hawkinsmichael@hotmail.com,South Donald,Lesotho,2026-04-20
4148,Courtney Hensley,cust4148_matthewdavis@hotmail.com,Longfurt,Czech Republic,2024-09-18
4149,David Garcia,cust4149_vvillegas@yahoo.com,Samanthamouth,Jamaica,2023-12-09
4150,Christopher Hammond,cust4150_richard96@hotmail.com,Shelbyville,Isle of Man,2023-05-14
4151,Andrea Wood,cust4151_xgarcia@hotmail.com,Lake Angela,Greece,2023-04-04
4152,Jesse Joseph,cust4152_adrian05@yahoo.com,Feliciahaven,Zimbabwe,2024-09-02
4153,Jason Edwards,cust4153_hholmes@gmail.com,North Harold,Jordan,2024-08-18
4154,Joseph Young,cust4154_catherine82@hotmail.com,West Michael,France,2025-07-22
4155,Regina Weaver,cust4155_hughesalexis@gmail.com,Lindsayport,Botswana,2025-12-01
4156,Dr. Harry Russell,cust4156_corey91@gmail.com,West Emilymouth,Tonga,2026-05-06
4157,Martin Becker,cust4157_sotomaria@hotmail.com,Port Lawrence,El Salvador,2025-12-09
4158,William Mckinney,cust4158_taylorthomas@gmail.com,Pettyville,United States Virgin Islands,2024-11-22
4159,Matthew Cowan,cust4159_mariaguzman@hotmail.com,Lake Shannonview,Libyan Arab Jamahiriya,2025-06-07
4160,Terri Smith,cust4160_sandovalanthony@hotmail.com,East Ashlee,Aruba,2023-10-02
4161,Deborah Davis,cust4161_vnguyen@yahoo.com,East Heatherbury,Kyrgyz Republic,2024-12-02
4162,Frank Underwood,cust4162_angela28@gmail.com,East Andrea,Hungary,2025-09-30
4163,Christopher Gutierrez,cust4163_spencermichael@hotmail.com,Lake Mistyhaven,Seychelles,2025-01-05
4164,Alexis Hale,cust4164_smithsarah@yahoo.com,New Teresa,Tonga,2024-01-21
4165,Karen Martin,cust4165_brentcampos@gmail.com,South Chadside,Bahrain,2023-12-04
4166,Jessica Rojas,cust4166_jamiezimmerman@yahoo.com,Duffyfurt,Chad,2025-04-06
4167,Derrick Bailey,cust4167_cantrellvictoria@gmail.com,Smithberg,Korea,2023-02-09
4168,Lisa Jackson,cust4168_melinda28@yahoo.com,West Amanda,Timor-Leste,2024-04-12
4169,Kevin Warner,cust4169_lgonzalez@hotmail.com,Newmanview,Nicaragua,2024-04-04
4170,Lee Brown,cust4170_kelseyfrancis@gmail.com,Michaelhaven,Madagascar,2023-09-26
4171,Ryan Hernandez,cust4171_josepena@hotmail.com,South Christophertown,Guernsey,2024-03-08
4172,Thomas Freeman,cust4172_andrewfields@hotmail.com,Millershire,Netherlands Antilles,2023-02-14
4173,Amy Clarke,cust4173_caleb79@yahoo.com,Lake Bobby,Kyrgyz Republic,2026-04-22
4174,Sydney Gilbert,cust4174_hillmelissa@hotmail.com,Port Chadville,Lebanon,2025-10-30
4175,Kayla Rogers,cust4175_amanda74@hotmail.com,Bradton,Morocco,2023-12-13
4176,Jennifer Tran,cust4176_ireed@gmail.com,Douglastown,Switzerland,2023-09-10
4177,Mark Johnson,cust4177_fpham@hotmail.com,Mitchellborough,Serbia,2025-01-20
4178,Wendy Griffin,cust4178_dianejensen@yahoo.com,Virginiastad,Tunisia,2023-03-18
4179,Kathryn Park,cust4179_roger90@gmail.com,West Heatherside,Bouvet Island (Bouvetoya),2025-02-07
4180,Daniel Vincent,cust4180_jane49@hotmail.com,Kristenton,Albania,2024-06-07
4181,Thomas Wilson,cust4181_longdebra@gmail.com,Heatherchester,Australia,2025-12-31
4182,Heather Nixon,cust4182_smerritt@hotmail.com,Washingtonmouth,Hungary,2026-06-30
4183,Steven Brown,cust4183_mathewanderson@hotmail.com,New Codyton,Argentina,2023-04-10
4184,Sandra Wright,cust4184_xparker@hotmail.com,New Alexisview,Tuvalu,2026-05-01
4185,Amber Moore,cust4185_alexisnorman@hotmail.com,Hutchinsonmouth,Egypt,2023-04-09
4186,Richard Reynolds,cust4186_sarahsweeney@yahoo.com,Susanstad,Saint Lucia,2023-08-10
4187,Charles Hicks,cust4187_shelley85@gmail.com,Gillview,Macao,2023-02-10
4188,Christopher Morales,cust4188_crodriguez@gmail.com,East Matthewview,Iraq,2023-04-09
4189,Gina Wright,cust4189_sean85@gmail.com,Cynthiahaven,France,2023-08-26
4190,Aaron Meyers,cust4190_nathan56@gmail.com,South Billy,Netherlands,2025-05-03
4191,Mariah Farrell,cust4191_garzadeborah@gmail.com,Foleystad,Palau,2025-06-28
4192,Erika Ramirez,cust4192_baileycrosby@hotmail.com,East Nicole,Oman,2025-02-17
4193,Billy Contreras,cust4193_dboone@hotmail.com,North Aprilville,Rwanda,2023-09-11
4194,Jessica Bowers,cust4194_shelley36@gmail.com,Amytown,Tonga,2026-01-25
4195,Evelyn Moore,cust4195_cooleyjeffrey@yahoo.com,Thomasborough,North Macedonia,2024-06-01
4196,John Terry,cust4196_jenniferbutler@yahoo.com,Lake Sandrafort,Sri Lanka,2025-08-29
4197,Eric Acosta,cust4197_fernandezjaime@hotmail.com,Waltersburgh,Saint Kitts and Nevis,2023-11-10
4198,Michael Hood,cust4198_bowmananthony@yahoo.com,Lake Calvin,Italy,2024-02-25
4199,Fernando Singleton,cust4199_bryan84@yahoo.com,Amandamouth,Jamaica,2023-01-20
4200,Jacqueline Pitts,cust4200_bowmanrobert@gmail.com,North Tyler,Dominican Republic,2024-09-08
4201,Daniel Harrington,cust4201_michaelsellers@gmail.com,Lake Joel,Samoa,2025-05-11
4202,Erin Love MD,cust4202_heather02@yahoo.com,Luisfort,Belarus,2023-07-26
4203,Pamela Chaney,cust4203_nnelson@yahoo.com,Port Justinberg,Malaysia,2025-12-01
4204,Christina Simpson,cust4204_moorecory@yahoo.com,East Alicialand,Aruba,2024-07-06
4205,April Welch,cust4205_shughes@yahoo.com,East Joshua,Israel,2026-06-29
4206,Matthew Levy,cust4206_nwaller@gmail.com,Raymondland,Russian Federation,2026-05-25
4207,Christopher Ballard,cust4207_kjohnson@yahoo.com,North Michael,Saint Helena,2023-10-08
4208,Debra Bowman,cust4208_staceydickerson@gmail.com,Andersonborough,Paraguay,2025-05-07
4209,Jordan Williams,cust4209_amanda26@gmail.com,Port Jennifer,Ecuador,2023-08-03
4210,Matthew Hernandez,cust4210_jonathansnow@hotmail.com,Leahbury,Aruba,2025-11-13
4211,Stephanie Ali,cust4211_chloesmith@yahoo.com,South Michael,North Macedonia,2026-06-19
4212,Derek Hunter,cust4212_waltonrobert@hotmail.com,East Matthew,Zambia,2023-08-30
4213,David Wood,cust4213_foxeric@yahoo.com,New Anne,Kazakhstan,2024-08-01
4214,Richard Riley,cust4214_williamsmichael@yahoo.com,Dawsonborough,Sweden,2023-08-22
4215,Christina Warren,cust4215_vhanson@gmail.com,Sototown,Morocco,2023-08-06
4216,Alexandra King,cust4216_anthony75@gmail.com,Robertfurt,Guatemala,2025-10-16
4217,Kelli Hubbard,cust4217_brewermarcus@yahoo.com,Grimesberg,Central African Republic,2024-02-11
4218,Dylan Williams,cust4218_andrewross@hotmail.com,New Danielton,Sweden,2026-06-01
4219,Justin Massey,cust4219_stevensonjohn@gmail.com,Brittanyland,Tanzania,2024-02-14
4220,Nathan Whitaker,cust4220_amyrodriguez@gmail.com,East Angela,Philippines,2024-06-22
4221,Valerie Martinez,cust4221_baldwindavid@yahoo.com,Kennethberg,Eritrea,2025-12-07
4222,Brooke Mitchell,cust4222_hernandezheather@hotmail.com,North Anthonyborough,Bulgaria,2024-02-18
4223,Todd Jackson,cust4223_josephyoung@gmail.com,Bradleybury,Grenada,2025-01-03
4224,Christopher Morris,cust4224_fwilson@yahoo.com,New Juan,Saint Pierre and Miquelon,2025-04-19
4225,Denise Moss,cust4225_xmitchell@hotmail.com,Ellisstad,Cuba,2024-08-27
4226,Taylor Smith,cust4226_aaronmarshall@hotmail.com,South Johnbury,Honduras,2023-11-25
4227,John Lopez,cust4227_griffithmatthew@yahoo.com,South Casey,Samoa,2023-03-22
4228,Phyllis Patterson,cust4228_kellycain@hotmail.com,Zimmermanmouth,Congo,2026-01-27
4229,Natalie Vazquez,cust4229_staceymoore@yahoo.com,Martinburgh,Chad,2025-10-13
4230,Christopher Moreno,cust4230_jamesle@gmail.com,New Sheila,Greece,2024-03-01
4231,Christopher Morgan,cust4231_cruztodd@gmail.com,Samanthaton,Turkey,2025-09-11
4232,Anne Ramirez,cust4232_jacksonmatthew@gmail.com,New Vanessa,El Salvador,2024-11-08
4233,Jasmine Leonard,cust4233_barbaraperez@hotmail.com,Austinchester,United States of America,2024-04-25
4234,Vincent Holt,cust4234_dawnstevens@gmail.com,Sandramouth,Micronesia,2023-01-06
4235,Monica Hickman,cust4235_jaredboyd@hotmail.com,Kristinland,Saint Martin,2023-01-27
4236,Tammy Smith,cust4236_kathrynriley@hotmail.com,Matthewfort,Guyana,2023-07-02
4237,Amy Lyons,cust4237_michaelstout@gmail.com,East Joyce,Pitcairn Islands,2023-08-15
4238,Aaron Smith,cust4238_esawyer@hotmail.com,Morrisonport,Macao,2026-03-21
4239,Jennifer Bryant,cust4239_wball@yahoo.com,Lake Christine,Ethiopia,2025-10-08
4240,Natalie Finley,cust4240_cbooth@hotmail.com,Duncanberg,Kuwait,2023-11-02
4241,Sharon Guerrero,cust4241_masonanderson@hotmail.com,Leahview,Uganda,2023-07-04
4242,Rebecca Reese,cust4242_mcclainmorgan@yahoo.com,Thompsonport,Barbados,2025-11-13
4243,Matthew Griffin,cust4243_hartmansarah@yahoo.com,Lake Lawrencefurt,Gabon,2023-06-03
4244,Mr. Jeff Adams,cust4244_megan53@hotmail.com,North Russell,Faroe Islands,2023-07-27
4245,Morgan Taylor,cust4245_swalters@gmail.com,Mirandaborough,Lesotho,2024-06-08
4246,Chase Wilkinson,cust4246_james10@hotmail.com,West Emmachester,Martinique,2024-04-18
4247,Thomas Harvey,cust4247_john12@gmail.com,Frankfurt,Falkland Islands (Malvinas),2025-07-24
4248,Diane Dunn,cust4248_grahamdebra@hotmail.com,Robertsburgh,Madagascar,2024-08-29
4249,Timothy Hall,cust4249_vmcgrath@gmail.com,Warrenton,Saint Martin,2024-06-24
4250,Andrew Taylor,cust4250_alexandra05@yahoo.com,Sherriville,Bouvet Island (Bouvetoya),2025-08-08
4251,Karen Moran,cust4251_johnsonjonathan@gmail.com,Lake Tanyaton,Kazakhstan,2023-04-13
4252,Corey Jones,cust4252_samantha20@yahoo.com,North Jennifer,Israel,2023-07-24
4253,Stephen Miller,cust4253_brownbilly@yahoo.com,North Anthony,Guernsey,2023-12-24
4254,Adam Davis,cust4254_cdunn@yahoo.com,Smithchester,Kenya,2023-03-22
4255,Heather Wilson,cust4255_bakerjeremy@gmail.com,Richardshire,Guernsey,2024-08-18
4256,Nathan Velazquez,cust4256_jwilliams@gmail.com,Kimberlyside,Iceland,2025-01-07
4257,Vincent Martinez,cust4257_solomonryan@hotmail.com,Mathisview,Cote d'Ivoire,2024-10-02
4258,Lisa Baker,cust4258_longdeborah@yahoo.com,Alexview,Zimbabwe,2025-05-22
4259,Kathleen Valentine,cust4259_jason07@gmail.com,Mosleyburgh,Cameroon,2023-08-26
4260,Charles Gross,cust4260_manuel24@gmail.com,Ballton,Saint Vincent and the Grenadines,2023-07-14
4261,Megan Anderson,cust4261_lisarussell@gmail.com,New Jillshire,Dominica,2023-04-04
4262,Sandra Garza,cust4262_raymondjanet@yahoo.com,North Lisahaven,Brazil,2023-01-20
4263,Nathan Weber,cust4263_mcknightbrenda@hotmail.com,New Abigail,Togo,2023-10-11
4264,Morgan Rogers,cust4264_cindy54@hotmail.com,West Jasmine,Swaziland,2023-12-16
4265,Jared Green,cust4265_timothypatel@hotmail.com,Garrettfurt,Tajikistan,2024-11-04
4266,Donald Brown,cust4266_johnsonchad@gmail.com,Lake Natalie,Cameroon,2025-01-02
4267,Chelsea Fitzgerald,cust4267_nruiz@hotmail.com,Lake Paul,Kuwait,2025-06-15
4268,Alexandra Smith,cust4268_johnbrown@hotmail.com,Lake Michael,Saint Barthelemy,2026-06-27
4269,Stacey Lee,cust4269_holdershawn@gmail.com,New Henrybury,Somalia,2024-07-03
4270,Bradley Page,cust4270_allengriffin@gmail.com,Jessicaberg,Hong Kong,2023-07-10
4271,Shelly Brown,cust4271_btapia@gmail.com,Port Tamaraside,Faroe Islands,2025-02-02
4272,David Johnson,cust4272_dominiquepowers@yahoo.com,Villanuevaborough,Saudi Arabia,2024-12-02
4273,Raymond Butler,cust4273_jefferyaguilar@hotmail.com,Bradleyfurt,Reunion,2024-01-10
4274,Zachary Patterson,cust4274_michael80@hotmail.com,West Marieton,Philippines,2023-08-22
4275,Kimberly Williams,cust4275_michaelholt@hotmail.com,West Tonyastad,Uganda,2025-03-31
4276,Edward Marsh,cust4276_kimberly24@gmail.com,Joneston,Holy See (Vatican City State),2025-03-30
4277,Christopher Reid,cust4277_alexanderchristopher@gmail.com,Lake Rachelport,New Zealand,2025-07-23
4278,Christine Snyder,cust4278_chelsea32@gmail.com,Ramosshire,Syrian Arab Republic,2024-07-10
4279,Anna Wilson,cust4279_vgraham@yahoo.com,Lake Wendyton,Fiji,2025-02-28
4280,Johnny May,cust4280_joangarcia@yahoo.com,Deannaberg,Uganda,2025-09-06
4281,Frank Moran,cust4281_madelinelong@gmail.com,East Rogerport,Moldova,2025-05-13
4282,Samuel Khan,cust4282_nlynn@yahoo.com,West Johnfort,Finland,2023-12-08
4283,Timothy Crawford,cust4283_jacksonstephen@gmail.com,East Travisland,Togo,2023-08-20
4284,Aaron Walters,cust4284_shawmelanie@yahoo.com,Port Kaylatown,Nepal,2023-09-29
4285,Allison Marshall,cust4285_ipadilla@yahoo.com,South Raymondshire,Andorra,2023-05-01
4286,Mr. Erik Huang Jr.,cust4286_kristenroberts@hotmail.com,Robbinschester,Oman,2023-11-23
4287,Michael Galloway,cust4287_ganderson@gmail.com,Josephton,Chile,2023-08-01
4288,Alicia Sweeney,cust4288_melissa65@hotmail.com,Brendaland,Russian Federation,2025-05-02
4289,Emily Weaver,cust4289_nleach@hotmail.com,Port James,Myanmar,2026-04-24
4290,Donald Lee,cust4290_patelgregory@hotmail.com,Angelachester,Belize,2025-09-15
4291,Elizabeth Scott,cust4291_elizabethtate@gmail.com,Wiseton,Niger,2026-03-11
4292,Amy Murphy,cust4292_jeffrey79@yahoo.com,Longborough,Bosnia and Herzegovina,2025-06-16
4293,Claudia Scott,cust4293_smithjustin@hotmail.com,Lake Tony,Vietnam,2024-01-07
4294,Brooke Harris,cust4294_qramsey@gmail.com,Chadburgh,Bouvet Island (Bouvetoya),2026-06-05
4295,Jessica Powell,cust4295_hooversarah@yahoo.com,North Andrewchester,Tunisia,2025-02-16
4296,Stephen Griffin,cust4296_janiceanderson@yahoo.com,Wardberg,Saudi Arabia,2025-01-04
4297,Kristin Rivera,cust4297_burtonkevin@yahoo.com,Andrewbury,Turkmenistan,2026-06-06
4298,Jennifer Rose,cust4298_juliebennett@yahoo.com,New Davidview,French Polynesia,2023-03-01
4299,Jeanne Williams,cust4299_oleon@gmail.com,Port Chase,Panama,2023-09-25
4300,Alison Smith,cust4300_williamsonlaura@hotmail.com,Blacktown,Belarus,2025-09-16
4301,Jose Hubbard,cust4301_rhondaallen@yahoo.com,Chadhaven,Canada,2025-09-26
4302,Maria King,cust4302_karen83@gmail.com,Castroville,Gabon,2023-08-20
4303,Nicole Erickson,cust4303_nicolejohnson@yahoo.com,New Megan,Aruba,2025-04-22
4304,Linda Mckenzie,cust4304_santosleah@yahoo.com,Westmouth,Grenada,2025-06-21
4305,Richard Lee,cust4305_timothy60@hotmail.com,South Michele,Cote d'Ivoire,2023-04-05
4306,James Adams,cust4306_thomas15@gmail.com,Navarroberg,Nicaragua,2023-05-10
4307,Jason Brown,cust4307_william24@hotmail.com,South Kevin,Guam,2024-06-19
4308,Joseph Dominguez,cust4308_julie73@gmail.com,Jonesfurt,Antarctica (the territory South of 60 deg S),2024-10-05
4309,Michael Cannon,cust4309_uparker@gmail.com,Port Jessicaberg,Greece,2023-01-26
4310,Jorge Harris,cust4310_sara62@yahoo.com,Lake Lindsay,Moldova,2025-12-10
4311,John Murphy,cust4311_andersonkenneth@yahoo.com,West Melvinborough,Korea,2026-03-26
4312,Shawn Chan,cust4312_robertkelly@hotmail.com,Maynardburgh,Montenegro,2026-03-03
4313,Michael Mendoza,cust4313_xwhite@yahoo.com,Emilyview,American Samoa,2024-04-03
4314,Eric Walters,cust4314_cassidyward@yahoo.com,Joelport,Niue,2024-11-23
4315,Catherine Williams,cust4315_samuel54@yahoo.com,Glennstad,Madagascar,2025-11-29
4316,Melissa Bishop,cust4316_jonesanna@hotmail.com,Cruzburgh,Syrian Arab Republic,2025-12-07
4317,Dominic Allen,cust4317_rebecca28@yahoo.com,Port Nancyhaven,Djibouti,2026-06-20
4318,William Osborne,cust4318_angelmorrow@hotmail.com,Roachbury,Mexico,2023-07-15
4319,Devin Boone,cust4319_bruce94@hotmail.com,West Hollyhaven,Malta,2025-06-05
4320,Nathaniel Burton,cust4320_ryanshannon@gmail.com,Sharonburgh,Libyan Arab Jamahiriya,2024-05-24
4321,Jeffrey Marshall,cust4321_bellandrea@gmail.com,Caseyside,Belize,2025-09-13
4322,Jason Combs,cust4322_vmoore@yahoo.com,South Sarah,Tanzania,2024-12-09
4323,Patrick Sharp,cust4323_bryansmith@hotmail.com,North Ashley,Tajikistan,2025-02-27
4324,Jeffery Camacho,cust4324_colemanlance@hotmail.com,Williamsonside,Mali,2023-11-01
4325,Maria Reynolds,cust4325_vjackson@gmail.com,East Larry,Montenegro,2026-02-17
4326,Lorraine Martinez,cust4326_jsullivan@yahoo.com,Williamsmouth,Bosnia and Herzegovina,2026-06-09
4327,Jeremy Little,cust4327_steve25@yahoo.com,Heatherborough,Zimbabwe,2023-04-22
4328,Christian Shaw,cust4328_gloverjaime@gmail.com,Port Scott,El Salvador,2023-01-24
4329,Carl Mitchell,cust4329_maynardmichael@yahoo.com,Port Henry,Bahrain,2023-11-18
4330,Samantha Cook,cust4330_mdavis@gmail.com,Carsonchester,Korea,2025-11-01
4331,Jeffery Contreras,cust4331_margaretwilson@gmail.com,Wintersport,Germany,2025-08-19
4332,Craig Ross,cust4332_evan50@gmail.com,Johnburgh,Suriname,2025-10-12
4333,Amanda Martin,cust4333_helen75@hotmail.com,West Bethstad,Thailand,2023-12-05
4334,Sarah Cole,cust4334_halljacqueline@yahoo.com,West Royberg,Heard Island and McDonald Islands,2023-06-03
4335,Chelsea Jones,cust4335_laurie35@yahoo.com,Paulborough,Solomon Islands,2025-10-03
4336,John Dixon,cust4336_samuelhamilton@yahoo.com,Tonyaport,Saint Helena,2024-10-18
4337,Kevin Walter,cust4337_stanleysarah@gmail.com,Port Robert,Kiribati,2024-05-08
4338,Kristy Schultz,cust4338_yhoover@gmail.com,Donaldshire,French Polynesia,2024-11-08
4339,Leonard Taylor,cust4339_davismaria@yahoo.com,Bakerborough,Norway,2024-07-23
4340,Lydia Williams,cust4340_kweaver@gmail.com,New Timothy,Tunisia,2023-04-14
4341,Charles Smith,cust4341_jennifergilbert@gmail.com,North Migueltown,Slovakia (Slovak Republic),2025-11-04
4342,Phyllis Bray,cust4342_shelby76@gmail.com,Hansenton,Saint Kitts and Nevis,2024-04-01
4343,Jasmine Johnson,cust4343_benjaminluna@gmail.com,Port Teresaview,Trinidad and Tobago,2026-02-01
4344,Alan Lara,cust4344_davidbooth@yahoo.com,East Robert,United States Virgin Islands,2025-02-14
4345,Dennis Lopez,cust4345_wilsonvalerie@yahoo.com,Christineberg,Morocco,2025-04-05
4346,Michael Larson,cust4346_carlsonmegan@hotmail.com,New Michellebury,Hong Kong,2024-04-26
4347,John Butler,cust4347_andrewrandall@yahoo.com,Amberborough,Solomon Islands,2023-06-11
4348,Steven Branch,cust4348_fisherapril@gmail.com,West Patriciaborough,Saint Vincent and the Grenadines,2025-07-29
4349,Marcus Carter,cust4349_michael34@hotmail.com,Clarkton,Afghanistan,2025-06-28
4350,Jennifer Bautista,cust4350_james30@yahoo.com,East Laura,Guatemala,2026-03-19
4351,Natasha Ho,cust4351_linkevin@hotmail.com,Williamschester,Falkland Islands (Malvinas),2025-07-06
4352,Meredith Morris,cust4352_vegaashley@gmail.com,Lake Justin,Tajikistan,2023-06-30
4353,Phillip Stafford,cust4353_cory93@yahoo.com,New Corey,Afghanistan,2025-10-17
4354,Mathew Riley,cust4354_zolsen@yahoo.com,Mcdanielstad,Cape Verde,2025-07-04
4355,Jordan Wall,cust4355_tschmidt@gmail.com,Heatherborough,New Caledonia,2024-10-09
4356,Kevin Johnson,cust4356_markbuck@hotmail.com,Timothyborough,New Caledonia,2023-09-01
4357,Toni Williams,cust4357_cjohnson@yahoo.com,Port Christopher,Austria,2025-10-15
4358,Juan Peters,cust4358_april30@yahoo.com,Abigailside,Belarus,2023-02-06
4359,Dawn Johnson,cust4359_heather14@gmail.com,Brianland,Micronesia,2023-07-30
4360,Michael Mckinney,cust4360_snyderarthur@gmail.com,Xavierstad,Gabon,2025-04-06
4361,Ashley Jefferson,cust4361_evelynortega@hotmail.com,North Nancyshire,Finland,2025-04-24
4362,Carol Murphy,cust4362_hollycruz@yahoo.com,Ryanview,Ethiopia,2023-03-15
4363,Christopher Woodward,cust4363_dbrown@hotmail.com,Lake David,Grenada,2026-02-15
4364,David Crawford,cust4364_grodriguez@yahoo.com,East John,Romania,2026-01-29
4365,Jared Cooper,cust4365_sarahjenkins@gmail.com,North Paul,Solomon Islands,2023-01-01
4366,Miguel Evans,cust4366_rangelmegan@gmail.com,North Calebborough,Cyprus,2023-07-06
4367,Allison Barnes,cust4367_xrogers@hotmail.com,Santosbury,Colombia,2026-05-22
4368,Nicholas Lindsey,cust4368_paulparker@yahoo.com,West Juan,Uganda,2026-06-21
4369,Robert Johnson,cust4369_mbaker@hotmail.com,West Tinahaven,Peru,2024-09-15
4370,Monica Osborne MD,cust4370_adrian42@hotmail.com,South Amyfurt,Cape Verde,2025-11-07
4371,Jeremy White,cust4371_gravestracy@yahoo.com,Stephanieville,Zimbabwe,2026-02-25
4372,Todd Aguilar,cust4372_joyce98@hotmail.com,West Matthewland,Micronesia,2024-02-28
4373,Hunter Villegas,cust4373_gary64@gmail.com,Donaldville,Liberia,2025-07-23
4374,Juan Thomas,cust4374_qhowe@gmail.com,Lake Fernandoberg,Niger,2024-11-29
4375,Timothy Zhang,cust4375_gedwards@hotmail.com,Lake Jose,Antigua and Barbuda,2025-01-14
4376,George Henry,cust4376_huertajohn@yahoo.com,Susanfurt,Burundi,2023-04-22
4377,Crystal Robinson,cust4377_juanjones@gmail.com,North Danielland,Finland,2024-04-01
4378,Ross Lopez,cust4378_john78@hotmail.com,Port Nathanberg,Saint Vincent and the Grenadines,2025-07-19
4379,John Wells,cust4379_ronaldyang@hotmail.com,Rossfort,New Zealand,2024-11-10
4380,Tracy Zuniga,cust4380_michaelpowers@yahoo.com,Christianborough,Guernsey,2026-02-21
4381,Jerome Hamilton,cust4381_christine67@gmail.com,Mannborough,Cuba,2026-06-23
4382,Katie Dougherty,cust4382_gwilson@hotmail.com,Victorton,Palestinian Territory,2026-05-13
4383,Heather White,cust4383_davisdouglas@yahoo.com,Lake Julianberg,Zimbabwe,2025-08-26
4384,Tara Hardy,cust4384_deborahbrowning@gmail.com,Port Kevinborough,Bouvet Island (Bouvetoya),2025-01-14
4385,William Jones,cust4385_nrodgers@hotmail.com,Parkerport,United States Minor Outlying Islands,2025-07-15
4386,Lauren Williams,cust4386_rodriguezwendy@hotmail.com,Priscillaville,British Indian Ocean Territory (Chagos Archipelago),2023-08-22
4387,Joshua Chavez,cust4387_brandimcintyre@yahoo.com,West Deborahhaven,Iran,2023-07-19
4388,James Anderson,cust4388_uberg@yahoo.com,Lauraside,Saint Helena,2024-03-30
4389,Michelle Yang,cust4389_seanburnett@yahoo.com,Reedtown,Maldives,2023-01-05
4390,Heather Benson,cust4390_jonestheresa@yahoo.com,Crystalview,Australia,2024-11-30
4391,Nicholas Bryan,cust4391_george43@yahoo.com,South Peter,Zimbabwe,2024-12-28
4392,Eric Campos,cust4392_iwilson@hotmail.com,South Carlosburgh,Saint Vincent and the Grenadines,2024-08-20
4393,Jeremiah Robinson PhD,cust4393_aroberts@yahoo.com,Nicholasberg,Kyrgyz Republic,2026-01-26
4394,Melissa Allen,cust4394_davidsonmaria@hotmail.com,West Robertmouth,Timor-Leste,2025-12-05
4395,Robert Moody,cust4395_courtney55@hotmail.com,Harpertown,Saint Kitts and Nevis,2025-02-04
4396,Richard Brown,cust4396_tmay@hotmail.com,Matthewborough,Anguilla,2023-08-06
4397,Andrea Gonzalez PhD,cust4397_damon72@yahoo.com,North Danielle,Morocco,2023-04-04
4398,Heather West,cust4398_jonathanrichardson@yahoo.com,West Melissa,Bosnia and Herzegovina,2023-12-03
4399,Mr. Joseph Jordan Jr.,cust4399_jparker@hotmail.com,Jasonport,Cape Verde,2025-10-05
4400,Brandy Moore,cust4400_davidhill@gmail.com,Cartershire,Iraq,2023-10-15
4401,Christopher Peterson,cust4401_finleynancy@gmail.com,Williamchester,Australia,2025-04-18
4402,Jocelyn Hall,cust4402_nathanielbrown@gmail.com,North Jessica,Guam,2023-08-08
4403,Ryan Howell,cust4403_brianoconnor@yahoo.com,Bobbyshire,Iceland,2024-06-04
4404,Ashley Le,cust4404_rose84@yahoo.com,Davidfurt,El Salvador,2026-06-05
4405,Deborah Garcia,cust4405_mcbridelaura@hotmail.com,North Amanda,Honduras,2024-02-06
4406,Paul Evans DVM,cust4406_lthomas@gmail.com,Davidmouth,Germany,2024-01-20
4407,James Garza,cust4407_pamelarussell@yahoo.com,Gomezland,Zambia,2023-09-05
4408,Robert Nelson,cust4408_harrysimpson@gmail.com,Jayton,Venezuela,2025-03-15
4409,Christopher Thomas,cust4409_mking@yahoo.com,Lake Ricardo,Venezuela,2024-03-17
4410,Joshua Sanders,cust4410_tuckerphilip@hotmail.com,Contrerashaven,Korea,2025-07-25
4411,Susan Hines,cust4411_wilsonbryce@gmail.com,Lake Michaelshire,Canada,2024-01-26
4412,Kendra Diaz,cust4412_earlowens@yahoo.com,West Justinhaven,Spain,2024-11-23
4413,Matthew Soto,cust4413_joshua96@hotmail.com,Robertview,Tanzania,2023-08-09
4414,Timothy Jackson,cust4414_fosterjulia@yahoo.com,Davidshire,Egypt,2025-04-28
4415,Kevin Harrison,cust4415_davidhenson@hotmail.com,Jonesfurt,New Zealand,2023-04-06
4416,Norma Collins,cust4416_jjones@hotmail.com,Stanleystad,Estonia,2026-04-20
4417,Kevin Williams,cust4417_james70@gmail.com,Elliston,Greenland,2023-09-10
4418,Frank Osborne,cust4418_johnhayes@gmail.com,Randyview,Sierra Leone,2025-07-11
4419,William Sanders,cust4419_amanda51@gmail.com,South Lukefurt,Saint Martin,2025-07-25
4420,Scott Nunez,cust4420_wjacobs@gmail.com,Port Travismouth,Brazil,2026-04-21
4421,Lance Jackson,cust4421_lwhite@gmail.com,Carlsonberg,Serbia,2025-10-29
4422,Spencer Lawson,cust4422_john41@hotmail.com,Riverafort,Vanuatu,2023-10-03
4423,John Brooks,cust4423_qmartin@yahoo.com,Maryhaven,Tokelau,2025-10-18
4424,Jessica Smith,cust4424_jimmybates@gmail.com,Lake Lisa,Congo,2023-01-09
4425,Daniel Jefferson,cust4425_bellcynthia@gmail.com,Perryfurt,Hong Kong,2025-12-22
4426,Allison Blackburn,cust4426_achapman@yahoo.com,North Anthony,Colombia,2023-04-10
4427,Kari Diaz,cust4427_heatherhopkins@gmail.com,Thomastown,Niger,2026-02-07
4428,Andrew Jacobson,cust4428_qsolis@gmail.com,East Lindaport,Korea,2025-06-05
4429,Kathleen Carroll,cust4429_crystaljennings@hotmail.com,Morganmouth,Eritrea,2026-04-13
4430,Rodney Figueroa,cust4430_cheryldaniel@gmail.com,Simonhaven,Croatia,2025-09-16
4431,Eric Shelton,cust4431_laurenrobertson@hotmail.com,Cherylville,Norfolk Island,2025-11-07
4432,Jennifer Jones,cust4432_lawrencewilliam@gmail.com,West Andrewborough,Djibouti,2023-12-29
4433,Christopher Thomas,cust4433_kimberly52@gmail.com,Howardview,Burkina Faso,2026-03-30
4434,David Anderson,cust4434_jwhite@gmail.com,Wendybury,Cameroon,2023-12-22
4435,Richard Long,cust4435_kimberlylopez@yahoo.com,Michaelland,Romania,2023-09-20
4436,Gina Park,cust4436_hendersonamy@gmail.com,Marthamouth,Turkey,2023-08-01
4437,Curtis Coleman,cust4437_averystephanie@yahoo.com,Meganshire,Iraq,2025-03-04
4438,Eric Moyer,cust4438_cherryclayton@gmail.com,East Dominique,Korea,2026-05-14
4439,Norman Wilson,cust4439_medinateresa@yahoo.com,Michellechester,Vietnam,2026-05-26
4440,Kevin Beck,cust4440_wendy16@yahoo.com,Banksstad,Guinea,2024-10-21
4441,Teresa Carpenter,cust4441_abolton@hotmail.com,Sullivanburgh,Burundi,2025-10-29
4442,Donald Torres,cust4442_gina43@yahoo.com,Lake Josephview,Cape Verde,2025-02-26
4443,Brian Barnes,cust4443_fgonzalez@yahoo.com,Gallagherview,Cameroon,2025-05-07
4444,Brett Lopez,cust4444_david19@yahoo.com,New Christopher,Saint Martin,2026-06-01
4445,Melanie Johnson,cust4445_jonathanharris@yahoo.com,Craigburgh,Nauru,2024-05-23
4446,Kimberly Chandler,cust4446_alexis33@gmail.com,Garciaport,Germany,2024-07-14
4447,Tyler Miller,cust4447_louissimmons@gmail.com,Wendyland,Qatar,2025-03-25
4448,Blake Nunez,cust4448_englishoscar@gmail.com,Joseland,Reunion,2024-12-03
4449,David Ritter,cust4449_sharonschultz@gmail.com,Kevinfort,Spain,2024-08-25
4450,Kenneth Taylor,cust4450_antonioleblanc@gmail.com,Matthewside,Portugal,2025-07-16
4451,Timothy Velazquez,cust4451_steven86@hotmail.com,Port Annehaven,Belize,2023-10-01
4452,Christopher Pugh,cust4452_danielturner@gmail.com,Morganborough,Cuba,2023-10-10
4453,Tracy Rodriguez,cust4453_robertschwartz@yahoo.com,South Craigtown,Ghana,2025-04-25
4454,Darrell Fleming,cust4454_ygoodwin@hotmail.com,South Terrence,Brunei Darussalam,2026-05-18
4455,Mr. Aaron Jacobs DVM,cust4455_sylvia12@gmail.com,Clarkeport,Togo,2025-11-15
4456,Michael Howell,cust4456_mtaylor@yahoo.com,Odomton,Faroe Islands,2024-09-04
4457,Jeffrey Salazar,cust4457_gilberttiffany@hotmail.com,Onealside,Uzbekistan,2026-01-26
4458,Jodi Paul,cust4458_fvaughn@yahoo.com,Port Nicoleberg,Northern Mariana Islands,2024-10-04
4459,David Martinez,cust4459_mark04@yahoo.com,South Danielbury,Mauritius,2026-02-07
4460,Stephanie Nelson,cust4460_carrieowens@yahoo.com,Rogersstad,Kazakhstan,2024-03-21
4461,Kevin Brown,cust4461_christopher25@hotmail.com,New Michaelborough,Ireland,2024-02-16
4462,Amy Hicks,cust4462_ethan82@gmail.com,East Edgarchester,Libyan Arab Jamahiriya,2024-03-05
4463,Stephanie Heath,cust4463_sarahnichols@hotmail.com,Christinaville,Tunisia,2024-08-18
4464,Sonia Owens,cust4464_williamhunt@yahoo.com,East Matthew,Oman,2024-12-08
4465,Debra Freeman,cust4465_zgonzalez@gmail.com,Davismouth,Sudan,2023-09-29
4466,Robert Watson,cust4466_tammypeterson@yahoo.com,Tiffanyview,Uzbekistan,2023-12-31
4467,Anthony Wade,cust4467_wayne29@yahoo.com,Youngton,New Caledonia,2025-10-28
4468,Julia Hernandez,cust4468_mark41@yahoo.com,Lake Marissa,Nicaragua,2026-01-16
4469,Daniel Collins,cust4469_bakerrenee@yahoo.com,Kyleton,Mozambique,2024-10-22
4470,Ryan Thomas,cust4470_andreacrane@yahoo.com,Antoniotown,Yemen,2023-08-25
4471,Caitlin Santiago,cust4471_dfields@gmail.com,West John,Kyrgyz Republic,2024-12-22
4472,Timothy Marsh,cust4472_brendanchavez@hotmail.com,Hudsonfort,Gibraltar,2026-02-25
4473,Matthew Aguilar,cust4473_wpadilla@gmail.com,Andrewburgh,Sweden,2025-09-10
4474,Crystal Sampson,cust4474_ugarcia@gmail.com,Davidland,Luxembourg,2026-04-08
4475,Christian Hernandez,cust4475_matthewsmackenzie@gmail.com,New Anthony,Christmas Island,2026-03-14
4476,Heather Brown,cust4476_torresjonathan@hotmail.com,Thompsonshire,Azerbaijan,2025-05-04
4477,Yvonne Morris,cust4477_timothylopez@hotmail.com,West Christiefort,Guatemala,2025-12-29
4478,Randy Edwards,cust4478_justin63@gmail.com,Port Sherry,Singapore,2024-08-08
4479,Madison Stephens,cust4479_nicole65@gmail.com,East Jenniferside,Cook Islands,2025-05-15
4480,Kristin Phillips,cust4480_blakehenderson@gmail.com,Stanleyview,Panama,2023-01-27
4481,Deborah Perkins,cust4481_michaelgarner@gmail.com,Saraville,Libyan Arab Jamahiriya,2025-12-06
4482,Nancy Garrett,cust4482_jameshiggins@hotmail.com,Port Jeanne,Armenia,2023-08-07
4483,Michele Rangel,cust4483_urodriguez@gmail.com,Lake Melissaburgh,Bermuda,2023-02-21
4484,Meagan Wilkerson,cust4484_ashleynixon@gmail.com,Murrayhaven,Brazil,2025-02-19
4485,Mary Holloway,cust4485_mooremolly@hotmail.com,South Wendy,Pitcairn Islands,2023-10-25
4486,Aaron Lowe,cust4486_shannon53@yahoo.com,Collinsland,United Kingdom,2023-04-19
4487,Matthew Lopez,cust4487_renee72@hotmail.com,Wrightshire,Reunion,2023-04-26
4488,Eric Smith,cust4488_jessepark@hotmail.com,North Jeremiah,Lebanon,2024-02-14
4489,Lisa Green,cust4489_lawsoncarolyn@gmail.com,New Emily,Seychelles,2024-06-30
4490,Joseph Bennett,cust4490_christinayoung@hotmail.com,North Patrickfort,Czech Republic,2023-11-26
4491,Thomas Lopez,cust4491_ucordova@gmail.com,Amberton,Togo,2024-08-09
4492,Elijah Price,cust4492_joegrant@hotmail.com,Jennyburgh,Anguilla,2024-05-28
4493,Michael Rodriguez,cust4493_erika44@hotmail.com,Travisberg,Albania,2023-10-27
4494,Anthony Garcia,cust4494_msmith@hotmail.com,East Curtis,Pakistan,2023-05-08
4495,Garrett Salazar,cust4495_maxwellking@hotmail.com,New Charles,Cote d'Ivoire,2024-08-27
4496,Michael Rodriguez,cust4496_halltommy@hotmail.com,North Vanessamouth,China,2024-02-22
4497,Ruth West,cust4497_nicole12@yahoo.com,South Brian,Azerbaijan,2026-01-13
4498,Lawrence Carrillo DVM,cust4498_jaredjohnson@gmail.com,West Dale,Iceland,2023-03-08
4499,Russell Dean,cust4499_davidmartin@yahoo.com,Martinborough,Croatia,2025-01-04
4500,Kenneth Love,cust4500_daniellearroyo@yahoo.com,Raymondland,Mozambique,2025-07-15
4501,Linda Swanson,cust4501_silvajessica@yahoo.com,Charlesport,Luxembourg,2023-07-29
4502,Daniel Gonzales,cust4502_karinahodges@hotmail.com,West Susan,Vietnam,2026-06-15
4503,Jordan Daniels,cust4503_wanda66@hotmail.com,Rachelmouth,Philippines,2026-02-24
4504,Nathan Morris MD,cust4504_shelley06@yahoo.com,Mcleanmouth,Bangladesh,2024-04-04
4505,Kevin Smith,cust4505_morganbridges@yahoo.com,Smithburgh,Jamaica,2026-02-23
4506,Tyler Porter,cust4506_brandon80@yahoo.com,Russelltown,Puerto Rico,2025-03-07
4507,Jean Hunter,cust4507_williamjohnson@yahoo.com,South Douglasmouth,Greenland,2024-05-01
4508,Robert Fowler,cust4508_fowlereric@yahoo.com,North Jack,Singapore,2025-11-12
4509,Kristina Thompson,cust4509_joseph62@yahoo.com,Sanchezville,Tuvalu,2024-08-12
4510,Kayla Baker,cust4510_umccoy@hotmail.com,East Emilymouth,Falkland Islands (Malvinas),2023-04-07
4511,Robert George,cust4511_jeffrey35@hotmail.com,Ashleyland,Jersey,2025-02-20
4512,Courtney Bailey,cust4512_douglas87@hotmail.com,Christiantown,Montserrat,2025-03-04
4513,Ana Davis,cust4513_karen73@gmail.com,North Justinchester,Dominican Republic,2025-05-03
4514,Samuel Cunningham,cust4514_noblebrian@hotmail.com,West Emilymouth,Netherlands,2024-10-02
4515,Madison Garcia,cust4515_ryoder@gmail.com,Port Janetfort,Haiti,2026-02-04
4516,Christine Bartlett,cust4516_michael42@gmail.com,Lake Kevintown,Philippines,2023-04-21
4517,Elizabeth Davis,cust4517_amyhowe@yahoo.com,Josephton,Syrian Arab Republic,2023-01-27
4518,Jeremy Nguyen,cust4518_mccarthylance@yahoo.com,New Brandonborough,Kuwait,2024-05-29
4519,Jerome Owens,cust4519_haasmelissa@hotmail.com,Sandovaltown,Togo,2024-02-20
4520,Anna Santiago,cust4520_daniel51@gmail.com,Kristinside,Costa Rica,2026-06-24
4521,Kyle Good,cust4521_brianna58@gmail.com,Fordton,Puerto Rico,2025-06-26
4522,Manuel Anderson,cust4522_robertroberson@gmail.com,Paulview,Netherlands Antilles,2024-04-06
4523,Stephen Rosales,cust4523_tylermartinez@gmail.com,Lake Jeremiah,Suriname,2025-01-23
4524,Chad Livingston,cust4524_michael96@hotmail.com,West Stephaniefort,Costa Rica,2026-04-20
4525,Lindsay Gilmore,cust4525_sara63@gmail.com,Howardhaven,Puerto Rico,2026-01-24
4526,Leslie Miller,cust4526_hzamora@yahoo.com,North Annland,Norfolk Island,2026-05-20
4527,Melissa Bush,cust4527_wilsonjerry@yahoo.com,Natalieburgh,Cote d'Ivoire,2024-02-07
4528,Derek Jackson,cust4528_sotoscott@hotmail.com,Johnsville,Cameroon,2024-02-01
4529,John Guzman II,cust4529_nmalone@hotmail.com,Port Williamland,Congo,2024-08-25
4530,Carolyn Doyle,cust4530_herbertbrown@yahoo.com,Donnabury,Tokelau,2025-07-08
4531,Larry Robertson,cust4531_perryjonathan@yahoo.com,Rodriguezton,Spain,2023-12-30
4532,Charles Berg,cust4532_smithkimberly@hotmail.com,New Kenneth,Burkina Faso,2023-06-02
4533,Brent Williams,cust4533_ryankimberly@gmail.com,East Troyview,Cote d'Ivoire,2024-01-18
4534,Danny Preston,cust4534_francojoanne@yahoo.com,West Jasmine,Northern Mariana Islands,2023-12-22
4535,Daniel Sanchez,cust4535_abigail36@hotmail.com,Port Francis,Belgium,2025-11-18
4536,Felicia Moore,cust4536_jjensen@yahoo.com,Richardland,Bermuda,2023-09-02
4537,Jesse Schultz,cust4537_gmartin@gmail.com,Port Davidtown,Kuwait,2025-02-11
4538,Mary Reynolds,cust4538_elizabeth36@gmail.com,North Katherine,Ecuador,2023-03-25
4539,Faith Schultz,cust4539_garciajoseph@hotmail.com,Weavershire,Greece,2025-05-27
4540,Casey Elliott,cust4540_william99@yahoo.com,Josephshire,Fiji,2024-07-25
4541,Jessica Bell,cust4541_qkirby@gmail.com,Tracyport,Brunei Darussalam,2026-02-13
4542,Jo Ward,cust4542_ashleywillis@yahoo.com,Nguyenport,Gabon,2024-06-25
4543,Jason Owen,cust4543_ecollins@yahoo.com,Ernestberg,Romania,2023-09-24
4544,Nicole Ferguson,cust4544_uevans@gmail.com,North John,Belize,2023-11-26
4545,Justin Moore,cust4545_sheilagarcia@yahoo.com,Petersonhaven,Cyprus,2026-04-11
4546,Katherine Webb,cust4546_kaitlyndavies@hotmail.com,West Johnberg,Central African Republic,2024-06-06
4547,Christopher Stewart,cust4547_moranmelissa@hotmail.com,West Katherine,Colombia,2023-01-12
4548,Chad Hall,cust4548_cmcintyre@yahoo.com,Robinfort,Guatemala,2024-11-07
4549,John Hahn,cust4549_chasejoel@gmail.com,Hurleyborough,Czech Republic,2025-08-13
4550,Caitlin Gay,cust4550_sabrina37@yahoo.com,Faithside,Uganda,2023-11-14
4551,Cassidy Perry,cust4551_erikmiller@hotmail.com,Laurenstad,Turkmenistan,2023-03-23
4552,Antonio Mills,cust4552_roserhonda@hotmail.com,Howardville,Luxembourg,2023-11-11
4553,Michelle Young,cust4553_kimberlysmith@yahoo.com,East Diane,Namibia,2024-10-22
4554,Stephanie Flores,cust4554_lisagonzalez@yahoo.com,Josephmouth,Brunei Darussalam,2026-05-07
4555,Debra Poole,cust4555_jacobhernandez@gmail.com,Port Andrewland,Pitcairn Islands,2023-04-15
4556,Pamela Walker,cust4556_ilee@yahoo.com,North Diane,Palau,2026-06-14
4557,Kathleen Yu,cust4557_jonathan83@hotmail.com,South Davidberg,Belize,2024-09-08
4558,Carol Simpson,cust4558_emichael@gmail.com,West Melissa,Montenegro,2025-10-01
4559,Sara Hopkins DDS,cust4559_wendycarter@hotmail.com,Gregoryton,Kazakhstan,2026-03-18
4560,Kevin Briggs,cust4560_douglas83@gmail.com,Port Arianafort,Madagascar,2026-01-31
4561,Ashley Sullivan,cust4561_velazqueznatasha@gmail.com,West Joshuatown,Sao Tome and Principe,2025-01-03
4562,Jeffrey Brown,cust4562_jeffreyprice@yahoo.com,Richardsontown,Antigua and Barbuda,2023-05-30
4563,James Jenkins,cust4563_thomas43@hotmail.com,Chaneybury,Mexico,2024-10-12
4564,Robert Mata,cust4564_mcgeeamy@yahoo.com,Port Paulton,Vanuatu,2025-12-12
4565,Christopher Ballard,cust4565_jameslee@yahoo.com,West Marcia,Bermuda,2024-03-26
4566,Matthew Villa,cust4566_stephaniecortez@gmail.com,South Eric,Kazakhstan,2024-01-12
4567,Andrew Casey,cust4567_angela25@gmail.com,New Erik,Finland,2025-12-02
4568,Rebecca Rogers,cust4568_troy31@yahoo.com,West Mitchellton,Costa Rica,2023-05-20
4569,Darin Duarte,cust4569_eric37@gmail.com,Samuelmouth,Tonga,2025-10-31
4570,Ryan Jackson,cust4570_fprice@yahoo.com,Chapmanview,Sri Lanka,2023-11-23
4571,Paul Case,cust4571_kellysherman@hotmail.com,West Carlachester,Eritrea,2025-05-01
4572,Brittany Roberts,cust4572_ypatel@yahoo.com,South Christopher,Tajikistan,2026-01-17
4573,Mary Sanders,cust4573_kellychristensen@hotmail.com,Gainesbury,Bangladesh,2026-01-04
4574,Anthony Bailey,cust4574_jimmy99@yahoo.com,North Cody,Saint Vincent and the Grenadines,2025-04-06
4575,Tiffany Stewart,cust4575_jonathandavis@gmail.com,Jasonmouth,New Zealand,2023-07-08
4576,Amy Warren,cust4576_schmidtwilliam@yahoo.com,Patriciahaven,Oman,2024-12-16
4577,Courtney Green,cust4577_cynthia75@hotmail.com,Andrewsfort,Eritrea,2024-03-29
4578,Nicholas Weeks,cust4578_simonmelanie@gmail.com,Morenofort,Greece,2024-03-12
4579,David Petty,cust4579_bryan78@hotmail.com,Solomonfort,Vanuatu,2024-11-10
4580,Evan Brown,cust4580_cookadam@yahoo.com,Boydview,Holy See (Vatican City State),2024-11-09
4581,Ryan Woodard,cust4581_eringates@yahoo.com,Olsonshire,Nicaragua,2025-01-08
4582,Julie Jackson,cust4582_byoder@gmail.com,Lake Laura,Somalia,2024-08-24
4583,Logan Cruz,cust4583_charles87@yahoo.com,Brownborough,Suriname,2024-03-23
4584,Justin Sanchez,cust4584_walkercrystal@gmail.com,Larrychester,Falkland Islands (Malvinas),2026-06-20
4585,Ashley Rosario,cust4585_jenniferguerra@hotmail.com,Chadton,Croatia,2025-12-22
4586,Garrett Benton,cust4586_ucarroll@gmail.com,Lake Jessica,Sierra Leone,2025-08-30
4587,Stephanie Adams,cust4587_hornestephen@gmail.com,Port Johnfort,Antarctica (the territory South of 60 deg S),2026-02-23
4588,Ashley Baker,cust4588_jgarza@yahoo.com,Marshbury,Lebanon,2023-01-19
4589,Mark Villegas,cust4589_sethlynch@yahoo.com,Robertton,Belize,2023-08-23
4590,Wayne Walsh,cust4590_druiz@gmail.com,Brownhaven,Cuba,2024-12-09
4591,Mark Norris,cust4591_ejames@hotmail.com,South Claytonhaven,United States Minor Outlying Islands,2025-07-01
4592,David Chavez,cust4592_portermaria@gmail.com,East Karenberg,Saint Kitts and Nevis,2024-05-07
4593,Michael Castro,cust4593_morganraymond@gmail.com,Codyton,British Virgin Islands,2026-06-10
4594,Sandra Juarez,cust4594_grossashley@yahoo.com,North Kristamouth,Jordan,2026-06-26
4595,Stephanie Cameron,cust4595_robersondaniel@hotmail.com,Christopherchester,Denmark,2024-05-14
4596,Kristin Manning,cust4596_daniel64@gmail.com,Williamfurt,British Virgin Islands,2023-03-23
4597,Charles Brown,cust4597_ysmith@gmail.com,Jonport,Solomon Islands,2024-10-19
4598,Jeanette Murphy,cust4598_janicemclean@gmail.com,Port Aprilberg,United States Virgin Islands,2025-02-20
4599,Robert Fields,cust4599_riverasteven@yahoo.com,Aaronburgh,French Polynesia,2023-08-21
4600,David Saunders,cust4600_xlewis@gmail.com,North Donna,Norfolk Island,2025-03-01
4601,Jonathan Jimenez,cust4601_anthonysuzanne@gmail.com,East Allenland,Portugal,2024-06-09
4602,Robert Anderson,cust4602_danielwarren@yahoo.com,Deckermouth,Fiji,2026-01-11
4603,Stephen Thompson,cust4603_fspencer@gmail.com,North Samanthaport,New Zealand,2024-08-02
4604,Andre Lane,cust4604_cbutler@yahoo.com,New Nicholas,Norfolk Island,2023-02-20
4605,Ricky Franklin,cust4605_tdougherty@hotmail.com,Lake Bobfort,British Virgin Islands,2025-11-24
4606,Mrs. Yolanda Murphy,cust4606_vanessa58@yahoo.com,Reginastad,Lao People's Democratic Republic,2025-02-06
4607,Travis Sanchez,cust4607_mrodriguez@yahoo.com,South Wayne,Mozambique,2025-11-19
4608,Ryan Boyd,cust4608_jcarrillo@gmail.com,Saunderschester,Gibraltar,2025-11-07
4609,Nicholas Welch,cust4609_victortorres@hotmail.com,Tinaport,Guam,2025-07-01
4610,Maria Lopez,cust4610_cortezeric@gmail.com,Jesuschester,Greece,2025-09-23
4611,Stephanie Elliott,cust4611_rachel38@hotmail.com,East Derek,Egypt,2023-03-31
4612,Tyler Cummings,cust4612_michaelbutler@gmail.com,Port Kathleen,Netherlands Antilles,2024-08-30
4613,Pamela Cabrera,cust4613_tlambert@hotmail.com,Lake Adam,Solomon Islands,2024-01-30
4614,Sarah Mendez,cust4614_rodriguezjesse@hotmail.com,Fowlerland,Somalia,2024-10-18
4615,Stephanie Powers,cust4615_garellano@yahoo.com,North Sarastad,San Marino,2025-11-18
4616,Ashley James,cust4616_jasongomez@hotmail.com,Ethanland,Bouvet Island (Bouvetoya),2023-06-18
4617,Joel Bowen,cust4617_kmorgan@gmail.com,Harrismouth,Turkmenistan,2023-07-16
4618,Alison Eaton,cust4618_davidlang@gmail.com,Lake Sheenaside,Switzerland,2023-12-09
4619,Andre Lane,cust4619_kenneth00@gmail.com,Freemanberg,Sao Tome and Principe,2026-01-06
4620,James Sanders,cust4620_dustin63@hotmail.com,Port Cynthiaburgh,Hong Kong,2025-12-28
4621,Taylor Savage,cust4621_obutler@hotmail.com,North Kyleland,San Marino,2023-01-16
4622,Gerald Villarreal,cust4622_rriddle@gmail.com,Melissaburgh,Jersey,2023-05-15
4623,Dorothy Vargas,cust4623_bauerellen@yahoo.com,Onealport,Wallis and Futuna,2024-03-07
4624,Nicholas Bass,cust4624_gutierrezkevin@hotmail.com,Lake Amber,Nepal,2024-03-12
4625,Susan Wiggins,cust4625_amanda74@gmail.com,Tracymouth,Burkina Faso,2025-05-18
4626,Tiffany Washington,cust4626_denisecook@hotmail.com,Gainesside,Western Sahara,2023-08-01
4627,Cassandra Frost,cust4627_matthew40@hotmail.com,Edwardtown,Algeria,2024-02-26
4628,Mark Carr,cust4628_rodriguezmaria@yahoo.com,Roseview,Holy See (Vatican City State),2026-01-06
4629,Patrick Banks,cust4629_scott98@yahoo.com,Mahoneychester,Nepal,2025-06-10
4630,Richard Young,cust4630_laurie00@hotmail.com,Lake Michael,Guernsey,2023-05-28
4631,Linda Valencia,cust4631_michellewood@hotmail.com,South Megan,Libyan Arab Jamahiriya,2023-11-11
4632,Colleen Thompson,cust4632_eric58@hotmail.com,Romanville,Cyprus,2023-02-18
4633,Dr. Autumn Wallace MD,cust4633_elizabethdiaz@gmail.com,Thomasport,Syrian Arab Republic,2025-07-29
4634,Cassandra Rogers,cust4634_roy44@gmail.com,Blackwellfort,Bangladesh,2024-11-10
4635,Barry Morris,cust4635_michaelhorton@hotmail.com,North Robinview,Mauritania,2023-03-19
4636,Patty Thompson,cust4636_emoore@gmail.com,Hartmanborough,Peru,2023-06-29
4637,Savannah Jordan,cust4637_aarongreene@gmail.com,Guerrerofort,Moldova,2023-05-31
4638,Melvin Kennedy,cust4638_curtis36@hotmail.com,Tylerton,Puerto Rico,2023-04-22
4639,Shannon Goodman,cust4639_barry66@hotmail.com,Lake Sarahberg,Saint Martin,2023-12-31
4640,Tracy Rojas,cust4640_annette44@gmail.com,Mitchellshire,Dominica,2024-05-30
4641,Ralph Miller,cust4641_patrick85@yahoo.com,East Paulberg,Bolivia,2026-02-16
4642,Jennifer Steele,cust4642_baldwinkaren@yahoo.com,East Jerry,Heard Island and McDonald Islands,2023-05-25
4643,Krista Camacho,cust4643_brookedavis@yahoo.com,Daviston,Taiwan,2026-03-23
4644,Robert Lloyd,cust4644_qmiller@yahoo.com,Erinview,Gambia,2024-04-11
4645,Christina Smith,cust4645_kimberly77@yahoo.com,Davidport,United Arab Emirates,2024-06-13
4646,Ryan Bryan,cust4646_mindy83@gmail.com,Sanchezburgh,Turks and Caicos Islands,2025-04-14
4647,Scott Lynn,cust4647_janicegonzalez@yahoo.com,Navarromouth,Portugal,2025-03-05
4648,Jamie Baxter,cust4648_lkey@yahoo.com,South Jenniferfurt,Japan,2025-07-12
4649,Timothy Johnston,cust4649_andrew52@yahoo.com,North Robertchester,Holy See (Vatican City State),2025-04-08
4650,Ryan Clark,cust4650_qhines@yahoo.com,Michelleview,Bahrain,2025-06-05
4651,Dillon Craig,cust4651_james68@yahoo.com,West Brandy,Sierra Leone,2024-10-09
4652,Adam Macias,cust4652_adrianpalmer@gmail.com,Chenhaven,Tuvalu,2023-02-04
4653,Leslie Page,cust4653_thomasknight@hotmail.com,New Mary,Botswana,2025-03-08
4654,Kimberly Hutchinson,cust4654_colecook@gmail.com,South Jillianmouth,Italy,2023-08-31
4655,Ashley Johnson,cust4655_rmarquez@yahoo.com,East Robert,Gambia,2025-12-31
4656,Angelica Anderson,cust4656_garyrodriguez@yahoo.com,Rogersland,Libyan Arab Jamahiriya,2023-01-13
4657,Christina Harris,cust4657_ksantana@gmail.com,East Markfort,Philippines,2026-06-20
4658,Rebecca Logan,cust4658_matthew37@yahoo.com,Bryanhaven,Turkey,2023-05-10
4659,Jeffrey Rich,cust4659_daniel39@gmail.com,Jacksonville,Seychelles,2026-04-14
4660,Joseph Lee,cust4660_amandaoneill@gmail.com,Davidmouth,Anguilla,2023-04-04
4661,Douglas Smith,cust4661_lcollins@yahoo.com,Nguyenport,Oman,2023-05-29
4662,Jessica Stewart,cust4662_amber18@yahoo.com,New Tina,Palestinian Territory,2025-01-02
4663,Peter Shannon,cust4663_william77@yahoo.com,Port Michaelborough,Seychelles,2025-10-26
4664,Austin Collins,cust4664_ibrooks@hotmail.com,Morrischester,Niger,2023-08-06
4665,Jessica Mcgee,cust4665_smccormick@yahoo.com,Millerport,Benin,2024-08-16
4666,Patrick Davidson,cust4666_josephguerra@gmail.com,Woodmouth,Sweden,2024-09-09
4667,Lisa Hardy,cust4667_yfisher@yahoo.com,Duranton,Turkey,2026-05-27
4668,Jonathan Williams,cust4668_patriciahall@yahoo.com,Wyattfort,Korea,2023-06-27
4669,Ryan Johnson,cust4669_james71@hotmail.com,New Jacobton,United Arab Emirates,2024-07-30
4670,Michael Melendez,cust4670_deanjohn@hotmail.com,South Jill,Brazil,2025-06-15
4671,Karla Mcdaniel,cust4671_lisaherman@gmail.com,Lake Alexfurt,Indonesia,2025-02-20
4672,Jeffrey Ward,cust4672_thomas87@hotmail.com,Foxhaven,Gabon,2025-03-20
4673,Jonathan Bush,cust4673_wharvey@yahoo.com,Millerport,Tunisia,2023-03-05
4674,Judith Hayden,cust4674_robert90@yahoo.com,Port Jeremiah,Saint Barthelemy,2025-08-28
4675,Heather Smith,cust4675_stacygill@hotmail.com,Longchester,Mauritius,2023-11-17
4676,Vickie Duncan,cust4676_dustin03@gmail.com,Crosbymouth,Bahamas,2025-12-28
4677,Whitney Humphrey,cust4677_josedavis@gmail.com,Lake Scottchester,Holy See (Vatican City State),2024-03-26
4678,Yvette Walker,cust4678_gregory94@hotmail.com,Thomaston,Egypt,2023-10-07
4679,Lydia Hudson,cust4679_chaneyamber@hotmail.com,Port Jennifer,Lesotho,2025-03-11
4680,Raymond Harris,cust4680_zdaniels@gmail.com,Lake Karen,Kiribati,2026-01-22
4681,James Wilson,cust4681_matthewwelch@yahoo.com,West Jenniferville,Guatemala,2024-08-27
4682,Taylor Hendricks,cust4682_gabriellatorres@hotmail.com,Johnland,Christmas Island,2023-10-23
4683,Susan Johnson,cust4683_barbara04@gmail.com,Port Gregoryville,Philippines,2024-09-02
4684,Daniel Moran,cust4684_nicoleyates@hotmail.com,East Chris,French Southern Territories,2025-02-03
4685,Brittany Brown,cust4685_gmartinez@hotmail.com,Pittsfurt,Central African Republic,2023-01-23
4686,Olivia Bowers,cust4686_qjacobs@hotmail.com,Jessicaburgh,Bolivia,2026-02-07
4687,Brian Taylor,cust4687_amber21@hotmail.com,Patriciafort,Seychelles,2026-02-10
4688,Alejandro Fitzpatrick,cust4688_oyoung@gmail.com,Graceview,Namibia,2023-10-17
4689,Bobby Mccullough,cust4689_christopher66@gmail.com,Davisstad,Liberia,2023-09-10
4690,Jeff Howe,cust4690_bmaxwell@gmail.com,South William,Qatar,2023-03-27
4691,Julia Lowe,cust4691_emartinez@hotmail.com,Port Heather,Tunisia,2023-01-11
4692,Angelica James,cust4692_wsmith@yahoo.com,North Davidmouth,Morocco,2026-03-18
4693,Patricia Doyle,cust4693_matthew78@yahoo.com,North Holly,Algeria,2026-05-06
4694,Joshua Mason,cust4694_fisherkrista@yahoo.com,Villanuevamouth,Syrian Arab Republic,2025-03-18
4695,Nancy Miller,cust4695_udaniels@yahoo.com,Terryborough,Qatar,2026-01-05
4696,Daniel Perkins,cust4696_nicholastrevino@yahoo.com,Johnsonborough,Latvia,2026-01-26
4697,Wayne Rojas,cust4697_yschmidt@yahoo.com,Timothyfurt,Tuvalu,2023-06-24
4698,Aaron Thomas,cust4698_broberts@hotmail.com,East Davidburgh,Guatemala,2024-09-16
4699,Jacqueline Green,cust4699_franklong@gmail.com,Jessicatown,Montserrat,2024-03-06
4700,Taylor Wood,cust4700_shall@hotmail.com,Lake Susan,Jamaica,2024-12-05
4701,Robert King,cust4701_mpatterson@hotmail.com,Port Erin,Macao,2024-03-09
4702,Vernon Brown,cust4702_jonathanfox@hotmail.com,Nelsonmouth,Palau,2025-04-25
4703,Linda Massey,cust4703_qmorrison@hotmail.com,Port Laura,Seychelles,2025-11-15
4704,Jonathan Ramsey,cust4704_jfuentes@hotmail.com,New Jennifer,Iran,2023-10-19
4705,Rachel Hernandez,cust4705_moyerjason@hotmail.com,Rasmussenville,United States Minor Outlying Islands,2023-11-26
4706,Mrs. Natalie Wright MD,cust4706_timothyproctor@gmail.com,Deanshire,Netherlands,2024-01-12
4707,Jamie Black,cust4707_mjohnson@gmail.com,Gregorystad,Azerbaijan,2024-03-28
4708,Julie Bright,cust4708_rickywelch@gmail.com,North Shannonmouth,Korea,2026-06-17
4709,Jill Ayala,cust4709_qnixon@hotmail.com,Lake Carolyn,Belarus,2024-06-01
4710,Andrea Lynch,cust4710_denise74@yahoo.com,East Antonio,Cuba,2024-02-02
4711,Diana Barnett,cust4711_theresataylor@gmail.com,Lake Joeberg,Fiji,2023-08-23
4712,Miss Kathleen Price,cust4712_ricejoshua@hotmail.com,New Amandachester,Saudi Arabia,2024-01-07
4713,Daniel Carpenter,cust4713_rosssheryl@yahoo.com,West Tanner,Thailand,2026-03-07
4714,Juan Alvarez,cust4714_lindseyguerrero@hotmail.com,Austinmouth,Burundi,2023-04-22
4715,Megan Evans,cust4715_williamjoseph@yahoo.com,North Bethshire,United States Minor Outlying Islands,2026-01-29
4716,Jessica Mcdaniel,cust4716_kristendaugherty@hotmail.com,Hannahmouth,Bahrain,2025-08-02
4717,Lisa Collins,cust4717_wadkins@hotmail.com,Brooksbury,Taiwan,2026-01-30
4718,Robert Young,cust4718_nrandall@hotmail.com,Garciaton,Libyan Arab Jamahiriya,2023-05-30
4719,Dr. Larry Wallace Jr.,cust4719_donaldpatterson@yahoo.com,Port Veronicabury,Dominica,2024-08-18
4720,Alexandra Crawford,cust4720_stevecox@gmail.com,Kirbyfort,Serbia,2023-05-18
4721,Jessica Hart,cust4721_princedaniel@yahoo.com,Port Angela,Pakistan,2024-05-28
4722,Alexandra Arias,cust4722_mooresue@gmail.com,Petersontown,Austria,2023-07-21
4723,Logan Townsend,cust4723_tapiamichael@yahoo.com,Port Brenda,Panama,2024-02-09
4724,Charles Green,cust4724_michael65@gmail.com,East David,Gabon,2026-04-04
4725,Kimberly Gilbert,cust4725_katie39@hotmail.com,Dianamouth,Iran,2025-09-24
4726,Christina Pace,cust4726_andreastewart@hotmail.com,Brendaton,Liberia,2024-11-08
4727,Oscar Nunez,cust4727_tharper@gmail.com,Port Ryanborough,Isle of Man,2025-01-01
4728,Marilyn Brown,cust4728_aprilwashington@gmail.com,North Shawnborough,Anguilla,2023-09-20
4729,Laura Burke,cust4729_chadedwards@hotmail.com,Smallhaven,Myanmar,2024-04-25
4730,Lauren Cunningham,cust4730_williamnixon@gmail.com,Port Darleneside,France,2023-07-24
4731,Charles Shaw,cust4731_floresmichelle@hotmail.com,Lake Daniel,Bhutan,2024-08-06
4732,Jason Baker,cust4732_julie89@yahoo.com,Josephside,Bangladesh,2026-06-22
4733,Denise Ali,cust4733_amyshepard@yahoo.com,Veronicamouth,Bangladesh,2023-05-23
4734,Chelsea Porter,cust4734_mcdanielnathan@hotmail.com,Torresfort,Argentina,2024-02-01
4735,James Walker,cust4735_bassphilip@gmail.com,Josephfurt,Tunisia,2024-10-12
4736,Adam Davis,cust4736_sallywilliams@yahoo.com,Michelechester,Taiwan,2025-09-22
4737,William Ward,cust4737_christina85@hotmail.com,Heatherchester,Greenland,2025-07-11
4738,Dr. Daniel Brock,cust4738_brandymcintosh@yahoo.com,Adamsmouth,Canada,2024-11-03
4739,Sarah Williams,cust4739_markhernandez@hotmail.com,Mortontown,Nauru,2026-06-16
4740,Charles Henderson,cust4740_tyler42@yahoo.com,East Christopher,Belarus,2024-09-18
4741,Lauren Anderson,cust4741_igill@gmail.com,Coleside,Botswana,2026-04-11
4742,Tiffany Mccormick,cust4742_salazartonya@gmail.com,West Mitchellburgh,Egypt,2023-11-09
4743,Thomas Pope II,cust4743_mrobinson@hotmail.com,New Scott,North Macedonia,2026-03-04
4744,Jacob Flores,cust4744_igutierrez@gmail.com,Samanthaton,Antigua and Barbuda,2026-03-06
4745,Isaac Hawkins,cust4745_samantha38@gmail.com,Taylorstad,Tonga,2025-01-16
4746,Susan Castaneda,cust4746_jeffrey85@yahoo.com,New Cynthiafort,Korea,2024-10-09
4747,Susan Mcbride,cust4747_lloydnichole@hotmail.com,West Elizabethville,Zimbabwe,2025-05-27
4748,Jeffrey Davis,cust4748_johnny71@gmail.com,Port Marystad,Israel,2023-12-12
4749,Susan Myers,cust4749_kelly55@gmail.com,Robinsonfort,Jamaica,2023-01-10
4750,Larry Preston,cust4750_jacksonjeremy@yahoo.com,East Patricia,Monaco,2024-10-03
4751,Jeffrey Lopez,cust4751_gcompton@yahoo.com,New Deborahville,Georgia,2024-05-19
4752,Christopher Black,cust4752_vrobinson@hotmail.com,Lake Nathanielborough,Cook Islands,2024-03-29
4753,Isaac Soto,cust4753_byrdjames@yahoo.com,Port Danielmouth,Ukraine,2025-06-12
4754,John Roberts,cust4754_kennethbryant@hotmail.com,South George,China,2024-07-20
4755,Marc Drake,cust4755_olsonomar@hotmail.com,Grantburgh,Guatemala,2025-01-06
4756,Glenda Arroyo,cust4756_doris13@hotmail.com,Heatherfort,Gabon,2023-10-03
4757,Jermaine Griffin,cust4757_grimesjames@yahoo.com,New Courtney,Bosnia and Herzegovina,2024-11-10
4758,Hannah Peterson,cust4758_zlawrence@gmail.com,Martinezbury,Saint Vincent and the Grenadines,2025-09-09
4759,Chase Martinez,cust4759_harperjorge@yahoo.com,New Rachaelberg,French Guiana,2025-08-05
4760,Thomas Palmer,cust4760_jyoung@yahoo.com,North Sydneyland,Paraguay,2025-07-01
4761,Steven Santos,cust4761_hking@yahoo.com,Markbury,Lithuania,2025-01-04
4762,Hannah White,cust4762_fuentespatrick@gmail.com,Ryanville,Hong Kong,2024-09-17
4763,Elizabeth Jones,cust4763_eperez@yahoo.com,Adrianland,Cook Islands,2025-09-24
4764,Mark Hunter,cust4764_montgomerytony@hotmail.com,Timothyville,Palestinian Territory,2026-02-03
4765,Stephanie Garcia,cust4765_corey95@yahoo.com,New Tom,Croatia,2023-08-11
4766,Andrew Wiggins,cust4766_brookesimmons@gmail.com,New Jonathanhaven,Maldives,2023-12-26
4767,Janet Fernandez,cust4767_miareeves@gmail.com,Port Brooketon,Korea,2026-05-27
4768,Rachel Cummings,cust4768_vhill@gmail.com,North Elizabeth,Honduras,2023-06-17
4769,Deborah Reeves,cust4769_craigchristina@hotmail.com,Port Williambury,Croatia,2024-07-28
4770,Christopher Little,cust4770_iallen@yahoo.com,East Jamie,Luxembourg,2023-10-14
4771,Jeffery Vincent,cust4771_greenjared@hotmail.com,Zamoramouth,Myanmar,2026-01-08
4772,John Kelly,cust4772_megan26@hotmail.com,Jorgeborough,Austria,2024-02-07
4773,Rose Cooper,cust4773_susanelliott@gmail.com,Meganville,Congo,2024-06-23
4774,Hannah Mendez,cust4774_aphillips@gmail.com,Hollowaytown,New Zealand,2023-06-06
4775,Michelle Moore,cust4775_nicole51@yahoo.com,North Sabrina,Iceland,2023-06-04
4776,Rick Franklin,cust4776_haynesryan@yahoo.com,Jenniferburgh,Qatar,2023-02-08
4777,Dylan Mckenzie,cust4777_awilliams@gmail.com,East Jaime,Eritrea,2025-11-04
4778,Samuel Lynch,cust4778_amandacarlson@hotmail.com,Michaelside,Mongolia,2023-03-05
4779,Gabriel Davidson,cust4779_michelle52@hotmail.com,Cindymouth,Guinea,2026-04-06
4780,Ernest Martin,cust4780_wanda38@gmail.com,Henrychester,Guatemala,2026-03-31
4781,Amy Miller,cust4781_millerdavid@gmail.com,East Dawn,Venezuela,2025-04-09
4782,Kelli Kelly,cust4782_daniellefrazier@yahoo.com,North Kevin,Saint Pierre and Miquelon,2026-04-23
4783,Samantha Rogers,cust4783_karen74@hotmail.com,New Roger,Mali,2024-03-11
4784,Kristina Martinez,cust4784_nathanmitchell@gmail.com,West Hannah,Venezuela,2023-03-17
4785,Carrie Brown,cust4785_henryerin@yahoo.com,Fishertown,Wallis and Futuna,2026-02-03
4786,Tiffany Cummings,cust4786_teresascott@gmail.com,Thomasmouth,Israel,2024-06-17
4787,Alicia Williams,cust4787_williamsjason@gmail.com,East Pamela,Saint Barthelemy,2026-01-18
4788,Kevin Woodward,cust4788_whitemichelle@yahoo.com,East James,Moldova,2026-01-10
4789,David Green,cust4789_selenaortiz@gmail.com,South Julia,San Marino,2025-08-24
4790,Edward Flores,cust4790_prodriguez@gmail.com,Marcfurt,Liechtenstein,2023-11-01
4791,Jessica Pierce,cust4791_cannonsusan@hotmail.com,Lake Michaelville,Cote d'Ivoire,2025-01-19
4792,Joshua Lopez,cust4792_jasminlong@yahoo.com,Laurachester,New Zealand,2025-03-14
4793,Christine Love,cust4793_christopherwalter@yahoo.com,Millermouth,Egypt,2024-04-02
4794,Michael Garcia,cust4794_matthew27@hotmail.com,Kimburgh,Norfolk Island,2026-04-22
4795,Shawn Koch,cust4795_ruben09@gmail.com,New Cherylside,Jersey,2024-08-18
4796,Veronica Greene,cust4796_alexander86@yahoo.com,Hudsonshire,Cuba,2023-10-02
4797,Tiffany Lutz,cust4797_eatoncourtney@yahoo.com,Nelsonville,China,2025-08-09
4798,Matthew George,cust4798_johnsonkeith@yahoo.com,Danielmouth,Mali,2025-10-23
4799,Susan Roach,cust4799_nclark@gmail.com,South Austin,Madagascar,2025-11-11
4800,Leslie Morales,cust4800_zmason@hotmail.com,Lisaview,Croatia,2023-07-05
4801,James Mcintyre,cust4801_josephheather@yahoo.com,West Jaclynview,Tajikistan,2025-03-23
4802,Richard Donovan,cust4802_gabrielle43@gmail.com,West Michaelfort,Bahrain,2025-01-15
4803,Tara Becker,cust4803_stevenberry@gmail.com,Amymouth,New Caledonia,2025-10-25
4804,Gary Boyd,cust4804_jonathanmartin@gmail.com,Ashleymouth,Chad,2023-01-22
4805,Caroline Mann,cust4805_iwilliams@hotmail.com,Port Claudiahaven,Botswana,2024-05-04
4806,Melanie Williams,cust4806_stewartlauren@yahoo.com,West Aaronton,Moldova,2026-06-11
4807,Maurice Padilla,cust4807_timothy42@hotmail.com,Stoutchester,Equatorial Guinea,2023-12-06
4808,Clayton Lara,cust4808_shannon54@hotmail.com,Lake Bailey,Tokelau,2025-11-18
4809,Gilbert Greene,cust4809_ssmith@gmail.com,Anthonyland,Korea,2023-10-15
4810,Mark Taylor,cust4810_sarahlyons@hotmail.com,Ricemouth,Sao Tome and Principe,2025-07-02
4811,Jodi Li,cust4811_lgordon@gmail.com,New Deborahville,Chad,2023-11-23
4812,Richard Hammond,cust4812_qmartinez@gmail.com,New Lindatown,Central African Republic,2024-01-02
4813,Philip Mcdonald,cust4813_lawsonemily@yahoo.com,Port Mariamouth,Nigeria,2026-03-05
4814,John Banks,cust4814_davidbrown@hotmail.com,Paulabury,Luxembourg,2026-03-04
4815,April Price,cust4815_rachael37@yahoo.com,Andreaburgh,Seychelles,2023-10-27
4816,John Vasquez,cust4816_cohenmarcus@gmail.com,North Adrian,Uzbekistan,2025-09-17
4817,Gabrielle Reyes,cust4817_wnelson@yahoo.com,East Sandrabury,Bangladesh,2025-01-04
4818,Heather Larson,cust4818_chelseybenitez@hotmail.com,Ericchester,Palau,2023-03-24
4819,Brandon Turner,cust4819_andresgilmore@hotmail.com,East Dawnport,Puerto Rico,2024-03-24
4820,Danielle Kelly,cust4820_mdavidson@hotmail.com,Reynoldsland,Cote d'Ivoire,2025-09-25
4821,Jason Meadows,cust4821_markburgess@yahoo.com,Garyhaven,Saudi Arabia,2024-04-19
4822,Christy Keith,cust4822_mariahhunt@yahoo.com,Port Jennifer,Kiribati,2023-05-09
4823,Laura Joseph,cust4823_ckelly@yahoo.com,Andreabury,Guatemala,2024-06-25
4824,Michael Crawford,cust4824_bphillips@yahoo.com,East Jamesland,Gibraltar,2025-01-26
4825,Christopher Green,cust4825_ashaw@yahoo.com,Alexisfurt,Congo,2024-04-24
4826,Mark Benjamin,cust4826_ashley41@gmail.com,Davidfurt,Cook Islands,2023-03-29
4827,Jennifer Evans,cust4827_ucantu@gmail.com,Port Richard,Yemen,2024-02-28
4828,Erik Mitchell,cust4828_gtucker@hotmail.com,Carrchester,Lesotho,2025-11-26
4829,Jean Soto,cust4829_paulpalmer@hotmail.com,North Patricia,Benin,2025-01-09
4830,Christine Anderson,cust4830_lisagallegos@gmail.com,Lake Stephanie,Papua New Guinea,2025-03-05
4831,Barbara Knight,cust4831_phillipscarrie@hotmail.com,Port Amberville,Gambia,2025-08-19
4832,Heather Tapia,cust4832_ystevenson@gmail.com,Brandymouth,Portugal,2025-07-20
4833,Allen Barnes,cust4833_maryarellano@yahoo.com,Jenniferland,Gambia,2023-04-06
4834,Nicole Cunningham,cust4834_rreyes@yahoo.com,New Nicole,Cayman Islands,2023-03-23
4835,Tiffany Hayes,cust4835_pruittwilliam@gmail.com,Carrollborough,Azerbaijan,2024-10-25
4836,Sherry Walker,cust4836_udoyle@hotmail.com,North Jackberg,Latvia,2023-07-31
4837,Ronald Santos,cust4837_morgangarrett@yahoo.com,Jacquelineville,Puerto Rico,2025-12-03
4838,Leslie Moore,cust4838_marshalldylan@gmail.com,East Nathan,Micronesia,2024-07-14
4839,Danny Weaver,cust4839_carlos13@hotmail.com,Hinesfort,Uruguay,2024-06-23
4840,Kimberly Stanley,cust4840_scottesparza@yahoo.com,Dunlapburgh,Ecuador,2026-03-31
4841,Mark Klein,cust4841_davidtownsend@yahoo.com,Daltonview,Poland,2026-01-19
4842,Jordan Morgan,cust4842_james62@gmail.com,Roseport,Philippines,2026-03-13
4843,Sarah Fields,cust4843_matthewsjacqueline@gmail.com,East Meganhaven,Belgium,2023-12-23
4844,Adam Smith,cust4844_john39@gmail.com,Rachelshire,Romania,2025-02-10
4845,Nicole Jones,cust4845_pgarza@gmail.com,Lake Matthewtown,Korea,2025-02-14
4846,Diana Chung,cust4846_parrishjustin@gmail.com,Davisshire,Chad,2025-01-18
4847,Stacie Oconnell,cust4847_jasmincampbell@hotmail.com,Kathleenville,South Africa,2026-04-18
4848,Angelica Gray,cust4848_tiffanynixon@gmail.com,Mariahhaven,Saint Vincent and the Grenadines,2023-06-09
4849,Erin Shields,cust4849_phall@hotmail.com,East Tracymouth,Liberia,2025-11-24
4850,Elizabeth Johnson,cust4850_kjenkins@gmail.com,Farrellmouth,Netherlands Antilles,2024-05-30
4851,Nathan Anderson,cust4851_aliciamiller@yahoo.com,West Trevor,Barbados,2025-02-09
4852,Barbara Campbell PhD,cust4852_gjenkins@yahoo.com,Rodriguezborough,Chile,2024-04-01
4853,Lisa Sparks,cust4853_parsonspaige@hotmail.com,West Adriennemouth,Poland,2025-11-23
4854,Brett Richardson,cust4854_sextonmargaret@gmail.com,West Patrickberg,Comoros,2025-04-11
4855,Jacqueline Wu,cust4855_ghicks@hotmail.com,North Kristenton,Mauritania,2024-12-23
4856,Charles Allen,cust4856_fperez@yahoo.com,Montoyafurt,Australia,2024-12-07
4857,Brandon Hoffman,cust4857_stevenkemp@hotmail.com,Monicahaven,Sierra Leone,2025-09-24
4858,Julia Davis,cust4858_nashjames@hotmail.com,West Victor,Ukraine,2025-09-14
4859,Angel Proctor,cust4859_wongkathryn@hotmail.com,Thomastown,Niue,2026-05-22
4860,Cathy Holmes,cust4860_lewisjanet@hotmail.com,Maryburgh,Georgia,2023-01-14
4861,Savannah Guerra,cust4861_joann04@yahoo.com,Patrickmouth,Martinique,2025-10-24
4862,Elizabeth Hogan,cust4862_lwalker@gmail.com,North Brittanychester,Malta,2023-10-12
4863,Lisa Wright,cust4863_adrian41@hotmail.com,Christopherland,Congo,2025-06-19
4864,Cindy Ramos,cust4864_etrevino@yahoo.com,South Jacquelineville,Iceland,2023-12-06
4865,Jennifer Gross,cust4865_scollins@hotmail.com,Port Danielle,Antarctica (the territory South of 60 deg S),2024-04-16
4866,Kelly Martinez,cust4866_kayla18@gmail.com,Andrewsberg,Czech Republic,2023-06-07
4867,Dawn Scott,cust4867_mitchell24@yahoo.com,Jacksonbury,Slovakia (Slovak Republic),2025-11-19
4868,Sarah Santos,cust4868_thernandez@hotmail.com,South Adrianview,Myanmar,2024-07-29
4869,Elizabeth Rodriguez,cust4869_michellejones@hotmail.com,North Scottfurt,Jamaica,2024-03-09
4870,Kelsey Bennett PhD,cust4870_corygardner@yahoo.com,Port Michael,Wallis and Futuna,2023-11-04
4871,Nathan Christensen,cust4871_romankevin@gmail.com,Heatherland,Sweden,2024-01-18
4872,Caitlin Butler,cust4872_yali@hotmail.com,Craigchester,Germany,2023-11-19
4873,Jason Davis,cust4873_hmejia@gmail.com,East Benjaminfort,Andorra,2025-01-11
4874,Michael Smith,cust4874_connie93@yahoo.com,Henryshire,Sri Lanka,2026-05-17
4875,Travis Ortiz,cust4875_jennifer52@yahoo.com,Fisherstad,Antarctica (the territory South of 60 deg S),2023-08-31
4876,Suzanne Huerta,cust4876_jacobwiggins@hotmail.com,Amandahaven,Israel,2024-04-16
4877,Jeffrey Wolf,cust4877_karenfuentes@gmail.com,Stephanieburgh,Nauru,2025-04-29
4878,Mary Crawford,cust4878_jay10@gmail.com,East Rachel,Mayotte,2024-11-07
4879,Claudia Cunningham,cust4879_adrian37@yahoo.com,Angelashire,Panama,2023-08-21
4880,Ashley Torres,cust4880_ryan02@yahoo.com,Kelleyton,Peru,2025-09-13
4881,Rebecca Williams,cust4881_cheryl27@hotmail.com,West Peterfurt,Netherlands,2025-09-07
4882,Paula Farmer,cust4882_blackjames@hotmail.com,Ibarrahaven,Saudi Arabia,2025-09-08
4883,Jamie Ortiz,cust4883_smiller@gmail.com,Mckayfort,Turks and Caicos Islands,2024-03-07
4884,Thomas Ellis,cust4884_carlabaldwin@hotmail.com,Sarahburgh,Portugal,2026-04-24
4885,Brett Bond,cust4885_ibuckley@hotmail.com,Lake Danaville,Portugal,2023-11-27
4886,Garrett Martin,cust4886_egoodwin@gmail.com,Benjaminside,Spain,2025-04-21
4887,Gail Morgan,cust4887_russell44@hotmail.com,New Juliaside,Martinique,2023-02-15
4888,Suzanne Ramos,cust4888_michelle13@hotmail.com,New Jamesmouth,Bahamas,2024-05-14
4889,Donald Espinoza,cust4889_nancy01@gmail.com,Maryside,Togo,2023-03-30
4890,Juan Clay,cust4890_amyduran@gmail.com,Allenfurt,Christmas Island,2023-09-19
4891,Joseph Mcdaniel,cust4891_laurapittman@gmail.com,South Elizabeth,Liberia,2026-03-20
4892,Crystal Mason,cust4892_allenlucas@yahoo.com,Randyhaven,Finland,2026-04-28
4893,Danielle Juarez,cust4893_brayshelly@gmail.com,Kennethfurt,Monaco,2023-11-26
4894,John Pham,cust4894_brianorr@hotmail.com,New Christineshire,New Zealand,2023-10-03
4895,Valerie Pearson,cust4895_randy61@yahoo.com,New Audreyville,Bermuda,2025-11-15
4896,Cindy Larsen,cust4896_kdaniel@yahoo.com,Steeleberg,Bangladesh,2023-03-22
4897,Zachary Garrett,cust4897_thomasanthony@yahoo.com,Nathanieltown,Spain,2026-03-18
4898,David Hill,cust4898_ronald63@gmail.com,Jessicaburgh,Luxembourg,2023-10-28
4899,Christopher Wilkerson,cust4899_andrewwilson@yahoo.com,Port Samantha,Croatia,2023-04-25
4900,Alison Lee,cust4900_wilsonjeremy@yahoo.com,Parktown,Western Sahara,2023-12-07
4901,Cathy Powers,cust4901_elijahdennis@hotmail.com,Port Kimberly,Denmark,2024-06-12
4902,Stephanie Olson,cust4902_robert79@yahoo.com,Hughesside,Greece,2024-01-04
4903,Cody Wilson,cust4903_william26@hotmail.com,South Scottfort,Trinidad and Tobago,2025-11-24
4904,Donna Mcguire,cust4904_erica78@yahoo.com,Underwoodstad,Benin,2025-04-10
4905,Lauren Hill,cust4905_qbradley@yahoo.com,Port Denise,Paraguay,2026-05-12
4906,Heidi Ross,cust4906_isaiahboyd@gmail.com,Danielside,Lao People's Democratic Republic,2026-02-28
4907,Mr. David Sims,cust4907_justin77@yahoo.com,Seanchester,Slovakia (Slovak Republic),2023-02-08
4908,Jeremy Griffith,cust4908_leealexandria@yahoo.com,South Tom,Montenegro,2024-08-03
4909,Tracy Golden,cust4909_tkim@yahoo.com,North Mark,Reunion,2023-06-25
4910,Robert Nguyen,cust4910_richard21@yahoo.com,West Kelsey,Greenland,2024-03-19
4911,Nathan Mathews,cust4911_reedchristopher@gmail.com,Patriciabury,Rwanda,2025-07-08
4912,Lori Shaw,cust4912_ihanson@hotmail.com,Guerrerochester,Germany,2026-05-27
4913,Tammie King,cust4913_ymorton@gmail.com,Smithstad,Montenegro,2025-08-23
4914,Jason Johnson,cust4914_mike22@yahoo.com,Christianberg,Estonia,2025-09-13
4915,Tina Brooks MD,cust4915_jennifer87@gmail.com,Dannyside,Dominican Republic,2023-12-16
4916,Todd White,cust4916_fmoran@gmail.com,New Brentberg,Belize,2024-03-25
4917,Lindsay Williams,cust4917_scott55@yahoo.com,Cohenbury,French Guiana,2025-04-21
4918,Claire Castro,cust4918_nicolejones@gmail.com,New Laurabury,Israel,2026-05-15
4919,Robert Riddle,cust4919_michaelpalmer@gmail.com,Peterhaven,Suriname,2023-10-20
4920,Christine Lane,cust4920_gstafford@yahoo.com,Ronaldfort,Botswana,2026-04-08
4921,Chelsey Brown,cust4921_jordanevans@hotmail.com,Michaelside,Nicaragua,2024-01-08
4922,Lindsay Gray,cust4922_berrytanner@gmail.com,Port Robertchester,French Guiana,2026-06-30
4923,William Shaw,cust4923_rthompson@yahoo.com,Paulbury,Belize,2025-11-12
4924,Joseph Ramirez,cust4924_gracewilliams@gmail.com,Torresbury,Poland,2024-06-25
4925,Amanda Black,cust4925_thomasbenjamin@gmail.com,Dianaberg,Oman,2023-12-10
4926,Heather Clark,cust4926_antonio41@hotmail.com,Caldwellburgh,Denmark,2024-12-02
4927,Aaron Medina DVM,cust4927_ealvarez@hotmail.com,Port Brandonburgh,Cayman Islands,2025-07-17
4928,Jessica Alvarez,cust4928_kathleen78@hotmail.com,Johnchester,Lao People's Democratic Republic,2026-05-06
4929,Shirley Collins,cust4929_wendy31@gmail.com,East Jeffery,Djibouti,2026-04-24
4930,Mary Gomez,cust4930_john67@gmail.com,Lake Michaelmouth,Mauritania,2023-05-21
4931,Marc Mcclure,cust4931_kathleen99@yahoo.com,East Joseph,Bermuda,2024-04-15
4932,Melanie Suarez,cust4932_michaelhooper@hotmail.com,Lake Christina,Portugal,2025-02-13
4933,John Wilson,cust4933_andersonkimberly@yahoo.com,Smithchester,Korea,2025-02-28
4934,Joyce Decker,cust4934_meaganevans@hotmail.com,Kevinfort,Greece,2023-09-28
4935,Tracey Jones,cust4935_marybrooks@hotmail.com,Mcbridefort,Cote d'Ivoire,2023-08-11
4936,Andrew Evans,cust4936_ubrock@hotmail.com,Mercadoshire,Yemen,2023-02-03
4937,Jeffery Mitchell,cust4937_jeanneaguirre@hotmail.com,East Melodyside,Philippines,2024-02-19
4938,Michael Taylor,cust4938_erinneal@yahoo.com,Austinburgh,Liechtenstein,2025-12-06
4939,Lisa Price,cust4939_danielsmith@gmail.com,Olsenhaven,Zimbabwe,2025-10-29
4940,Amanda Wright,cust4940_xpeck@hotmail.com,Ashleyfort,Armenia,2025-05-09
4941,Mario Edwards,cust4941_chandlerfelicia@gmail.com,Alvaradoview,Cyprus,2023-11-03
4942,Whitney Allen,cust4942_lthomas@yahoo.com,East Charlesland,Tokelau,2026-05-25
4943,Timothy Hicks,cust4943_parkssusan@gmail.com,East David,Azerbaijan,2023-07-17
4944,Carlos Jackson,cust4944_barbarahoward@gmail.com,West Rogerland,Thailand,2023-12-30
4945,Russell Smith,cust4945_mitchellmichelle@gmail.com,Lisastad,Ukraine,2025-09-01
4946,Michelle Mack,cust4946_clee@yahoo.com,Nguyenfurt,Malaysia,2026-06-13
4947,Monica Diaz,cust4947_lmaxwell@yahoo.com,North Roger,Dominican Republic,2026-05-13
4948,Hannah Hernandez,cust4948_rachel50@yahoo.com,East Judy,Slovenia,2023-03-21
4949,Amy Vazquez,cust4949_eric41@hotmail.com,Franklinview,Slovakia (Slovak Republic),2025-12-24
4950,Natalie Reynolds,cust4950_patrick66@yahoo.com,Mejiaview,Isle of Man,2025-10-27
4951,Teresa Ramirez,cust4951_alan00@hotmail.com,East Kathleenmouth,Estonia,2023-08-29
4952,Jordan Burns,cust4952_smiththomas@hotmail.com,East Susan,Cameroon,2023-07-10
4953,Nathaniel Alvarado,cust4953_jeffreysimmons@gmail.com,Port Wendy,Saint Helena,2025-09-14
4954,Gary Wilson,cust4954_david76@yahoo.com,Ryanchester,Suriname,2023-09-24
4955,Andrew Pearson,cust4955_smithmichael@gmail.com,New Phyllisburgh,Norway,2026-05-20
4956,Kathryn Goodwin,cust4956_colleenharris@yahoo.com,West Brianfurt,Namibia,2026-01-09
4957,Jasmine Ellison,cust4957_christopherflores@hotmail.com,Cynthiahaven,Australia,2023-01-03
4958,Kathy Wood,cust4958_steven13@gmail.com,Lake Jenny,Burkina Faso,2025-06-02
4959,Katherine Ortega,cust4959_joshua68@hotmail.com,Allenborough,Norfolk Island,2025-12-05
4960,Dana Richardson,cust4960_melissa84@gmail.com,East Stephanie,Saint Vincent and the Grenadines,2025-05-11
4961,Frank Williams,cust4961_chensley@gmail.com,Port Monica,Panama,2025-01-28
4962,Anthony Ward,cust4962_swilliams@hotmail.com,Millerfort,Morocco,2023-03-30
4963,Mark Ferguson,cust4963_pmartin@yahoo.com,Edwardstown,Jordan,2025-12-21
4964,Elizabeth Wagner,cust4964_xsmith@yahoo.com,Shieldsville,Belize,2025-05-28
4965,Shannon Lopez,cust4965_michellemccarthy@yahoo.com,Wayneport,Cyprus,2024-04-14
4966,Robert Johnson,cust4966_mmorris@hotmail.com,Gonzalezview,Mozambique,2025-09-14
4967,Terry Mason,cust4967_ghinton@hotmail.com,Wilsonfort,Ghana,2025-02-19
4968,Kimberly Robinson,cust4968_donna96@yahoo.com,East Anthony,Sudan,2024-12-18
4969,Laura Wolf,cust4969_matthewcooper@gmail.com,North Jamesstad,Martinique,2026-04-21
4970,Michael Arnold,cust4970_orichardson@gmail.com,Julieville,Saint Helena,2026-03-25
4971,Amanda Holmes,cust4971_kellygrant@hotmail.com,North Patricia,Syrian Arab Republic,2023-07-20
4972,Charlotte Hardy,cust4972_sharisingleton@yahoo.com,West Brandon,Myanmar,2025-05-21
4973,Lori Lopez,cust4973_mcmillanchristopher@hotmail.com,Millerfort,Korea,2023-10-02
4974,Barbara Perez,cust4974_thompsontamara@yahoo.com,South Carl,Georgia,2024-06-05
4975,Peter Green,cust4975_esims@hotmail.com,Danielletown,Andorra,2025-09-04
4976,Alyssa Smith,cust4976_perezbrian@hotmail.com,Lake David,Sweden,2024-04-21
4977,Alicia Sexton,cust4977_davislori@gmail.com,North Michael,North Macedonia,2023-06-21
4978,Molly Miller,cust4978_stevenvasquez@gmail.com,Keithmouth,Russian Federation,2024-08-03
4979,Dylan Bennett,cust4979_ronald91@yahoo.com,East Rhonda,Western Sahara,2026-05-10
4980,Philip Collins,cust4980_ariascrystal@hotmail.com,West Zacharyville,Netherlands,2026-01-18
4981,Michael Molina,cust4981_jeffreyboyd@gmail.com,Baileyville,Montenegro,2025-04-16
4982,Mark Maxwell,cust4982_estephens@gmail.com,Powellshire,British Indian Ocean Territory (Chagos Archipelago),2024-06-11
4983,Ryan Anthony,cust4983_jessicaspence@yahoo.com,Lake Marychester,Qatar,2024-01-23
4984,Heather Mora,cust4984_sara65@hotmail.com,Ramosmouth,Netherlands Antilles,2023-01-12
4985,Julie Hamilton,cust4985_heathersparks@hotmail.com,North Rachelmouth,Antigua and Barbuda,2023-01-15
4986,Jennifer Anderson,cust4986_kimberlyyoung@gmail.com,West Taylor,Finland,2026-03-29
4987,Tammy Higgins,cust4987_gjimenez@yahoo.com,Shanemouth,Ecuador,2025-12-06
4988,Kimberly Ayers,cust4988_mary05@gmail.com,South Wandaborough,Burkina Faso,2023-08-30
4989,Daniel Little,cust4989_lbecker@gmail.com,East Tonyaburgh,Namibia,2025-11-30
4990,Hannah Waters,cust4990_wsanders@gmail.com,New Alexandraborough,Luxembourg,2023-01-15
4991,Amanda George,cust4991_wallemily@hotmail.com,South Davidland,Guatemala,2025-02-07
4992,Courtney Parker,cust4992_harttravis@yahoo.com,Lake Amyport,Mauritius,2024-02-25
4993,Katherine Rodriguez,cust4993_kwebster@yahoo.com,Mariafurt,Dominican Republic,2024-10-08
4994,Jay Greer,cust4994_bookerjohn@yahoo.com,Lake Heather,Puerto Rico,2025-04-17
4995,Tracey White,cust4995_wagnernicolas@hotmail.com,Brownbury,Cambodia,2025-01-11
4996,Jacqueline Farrell,cust4996_ecole@hotmail.com,New Stevenmouth,Bouvet Island (Bouvetoya),2023-08-07
4997,Richard Baldwin,cust4997_jenniferwilliams@gmail.com,East Geraldbury,Bosnia and Herzegovina,2023-11-13
4998,Lauren Sanders MD,cust4998_samanthacruz@hotmail.com,South Johnland,Wallis and Futuna,2025-05-22
4999,Stephanie Scott,cust4999_ramirezmary@yahoo.com,Kevinland,Sri Lanka,2026-04-13
5000,Dr. Shannon Mahoney,cust5000_michael16@yahoo.com,West Dianafurt,Congo,2024-06-03
5001,Craig Gonzalez,cust5001_gespinoza@yahoo.com,Andrewmouth,Vietnam,2024-06-19
5002,Daniel White,cust5002_melanie01@hotmail.com,South Michaelfurt,Eritrea,2026-01-02
5003,Robert Curtis,cust5003_orichard@hotmail.com,Washingtonville,Swaziland,2025-05-17
5004,Deborah Parker,cust5004_edward48@yahoo.com,Kelliland,Poland,2026-03-02
5005,Cindy Lowery,cust5005_barnettjames@yahoo.com,Port Abigailton,Yemen,2025-01-18
5006,Teresa George,cust5006_dana65@gmail.com,East Samantha,Belize,2026-06-07
5007,Edwin Rios,cust5007_glennruben@yahoo.com,New Joseph,Latvia,2024-07-18
5008,Morgan Hoffman,cust5008_deborahcox@hotmail.com,South Michelebury,Montenegro,2025-03-24
5009,Terri Hopkins,cust5009_lmartinez@gmail.com,Port Andrea,Guyana,2024-02-22
5010,Richard Rodriguez DDS,cust5010_jeanetteirwin@hotmail.com,East Williamborough,Afghanistan,2025-04-26
5011,Jessica Pitts,cust5011_huntrhonda@hotmail.com,West Michael,Israel,2026-02-04
5012,Brandon Cole Jr.,cust5012_nsmith@gmail.com,South Donaldberg,Dominica,2026-02-15
5013,William Nguyen,cust5013_wrightjason@gmail.com,West Johnchester,Chad,2025-09-15
5014,Kimberly Stevens,cust5014_jenniferjarvis@hotmail.com,Port Josephtown,Morocco,2024-01-02
5015,Derek Griffin,cust5015_bdavis@hotmail.com,New Elizabeth,Mauritania,2025-01-28
5016,Joshua Anderson,cust5016_paul21@yahoo.com,South David,Libyan Arab Jamahiriya,2026-02-19
5017,Joseph Castaneda,cust5017_dawn73@gmail.com,East Rebecca,Burundi,2026-02-10
5018,Scott Gonzalez,cust5018_philipreese@gmail.com,Johnport,Guam,2025-09-17
5019,Dr. Paula Pugh DDS,cust5019_areed@yahoo.com,Stevenland,Kenya,2024-06-03
5020,Daniel Adams,cust5020_cooperbrenda@hotmail.com,South Heatherburgh,Saudi Arabia,2024-09-20
5021,Christopher Wright,cust5021_josephhouston@hotmail.com,West Jessica,British Indian Ocean Territory (Chagos Archipelago),2026-03-29
5022,Laurie Flores,cust5022_molinadenise@hotmail.com,Webbview,Lithuania,2024-12-06
5023,Joshua Martinez,cust5023_elizabeth06@yahoo.com,West Latoya,Afghanistan,2025-03-26
5024,Jeffrey Thompson,cust5024_turnerdonna@yahoo.com,Zhangview,New Zealand,2023-10-10
5025,Kimberly Alvarez,cust5025_april92@yahoo.com,West Georgehaven,Tunisia,2023-09-01
5026,Vanessa Young,cust5026_karen82@hotmail.com,Port Tinaton,Malawi,2024-04-15
5027,Nathaniel Davidson,cust5027_wheelerwyatt@gmail.com,North Betty,Bulgaria,2025-07-03
5028,Mark Smith,cust5028_katrina35@hotmail.com,Travisland,Croatia,2023-11-28
5029,Christopher Grimes,cust5029_brianachung@gmail.com,West Christopher,American Samoa,2023-07-25
5030,Susan Jackson,cust5030_meganmonroe@hotmail.com,West Kristina,Portugal,2024-03-15
5031,Mary Hebert,cust5031_ryanjohnson@gmail.com,West Brandon,Albania,2025-11-07
5032,Julie May,cust5032_hallkelsey@gmail.com,Rodriguezstad,Australia,2025-03-31
5033,Kimberly Hernandez,cust5033_gsmith@hotmail.com,Lydiaburgh,Zimbabwe,2024-11-24
5034,Kimberly Wilson,cust5034_christopher22@hotmail.com,Hendrickston,Angola,2026-02-01
5035,Lauren Higgins,cust5035_becky11@yahoo.com,West Victoriaton,Dominica,2026-06-11
5036,Ross Mason,cust5036_iwright@hotmail.com,Christinatown,Saudi Arabia,2023-04-17
5037,Eugene Johnston,cust5037_adriana34@gmail.com,New Sarah,Portugal,2023-11-26
5038,Thomas Simmons,cust5038_tjones@hotmail.com,Port Lynn,Swaziland,2025-03-07
5039,Pamela Morgan,cust5039_linda19@yahoo.com,Powersfort,Austria,2023-01-11
5040,William Greene,cust5040_harmonjanet@gmail.com,West Jacob,Iran,2023-07-06
5041,Stephanie Hanson,cust5041_garretttheodore@gmail.com,Alexmouth,Sao Tome and Principe,2023-10-25
5042,Jacqueline Patel,cust5042_hfisher@hotmail.com,Elizabethside,Lao People's Democratic Republic,2025-08-23
5043,Brian Cooper,cust5043_michelemurillo@gmail.com,Cherylville,Nigeria,2026-05-14
5044,Michael Nguyen,cust5044_david33@yahoo.com,Hendersonside,British Indian Ocean Territory (Chagos Archipelago),2025-06-10
5045,Brandon Mccormick,cust5045_andrew01@hotmail.com,North Margarettown,Ukraine,2023-06-30
5046,Justin White,cust5046_joe65@yahoo.com,Christopherhaven,New Caledonia,2023-05-12
5047,Kathryn May,cust5047_qmason@yahoo.com,Calvinmouth,Netherlands Antilles,2024-06-22
5048,Dustin Allen,cust5048_staffordrachel@yahoo.com,Carrieview,Martinique,2024-03-30
5049,Christine Villegas,cust5049_christina08@gmail.com,North Stephaniechester,Namibia,2025-01-29
5050,Louis Davis,cust5050_jacobmata@gmail.com,South Thomasburgh,Iceland,2023-06-13
5051,Donna Farmer,cust5051_jasminegriffin@gmail.com,Anneshire,Montenegro,2026-06-01
5052,Travis Ramirez,cust5052_brownseth@gmail.com,South Clairestad,Bolivia,2023-03-19
5053,Robert Nguyen,cust5053_mariajohnson@yahoo.com,Jasonfort,French Guiana,2025-02-26
5054,Heather Howard,cust5054_brittneymiller@yahoo.com,Cruzmouth,Equatorial Guinea,2025-03-31
5055,Tracey Scott,cust5055_gmoses@gmail.com,Holmeshaven,Saint Martin,2026-06-11
5056,John Nielsen,cust5056_tholder@hotmail.com,East Brian,Netherlands Antilles,2025-12-03
5057,Mark Robinson,cust5057_hburton@gmail.com,Rodgersberg,Egypt,2024-08-09
5058,Carrie Rogers,cust5058_millerjoy@hotmail.com,East Joanmouth,Italy,2026-05-08
5059,Jack Davis,cust5059_colewesley@yahoo.com,Davidfurt,Lao People's Democratic Republic,2023-04-28
5060,Michael Maddox,cust5060_kingdominique@gmail.com,Charlenechester,Germany,2023-12-25
5061,Clifford Scott PhD,cust5061_laura79@hotmail.com,Christopherfurt,Bahrain,2025-10-09
5062,Scott Gilbert,cust5062_downsdonna@yahoo.com,Lake Natalietown,Grenada,2025-06-18
5063,Matthew Collins,cust5063_vjackson@yahoo.com,Port Daniel,Guernsey,2023-01-22
5064,Steven Gilbert,cust5064_lauracherry@hotmail.com,South Rachelfurt,Samoa,2024-02-18
5065,Howard Hernandez,cust5065_dawn20@gmail.com,Port Tiffanymouth,Liberia,2025-11-27
5066,Katherine Sullivan,cust5066_kristen11@gmail.com,Miguelton,South Africa,2024-08-08
5067,Juan Graham,cust5067_brad96@hotmail.com,Port Dakotaberg,Cameroon,2024-02-03
5068,Phillip Barnes,cust5068_jamievelez@hotmail.com,West Henry,Italy,2023-03-10
5069,Joel Soto,cust5069_athompson@yahoo.com,Williamborough,Brunei Darussalam,2026-05-12
5070,Jessica Lee,cust5070_sharon70@gmail.com,East James,Singapore,2025-11-11
5071,Maria Meadows,cust5071_martinmichelle@hotmail.com,North Joshua,Trinidad and Tobago,2025-11-22
5072,Kaitlin Parker,cust5072_xdavis@hotmail.com,Jeffreyville,Senegal,2024-04-19
5073,Jamie Terry,cust5073_marioperry@hotmail.com,Morganville,Singapore,2026-06-13
5074,Kimberly Mahoney,cust5074_johnroberts@gmail.com,West Edwardshire,Israel,2023-12-14
5075,Trevor Owens,cust5075_grayjames@hotmail.com,Lake Brandon,Bulgaria,2023-03-15
5076,Jeffrey Hendrix,cust5076_owenscody@gmail.com,Port Jaclynmouth,Guadeloupe,2025-01-06
5077,Wayne Morrow Jr.,cust5077_stacymolina@gmail.com,North Amy,Comoros,2024-05-04
5078,Melissa Roberts,cust5078_harrisonjennifer@hotmail.com,Josephmouth,Norfolk Island,2023-01-01
5079,John Kim,cust5079_wreilly@hotmail.com,Hernandezborough,Isle of Man,2023-11-19
5080,Brian Washington,cust5080_bradleytorres@yahoo.com,Holtville,Norfolk Island,2023-06-27
5081,Jill James,cust5081_jaredsmith@gmail.com,West Tiffany,Bulgaria,2024-07-19
5082,Tyler Davis,cust5082_ncollins@hotmail.com,Lake Lauren,Zimbabwe,2025-03-29
5083,Sydney Shepherd,cust5083_ksims@gmail.com,North Leviburgh,Kenya,2024-12-24
5084,Alexa Leon,cust5084_jessicafisher@yahoo.com,Mccoyberg,Australia,2025-03-20
5085,Michelle Kramer,cust5085_jimenezkatherine@hotmail.com,North Billy,Armenia,2025-04-10
5086,Ashley Sosa,cust5086_philip05@gmail.com,West Brendafurt,United Arab Emirates,2026-04-15
5087,Robert Mckinney,cust5087_smithamy@hotmail.com,Jasonburgh,Burkina Faso,2024-02-15
5088,Michael Moreno,cust5088_joannsmith@yahoo.com,East Kyle,Marshall Islands,2025-11-26
5089,Sharon Johnson,cust5089_ugeorge@hotmail.com,Kellyfort,South Africa,2023-02-01
5090,Eric Armstrong,cust5090_angelagarcia@yahoo.com,Port Charles,Tunisia,2023-05-21
5091,Elizabeth Sutton,cust5091_shawn91@gmail.com,Johnsonhaven,Estonia,2023-07-04
5092,Julie Becker,cust5092_grantdustin@gmail.com,Erikashire,South Georgia and the South Sandwich Islands,2026-01-30
5093,Jesse Brock,cust5093_amanda85@hotmail.com,Osborneport,Gabon,2024-08-05
5094,Angela Baker,cust5094_sotosteven@hotmail.com,West Davidton,Lesotho,2026-02-19
5095,Dale Riley,cust5095_jimmy82@yahoo.com,Floydfurt,Brazil,2026-04-08
5096,Brandi Quinn,cust5096_marcus52@yahoo.com,Port Jaredburgh,Taiwan,2024-12-13
5097,Samantha Bauer,cust5097_qlittle@gmail.com,New Sydneymouth,Monaco,2024-12-12
5098,Samuel Carr,cust5098_jonathanhansen@gmail.com,Lake Timothyborough,Mongolia,2024-07-20
5099,Kyle Hodges,cust5099_anamoore@hotmail.com,New Maryborough,Turks and Caicos Islands,2024-04-08
5100,Erica Ramos,cust5100_amanda55@gmail.com,Benjaminhaven,British Indian Ocean Territory (Chagos Archipelago),2026-05-26
5101,Michael Baker,cust5101_stevenshaw@yahoo.com,Martinfort,Vietnam,2024-02-03
5102,Nicole Howe,cust5102_lhutchinson@yahoo.com,Port William,British Virgin Islands,2025-07-20
5103,Elizabeth Wiggins,cust5103_woneill@gmail.com,Brittanymouth,Guam,2025-04-07
5104,Andrew Phillips,cust5104_pbrady@hotmail.com,Marcport,Grenada,2026-03-23
5105,Ann Rios,cust5105_charleswilliamson@hotmail.com,Anitaborough,Belgium,2023-01-10
5106,Anthony Howard,cust5106_brianberry@hotmail.com,North Wendy,Reunion,2024-06-18
5107,Thomas Hernandez,cust5107_martinstephanie@yahoo.com,Port Vincentchester,United States Virgin Islands,2023-12-25
5108,Jessica Wilkins,cust5108_mharrell@hotmail.com,New Franklin,Russian Federation,2025-04-13
5109,Dylan Sutton,cust5109_wadecarmen@hotmail.com,Freemanmouth,Portugal,2025-11-02
5110,Lauren Ortiz,cust5110_elizabeth95@hotmail.com,Lake Dariusland,Cuba,2023-08-07
5111,Thomas Williams,cust5111_matthewking@gmail.com,Danielfurt,Japan,2026-02-18
5112,Julie Simmons,cust5112_ruth44@gmail.com,Lake Christopher,Malaysia,2023-05-29
5113,Bryan Harvey,cust5113_renee57@gmail.com,Port Michaelmouth,Denmark,2025-10-27
5114,James Costa,cust5114_natasha55@gmail.com,South Madison,Nepal,2024-08-25
5115,Jacob Gomez,cust5115_jessicabrown@gmail.com,New Wesley,Slovenia,2024-11-27
5116,Christina Crane,cust5116_lauramckenzie@hotmail.com,Walterhaven,Mozambique,2023-08-28
5117,Annette Ross,cust5117_shelia28@yahoo.com,Stephanieborough,Antigua and Barbuda,2025-11-17
5118,Matthew Francis,cust5118_qgarcia@gmail.com,Calderonbury,Palau,2024-06-11
5119,Joe Martin,cust5119_janice00@hotmail.com,Brianport,Spain,2026-01-06
5120,Stacey Ramos,cust5120_carrieramos@hotmail.com,North Sarahhaven,Heard Island and McDonald Islands,2026-03-23
5121,Teresa Barton,cust5121_figueroamichelle@gmail.com,Angelamouth,Mali,2024-05-27
5122,Andrew Garcia,cust5122_victor14@gmail.com,Freemanshire,Senegal,2025-06-25
5123,Richard Morris,cust5123_kbishop@gmail.com,Lake Jamesshire,Antigua and Barbuda,2025-02-11
5124,Jennifer Mills,cust5124_parkertim@yahoo.com,East Alexander,Nigeria,2026-02-27
5125,Tara Collins,cust5125_torresrebecca@hotmail.com,Port Stephanie,Macao,2025-09-17
5126,John Blackburn,cust5126_dhenry@yahoo.com,South Matthewmouth,Fiji,2024-05-13
5127,Nancy Hines,cust5127_apeters@gmail.com,Garciaport,Dominica,2024-11-26
5128,Matthew Mccarthy,cust5128_bernardlinda@yahoo.com,Vickiberg,Georgia,2025-07-28
5129,Johnny Jordan,cust5129_jturner@gmail.com,Richardbury,Faroe Islands,2025-08-01
5130,Christina Nguyen,cust5130_martinezchristopher@gmail.com,Lake David,Ethiopia,2026-04-16
5131,Patricia Nelson,cust5131_millerjudith@gmail.com,Lake Shawnport,Lao People's Democratic Republic,2023-02-26
5132,Justin Carney,cust5132_gcarroll@hotmail.com,Oliviaborough,Slovakia (Slovak Republic),2025-09-14
5133,Charlotte Jones,cust5133_marc82@yahoo.com,Bradyhaven,Anguilla,2023-08-27
5134,Amanda White,cust5134_shane36@hotmail.com,Frankview,Christmas Island,2024-06-12
5135,Meghan Brown,cust5135_paulhumphrey@hotmail.com,Madisonport,Iran,2023-05-19
5136,Lawrence Anderson,cust5136_webbholly@hotmail.com,Hernandezbury,Reunion,2025-02-22
5137,Timothy Wong,cust5137_hicksrobert@hotmail.com,East Maria,Gabon,2024-03-27
5138,Destiny Hall,cust5138_cbautista@hotmail.com,New Patricia,Angola,2024-04-15
5139,Tiffany Ball,cust5139_pedro98@gmail.com,New Kevin,Afghanistan,2024-10-08
5140,Brittany Holmes,cust5140_qschwartz@yahoo.com,Christineport,Botswana,2025-04-24
5141,Meghan Carter,cust5141_qgreene@yahoo.com,Nguyenstad,Dominica,2024-12-24
5142,Mackenzie Jackson,cust5142_copelandryan@hotmail.com,East Frances,Cameroon,2025-11-23
5143,Michael Smith,cust5143_brookeherrera@yahoo.com,Crossside,Burundi,2026-01-02
5144,Jennifer Welch,cust5144_adamhernandez@gmail.com,North David,Mexico,2023-01-20
5145,Marcus Harris,cust5145_lori32@hotmail.com,East Garrett,Cambodia,2024-06-23
5146,David Adams,cust5146_hatkinson@gmail.com,West Katherineshire,Oman,2024-05-23
5147,Kimberly Caldwell,cust5147_jasonsosa@gmail.com,New Sheila,Gabon,2024-08-11
5148,Scott Foster,cust5148_gmiller@hotmail.com,Port Williamborough,Cameroon,2023-07-10
5149,Susan Allen,cust5149_seanmullins@yahoo.com,North Kimberly,Guatemala,2025-03-28
5150,Samantha Scott,cust5150_ericjohnson@gmail.com,Veronicafort,Spain,2024-12-01
5151,David Kerr,cust5151_christina73@gmail.com,South Johnny,Tokelau,2023-06-05
5152,Maria Warren,cust5152_olarsen@gmail.com,Port Rebeccaton,Iran,2026-02-09
5153,Sandra Casey,cust5153_aarontapia@yahoo.com,South Julie,Hong Kong,2024-01-01
5154,Mr. Jordan Perkins,cust5154_fconway@hotmail.com,Taylorbury,Czech Republic,2025-09-02
5155,Zachary Mason,cust5155_lcannon@gmail.com,East Amanda,Venezuela,2024-10-04
5156,Leslie Yu PhD,cust5156_nguyenbrooke@yahoo.com,Jamesville,Zambia,2024-12-25
5157,Julie Rodgers,cust5157_hernandezerica@gmail.com,Jacobsfurt,Cape Verde,2024-03-23
5158,Andrew Andrews,cust5158_eric42@yahoo.com,Ronaldmouth,Saint Barthelemy,2026-03-20
5159,William Hernandez,cust5159_alvarezjessica@gmail.com,North Seanmouth,Grenada,2024-07-05
5160,Jordan Brennan,cust5160_hwright@gmail.com,Chavezport,Tonga,2024-01-10
5161,Michael Clarke,cust5161_floydtravis@gmail.com,Freemanfort,Maldives,2024-01-25
5162,Nancy Robertson,cust5162_andrewmartin@yahoo.com,East Emily,Saint Lucia,2025-10-18
5163,Thomas Castro,cust5163_kevinvillanueva@yahoo.com,Port Lukemouth,Somalia,2024-02-13
5164,Wendy Gonzalez,cust5164_brianlarsen@hotmail.com,East Karenview,Costa Rica,2024-04-25
5165,Thomas Alexander,cust5165_danielhuynh@hotmail.com,Lauratown,South Africa,2024-05-10
5166,Krista Robertson,cust5166_wiseamber@hotmail.com,Annetteshire,Kyrgyz Republic,2024-06-27
5167,Michael May,cust5167_nancycastillo@gmail.com,New Joe,Spain,2024-02-28
5168,Laura Ryan,cust5168_morgandavis@gmail.com,Whiteview,Zambia,2024-04-14
5169,Joe Perry,cust5169_rebeccatate@hotmail.com,Port Paulland,United States Minor Outlying Islands,2024-02-20
5170,Deanna Long,cust5170_mcdonaldnoah@hotmail.com,Bradfordview,Faroe Islands,2024-05-26
5171,Laurie Wilson,cust5171_christopher15@yahoo.com,South Kimberly,China,2026-06-20
5172,Stephen Perez,cust5172_braunjulie@hotmail.com,Taylorhaven,Gabon,2024-12-30
5173,Danny Anderson,cust5173_zpennington@gmail.com,Vazquezstad,Cayman Islands,2023-11-16
5174,Gregg Cisneros,cust5174_uosborne@hotmail.com,East Cesar,British Indian Ocean Territory (Chagos Archipelago),2023-08-07
5175,Connie Jones,cust5175_oreyes@hotmail.com,South Steven,Saudi Arabia,2023-09-03
5176,Kevin Anderson,cust5176_powens@hotmail.com,Richardstad,Comoros,2023-06-10
5177,Elizabeth Long,cust5177_danielle74@gmail.com,Sparksbury,Eritrea,2025-10-05
5178,Kimberly Kim,cust5178_sdavis@yahoo.com,Kramerberg,Mongolia,2026-06-11
5179,Jonathan Walton,cust5179_umack@gmail.com,New Reneeland,Slovenia,2023-01-14
5180,Andrew Atkinson,cust5180_hfernandez@hotmail.com,Lake Ricky,Lesotho,2026-01-13
5181,Andrea Fernandez,cust5181_clarkisaac@yahoo.com,Lake Zacharyborough,Djibouti,2023-03-28
5182,Brittany Wells,cust5182_deborah54@hotmail.com,Jessicaport,Seychelles,2025-09-14
5183,John Martin,cust5183_lfletcher@yahoo.com,Lauramouth,Uzbekistan,2025-01-30
5184,Joy Johnson,cust5184_cgrant@hotmail.com,Davidtown,Pitcairn Islands,2026-06-25
5185,Barbara Kennedy,cust5185_jamesbennett@hotmail.com,West Tiffany,Netherlands,2024-10-07
5186,Sara Harris,cust5186_stephensapril@yahoo.com,New Chadhaven,Belarus,2025-10-05
5187,Bradley Martin,cust5187_zrobinson@hotmail.com,West Ryanland,Antigua and Barbuda,2026-03-22
5188,Steven Jackson,cust5188_katelyn19@gmail.com,West Robert,South Georgia and the South Sandwich Islands,2024-07-16
5189,Katie Roberts,cust5189_tonywhite@hotmail.com,New Jonathan,Saint Kitts and Nevis,2025-10-02
5190,Sharon Kelly,cust5190_brianbaker@gmail.com,New Tinaside,Cayman Islands,2024-01-10
5191,Marie Hernandez,cust5191_zrocha@hotmail.com,Jordanmouth,Malaysia,2025-11-12
5192,Corey Davis,cust5192_candiceadams@hotmail.com,South Michael,Croatia,2024-07-27
5193,Dr. Michael Bautista,cust5193_alyssa41@hotmail.com,Simpsonville,Moldova,2025-03-25
5194,Gabriel Hanson,cust5194_hickstina@hotmail.com,Bellhaven,Guadeloupe,2024-03-30
5195,Kelly Williams,cust5195_wryan@hotmail.com,Cynthiashire,Tanzania,2026-03-27
5196,David Boyle,cust5196_williamssteven@gmail.com,Zimmermanfort,Chad,2023-09-20
5197,Vincent Morgan,cust5197_brandon25@hotmail.com,Lake Lisa,Panama,2023-04-21
5198,Preston Benjamin,cust5198_nathanbeard@hotmail.com,Sarahtown,Egypt,2025-12-12
5199,Jodi Stewart,cust5199_markharrington@yahoo.com,Hernandezfurt,Kenya,2025-05-16
5200,Kelly Elliott,cust5200_fflores@yahoo.com,New Adam,Japan,2025-09-06
5201,Paul Howell,cust5201_alexander90@yahoo.com,South Jennifer,Chile,2026-01-12
5202,Misty Porter,cust5202_amanda36@gmail.com,Cynthiastad,Gabon,2023-03-08
5203,Michael White,cust5203_durhamcheryl@yahoo.com,Andrewmouth,San Marino,2025-10-26
5204,Kristina Jones,cust5204_ashley28@gmail.com,Jenniferton,Russian Federation,2024-12-12
5205,Ryan Young,cust5205_raven17@yahoo.com,Lopezbury,Uzbekistan,2025-03-17
5206,Amber Ryan,cust5206_estuart@gmail.com,Jeremyville,Libyan Arab Jamahiriya,2023-12-24
5207,Corey Kim,cust5207_enoble@gmail.com,Markborough,Uzbekistan,2025-07-25
5208,Nicole King,cust5208_lgarcia@yahoo.com,Brendanside,Rwanda,2023-09-04
5209,Katelyn Shea,cust5209_james79@hotmail.com,Gamblehaven,Taiwan,2025-11-27
5210,Michael Robertson,cust5210_hansonmark@gmail.com,Mitchellport,Romania,2025-07-31
5211,Rick Miller,cust5211_wmcknight@yahoo.com,Louisport,Ukraine,2024-10-08
5212,Michael Johnson,cust5212_meyerdana@yahoo.com,Andreahaven,Paraguay,2023-01-18
5213,Joshua Brooks,cust5213_ucampbell@gmail.com,Port Steven,Haiti,2023-01-25
5214,William Jones,cust5214_ronald27@yahoo.com,North Sarahstad,Svalbard & Jan Mayen Islands,2024-03-07
5215,Janet Price,cust5215_fernandezlynn@gmail.com,Benitezshire,Canada,2025-02-16
5216,Justin Scott,cust5216_lisahenderson@yahoo.com,Williamsfurt,North Macedonia,2026-04-04
5217,Richard Atkins,cust5217_toddmurphy@hotmail.com,New Abigail,Saint Kitts and Nevis,2023-07-26
5218,Cristina Davis,cust5218_debrahoward@yahoo.com,Sarahburgh,Macao,2024-10-28
5219,Tonya Thompson,cust5219_everettlindsay@yahoo.com,Morrisview,Luxembourg,2025-01-10
5220,Sydney Mack,cust5220_bradleyandrew@hotmail.com,North Benjaminborough,Ukraine,2026-06-08
5221,Jason Ortiz,cust5221_owensalexander@hotmail.com,Hoganport,Puerto Rico,2024-06-15
5222,Michele Orozco,cust5222_jdudley@yahoo.com,Osbornestad,Afghanistan,2024-01-19
5223,Nicholas Hines,cust5223_michaelchang@gmail.com,Port Nancy,Brazil,2026-01-28
5224,Dakota Harris,cust5224_valerie27@gmail.com,Linfurt,United States of America,2024-06-22
5225,Christopher Taylor,cust5225_jasonjohnson@hotmail.com,Port Karenton,Brazil,2024-04-30
5226,Paul Knox,cust5226_randy83@yahoo.com,Bakerville,Libyan Arab Jamahiriya,2024-07-05
5227,Alexandra Kelley,cust5227_codyanderson@gmail.com,North Melissa,Timor-Leste,2025-08-23
5228,Denise Jimenez,cust5228_dakotaburns@gmail.com,Port Karenbury,Korea,2026-06-09
5229,Edward James,cust5229_hneal@hotmail.com,East Chelsea,Korea,2024-12-03
5230,Sherry Ashley,cust5230_seanlong@gmail.com,Heatherchester,Cuba,2025-01-19
5231,Holly Kelly,cust5231_jonescarl@hotmail.com,West Sandrashire,Saint Barthelemy,2024-01-12
5232,Betty Lee,cust5232_barbara30@gmail.com,Diazshire,Saint Lucia,2025-10-18
5233,George Mccarty PhD,cust5233_michael99@gmail.com,Lawrenceland,Albania,2025-05-18
5234,Mark Harris,cust5234_csmith@gmail.com,Port Julie,Japan,2024-03-07
5235,Dwayne Anderson,cust5235_stephaniegarcia@gmail.com,West Richardfort,New Caledonia,2025-05-08
5236,Charles Williams,cust5236_foxandrea@yahoo.com,Gregorymouth,Russian Federation,2025-02-01
5237,Michael Reyes,cust5237_ianwilliamson@hotmail.com,Lindsayport,Sri Lanka,2025-01-17
5238,Brandon Reed,cust5238_mjimenez@hotmail.com,New Jay,Trinidad and Tobago,2025-03-31
5239,Jennifer Berry,cust5239_owensalbert@yahoo.com,Erinfort,Cambodia,2024-07-26
5240,Felicia Warren,cust5240_staceychen@hotmail.com,Christopherstad,North Macedonia,2025-07-12
5241,Eric Webb,cust5241_torresjames@gmail.com,Myersmouth,Turkey,2024-01-04
5242,Christopher Cooper,cust5242_steveblair@gmail.com,East Heather,Indonesia,2026-03-16
5243,Candace Anderson,cust5243_colemankristen@yahoo.com,South Joe,San Marino,2023-09-26
5244,Breanna Sampson,cust5244_jonespaula@yahoo.com,Rogerstad,Vanuatu,2026-03-25
5245,Amanda Moreno,cust5245_jodi18@yahoo.com,North Jason,Lithuania,2024-04-13
5246,Andrew Winters,cust5246_hilljoseph@gmail.com,West Kathrynshire,Mauritius,2023-07-24
5247,Kevin Jacobson,cust5247_loriwilliams@hotmail.com,Terryton,Saint Lucia,2024-07-06
5248,Karen Frye,cust5248_elizabeth65@yahoo.com,Ericstad,Colombia,2024-04-27
5249,Jessica Mills,cust5249_srogers@yahoo.com,Larryberg,Mozambique,2026-02-11
5250,Johnny Johnson,cust5250_dwayneward@hotmail.com,Summersport,New Zealand,2025-06-04
5251,Scott Hines,cust5251_christophercruz@hotmail.com,Gregghaven,Somalia,2025-02-19
5252,Donald Kelley,cust5252_barkerhunter@gmail.com,Lake Louis,Turkmenistan,2024-02-06
5253,Mr. Bryan King IV,cust5253_zacharydawson@gmail.com,Thomasbury,Bangladesh,2023-10-26
5254,Gail Bell,cust5254_jessicagonzalez@yahoo.com,Mcgrathchester,Cuba,2023-11-03
5255,Raymond Best,cust5255_tiffany58@gmail.com,Khanchester,Guinea-Bissau,2025-08-26
5256,Robert Norton,cust5256_reeddana@hotmail.com,Robinsontown,Northern Mariana Islands,2023-01-20
5257,John Dixon,cust5257_yvonne14@hotmail.com,Danaberg,Western Sahara,2023-12-28
5258,Sarah Gonzalez,cust5258_nortiz@gmail.com,Edwardsmouth,Indonesia,2025-05-13
5259,Timothy Reed,cust5259_michael10@yahoo.com,Lindsayside,British Virgin Islands,2025-10-20
5260,Jennifer Fischer,cust5260_fblackwell@yahoo.com,North Tonyhaven,Kazakhstan,2023-10-03
5261,Leslie Mckee,cust5261_danielnicole@hotmail.com,Lake Darryl,Senegal,2025-11-24
5262,Matthew Green,cust5262_myersnicholas@gmail.com,South Colleenfort,Israel,2025-12-29
5263,Gwendolyn Wright,cust5263_melissawalter@gmail.com,New Loriport,Russian Federation,2024-10-08
5264,Kevin Smith,cust5264_elizabeththompson@hotmail.com,North Sheliafort,Slovenia,2025-09-23
5265,Gerald Hayes,cust5265_davidwhite@gmail.com,Port Kevin,New Zealand,2024-09-06
5266,Samantha Brown,cust5266_zmarquez@gmail.com,South Devinland,Saint Pierre and Miquelon,2024-05-28
5267,Matthew Pittman,cust5267_eclark@gmail.com,Gillmouth,Tunisia,2026-02-25
5268,Austin Medina,cust5268_michaelfleming@yahoo.com,Michaelborough,Botswana,2026-03-08
5269,Courtney Davis,cust5269_kelly70@hotmail.com,Leeville,Dominica,2023-04-08
5270,Ryan Smith,cust5270_joshua07@yahoo.com,Karenfort,Bouvet Island (Bouvetoya),2025-03-26
5271,Sara Cruz,cust5271_crystalnelson@yahoo.com,East Christophermouth,United Kingdom,2023-07-22
5272,Cynthia Gilbert,cust5272_osbornemaria@gmail.com,Duranview,Saint Lucia,2023-12-01
5273,Mary Holmes,cust5273_amanda02@gmail.com,South Jennifer,Honduras,2023-05-03
5274,Beverly Spencer,cust5274_hendersonryan@yahoo.com,West Gregory,Nauru,2024-03-17
5275,Nicholas Roth,cust5275_rachel51@hotmail.com,South Scottport,Norway,2024-06-04
5276,Nicholas Smith,cust5276_alexisclark@yahoo.com,Jamesfort,Bosnia and Herzegovina,2025-09-02
5277,Michael Scott,cust5277_sean54@gmail.com,South Tonya,Guadeloupe,2023-07-17
5278,David Castaneda,cust5278_tiffanyodom@yahoo.com,East Evan,Grenada,2025-07-10
5279,Sheena Walker,cust5279_lopezteresa@yahoo.com,Greenfurt,Northern Mariana Islands,2024-11-16
5280,Cheryl Holmes,cust5280_osawyer@yahoo.com,West Allisonfort,Turkmenistan,2024-06-16
5281,Katherine Rogers,cust5281_ianmiller@hotmail.com,Lake Rebecca,Antigua and Barbuda,2025-01-09
5282,Alexandria Hernandez,cust5282_dean03@gmail.com,Davidsonside,Gabon,2025-01-07
5283,Randy Clark,cust5283_leondavid@yahoo.com,Allenborough,Iraq,2026-02-21
5284,Keith Bowman,cust5284_richardmorgan@yahoo.com,Christinashire,Lesotho,2026-02-15
5285,Sheri Christian,cust5285_francojenna@yahoo.com,Lauriemouth,Egypt,2024-06-11
5286,Linda Jimenez,cust5286_travisstewart@yahoo.com,New Jason,Macao,2024-12-05
5287,Kelly Long,cust5287_zclements@gmail.com,Port Kevin,Somalia,2023-02-10
5288,Amanda Miller,cust5288_jordan16@hotmail.com,West Catherine,Kyrgyz Republic,2025-04-23
5289,Peter Byrd,cust5289_elizabeth11@hotmail.com,Nicolechester,Holy See (Vatican City State),2023-09-06
5290,Victoria Sanders,cust5290_rowlandsarah@yahoo.com,Suttonview,Nepal,2024-12-20
5291,Judith Lara,cust5291_craig83@yahoo.com,Robertshire,Cuba,2026-05-25
5292,Melvin Nguyen,cust5292_daniel82@gmail.com,Port Brian,Swaziland,2024-02-12
5293,Katelyn Johnson DDS,cust5293_vortiz@yahoo.com,Millerview,Mongolia,2026-03-27
5294,Melinda Hall,cust5294_jonathan46@yahoo.com,Perkinsborough,Malawi,2026-03-25
5295,Jacqueline Martin,cust5295_aguirredawn@gmail.com,Sosamouth,Northern Mariana Islands,2026-01-07
5296,Caitlin Williams,cust5296_christophergross@hotmail.com,Barkerhaven,Italy,2023-12-24
5297,Dennis Mckenzie,cust5297_bwarren@hotmail.com,Gonzaleztown,Kuwait,2024-08-05
5298,Brandon Davis,cust5298_john18@gmail.com,Mullinsfort,Western Sahara,2024-12-28
5299,Angela Espinoza,cust5299_tparks@gmail.com,Jeremyshire,Moldova,2024-10-27
5300,Debra Cardenas,cust5300_karen19@gmail.com,Jenniferside,North Macedonia,2025-11-11
5301,Richard Bradford,cust5301_yroberts@gmail.com,Davidmouth,Georgia,2025-09-25
5302,Hunter Duke,cust5302_alexandriamurphy@hotmail.com,Lake Steve,Monaco,2025-07-04
5303,Patrick Reed,cust5303_jeffrey18@hotmail.com,North Anthonyshire,Vanuatu,2023-06-10
5304,James Flowers,cust5304_smalltabitha@hotmail.com,Jordanshire,Morocco,2025-02-19
5305,Tina Ellis,cust5305_richardwiggins@gmail.com,Brianland,Algeria,2026-06-10
5306,Jessica Pittman,cust5306_sarah29@yahoo.com,Georgeborough,Gibraltar,2024-08-09
5307,Angel Davenport,cust5307_edward82@gmail.com,Ashleyhaven,Fiji,2025-08-07
5308,Kathryn Washington,cust5308_medinalauren@yahoo.com,Charlesburgh,Belgium,2023-10-24
5309,Douglas Gray,cust5309_carrie37@gmail.com,Thomasberg,Czech Republic,2023-12-10
5310,James Joseph,cust5310_patrickrodriguez@hotmail.com,Brownmouth,Latvia,2024-11-21
5311,Ryan Martin,cust5311_tyler54@hotmail.com,Maynardton,Montenegro,2025-05-13
5312,Jason Adams,cust5312_wyatt85@yahoo.com,North Ryanchester,Macao,2026-06-08
5313,Thomas Gutierrez,cust5313_vrose@gmail.com,West Christine,Seychelles,2026-03-16
5314,Daniel Clark,cust5314_darlenefrederick@hotmail.com,East Nicholas,Angola,2025-04-08
5315,Joshua Mcfarland,cust5315_ojoyce@yahoo.com,Kochport,Bulgaria,2023-05-27
5316,Sara Singh,cust5316_cnichols@hotmail.com,Lake Jefferyland,Lao People's Democratic Republic,2023-06-12
5317,Jeffrey Medina,cust5317_bryantstephanie@gmail.com,North John,Isle of Man,2023-11-28
5318,Gabriel Stewart,cust5318_ywalker@hotmail.com,South James,Romania,2024-12-04
5319,Nicole Clark,cust5319_lauracochran@gmail.com,Port Brian,Finland,2024-04-12
5320,Catherine Brown,cust5320_kwheeler@hotmail.com,North Kevin,Mauritania,2024-10-04
5321,Todd Mclaughlin,cust5321_wsharp@gmail.com,East James,Sierra Leone,2024-10-10
5322,Michael Cain,cust5322_jodysoto@hotmail.com,Carlaland,Christmas Island,2024-08-19
5323,Leah Frazier,cust5323_christinebarron@gmail.com,East Scott,Samoa,2024-07-01
5324,Stephen Khan,cust5324_batespamela@gmail.com,Mccarthyland,Uzbekistan,2026-05-24
5325,Vicki Munoz,cust5325_jamesbird@hotmail.com,Goodmanbury,Mayotte,2025-03-20
5326,Patricia Hoffman,cust5326_allenalexander@gmail.com,East Anna,Switzerland,2024-07-09
5327,Jeffrey Bryant,cust5327_sherylsullivan@yahoo.com,West Victorchester,Belarus,2025-06-30
5328,Stacey Oneal,cust5328_qmiller@hotmail.com,Amandahaven,Bouvet Island (Bouvetoya),2025-01-13
5329,Alexandra Lyons,cust5329_doris29@gmail.com,East Bryan,Niger,2026-04-17
5330,Jonathan Joseph PhD,cust5330_dawnthomas@gmail.com,Lake Anitahaven,Portugal,2025-12-02
5331,Adam Moore,cust5331_jessicathomas@hotmail.com,Evansmouth,Maldives,2025-07-11
5332,Andrew Weber,cust5332_joseph08@hotmail.com,West Kathleen,Ethiopia,2025-04-27
5333,Gerald Tucker,cust5333_josephchang@gmail.com,Masonside,Estonia,2023-12-09
5334,Jonathan Moore,cust5334_williambowman@gmail.com,New Cameronmouth,United States Minor Outlying Islands,2024-01-12
5335,Sean Smith,cust5335_joannewallace@hotmail.com,East Tara,United Arab Emirates,2023-02-17
5336,Michael Grimes,cust5336_drew05@hotmail.com,Harriston,United States Virgin Islands,2023-09-14
5337,Christopher Franco,cust5337_juan18@yahoo.com,Cobbside,New Zealand,2024-04-25
5338,Michael Howe,cust5338_kmiles@yahoo.com,Lake Misty,Gabon,2024-05-30
5339,Kevin Richardson,cust5339_brownclayton@yahoo.com,North Jenniferhaven,Saint Lucia,2023-06-13
5340,Hailey Vargas,cust5340_jasonhughes@gmail.com,South Robertburgh,Tanzania,2024-03-07
5341,Stephanie Flores,cust5341_patriciaguerra@hotmail.com,North Kylechester,Western Sahara,2023-12-08
5342,Jacob Barnes,cust5342_brooksbradley@yahoo.com,Dominiqueland,Lebanon,2025-03-24
5343,Alexis Green,cust5343_malonetimothy@gmail.com,Hansenmouth,Greenland,2023-07-30
5344,Jasmine Martin,cust5344_kenneth33@hotmail.com,West Andrea,Austria,2023-07-15
5345,Melinda Jones,cust5345_timothywoods@gmail.com,East Marcia,Ghana,2023-05-11
5346,Christina Ballard,cust5346_kimtaylor@hotmail.com,Lake Lisastad,Lebanon,2025-08-27
5347,Stephanie Mcmillan,cust5347_garycarney@gmail.com,Codyville,Georgia,2026-01-28
5348,Ryan Robinson,cust5348_brenda18@hotmail.com,Port Kyle,Guatemala,2023-04-21
5349,Jodi Mitchell,cust5349_usims@gmail.com,East Brian,Svalbard & Jan Mayen Islands,2023-02-23
5350,Steven Williams,cust5350_amy18@gmail.com,Elainestad,Dominica,2025-03-24
5351,Scott Jordan,cust5351_michaelmassey@hotmail.com,Lake Karaview,New Zealand,2025-12-09
5352,Keith Phelps,cust5352_kim73@gmail.com,North Gregory,Syrian Arab Republic,2023-06-20
5353,Christine Moreno,cust5353_matthew85@hotmail.com,Port Ericberg,Algeria,2023-08-01
5354,Alicia Lee,cust5354_karla92@yahoo.com,Cameronburgh,Zimbabwe,2024-06-21
5355,Diana Nguyen,cust5355_feliciajohns@hotmail.com,West Ryanburgh,Aruba,2026-06-19
5356,Derek Daniel,cust5356_joshuasmith@yahoo.com,Port Gracechester,Norfolk Island,2023-11-15
5357,Noah Hoffman,cust5357_kimberlydickerson@yahoo.com,West Marisa,Saint Kitts and Nevis,2023-06-22
5358,Christina Davis,cust5358_jeffrey39@yahoo.com,Jamesfort,Greece,2025-03-09
5359,William Bryan,cust5359_lgarcia@hotmail.com,West Yvette,Ukraine,2024-09-25
5360,Megan Johnson,cust5360_audrey75@hotmail.com,New Jeremyton,Northern Mariana Islands,2024-04-14
5361,Charles Kennedy,cust5361_alexander89@yahoo.com,Tinafort,Romania,2024-05-21
5362,Debbie Taylor,cust5362_michaelfuller@hotmail.com,Lake Marychester,Georgia,2024-08-04
5363,Mark Richards,cust5363_charles34@yahoo.com,Mcdonaldshire,Venezuela,2025-06-26
5364,Marvin Butler,cust5364_christinegarrison@gmail.com,West Miguelland,Syrian Arab Republic,2023-09-16
5365,Holly Santos,cust5365_tylerlisa@hotmail.com,Lake Jodi,Algeria,2023-09-26
5366,David Nelson,cust5366_wardashley@hotmail.com,Lake Paul,Latvia,2025-12-14
5367,Daniel Nunez,cust5367_danielbaker@gmail.com,New Andrew,Angola,2023-12-16
5368,Brian Mcdaniel,cust5368_walkerchristopher@gmail.com,Alexanderstad,Holy See (Vatican City State),2023-02-28
5369,Julie Sparks,cust5369_charlesbutler@gmail.com,Williamport,Djibouti,2023-03-13
5370,Felicia Turner,cust5370_sarah75@yahoo.com,Port Zacharybury,Micronesia,2024-12-31
5371,Mark Grant,cust5371_dmiller@hotmail.com,New Nicolehaven,Mauritania,2024-10-28
5372,Alyssa Perez,cust5372_reginamartinez@yahoo.com,West Matthew,Cambodia,2025-09-02
5373,Jessica Meyer,cust5373_olewis@hotmail.com,Thompsonborough,Tonga,2025-08-14
5374,Joseph Duran,cust5374_timothycollins@yahoo.com,East Thomas,Puerto Rico,2026-01-12
5375,Christopher Gomez,cust5375_christina45@hotmail.com,East Joebury,British Indian Ocean Territory (Chagos Archipelago),2024-07-11
5376,Brett Gomez,cust5376_jennifer05@hotmail.com,West Joehaven,Mali,2026-01-28
5377,Kara Freeman,cust5377_rebecca09@hotmail.com,Dianefort,Bermuda,2025-06-30
5378,Theresa Davidson,cust5378_bowenmargaret@gmail.com,Katherinechester,Canada,2023-10-04
5379,Miranda Montes,cust5379_hallmichael@yahoo.com,Port Jennifer,Latvia,2026-01-09
5380,Scott Morris,cust5380_kari63@yahoo.com,West Dannystad,Kyrgyz Republic,2023-12-29
5381,Mary Vang,cust5381_burgessrose@hotmail.com,East Karen,Oman,2026-04-25
5382,Sonya Montgomery,cust5382_igutierrez@hotmail.com,Jacquelineview,Botswana,2026-05-08
5383,Kayla Anthony,cust5383_katrinawest@yahoo.com,Hillchester,Guernsey,2025-07-24
5384,Lauren Molina,cust5384_wendysmith@yahoo.com,East Thomas,Portugal,2026-03-01
5385,Jennifer Bradford,cust5385_nathanielgould@yahoo.com,East Coreyfurt,Ecuador,2025-06-09
5386,Anthony Shields,cust5386_alyssa04@gmail.com,Robinsonbury,Bahrain,2025-12-08
5387,Jamie Watts,cust5387_qcampbell@hotmail.com,Carriefurt,India,2025-12-29
5388,Gabriel Thomas MD,cust5388_kennethjackson@hotmail.com,Ballardtown,Niger,2024-09-26
5389,Ryan Richards,cust5389_renee96@yahoo.com,Trujilloborough,Haiti,2024-12-12
5390,Michael Camacho,cust5390_gmartin@hotmail.com,Kellychester,Burkina Faso,2025-09-13
5391,Jordan Miller,cust5391_sarahnavarro@gmail.com,East Ryanshire,Bermuda,2026-01-10
5392,Jeffrey Lopez,cust5392_daviddoyle@yahoo.com,Travisshire,Falkland Islands (Malvinas),2024-04-10
5393,Elizabeth Tucker,cust5393_andrewramirez@gmail.com,South Jessica,Iceland,2023-07-03
5394,Theresa George,cust5394_ztaylor@gmail.com,Johnchester,Palestinian Territory,2025-06-23
5395,Nicole Walker,cust5395_archerbridget@gmail.com,Lake Javier,Sierra Leone,2024-09-22
5396,Kristi Hutchinson,cust5396_wporter@gmail.com,Michellebury,Nigeria,2025-01-19
5397,Brian Herring,cust5397_harmondonald@hotmail.com,Kimmouth,Saint Vincent and the Grenadines,2025-04-24
5398,Tanya Gomez,cust5398_tlewis@yahoo.com,Lindatown,Argentina,2024-06-16
5399,Joan Rhodes,cust5399_wtodd@hotmail.com,New Jim,Oman,2023-11-15
5400,Zachary Allison,cust5400_hughesrobert@gmail.com,New Seanberg,Montenegro,2024-09-13
5401,William Reyes,cust5401_foconnor@yahoo.com,Hallfurt,Hungary,2023-01-22
5402,Jacob Alvarez,cust5402_ysmith@yahoo.com,Michealview,Algeria,2023-01-01
5403,Desiree Fletcher,cust5403_kimberlyberry@gmail.com,South Loganberg,South Africa,2025-12-07
5404,Bonnie Cochran,cust5404_fharper@yahoo.com,Martinezhaven,China,2023-10-07
5405,Michael Perry,cust5405_billy28@hotmail.com,East Pamelaside,Anguilla,2024-12-05
5406,Taylor White,cust5406_kelly66@gmail.com,Nguyenfort,Qatar,2024-08-10
5407,Kristina Sanders,cust5407_melindakelly@yahoo.com,West Rebeccaside,Sudan,2025-08-18
5408,Christina Duncan,cust5408_valerienunez@hotmail.com,Anthonyshire,Rwanda,2025-12-31
5409,Raymond Wu,cust5409_gibsonkatie@hotmail.com,Sethport,Chad,2023-01-18
5410,Ryan Bradley,cust5410_stephanie70@hotmail.com,Kevinberg,Australia,2025-10-04
5411,Brandi Adams,cust5411_zwatts@gmail.com,Stevensview,United Arab Emirates,2025-09-04
5412,Jonathan Randall,cust5412_milesrobert@gmail.com,Hallville,Saint Kitts and Nevis,2024-09-05
5413,Alyssa Miller,cust5413_ecarroll@yahoo.com,Pughton,Austria,2023-01-19
5414,Adam Wong,cust5414_haleyjordan@gmail.com,New Garrett,Egypt,2025-05-31
5415,Christopher Johnson,cust5415_craig45@hotmail.com,Lopezville,Cameroon,2024-08-22
5416,Stephanie Jackson,cust5416_zoe09@yahoo.com,North Nicoleshire,Solomon Islands,2026-05-07
5417,Dean Moore,cust5417_connor65@yahoo.com,South Kevin,Netherlands,2024-04-18
5418,Allison Greene,cust5418_rickdixon@hotmail.com,Woodfort,Cape Verde,2023-01-15
5419,Nicholas Barber,cust5419_mitchelljames@gmail.com,Garciabury,Sudan,2026-01-27
5420,Jonathan Diaz,cust5420_shawn99@gmail.com,Harperside,Brazil,2025-02-04
5421,Betty French,cust5421_qjones@yahoo.com,South Coleville,Czech Republic,2024-01-22
5422,Dawn Fernandez,cust5422_mcdowellpaul@hotmail.com,Robertsonside,Vanuatu,2025-04-23
5423,Kyle Thomas,cust5423_eflynn@hotmail.com,West Jamesside,Samoa,2026-02-22
5424,Mr. Michael Benson DDS,cust5424_jessicaking@gmail.com,Davidsonton,Denmark,2025-06-14
5425,Stephanie Dennis,cust5425_gharris@gmail.com,West Rebeccaview,Papua New Guinea,2025-03-19
5426,Cheryl Delgado,cust5426_pdaniel@hotmail.com,Cynthiaville,Slovenia,2024-05-26
5427,Dennis Anderson,cust5427_lisahuynh@gmail.com,Diazfurt,China,2023-12-01
5428,Melissa Mcmillan,cust5428_anna81@hotmail.com,West Michele,Ukraine,2025-03-09
5429,Steven Kim,cust5429_randy57@gmail.com,Lake Levi,Russian Federation,2025-02-13
5430,Ashley Andrade,cust5430_bryantjames@gmail.com,West Jeremy,Brazil,2024-03-27
5431,Judy Moses,cust5431_tina61@yahoo.com,Brandonmouth,North Macedonia,2024-06-22
5432,Michelle Williams,cust5432_renee84@gmail.com,Mooreborough,Faroe Islands,2023-06-12
5433,Karl Stein,cust5433_jose32@yahoo.com,Lake Jennifer,United States Minor Outlying Islands,2025-05-14
5434,Mary Garcia,cust5434_sarah89@gmail.com,New William,Aruba,2024-05-05
5435,Brianna Hubbard,cust5435_nataliejohnson@hotmail.com,Kristinton,Cuba,2025-11-24
5436,Kayla Bonilla,cust5436_tmartin@gmail.com,South Donaldmouth,Comoros,2026-06-09
5437,Frances Taylor,cust5437_margaret97@hotmail.com,New Jessica,Grenada,2024-07-10
5438,Kathryn Le,cust5438_graynancy@hotmail.com,South William,Congo,2024-08-06
5439,Michelle Nichols,cust5439_xochoa@yahoo.com,Davilaville,Burkina Faso,2025-12-25
5440,Amy Huerta,cust5440_wobrien@yahoo.com,North Daniel,Qatar,2024-07-04
5441,Olivia Lewis,cust5441_vgates@yahoo.com,Kennedyside,Poland,2025-04-25
5442,Jeremy Garcia,cust5442_charles29@gmail.com,North Josephborough,Micronesia,2024-01-21
5443,Erika White,cust5443_uharvey@hotmail.com,Kellystad,Aruba,2023-05-21
5444,Erica Green,cust5444_caroline06@hotmail.com,West Johnside,Lebanon,2024-01-09
5445,Kimberly Obrien,cust5445_christy84@yahoo.com,South Benjaminfurt,Mozambique,2023-10-07
5446,Amanda Reid,cust5446_brandon21@hotmail.com,East Robinfort,Lao People's Democratic Republic,2024-08-16
5447,Mr. Tyler Shaw Jr.,cust5447_andrewbooker@gmail.com,East Stephanie,South Georgia and the South Sandwich Islands,2023-08-15
5448,Joan Reed,cust5448_wlane@gmail.com,Craigberg,Vietnam,2025-07-21
5449,Joann Chen,cust5449_douglasrobinson@gmail.com,Lake Michael,Saudi Arabia,2026-06-19
5450,Rachael Townsend,cust5450_torreschristian@gmail.com,Hillberg,Bhutan,2025-07-16
5451,Ronald Davis,cust5451_kevin44@hotmail.com,Alexisport,Saudi Arabia,2024-07-11
5452,Benjamin Gregory,cust5452_priceamanda@gmail.com,Garciafort,Libyan Arab Jamahiriya,2026-06-29
5453,Sarah Burns,cust5453_shepardcynthia@yahoo.com,Lake Kevinfurt,Algeria,2025-10-04
5454,Sean Jackson,cust5454_bernard24@gmail.com,Kevintown,Bosnia and Herzegovina,2024-01-20
5455,Jeremy Peterson,cust5455_omccarty@gmail.com,Jamesland,Falkland Islands (Malvinas),2024-10-18
5456,Roger Miller,cust5456_kingchristopher@gmail.com,Herrerachester,Japan,2023-02-09
5457,Gregory Carter,cust5457_patrickclark@gmail.com,New Justinville,Ireland,2023-11-08
5458,Heather Miller,cust5458_wattsthomas@gmail.com,Port Kevinville,Vanuatu,2023-04-12
5459,Sonya Brown,cust5459_thomasunderwood@hotmail.com,West Lauren,Kyrgyz Republic,2025-12-31
5460,Crystal Torres,cust5460_vramirez@gmail.com,East Donald,Estonia,2023-02-15
5461,Lori Flowers,cust5461_uyork@yahoo.com,Byrdfort,Croatia,2024-01-16
5462,Danielle Moore,cust5462_cassandrabanks@gmail.com,East Kevin,Albania,2023-07-29
5463,Andrea Powell,cust5463_richard56@hotmail.com,South Johnny,Heard Island and McDonald Islands,2024-07-31
5464,Jacob Park,cust5464_elizabeth26@gmail.com,Doyleville,Cook Islands,2024-07-05
5465,Daniel Malone,cust5465_moorematthew@gmail.com,West Michelle,Chile,2023-09-14
5466,Jeremy Alvarez,cust5466_evanskenneth@yahoo.com,West Daniel,Cameroon,2025-06-16
5467,Jennifer Brooks,cust5467_zjones@gmail.com,Richardbury,Anguilla,2023-01-17
5468,Alyssa Martin,cust5468_yyoder@hotmail.com,West Kimberlyborough,Barbados,2024-04-21
5469,Lisa Castillo,cust5469_stevenwoods@yahoo.com,South Thomas,Liberia,2023-07-04
5470,Cathy Ingram,cust5470_patriciajackson@hotmail.com,Kimberlyland,Christmas Island,2023-11-05
5471,Mary Bowman,cust5471_andersonjill@gmail.com,Hesterburgh,Fiji,2023-01-31
5472,Lauren Delacruz,cust5472_kwest@hotmail.com,Donnahaven,Barbados,2025-10-07
5473,Melissa Johnson,cust5473_thompsonstephen@yahoo.com,Lake Alexton,Monaco,2024-03-20
5474,Roy Lopez,cust5474_kylie68@yahoo.com,North Nicholasburgh,Falkland Islands (Malvinas),2024-12-01
5475,Tom Hughes,cust5475_ogilbert@hotmail.com,Staffordland,Venezuela,2025-05-10
5476,George Rodriguez,cust5476_waynedaniel@hotmail.com,Gilmoreport,Kyrgyz Republic,2024-09-30
5477,Aimee Fisher,cust5477_bduarte@hotmail.com,Lake John,Hong Kong,2025-10-17
5478,Willie Ross,cust5478_emilyjones@yahoo.com,Sierraberg,Vietnam,2025-01-30
5479,Edward Perez,cust5479_martintina@yahoo.com,Amyshire,Sudan,2025-08-07
5480,Michael Gomez,cust5480_devin05@gmail.com,West Marialand,San Marino,2023-03-06
5481,Alison Ross,cust5481_aduran@yahoo.com,New Leslieburgh,Norway,2024-11-07
5482,Kerry Benjamin,cust5482_rogersalisha@hotmail.com,East Eric,Holy See (Vatican City State),2023-06-14
5483,Amy Rodriguez,cust5483_ydaniels@yahoo.com,East Lisaburgh,Malta,2023-10-27
5484,Anna Mendez,cust5484_bbarr@hotmail.com,Port Jenniferside,Bouvet Island (Bouvetoya),2023-04-25
5485,Taylor Dorsey,cust5485_emma83@yahoo.com,Lake Kimberlymouth,Dominican Republic,2024-06-29
5486,Courtney Gray,cust5486_justin34@yahoo.com,Jeremybury,French Polynesia,2025-03-14
5487,Jessica Bender,cust5487_lisa66@hotmail.com,North Katrinastad,Iran,2023-05-27
5488,Angela Ortiz,cust5488_carlsonpatrick@hotmail.com,West Samuelfort,Thailand,2026-01-17
5489,Alexander Mejia,cust5489_ruizamy@hotmail.com,Castanedaport,San Marino,2025-08-20
5490,Crystal Chavez,cust5490_hernandezcarmen@hotmail.com,South James,Bouvet Island (Bouvetoya),2024-01-07
5491,Stephanie Simmons,cust5491_randall52@gmail.com,Carterstad,Palau,2024-01-29
5492,Justin Bartlett,cust5492_james86@hotmail.com,Margaretbury,Portugal,2024-05-27
5493,Mary Andrade,cust5493_daniel45@yahoo.com,Yolandamouth,Congo,2025-02-20
5494,Ana Schultz,cust5494_mlane@yahoo.com,New Christopher,Venezuela,2023-01-26
5495,Cole Smith,cust5495_melissalogan@yahoo.com,New Patty,India,2023-09-07
5496,Paula Campbell,cust5496_xharris@hotmail.com,Longmouth,Pitcairn Islands,2024-05-24
5497,Holly Solomon,cust5497_traci71@hotmail.com,Lake Sarahstad,Denmark,2025-02-27
5498,Kevin Rodriguez,cust5498_wbarton@gmail.com,Port Toddchester,Zambia,2025-06-26
5499,Robert Nicholson,cust5499_gutierrezedwin@gmail.com,South Lisaburgh,Jersey,2024-05-21
5500,Lisa Barnes,cust5500_xmartin@yahoo.com,East Gregory,Sudan,2023-03-10
5501,Thomas Hester,cust5501_camerongutierrez@hotmail.com,West James,Mozambique,2024-02-12
5502,Andrea Martinez,cust5502_williamsthomas@hotmail.com,Mooremouth,British Indian Ocean Territory (Chagos Archipelago),2025-08-01
5503,Traci Richards DDS,cust5503_ashaffer@gmail.com,New Margaret,Mayotte,2023-07-12
5504,Michael Matthews,cust5504_gina41@yahoo.com,Paulfort,Poland,2025-12-03
5505,Andrew Reynolds,cust5505_kreed@hotmail.com,Rebeccaton,Antigua and Barbuda,2024-03-02
5506,James Neal,cust5506_zferguson@yahoo.com,East Edward,Brunei Darussalam,2025-08-26
5507,Vanessa Smith,cust5507_wmcintosh@hotmail.com,Lucasport,Norway,2025-03-07
5508,Dillon Little,cust5508_romeroshelby@gmail.com,Sierratown,Saint Barthelemy,2024-10-01
5509,Nicholas Dunn,cust5509_carlosporter@yahoo.com,Butlerfort,Norway,2024-10-23
5510,Tina Lara,cust5510_lloydcheryl@gmail.com,North Stephaniefort,Botswana,2023-11-21
5511,Andrew Price,cust5511_william65@hotmail.com,Lake Juliaville,Ireland,2023-03-28
5512,Heather Velasquez,cust5512_deckerrobert@yahoo.com,East Kathleen,Cape Verde,2026-01-30
5513,Shannon Johnson,cust5513_rboyer@gmail.com,North John,Angola,2025-12-02
5514,Heidi Russo,cust5514_mgreer@hotmail.com,Toddborough,Uganda,2023-09-08
5515,Joshua Neal,cust5515_rsmith@hotmail.com,West Heather,Gabon,2024-06-02
5516,Patrick Knight,cust5516_sara44@yahoo.com,Lake Tashastad,Honduras,2025-09-12
5517,James Guerra,cust5517_olopez@gmail.com,New Sharon,Niger,2024-09-03
5518,Brian Lowe,cust5518_fpatrick@gmail.com,East Leah,India,2024-02-11
5519,Robert Mccarthy,cust5519_qhernandez@yahoo.com,Port Heatherland,Saint Lucia,2025-01-08
5520,Danny Warren,cust5520_sarahbrown@gmail.com,Matthewhaven,Benin,2023-04-17
5521,Steven Monroe,cust5521_burkejohn@yahoo.com,Port Tracie,Benin,2024-03-22
5522,Holly Brown,cust5522_ernest31@gmail.com,Wileystad,Trinidad and Tobago,2023-08-20
5523,Thomas Lopez,cust5523_mooreperry@yahoo.com,Lake Johnhaven,Georgia,2024-04-28
5524,Brendan Rhodes,cust5524_linda99@hotmail.com,East Howard,Myanmar,2025-06-08
5525,Shawn Scott,cust5525_anthony66@gmail.com,Ashleyburgh,Puerto Rico,2024-10-26
5526,Anthony Garza,cust5526_rhaynes@hotmail.com,Jonesborough,San Marino,2023-01-31
5527,Carol Lara,cust5527_haley14@gmail.com,Port Charles,Brazil,2023-12-09
5528,Carolyn Bell,cust5528_chanchris@gmail.com,New Danielleside,Isle of Man,2024-07-19
5529,Tyler Case,cust5529_foxsamantha@gmail.com,Jeffreyhaven,Saint Barthelemy,2026-04-12
5530,Scott Hernandez,cust5530_eric05@yahoo.com,Lake Jeffreystad,Montenegro,2023-09-03
5531,Lauren Stewart,cust5531_vasquezjacob@yahoo.com,New Aaron,Estonia,2025-03-21
5532,Nichole Benton,cust5532_mosleypamela@gmail.com,Thomasland,Pakistan,2024-05-12
5533,Karen White MD,cust5533_reyeschristopher@hotmail.com,Whitefort,Austria,2023-01-19
5534,Nicholas Miller,cust5534_robertdavis@hotmail.com,North Andrea,Syrian Arab Republic,2023-03-28
5535,Phillip Brandt,cust5535_torresjeremy@gmail.com,New Lindsey,Ukraine,2026-04-05
5536,Austin Rivera,cust5536_veronicabyrd@hotmail.com,East Brian,Swaziland,2025-08-31
5537,David Ford,cust5537_hvelasquez@yahoo.com,Joneston,Gabon,2026-05-06
5538,David Harrison,cust5538_bgordon@hotmail.com,North Joycefort,Suriname,2023-11-14
5539,Judy Simmons,cust5539_jenniferwalter@hotmail.com,New Nicolehaven,Slovenia,2025-01-30
5540,Jake Wilkinson,cust5540_lopezalexandra@yahoo.com,East Davidmouth,Niue,2023-07-03
5541,Danielle Chambers,cust5541_lindsey19@yahoo.com,Juanburgh,Paraguay,2024-05-24
5542,David Williams,cust5542_jennifer85@yahoo.com,North Aliciaberg,North Macedonia,2023-11-19
5543,Jill Barajas,cust5543_uhill@gmail.com,West Carolynchester,France,2025-10-20
5544,Jennifer Smith,cust5544_vbecker@yahoo.com,Linfort,Greenland,2023-07-07
5545,Jorge Huerta,cust5545_garnerlaura@hotmail.com,West James,Falkland Islands (Malvinas),2026-06-20
5546,Bobby Anthony,cust5546_smithsamantha@gmail.com,Hernandezhaven,Montenegro,2024-11-24
5547,Karen Norman,cust5547_robert31@yahoo.com,Port Tanyastad,Philippines,2023-05-03
5548,Jasmine Gilbert,cust5548_snydercynthia@yahoo.com,Darrenfurt,France,2023-05-03
5549,Shelia Allen,cust5549_jamesstephanie@gmail.com,North Timothyview,Slovenia,2024-12-29
5550,Tracy Duarte,cust5550_taramartin@yahoo.com,Wilsonborough,Bahamas,2023-11-12
5551,Thomas Curtis,cust5551_mallory73@hotmail.com,Port Allisonstad,Congo,2026-01-03
5552,Matthew Castro,cust5552_jessicastuart@yahoo.com,Ruthville,Dominica,2023-08-08
5553,Benjamin Baldwin,cust5553_xnewton@yahoo.com,East John,Falkland Islands (Malvinas),2023-09-15
5554,Daniel Kelly,cust5554_jwilliamson@hotmail.com,Lake Sarah,Sudan,2025-09-26
5555,Karen Moore,cust5555_parkersandra@yahoo.com,New Williamview,Cambodia,2024-04-21
5556,Brian Bennett,cust5556_sstewart@yahoo.com,Jessicaburgh,Mali,2024-10-10
5557,Shane Blackburn,cust5557_mreynolds@yahoo.com,Joyceview,Venezuela,2026-02-17
5558,April Long,cust5558_edward32@hotmail.com,South Bonnie,Albania,2024-12-12
5559,Tiffany Johnson,cust5559_hollandmary@yahoo.com,North Debra,Montenegro,2025-06-17
5560,Chelsea Smith,cust5560_barryjohnson@yahoo.com,Burtonmouth,Kiribati,2024-01-31
5561,Carly Harris,cust5561_aestrada@hotmail.com,North Amychester,Bangladesh,2023-02-13
5562,Stacey Sanchez,cust5562_dbyrd@hotmail.com,Watkinsside,Antigua and Barbuda,2025-02-12
5563,Heather Pruitt,cust5563_brandon77@gmail.com,Barryville,Malaysia,2025-01-03
5564,Elizabeth Stevens,cust5564_caleb32@gmail.com,Michaelbury,Swaziland,2023-10-03
5565,Jenny Petersen,cust5565_finleynancy@gmail.com,Dylanland,Luxembourg,2024-05-28
5566,Mary Cooke,cust5566_wilsonangela@hotmail.com,East Anthonymouth,Barbados,2023-03-22
5567,Jesse Bishop,cust5567_rachel81@yahoo.com,Murilloshire,Italy,2025-09-20
5568,Michelle Bennett,cust5568_tiffanyrobinson@hotmail.com,Stephenmouth,Iraq,2025-06-15
5569,Kelsey Barber,cust5569_joseday@yahoo.com,Williammouth,Eritrea,2026-02-18
5570,Daniel Grimes,cust5570_oclark@gmail.com,East Jessicaview,Korea,2024-08-26
5571,Michael Burnett,cust5571_joebright@gmail.com,Johnton,British Indian Ocean Territory (Chagos Archipelago),2026-01-16
5572,Madeline Aguirre,cust5572_watkinsalexander@gmail.com,North Derekstad,Burkina Faso,2025-09-30
5573,Matthew Shaw,cust5573_sgross@gmail.com,Paulchester,Sweden,2024-01-24
5574,David Williams,cust5574_welchkatie@gmail.com,Leemouth,Romania,2026-03-06
5575,David Brooks,cust5575_michellebell@yahoo.com,Yangberg,Cape Verde,2024-01-18
5576,Stacey Turner,cust5576_dhughes@hotmail.com,Parkershire,Afghanistan,2026-01-18
5577,Suzanne Davis,cust5577_oscarobrien@yahoo.com,West Craigville,Mayotte,2024-12-13
5578,Jacqueline Bryan,cust5578_brian48@hotmail.com,Rogerstown,Micronesia,2024-10-24
5579,Justin Nelson,cust5579_carla56@hotmail.com,Rosariostad,Heard Island and McDonald Islands,2025-08-17
5580,Shawn Jones,cust5580_kellywilliams@gmail.com,Dennistown,Turkmenistan,2024-07-17
5581,Mark Howard,cust5581_ljordan@hotmail.com,Georgeville,Cameroon,2026-05-11
5582,Judy Waters,cust5582_vargasjeffrey@gmail.com,North April,Burundi,2026-02-09
5583,Sean Miller,cust5583_steven87@gmail.com,Danielbury,Kiribati,2023-11-25
5584,Andrew Warner,cust5584_lesliegarcia@gmail.com,Mosshaven,Kenya,2023-05-22
5585,Kenneth Palmer,cust5585_jason52@yahoo.com,Mirandamouth,Gibraltar,2025-12-23
5586,Lisa Peterson,cust5586_joseph43@yahoo.com,West Johnfort,Brunei Darussalam,2023-11-14
5587,Cynthia Rollins,cust5587_angela60@yahoo.com,Debraport,French Southern Territories,2025-07-09
5588,Heidi Morton,cust5588_bradleyerica@hotmail.com,East Kimberly,Greenland,2024-08-28
5589,Laura Williams,cust5589_stephanie08@hotmail.com,Port Ronnieshire,Guadeloupe,2024-06-23
5590,Evelyn Reed,cust5590_penny29@yahoo.com,Johnton,Tanzania,2026-01-14
5591,Dawn Jenkins,cust5591_franklinmichael@yahoo.com,West Brian,Bolivia,2025-01-21
5592,Cynthia Parker,cust5592_whitemichael@yahoo.com,Rhodesville,United States Minor Outlying Islands,2025-07-18
5593,Stephen Lawrence,cust5593_allenjames@hotmail.com,South Amy,French Southern Territories,2023-01-02
5594,Shawn Martinez,cust5594_michael98@gmail.com,Paulfurt,Guyana,2025-11-02
5595,Eric Riley,cust5595_oliverrobert@yahoo.com,West Carrie,Israel,2025-02-15
5596,Anthony Newton,cust5596_mcole@hotmail.com,West Michaelport,Congo,2024-01-15
5597,Cody Walker,cust5597_burkecourtney@gmail.com,Lake Ericland,Saint Barthelemy,2023-02-08
5598,Caleb Fleming,cust5598_robinsontracy@gmail.com,North Staceyfort,Slovenia,2026-06-23
5599,Lindsay Underwood,cust5599_trevinohayley@hotmail.com,Starkchester,Tokelau,2025-01-15
5600,Jeffrey Guerrero,cust5600_sarah31@yahoo.com,Antonioside,Croatia,2026-06-24
5601,Joseph Beck,cust5601_staylor@hotmail.com,North Meganview,Austria,2024-05-04
5602,Curtis Carlson,cust5602_nicholas98@hotmail.com,Timothybury,Malaysia,2024-10-18
5603,Danielle Stewart,cust5603_merediththompson@yahoo.com,North Lorimouth,Sierra Leone,2023-05-10
5604,Timothy Boyd,cust5604_bhernandez@gmail.com,East Mary,Argentina,2026-01-08
5605,Brian Le,cust5605_noahherrera@yahoo.com,Port Danielbury,Madagascar,2025-03-04
5606,Michael Cox,cust5606_reedconnie@gmail.com,Charlesfurt,Vietnam,2024-01-24
5607,Elizabeth Hughes,cust5607_ttaylor@gmail.com,Simpsontown,Sweden,2025-12-09
5608,Randall Davis,cust5608_masonbrian@gmail.com,Englishville,Cook Islands,2025-10-15
5609,Mary Woods,cust5609_sherry42@yahoo.com,South Matthew,Croatia,2026-02-03
5610,John Silva,cust5610_smithkimberly@yahoo.com,West Robert,Hungary,2023-11-12
5611,Daniel Gonzalez,cust5611_james48@hotmail.com,New Brucetown,Uzbekistan,2026-06-09
5612,David Johnson,cust5612_larashane@yahoo.com,South Suzanneberg,Holy See (Vatican City State),2024-08-02
5613,Jacqueline Blake,cust5613_hphillips@gmail.com,Lake Wesley,Macao,2024-10-22
5614,Brandon Kaufman,cust5614_wendytucker@hotmail.com,North Tina,Nigeria,2025-04-19
5615,Matthew Tanner,cust5615_khawkins@hotmail.com,East Ryanville,Jordan,2024-10-21
5616,Jason Mcpherson,cust5616_chenpatrick@gmail.com,South Nichole,Gambia,2023-08-15
5617,Gregory Herman,cust5617_aaron73@gmail.com,North Carrie,Mali,2023-07-17
5618,Daniel Morse,cust5618_janetrandall@hotmail.com,Karafort,Bahamas,2025-12-07
5619,Jeremy Ortega,cust5619_kevin46@gmail.com,Patrickfort,Equatorial Guinea,2023-05-17
5620,Sarah Bradley,cust5620_coreysmith@yahoo.com,Port Gabriel,Barbados,2023-03-31
5621,Lori Davis,cust5621_sharon81@gmail.com,South Lauren,Saint Lucia,2023-09-23
5622,Jennifer Johnson,cust5622_jesseyoung@yahoo.com,North Johnshire,Greenland,2024-01-01
5623,Carrie Cortez,cust5623_michael03@gmail.com,Moralesville,Azerbaijan,2023-03-06
5624,Sally Chaney,cust5624_mariaramirez@gmail.com,Lopezhaven,Bolivia,2024-02-18
5625,Donald Fry,cust5625_rhoward@hotmail.com,Erinstad,Tonga,2023-08-08
5626,Yvonne Alexander,cust5626_katherinelee@gmail.com,Morganview,Tajikistan,2025-09-21
5627,Jenna West,cust5627_mullennathan@hotmail.com,South Peterstad,Grenada,2024-01-28
5628,Tanya Gibbs,cust5628_kristahughes@gmail.com,Port Jayton,Uganda,2023-07-22
5629,Sean Torres,cust5629_kpruitt@gmail.com,New Sydney,South Africa,2023-03-07
5630,Diane Gonzalez,cust5630_elliottjasmin@yahoo.com,South Julianport,Turkey,2026-03-15
5631,Kimberly Smith,cust5631_joseph00@hotmail.com,Jessicahaven,Saint Pierre and Miquelon,2025-03-06
5632,Alexis Alvarado,cust5632_kayla07@hotmail.com,Steeleshire,Argentina,2025-09-30
5633,Lisa Garza,cust5633_kmurphy@hotmail.com,East Craigside,Turks and Caicos Islands,2025-12-12
5634,Dr. Matthew Mills MD,cust5634_cookrebekah@hotmail.com,South Melanieland,Jamaica,2026-07-01
5635,Jessica Williams,cust5635_zjordan@hotmail.com,Davidchester,Mexico,2026-04-23
5636,Dakota Hawkins,cust5636_dustin85@yahoo.com,Lindseyland,Trinidad and Tobago,2024-06-08
5637,Theresa Roberts,cust5637_estradashelby@yahoo.com,Christopherside,Micronesia,2023-04-11
5638,Angela Gregory,cust5638_ijoyce@yahoo.com,West William,Azerbaijan,2025-01-20
5639,Erica Wolfe,cust5639_clin@yahoo.com,Hopkinsfurt,Montserrat,2024-03-28
5640,Alexander Lee,cust5640_kathleenmitchell@gmail.com,Castrofurt,Namibia,2026-05-25
5641,Julia Sheppard,cust5641_steven01@yahoo.com,Michaelberg,Chile,2023-05-26
5642,Stacey Mcmahon,cust5642_jeffreywolf@hotmail.com,North James,Brazil,2023-01-27
5643,Monica Long,cust5643_hillaudrey@hotmail.com,Lake Robin,Cambodia,2024-03-03
5644,Tonya Hernandez,cust5644_james62@gmail.com,Lake Arianastad,Cook Islands,2025-10-03
5645,Jeremy Gonzales,cust5645_laurawilliams@yahoo.com,Richardsonview,Turkmenistan,2023-06-13
5646,Alexis Hurley,cust5646_blewis@gmail.com,Morrisbury,Latvia,2025-08-16
5647,Jade Kramer,cust5647_vaughankatrina@hotmail.com,North Jennifer,Monaco,2023-05-05
5648,Kristy Black,cust5648_dleblanc@yahoo.com,Freemanshire,French Southern Territories,2025-01-09
5649,Nathan Hubbard,cust5649_pattersonstacey@gmail.com,Bensonhaven,Slovakia (Slovak Republic),2026-02-16
5650,Amanda Fischer,cust5650_kthomas@hotmail.com,East Beth,Mongolia,2025-05-01
5651,Rebecca Smith,cust5651_ealvarez@yahoo.com,Lake Kevin,China,2025-01-25
5652,Mrs. Anita Mclean,cust5652_christinerobinson@gmail.com,North Paulafurt,Latvia,2023-04-30
5653,Deborah Johnson,cust5653_yolandapeterson@hotmail.com,Dylantown,South Africa,2026-06-17
5654,Cindy Holt,cust5654_raymondbruce@yahoo.com,North Robin,Bosnia and Herzegovina,2024-06-28
5655,Joshua Pierce,cust5655_nicolerandolph@hotmail.com,Michaelside,Bulgaria,2025-12-19
5656,Mallory Jennings,cust5656_jstone@gmail.com,Ramirezside,Pitcairn Islands,2023-03-25
5657,Elizabeth Rios,cust5657_amy22@gmail.com,Port Amanda,Equatorial Guinea,2023-05-25
5658,George Turner,cust5658_susan17@yahoo.com,South Michael,Svalbard & Jan Mayen Islands,2024-09-14
5659,Stephanie Evans,cust5659_poncerichard@gmail.com,West Michael,Belize,2023-06-09
5660,Michael Cochran,cust5660_laurennelson@gmail.com,North Hannahton,Korea,2024-03-18
5661,Patrick Johnson,cust5661_ubishop@gmail.com,Grossland,Honduras,2025-11-29
5662,Julie Simon,cust5662_brandonlee@yahoo.com,Port Austinshire,Bulgaria,2023-07-18
5663,Daniel Richards,cust5663_adam56@hotmail.com,Mitchellshire,Sri Lanka,2023-07-27
5664,Caleb Buckley,cust5664_katiemoody@yahoo.com,Port Travis,Cote d'Ivoire,2024-04-18
5665,Scott Hudson,cust5665_hamiltonbrandon@yahoo.com,Thomasborough,Kenya,2025-12-24
5666,Dwayne Gomez,cust5666_raycharles@yahoo.com,Gonzalezberg,Timor-Leste,2025-02-28
5667,Dawn Farley,cust5667_ramirezsteven@hotmail.com,Port Jerrychester,Panama,2024-01-24
5668,Erik Anderson,cust5668_simpsonjames@gmail.com,Geraldville,Thailand,2024-01-31
5669,Monica Thomas,cust5669_qbrown@yahoo.com,East Mariah,Germany,2025-12-13
5670,Rebecca Wolf,cust5670_sramsey@gmail.com,West Melissashire,Guyana,2024-05-24
5671,Deborah Adams,cust5671_kristin56@yahoo.com,Rangelborough,Netherlands,2026-03-13
5672,Dr. Andrew Davis,cust5672_cruzjohn@yahoo.com,Danafort,Niger,2024-01-02
5673,John Kline,cust5673_rkelly@yahoo.com,Crawfordfurt,Vietnam,2026-02-17
5674,David Andrews,cust5674_robinsonjacqueline@gmail.com,Starkview,United States of America,2026-02-17
5675,Christopher Maxwell,cust5675_danielchaney@yahoo.com,Jamesberg,Tunisia,2025-04-30
5676,Mikayla Mitchell,cust5676_davidross@gmail.com,West Ashleyborough,Germany,2023-08-05
5677,Amanda Brown,cust5677_duransue@gmail.com,Diazport,Iran,2026-03-26
5678,Erica Wade,cust5678_timothygomez@hotmail.com,Rayton,Argentina,2025-01-03
5679,William Robinson,cust5679_christopher80@yahoo.com,Barryshire,Greenland,2025-07-28
5680,Timothy Lewis,cust5680_joseph51@gmail.com,Rowlandton,Brunei Darussalam,2025-05-24
5681,Lisa Evans,cust5681_haleywilliams@hotmail.com,Brendatown,Western Sahara,2023-08-02
5682,Richard Thomas,cust5682_wardrenee@yahoo.com,Ashleyburgh,United States Minor Outlying Islands,2023-12-08
5683,Lawrence Gonzales,cust5683_umyers@gmail.com,Patrickville,Mayotte,2024-01-05
5684,Matthew Wang,cust5684_davidwilliams@gmail.com,Lake Michael,Mauritania,2026-01-31
5685,Benjamin Mitchell,cust5685_harrisoneric@gmail.com,Morganport,Syrian Arab Republic,2025-04-02
5686,Kimberly Baxter,cust5686_linmichele@yahoo.com,Clementsfurt,Brazil,2025-10-30
5687,David Smith,cust5687_brooksamy@yahoo.com,Bobborough,Guyana,2024-11-22
5688,Kevin Sanders,cust5688_mwalker@hotmail.com,East Davidland,Saint Helena,2023-11-20
5689,Cathy Gonzalez,cust5689_ygray@gmail.com,East Sandrafurt,Christmas Island,2025-12-29
5690,Darrell Hill,cust5690_alexis60@gmail.com,Robertville,Qatar,2026-05-13
5691,Greg Duke,cust5691_caitlin44@yahoo.com,Jeffreyborough,Jamaica,2025-06-26
5692,Alyssa Phillips,cust5692_morsemelissa@gmail.com,Joebury,Zambia,2024-12-22
5693,Marco Brown,cust5693_gbell@gmail.com,South Elizabethfurt,Heard Island and McDonald Islands,2024-10-07
5694,Gabriella Murphy,cust5694_williamhansen@yahoo.com,East Jamesmouth,Seychelles,2026-01-31
5695,Lisa Nielsen,cust5695_mendozajamie@hotmail.com,South Michelleshire,El Salvador,2024-10-26
5696,Megan Edwards,cust5696_paulpowell@gmail.com,East Katherinefurt,San Marino,2025-01-31
5697,Joseph Wright,cust5697_fcook@gmail.com,Lake Christopherland,France,2025-04-24
5698,Michael Franklin,cust5698_paulaperez@yahoo.com,South Valerie,Malaysia,2025-05-31
5699,Patricia Bartlett,cust5699_macknicole@yahoo.com,Smithton,China,2024-10-24
5700,Julie Torres,cust5700_yrocha@yahoo.com,East Johnfort,Mali,2026-05-31
5701,Brooke Bradford,cust5701_josephreese@gmail.com,West Kim,Iraq,2024-05-07
5702,Emily Todd,cust5702_brittanywalker@hotmail.com,Johnsonberg,Tunisia,2026-02-27
5703,Joshua Hernandez,cust5703_greenebrenda@yahoo.com,Ramirezview,Spain,2026-01-22
5704,Mitchell Mckinney,cust5704_heathelizabeth@hotmail.com,Gordonfurt,Guyana,2024-03-14
5705,Karen Mckenzie,cust5705_sara12@hotmail.com,Phillipsport,Mali,2025-02-07
5706,Stephanie Murray,cust5706_knightjessica@hotmail.com,Lake Davidshire,Estonia,2026-01-31
5707,Nathaniel Ross,cust5707_erin72@hotmail.com,North Amyport,Tokelau,2024-06-04
5708,Nicholas Wilson,cust5708_sergio08@gmail.com,North Gabriela,Solomon Islands,2025-01-07
5709,John Thomas,cust5709_feliciablack@hotmail.com,Roseburgh,Zambia,2025-07-15
5710,Bruce Drake,cust5710_bakermark@gmail.com,New Michelle,New Caledonia,2025-07-05
5711,Audrey Rodriguez,cust5711_worr@hotmail.com,Lisastad,Jamaica,2025-03-24
5712,Natasha Myers,cust5712_phelpsjeff@yahoo.com,West Stephenburgh,Congo,2023-01-01
5713,Pamela Rios,cust5713_michaelbennett@hotmail.com,North Jessica,Burundi,2023-03-12
5714,Timothy Good,cust5714_wyatt39@hotmail.com,Downsmouth,Belize,2024-08-05
5715,Shannon Mccullough,cust5715_swalters@yahoo.com,Edwardton,Haiti,2026-05-05
5716,Keith Thompson,cust5716_caitlin99@hotmail.com,Kimberlystad,Cayman Islands,2023-02-03
5717,Lindsay Carr,cust5717_lbuchanan@yahoo.com,Michaelmouth,United States Minor Outlying Islands,2025-11-26
5718,Dustin Moore,cust5718_morrisjessica@hotmail.com,Mahoneyshire,Bouvet Island (Bouvetoya),2023-10-04
5719,Jonathan Barker,cust5719_pwest@hotmail.com,Ericabury,Korea,2024-09-10
5720,Mark Francis,cust5720_jamiesmith@gmail.com,Millerstad,Guinea-Bissau,2023-01-14
5721,Karen Jordan,cust5721_caitlinbrooks@gmail.com,Nashberg,Barbados,2024-09-07
5722,Melissa Reid,cust5722_jnelson@hotmail.com,Harrisport,Svalbard & Jan Mayen Islands,2024-03-30
5723,David Smith MD,cust5723_stephanieblack@hotmail.com,East Paulhaven,Korea,2024-03-15
5724,Melanie Cook,cust5724_rebecca05@gmail.com,New Courtneychester,Greenland,2024-10-06
5725,Catherine Hunter,cust5725_hmyers@yahoo.com,South Joseph,Israel,2023-02-14
5726,David Phillips,cust5726_farmermichelle@hotmail.com,Port Allison,Antarctica (the territory South of 60 deg S),2024-07-19
5727,Jacqueline Woods,cust5727_emily97@yahoo.com,Alexistown,Netherlands,2026-02-07
5728,Jeffery Fry,cust5728_brent71@hotmail.com,Lake Luke,South Georgia and the South Sandwich Islands,2025-11-13
5729,Jason Davis,cust5729_connie24@hotmail.com,Port Derrickmouth,Monaco,2026-02-13
5730,Monica Brown,cust5730_andrea13@gmail.com,New Michael,Bouvet Island (Bouvetoya),2026-03-14
5731,Jeffrey Oliver,cust5731_gomezdavid@gmail.com,Markton,Switzerland,2026-03-16
5732,Krystal Johnson,cust5732_vglover@gmail.com,Hodgefurt,Hungary,2023-11-13
5733,Alexandria Sawyer,cust5733_cruzalejandro@gmail.com,Jenniferton,Rwanda,2023-07-13
5734,Alfred Davis,cust5734_gregoryblair@gmail.com,Lake Kellyview,Armenia,2023-03-19
5735,Alejandro Harris,cust5735_manuelgarcia@gmail.com,Port Kelly,Botswana,2025-07-31
5736,Michael Moore,cust5736_debra11@gmail.com,Christianside,Swaziland,2024-12-29
5737,Brenda Dennis,cust5737_morgancruz@hotmail.com,West Sophia,China,2023-11-16
5738,Joshua Atkinson,cust5738_ifrench@yahoo.com,Johnsonchester,United States of America,2023-10-11
5739,Debra Campos DDS,cust5739_scott93@gmail.com,Travisshire,Japan,2024-06-26
5740,Brian Sheppard,cust5740_brookeking@yahoo.com,Christinatown,Kyrgyz Republic,2025-01-21
5741,Kristen Murphy,cust5741_john02@gmail.com,South Lisafort,Brazil,2026-04-07
5742,Rachel Rios,cust5742_samantha02@hotmail.com,Smithland,Belarus,2024-05-26
5743,Jill Conley,cust5743_johnsoncharles@hotmail.com,Lake Deborahbury,Lebanon,2024-04-22
5744,Ashley Williams,cust5744_psmith@hotmail.com,Joshuaview,Equatorial Guinea,2024-06-08
5745,Shawn Hampton,cust5745_michaelharrison@gmail.com,New Erinmouth,Belarus,2024-09-07
5746,Angelica Carroll,cust5746_jessica26@yahoo.com,North Richard,Guinea-Bissau,2023-07-08
5747,Robert Thompson,cust5747_hornadam@hotmail.com,Mayport,Samoa,2026-03-14
5748,Elizabeth Ellis,cust5748_lmartin@hotmail.com,Markchester,Solomon Islands,2025-03-29
5749,Molly Lee,cust5749_anne54@hotmail.com,Lake Bradyfort,Cook Islands,2026-03-11
5750,Jason Middleton,cust5750_garzatina@hotmail.com,East Sethfort,Korea,2024-03-21
5751,Brent Mcguire,cust5751_hannah37@hotmail.com,Micheleshire,Cyprus,2023-06-08
5752,Todd Edwards,cust5752_elizabeth49@yahoo.com,Lake Andrewview,Uzbekistan,2024-10-26
5753,Shelby Kennedy,cust5753_brianabarton@hotmail.com,North Aliciahaven,Cambodia,2025-09-15
5754,Timothy Christensen,cust5754_xgray@hotmail.com,West Elizabethshire,Uruguay,2023-12-21
5755,Evan Barrett,cust5755_cmcknight@yahoo.com,West Jeffrey,Kazakhstan,2025-09-26
5756,Jennifer Moran,cust5756_pmendoza@gmail.com,Pamelashire,India,2026-03-26
5757,Steven Schaefer,cust5757_thompsoncynthia@gmail.com,Combsborough,Mexico,2023-07-15
5758,Jesus Daugherty,cust5758_powellmeagan@yahoo.com,New Patrick,Ukraine,2026-05-04
5759,Mark Barker,cust5759_kperez@hotmail.com,Lake Lindseyburgh,Indonesia,2024-09-07
5760,Nancy Carter,cust5760_ocolon@hotmail.com,Osbornhaven,Morocco,2023-03-18
5761,Jonathan Jacobs,cust5761_traceyjones@gmail.com,East Jessica,Uruguay,2026-03-26
5762,Cameron Mendoza,cust5762_wendy48@yahoo.com,Kingstad,San Marino,2025-02-20
5763,Erik Jackson,cust5763_gateskyle@hotmail.com,Wendyville,Iraq,2023-06-10
5764,Anna Hardy,cust5764_state@gmail.com,Brownton,Cyprus,2023-04-25
5765,Kevin Scott,cust5765_ibaker@gmail.com,Lake Renee,Jamaica,2024-11-15
5766,Megan Smith,cust5766_steeleamanda@yahoo.com,Watkinstown,Sao Tome and Principe,2024-12-13
5767,Justin Perkins,cust5767_gwilliams@hotmail.com,South Lisaview,Canada,2025-06-08
5768,Karen Young,cust5768_jpitts@gmail.com,Davenportchester,Singapore,2025-05-03
5769,Jenna Wallace MD,cust5769_pamela86@gmail.com,Lake Markton,Aruba,2023-09-04
5770,Rachel Morris,cust5770_barbara46@yahoo.com,South Peggyshire,Chile,2024-04-09
5771,Brenda Brown,cust5771_donald17@gmail.com,Ruizshire,Jersey,2026-05-18
5772,Shannon Reeves,cust5772_btaylor@gmail.com,Scottmouth,Wallis and Futuna,2023-01-24
5773,Blake Robinson,cust5773_angela96@gmail.com,Angelaland,Denmark,2025-02-22
5774,Andrew Frazier,cust5774_nicolejohns@yahoo.com,Bradleymouth,Ecuador,2023-04-21
5775,Maria Morrison,cust5775_adrianhawkins@gmail.com,Schwartzburgh,Uruguay,2024-09-16
5776,Douglas Patterson,cust5776_johnsonbryce@yahoo.com,New Michaelhaven,Togo,2025-12-09
5777,James Rice,cust5777_jenniferberry@hotmail.com,Nguyenchester,Hungary,2023-03-26
5778,Elizabeth Smith,cust5778_trananna@hotmail.com,Nancybury,Suriname,2024-10-15
5779,Paul Harris,cust5779_thompsoncameron@gmail.com,Goldenhaven,Netherlands,2026-01-10
5780,Bianca Brown,cust5780_carlmiller@hotmail.com,Port Linda,Mayotte,2026-03-02
5781,Alan Vega,cust5781_hogandebra@hotmail.com,Guzmanstad,Yemen,2023-11-03
5782,John Montes,cust5782_ryan41@gmail.com,Mitchellton,Lesotho,2024-10-31
5783,Raymond Lynch,cust5783_julie37@yahoo.com,Breannaland,Congo,2025-10-25
5784,Teresa Michael,cust5784_jessica52@hotmail.com,Port Nicholas,French Guiana,2024-03-28
5785,Lisa Scott,cust5785_garypeterson@gmail.com,Christopherbury,Sao Tome and Principe,2023-11-10
5786,Dale Bell,cust5786_allison61@gmail.com,Lake James,Palau,2023-04-14
5787,Gregory Garcia,cust5787_danielmartinez@hotmail.com,South Donald,Costa Rica,2025-03-15
5788,Sheena Fisher,cust5788_huntjulia@gmail.com,Lake Misty,Saint Kitts and Nevis,2025-07-01
5789,Natalie Hernandez,cust5789_joneszachary@gmail.com,Lake Jessica,Madagascar,2026-05-03
5790,Mr. Stephen Clark,cust5790_lopezlinda@hotmail.com,Lake Deannaside,Western Sahara,2026-03-24
5791,Jenny Mcfarland MD,cust5791_annarussell@hotmail.com,New Davidbury,Costa Rica,2025-10-30
5792,Tammy Newman,cust5792_iwhite@gmail.com,Williamside,Algeria,2023-07-04
5793,Joshua Ritter,cust5793_ltucker@yahoo.com,South Rickyfort,Montenegro,2024-03-30
5794,Douglas Barnes,cust5794_eric35@hotmail.com,Nelsonview,Antarctica (the territory South of 60 deg S),2025-06-03
5795,Theresa Silva,cust5795_jjohnson@hotmail.com,Port Toddstad,Equatorial Guinea,2024-08-16
5796,Dr. Tanya House,cust5796_angela80@gmail.com,Stevenside,Morocco,2025-03-18
5797,Sarah Clark,cust5797_rlee@hotmail.com,West Paulafurt,Guinea-Bissau,2023-10-31
5798,Jaime Byrd,cust5798_nelsonkimberly@yahoo.com,Paigeview,Greece,2023-09-28
5799,Jesse Montoya,cust5799_denisejackson@yahoo.com,East Jorge,Pitcairn Islands,2024-11-19
5800,Jonathon Jones,cust5800_lhoward@yahoo.com,Trujilloport,Gambia,2023-06-19
5801,Jasmine Stone,cust5801_sarah08@hotmail.com,Thomaston,Liberia,2025-09-01
5802,Bruce Scott,cust5802_mcmillangarrett@gmail.com,Patriciashire,Israel,2026-03-16
5803,Thomas Meyer,cust5803_glenn95@gmail.com,Keithchester,Andorra,2023-04-11
5804,Denise Palmer,cust5804_amanda61@hotmail.com,South Justinmouth,San Marino,2026-01-27
5805,James Farley,cust5805_ycurtis@yahoo.com,Lake Barryhaven,Mozambique,2025-03-28
5806,Terri Crane,cust5806_walkermichael@hotmail.com,South Taylorchester,Kazakhstan,2024-06-21
5807,Danielle Lee,cust5807_knightevelyn@gmail.com,Matthewtown,Bouvet Island (Bouvetoya),2023-06-24
5808,Megan Gonzalez,cust5808_lisablackburn@yahoo.com,Lake Christopher,Seychelles,2025-03-27
5809,Cesar Sutton,cust5809_cindy63@gmail.com,Jimmyview,Angola,2025-10-24
5810,Jeanne Martinez,cust5810_martinezjulie@yahoo.com,South Jared,Chile,2025-06-08
5811,Bradley Wallace,cust5811_terry88@yahoo.com,Thomaston,Holy See (Vatican City State),2023-09-25
5812,Brandy Brady,cust5812_davisrobert@hotmail.com,South Fred,Denmark,2023-10-04
5813,Amber Deleon,cust5813_campbellsamuel@hotmail.com,Sharpville,Mexico,2025-09-11
5814,Samantha Barker,cust5814_stevenlucas@hotmail.com,Port Jamesville,Nauru,2026-02-19
5815,Christopher Medina,cust5815_stevenhale@yahoo.com,Port Caitlyn,Jersey,2024-02-10
5816,Jeremy Garcia,cust5816_wwalsh@gmail.com,Vickifort,Djibouti,2025-09-26
5817,Donna Murray,cust5817_mary72@yahoo.com,Shelbymouth,Nepal,2025-03-20
5818,Becky Watts,cust5818_ramosdavid@gmail.com,Ramosville,Poland,2026-03-16
5819,Brian Gomez,cust5819_mariahgonzales@hotmail.com,Hayestown,Faroe Islands,2024-02-06
5820,Danielle Haynes,cust5820_zmiller@yahoo.com,East John,Mongolia,2026-02-23
5821,Tami Johnson,cust5821_davidwagner@yahoo.com,Katherineview,Saint Helena,2026-06-15
5822,Donna Cameron MD,cust5822_trujillotiffany@hotmail.com,Garzahaven,Maldives,2025-12-09
5823,Jason Smith,cust5823_qmoran@yahoo.com,Armstrongshire,Mongolia,2024-05-19
5824,Katherine Medina,cust5824_paulespinoza@hotmail.com,Perkinston,Rwanda,2024-05-11
5825,Katelyn Frazier,cust5825_lisaporter@hotmail.com,Lake John,Barbados,2023-05-27
5826,Ashley Sherman,cust5826_rsuarez@gmail.com,North Chelsea,Somalia,2024-06-29
5827,Michelle Mann,cust5827_kimberly74@yahoo.com,Robertborough,Saint Lucia,2025-05-30
5828,Cassandra Walls,cust5828_andrew46@yahoo.com,Vincentside,Tajikistan,2024-10-24
5829,Alexandra Gallegos,cust5829_belinda47@yahoo.com,North Anthony,Martinique,2026-03-25
5830,Nancy Walker PhD,cust5830_dorothyglenn@gmail.com,Michelleport,Congo,2023-07-03
5831,Mary Brown,cust5831_sanchezjennifer@gmail.com,Cathyside,Micronesia,2023-08-19
5832,Samantha Patton,cust5832_alawson@yahoo.com,Walkermouth,Djibouti,2025-04-27
5833,Emily Case,cust5833_savannahsmith@gmail.com,Port Melissashire,Philippines,2025-05-17
5834,Tara Rivera,cust5834_thompsonivan@yahoo.com,Pearsonbury,Chile,2025-01-18
5835,Yesenia Miller,cust5835_stevenwalter@gmail.com,South Amandatown,Nicaragua,2024-12-14
5836,Diana Lutz,cust5836_annrosales@yahoo.com,Benjaminshire,Comoros,2024-01-26
5837,Zachary Wolf,cust5837_barkerjessica@gmail.com,Port Nicole,Ethiopia,2024-10-18
5838,Michelle Martinez,cust5838_burtonmegan@gmail.com,Louisfort,Azerbaijan,2024-12-06
5839,Kenneth Russell,cust5839_pacheconicole@yahoo.com,West Maryville,Malawi,2026-05-01
5840,Christopher Rodriguez,cust5840_julieray@gmail.com,North Davidburgh,Congo,2023-02-19
5841,Brooke Bonilla,cust5841_robinsonbecky@hotmail.com,Lake Amber,Vanuatu,2024-09-16
5842,Katie Martinez,cust5842_troystewart@gmail.com,North Jennifer,Slovenia,2023-12-13
5843,Lisa Long,cust5843_williamskathleen@hotmail.com,Jeffreyberg,Bermuda,2024-12-17
5844,Leslie Shaw,cust5844_zoe28@gmail.com,Sarahbury,North Macedonia,2026-06-16
5845,Bryan Delgado,cust5845_gwendolyn19@hotmail.com,Acevedoside,Trinidad and Tobago,2025-06-24
5846,Jason Smith,cust5846_wheelerdiana@gmail.com,West Joshuaborough,Saint Martin,2026-06-30
5847,Jeffrey Griffin,cust5847_millerkelly@gmail.com,Emilyside,Mali,2023-10-26
5848,Alexander Baker,cust5848_omar20@hotmail.com,New Amyburgh,Romania,2025-06-21
5849,Jeffrey Richardson DDS,cust5849_chelseaanderson@hotmail.com,North Julia,Northern Mariana Islands,2023-04-02
5850,Gregory Watts,cust5850_gmontgomery@yahoo.com,Shahland,Uganda,2024-04-23
5851,Mrs. Rhonda Zamora,cust5851_linda01@gmail.com,West Tiffanymouth,Bulgaria,2024-02-13
5852,Dale Wong,cust5852_kylemccoy@yahoo.com,South Elizabethtown,Indonesia,2025-02-04
5853,Sharon Hicks,cust5853_kcarey@gmail.com,Lake Emilyberg,Svalbard & Jan Mayen Islands,2023-11-16
5854,Kimberly Cooper,cust5854_adamsdonald@gmail.com,Shieldshaven,Palestinian Territory,2023-06-25
5855,Michael Garcia,cust5855_igoodman@gmail.com,Lauraview,Maldives,2023-08-19
5856,Peter Russell,cust5856_martin98@gmail.com,Dunnport,United Arab Emirates,2023-04-22
5857,Andrew Alvarado,cust5857_xturner@yahoo.com,Port Timothyshire,British Virgin Islands,2024-05-12
5858,Justin Davis,cust5858_jeffreybest@yahoo.com,East Amy,Svalbard & Jan Mayen Islands,2026-06-25
5859,Logan Taylor,cust5859_pwagner@gmail.com,North Brent,Rwanda,2023-10-30
5860,Randy Williams,cust5860_grace05@yahoo.com,Matthewhaven,Algeria,2024-08-12
5861,Mrs. Amber Medina,cust5861_samuel95@gmail.com,Burgessbury,Singapore,2023-01-29
5862,Haley Johnson,cust5862_karen49@hotmail.com,Port Gina,Nauru,2024-12-04
5863,Francisco Nelson,cust5863_whitealicia@gmail.com,Port Shawnshire,Timor-Leste,2023-08-16
5864,Steven Carter,cust5864_regina28@gmail.com,New Cynthia,Grenada,2024-09-16
5865,Stefanie Fritz,cust5865_eric96@hotmail.com,North Melissa,Nicaragua,2025-07-10
5866,Samantha Peterson,cust5866_teresa86@hotmail.com,Carloschester,Congo,2025-08-22
5867,Sandra Hunter,cust5867_smithjennifer@yahoo.com,West Curtis,Bosnia and Herzegovina,2023-02-16
5868,Theodore Garza,cust5868_patrick31@gmail.com,Goodfurt,Heard Island and McDonald Islands,2024-11-10
5869,Sara Price,cust5869_aparrish@gmail.com,Loriborough,Cook Islands,2024-03-04
5870,Samuel Williams,cust5870_randy40@yahoo.com,Marymouth,Saint Barthelemy,2026-01-06
5871,Dustin Davis,cust5871_cdaugherty@gmail.com,Christineberg,Portugal,2024-03-09
5872,Mindy Flowers,cust5872_xburnett@yahoo.com,Greenville,Palestinian Territory,2024-02-22
5873,Robert Eaton,cust5873_robert65@yahoo.com,Collinsfurt,Croatia,2026-01-24
5874,Hunter Hicks,cust5874_westchristopher@yahoo.com,Stevensfurt,Netherlands Antilles,2025-12-07
5875,Stephen White,cust5875_ohickman@yahoo.com,Jamesburgh,Macao,2024-06-13
5876,Angela Perry,cust5876_yvettegeorge@yahoo.com,Westport,Bangladesh,2026-01-28
5877,Mr. Michael Perry DVM,cust5877_brownterry@hotmail.com,Woodston,Heard Island and McDonald Islands,2025-09-16
5878,Paul Cook,cust5878_markkelley@hotmail.com,South Emilystad,Uruguay,2026-06-29
5879,Nathan Fernandez,cust5879_burtonphilip@hotmail.com,Patrickside,Solomon Islands,2023-10-17
5880,Jamie Sheppard,cust5880_melissa64@yahoo.com,East Melissaborough,Panama,2023-02-07
5881,Douglas Medina,cust5881_jsullivan@yahoo.com,New Tammyberg,Benin,2025-02-10
5882,Jason Adkins,cust5882_tina67@gmail.com,South Robinton,Venezuela,2026-04-08
5883,Christopher Becker DDS,cust5883_robertmarquez@yahoo.com,West Stephenchester,Isle of Man,2025-12-14
5884,Robert Fritz,cust5884_afuller@yahoo.com,East Ericville,Yemen,2023-03-31
5885,Natalie Martinez,cust5885_jonathanmelendez@hotmail.com,Lisamouth,Saint Lucia,2024-06-07
5886,Derek Baker,cust5886_gibsonjoseph@hotmail.com,South Cole,South Georgia and the South Sandwich Islands,2023-12-15
5887,Angel Lane,cust5887_samantha78@gmail.com,East April,Senegal,2023-05-04
5888,Zachary Walker,cust5888_kaitlynbell@yahoo.com,Smithborough,Sweden,2024-08-04
5889,William Caldwell,cust5889_christopher83@hotmail.com,Brownshire,Iraq,2024-02-16
5890,Elizabeth Williamson,cust5890_robert91@gmail.com,Port Jamesside,Switzerland,2026-06-19
5891,Jessica Howard,cust5891_slewis@hotmail.com,West Brianport,Sierra Leone,2024-07-09
5892,Timothy Jones,cust5892_rfields@gmail.com,Port Adam,Cook Islands,2023-04-19
5893,Joseph Lee,cust5893_zdavis@gmail.com,Kristentown,Malaysia,2025-08-10
5894,Abigail Kirk,cust5894_rjacobson@hotmail.com,Wardview,Slovenia,2023-01-18
5895,Amy Evans,cust5895_walterjones@gmail.com,South Ashley,Denmark,2023-05-17
5896,Douglas Boyer,cust5896_gina58@hotmail.com,West Michelemouth,United States of America,2025-03-06
5897,Marissa Nixon,cust5897_david14@hotmail.com,Lauramouth,Northern Mariana Islands,2024-07-09
5898,Sandra Richardson,cust5898_bcoleman@gmail.com,West Danielhaven,United States Virgin Islands,2025-01-07
5899,Craig Kim,cust5899_fperez@yahoo.com,East Karen,Congo,2023-08-09
5900,Kristin Bell DDS,cust5900_prestongallagher@yahoo.com,Williamston,South Africa,2023-02-09
5901,Michael Skinner,cust5901_josephwilson@yahoo.com,New Gregory,Saint Lucia,2024-08-22
5902,Clinton Farrell,cust5902_lisa35@yahoo.com,Port Lauratown,Tuvalu,2025-03-02
5903,Mrs. Lisa Wilkins,cust5903_daniellecoleman@yahoo.com,New Cheryl,Seychelles,2024-04-18
5904,Michael Dixon,cust5904_thomasjohnny@yahoo.com,Laurenmouth,Turkmenistan,2025-02-18
5905,Stephanie Lowe,cust5905_ruizdanielle@hotmail.com,South Anthonyshire,Hungary,2025-11-07
5906,Kenneth Marshall,cust5906_jeremy59@gmail.com,Michaelfort,Uruguay,2023-07-23
5907,Michael Rodriguez,cust5907_natasha63@gmail.com,Smithland,Andorra,2024-10-08
5908,Megan Anthony,cust5908_jasonwhite@gmail.com,South Tyler,Japan,2025-09-19
5909,Jessica Murillo,cust5909_danielsrobert@gmail.com,West Anthony,Saint Kitts and Nevis,2026-05-07
5910,Tracy Williams,cust5910_williambishop@hotmail.com,West Derrickside,Greenland,2025-12-24
5911,Susan Fuller,cust5911_jfox@hotmail.com,New Ernest,Suriname,2023-06-30
5912,Erik Sanchez,cust5912_wsimpson@hotmail.com,Hallview,Hungary,2024-01-17
5913,Timothy Olson,cust5913_nschmidt@gmail.com,North Jodiborough,Latvia,2024-02-12
5914,Steven Bernard,cust5914_broberts@yahoo.com,New Elizabeth,Andorra,2025-10-22
5915,Sarah Watson,cust5915_rjohnson@hotmail.com,Kimberlyview,Central African Republic,2025-07-26
5916,Holly Hunt,cust5916_lfuller@gmail.com,New Josephside,Aruba,2026-02-22
5917,Douglas Hartman,cust5917_julie98@gmail.com,North Adrianachester,Swaziland,2023-02-14
5918,Joseph Ingram,cust5918_trichardson@gmail.com,Lake Jacqueline,Nauru,2023-03-23
5919,Heather Bennett,cust5919_blogan@hotmail.com,Howardton,Nauru,2024-05-21
5920,Lindsey Jenkins,cust5920_kelly89@yahoo.com,Lake Karen,Slovenia,2025-12-20
5921,Maria Smith,cust5921_jay63@yahoo.com,Tylerland,Vietnam,2024-09-16
5922,Mrs. Kathryn Scott PhD,cust5922_zpearson@hotmail.com,West Crystalport,El Salvador,2024-11-14
5923,Carlos Jackson,cust5923_sherylcarpenter@yahoo.com,New Shanemouth,Montserrat,2025-09-30
5924,Matthew Berry,cust5924_hamptonbernard@hotmail.com,Pricehaven,Iran,2025-03-16
5925,Monica Pratt,cust5925_piercejoshua@gmail.com,Morrisfort,Bahrain,2023-11-18
5926,Matthew Mccullough,cust5926_xhines@hotmail.com,North Markchester,Congo,2023-02-07
5927,Jennifer Thompson,cust5927_rodney02@yahoo.com,Danielschester,Guadeloupe,2024-12-11
5928,Frances Arnold,cust5928_nmyers@yahoo.com,East Samanthaville,Bouvet Island (Bouvetoya),2024-12-21
5929,Michelle Ramirez,cust5929_rmiller@yahoo.com,Rachelville,Mayotte,2024-12-28
5930,Andrea Wheeler,cust5930_hannahcastillo@yahoo.com,Port Maria,Tunisia,2024-09-11
5931,Leah Brown,cust5931_ruthwashington@gmail.com,Brittanytown,Chad,2024-04-28
5932,Michael Hicks,cust5932_sean32@yahoo.com,East Joseph,Qatar,2025-10-23
5933,Katherine Stewart,cust5933_garciadennis@hotmail.com,Ellisonmouth,Wallis and Futuna,2024-07-18
5934,Jacob Wilson,cust5934_halexander@yahoo.com,North Hailey,Nicaragua,2023-05-07
5935,Kelly Wheeler,cust5935_vthomas@yahoo.com,Gilmoreville,Bermuda,2024-06-11
5936,Laura Knight,cust5936_ginaramirez@hotmail.com,Benjaminberg,Jordan,2025-03-03
5937,Samantha Barnett,cust5937_marvinpeters@hotmail.com,Campbellborough,Holy See (Vatican City State),2023-03-02
5938,Amy Ho,cust5938_kimberly84@gmail.com,West Cherylstad,Niue,2026-02-10
5939,Luis Gordon,cust5939_qhowe@yahoo.com,Hayesbury,Sao Tome and Principe,2024-07-27
5940,Jennifer Black,cust5940_tara39@gmail.com,Lisaborough,Samoa,2024-04-06
5941,Katherine Lopez,cust5941_tamarahopkins@gmail.com,New Cynthiaport,France,2023-11-07
5942,Tonya Tate,cust5942_andrewphillips@yahoo.com,West Chelsey,Botswana,2024-11-30
5943,Bethany Stewart,cust5943_qmontoya@hotmail.com,Jenniferburgh,Mongolia,2025-03-15
5944,Angela Jackson,cust5944_eddie87@gmail.com,North Baileyfurt,Cayman Islands,2023-10-09
5945,Jessica Mullins MD,cust5945_fullerkristi@gmail.com,Richardview,French Guiana,2023-06-29
5946,Jason Hernandez,cust5946_jenniferhardin@yahoo.com,Mcleanview,Haiti,2025-02-21
5947,Sierra Spears,cust5947_dpatton@gmail.com,Maddoxmouth,Australia,2025-12-02
5948,Anthony Bullock,cust5948_teresa57@yahoo.com,New Nicole,Zambia,2026-06-08
5949,Victoria Rowe,cust5949_speters@gmail.com,Davisville,Lebanon,2024-04-10
5950,Andrea Rhodes,cust5950_melissa69@gmail.com,Lake Jenniferside,Belgium,2025-05-04
5951,Katherine Murphy,cust5951_wardbrittany@gmail.com,Taylorborough,Lao People's Democratic Republic,2024-05-07
5952,Amy Wong,cust5952_andrewsthomas@yahoo.com,Hatfieldburgh,Senegal,2026-03-19
5953,Troy Poole,cust5953_rebecca19@yahoo.com,South Dianachester,Maldives,2023-11-09
5954,Kevin Patrick,cust5954_racheldorsey@hotmail.com,Gambleland,Vanuatu,2025-05-23
5955,Mrs. Christine Miller,cust5955_kristystevens@yahoo.com,East Thomas,Madagascar,2024-10-01
5956,William Henderson,cust5956_danieldillon@yahoo.com,Smithland,Cameroon,2026-05-24
5957,Albert Wood,cust5957_smckee@gmail.com,South Paul,Central African Republic,2024-11-05
5958,Jasmine Williams,cust5958_braunjesse@gmail.com,West Jenniferfort,Jordan,2025-07-08
5959,Charles Vargas,cust5959_gkey@gmail.com,New Andrewville,Namibia,2026-01-15
5960,Joseph Rivera,cust5960_brittany35@hotmail.com,Lake Ronnie,Luxembourg,2023-09-27
5961,Morgan Griffin,cust5961_kennethjennings@gmail.com,Fergusonborough,Croatia,2024-02-28
5962,Rachel Hernandez,cust5962_angelamoore@gmail.com,Lake Holly,Kuwait,2023-10-11
5963,Brandon Harris,cust5963_uwilliams@yahoo.com,Anthonymouth,Portugal,2026-04-04
5964,Frank Lee,cust5964_tina36@hotmail.com,Port Thomasburgh,Saint Kitts and Nevis,2026-01-13
5965,Lauren Rush,cust5965_emily07@gmail.com,Cardenasmouth,Malaysia,2024-02-19
5966,Kathleen Kelly,cust5966_haleyherman@gmail.com,Marthamouth,Sao Tome and Principe,2023-10-10
5967,Mrs. Lisa Taylor,cust5967_jerry37@gmail.com,South Melinda,Portugal,2024-09-24
5968,Haley Hayes,cust5968_larry97@hotmail.com,East Samanthafurt,United States of America,2025-12-08
5969,Taylor Roberts,cust5969_robertmartin@gmail.com,New Coleberg,Guatemala,2023-10-04
5970,Kayla Young,cust5970_julie02@hotmail.com,Pruitthaven,Uzbekistan,2025-05-30
5971,Cynthia Cowan,cust5971_bjohnson@hotmail.com,Austinborough,Tokelau,2023-10-25
5972,Julian Myers MD,cust5972_rosswalker@yahoo.com,Franklinview,Indonesia,2026-03-02
5973,Gary Hendricks,cust5973_danielvelez@yahoo.com,Kimberlyport,Anguilla,2023-11-20
5974,Robert Hinton,cust5974_kristen59@yahoo.com,South Kathleenbury,Vietnam,2024-10-12
5975,Mark Davies,cust5975_ylevine@gmail.com,Lake Michaelton,Sierra Leone,2023-05-19
5976,Karla Garcia,cust5976_john28@gmail.com,Webbview,Albania,2026-02-15
5977,Kristin Collins,cust5977_ncox@gmail.com,West Joanport,Gibraltar,2025-12-27
5978,Nicole Fisher,cust5978_julienorris@hotmail.com,New Amanda,Hungary,2023-08-31
5979,Sandy Rasmussen,cust5979_watkinsjohnny@gmail.com,Arnoldberg,Seychelles,2024-01-13
5980,Stacy Frey,cust5980_fcross@gmail.com,Morrowborough,Austria,2024-10-12
5981,Glenda Middleton,cust5981_apoole@hotmail.com,South Leviside,El Salvador,2023-10-26
5982,Robert Houston,cust5982_oconnorchristine@gmail.com,North Ricky,Iran,2023-03-02
5983,Jason Patterson,cust5983_christinamason@yahoo.com,New Courtneyland,Saint Kitts and Nevis,2024-10-14
5984,Catherine Gordon,cust5984_candiceharris@hotmail.com,East Ryanberg,Syrian Arab Republic,2025-04-27
5985,Kristin Hall,cust5985_daniel22@hotmail.com,Stewarthaven,Belize,2025-04-22
5986,Jessica Thompson,cust5986_michaelschmidt@yahoo.com,South Amanda,Brunei Darussalam,2024-09-13
5987,Gabriel Robinson,cust5987_devon00@gmail.com,New Danielleburgh,United States Virgin Islands,2025-06-26
5988,Sylvia Castillo,cust5988_michaelcharles@gmail.com,North Derek,Niue,2024-07-14
5989,Reginald Fleming,cust5989_ibell@gmail.com,North Anthonyview,Grenada,2023-11-08
5990,Scott Swanson,cust5990_johnsonsamantha@gmail.com,New Courtneymouth,Brazil,2024-01-20
5991,Alfred Lara,cust5991_millerheather@yahoo.com,Lake Isabelville,Chad,2023-08-07
5992,Molly Cooper,cust5992_wilsongarrett@hotmail.com,Watersmouth,Bahamas,2023-09-27
5993,Catherine Mcdonald MD,cust5993_chapmanjohn@gmail.com,Jensenville,Finland,2024-01-14
5994,Cynthia Pruitt,cust5994_burkeanthony@yahoo.com,West Davidfurt,Romania,2023-02-23
5995,Rebecca Martinez,cust5995_astewart@gmail.com,New Michaelbury,South Africa,2026-06-07
5996,Kimberly Allen,cust5996_velasqueztaylor@gmail.com,Mcgeeport,Uzbekistan,2026-06-17
5997,Lisa Williamson,cust5997_gomezkathy@hotmail.com,Lake Donna,Gambia,2024-06-30
5998,Adam Ayala,cust5998_englishandrea@yahoo.com,Leefurt,Venezuela,2026-05-25
5999,Sarah Duke,cust5999_allison58@hotmail.com,North Amystad,Korea,2026-03-07
6000,John Johnson,cust6000_bward@yahoo.com,South Charles,Thailand,2026-06-08
6001,Jean Dougherty,cust6001_gerald03@gmail.com,Clarkstad,Djibouti,2024-04-17
6002,Kendra Villarreal,cust6002_morrismaria@yahoo.com,North Jenniferside,Hungary,2026-05-06
6003,Tamara Patterson,cust6003_brownabigail@gmail.com,Jennifermouth,Germany,2024-04-20
6004,Jeffrey Hanna,cust6004_greensara@gmail.com,Juanburgh,Iran,2024-04-17
6005,Jason Robinson,cust6005_cody81@hotmail.com,New Nicole,Djibouti,2023-02-23
6006,Thomas Marks,cust6006_stacy55@gmail.com,South Steven,Philippines,2025-01-05
6007,Connor Ferguson,cust6007_zwilson@yahoo.com,North Christopherville,Brazil,2023-06-12
6008,Walter Buck,cust6008_emason@hotmail.com,Barrettmouth,Papua New Guinea,2025-09-03
6009,Margaret Riley,cust6009_brianbrown@yahoo.com,Taylormouth,Micronesia,2023-10-02
6010,Robert Williams,cust6010_chasesheryl@hotmail.com,Anthonyview,Ireland,2025-10-25
6011,Mary Smith,cust6011_butlerashley@gmail.com,Joyceburgh,Tokelau,2026-05-23
6012,Patricia Harper,cust6012_stevehansen@gmail.com,Hopkinsview,Turks and Caicos Islands,2025-08-18
6013,Alexander Cooke,cust6013_jenkinserin@gmail.com,Westberg,Comoros,2025-02-04
6014,Laura Alexander,cust6014_antoniosingleton@yahoo.com,Port Mary,Senegal,2024-01-12
6015,Michael Martin,cust6015_charlesalison@yahoo.com,Shaneview,Marshall Islands,2025-03-04
6016,Ricardo Williams,cust6016_christopherdeleon@hotmail.com,Jennafort,British Indian Ocean Territory (Chagos Archipelago),2025-10-03
6017,Susan Howard,cust6017_lorigarcia@hotmail.com,North Toddside,Malaysia,2025-08-28
6018,Jordan Graham,cust6018_margaretmiller@gmail.com,Lake Tina,United Arab Emirates,2023-10-09
6019,Fernando Thomas,cust6019_brandonhopkins@hotmail.com,Jenningsshire,Haiti,2023-12-02
6020,Katherine Shelton,cust6020_blairwilliam@hotmail.com,Taylortown,Sri Lanka,2024-01-31
6021,Samuel Owens,cust6021_ycooper@hotmail.com,Langshire,Eritrea,2024-04-08
6022,Brittany Oneal,cust6022_davidreed@gmail.com,Lake Angelafort,Malaysia,2023-03-08
6023,Zachary Rivera,cust6023_njones@gmail.com,Lake Kelli,Jamaica,2025-04-16
6024,Karen Ortiz,cust6024_foxwilliam@gmail.com,Flowerstown,Italy,2023-01-31
6025,Michael Jones,cust6025_matthew07@yahoo.com,Ashleyville,Spain,2024-07-06
6026,Tina Moore,cust6026_dadams@hotmail.com,West Sarah,Faroe Islands,2025-04-25
6027,Donald White,cust6027_gwendolyn59@hotmail.com,North Williammouth,Botswana,2024-03-31
6028,Ronald Gray DDS,cust6028_tracy03@hotmail.com,New Rogerhaven,Cook Islands,2024-02-20
6029,Adam Nixon,cust6029_angelacohen@yahoo.com,Jesustown,Botswana,2024-02-23
6030,Victor Burnett,cust6030_aliciastevens@gmail.com,West Ashley,Kenya,2023-05-16
6031,Troy Chan,cust6031_kylenichols@yahoo.com,Williamsbury,Bosnia and Herzegovina,2023-12-29
6032,Mario Livingston,cust6032_josegonzalez@gmail.com,Karenville,Mayotte,2025-06-18
6033,Patricia Rogers,cust6033_michellewilson@gmail.com,Morenochester,Jamaica,2026-06-17
6034,Stacey Howard,cust6034_qdiaz@gmail.com,Isaiahshire,Belize,2025-09-30
6035,Cindy Ramos,cust6035_tlee@yahoo.com,Simpsonland,Cayman Islands,2024-10-27
6036,Michele Evans,cust6036_treynolds@gmail.com,Michaelberg,British Virgin Islands,2025-07-26
6037,Tina Cherry,cust6037_wrighttina@hotmail.com,Port Brittany,Reunion,2024-05-20
6038,Caroline Lloyd,cust6038_barbarahamilton@hotmail.com,East Kim,Lithuania,2025-05-25
6039,Angela Morse,cust6039_lewismichael@hotmail.com,East Richard,Maldives,2025-04-09
6040,Leslie Fuentes,cust6040_cassandra78@gmail.com,Alvarezview,French Polynesia,2023-03-27
6041,Christopher Roberts MD,cust6041_stephanie54@hotmail.com,Fernandezfort,Cayman Islands,2026-05-30
6042,Melissa Williams MD,cust6042_racheldavis@yahoo.com,South Christophershire,Nauru,2025-02-18
6043,Sandra Nelson,cust6043_debbiehoffman@hotmail.com,Lewisburgh,Faroe Islands,2024-10-02
6044,Steven Collins MD,cust6044_tanya47@gmail.com,North Benjamin,Djibouti,2025-03-18
6045,Anita Peters,cust6045_jamesann@yahoo.com,East Christine,Netherlands Antilles,2026-06-06
6046,Jeffrey Steele,cust6046_james99@hotmail.com,New Craig,Lesotho,2026-03-17
6047,Gina Berry,cust6047_wayne41@hotmail.com,Williamview,Israel,2026-05-01
6048,Melanie Tanner,cust6048_jonesallison@gmail.com,Lake Joseph,Korea,2026-01-03
6049,Albert Rodriguez,cust6049_iguzman@yahoo.com,Allenland,Antarctica (the territory South of 60 deg S),2025-12-11
6050,Jennifer Jimenez,cust6050_conradscott@gmail.com,Benjaminberg,Burundi,2023-03-20
6051,James Parker,cust6051_julian49@hotmail.com,Veronicatown,Saudi Arabia,2025-12-02
6052,Gregory Jackson,cust6052_bruce01@yahoo.com,Michaelport,Nauru,2023-08-12
6053,Erika Kelley,cust6053_clayton77@gmail.com,Port Laurastad,Dominican Republic,2025-07-13
6054,Shawn Simpson,cust6054_dorothyallen@hotmail.com,New David,Cape Verde,2025-07-24
6055,Kathryn Martinez,cust6055_riossusan@yahoo.com,North Kirstenview,Czech Republic,2023-03-28
6056,Jasmine Herrera,cust6056_jason37@yahoo.com,Lake Crystalborough,Ghana,2024-05-18
6057,Vincent Watkins,cust6057_rebecca47@gmail.com,East Raven,France,2025-11-28
6058,Brittany Lin,cust6058_jeffreyfrancis@gmail.com,Williamsborough,Cocos (Keeling) Islands,2026-01-06
6059,Matthew Rivera,cust6059_porterpamela@yahoo.com,West Erin,Paraguay,2025-03-21
6060,Sally Robinson,cust6060_simonzachary@gmail.com,West Jessica,Tonga,2023-03-22
6061,Diana Burnett,cust6061_carolzavala@yahoo.com,Woodberg,Malaysia,2026-02-16
6062,Crystal Johnson,cust6062_briannatate@hotmail.com,Port Anthonyburgh,New Zealand,2025-03-04
6063,Jeremy Ferguson,cust6063_hillmichael@yahoo.com,Justinport,Cambodia,2025-11-23
6064,Lindsay Brewer,cust6064_tracypatterson@gmail.com,Port Jerry,Spain,2023-04-11
6065,Daniel Washington,cust6065_nathan73@yahoo.com,Christopherborough,United Arab Emirates,2024-01-24
6066,Sean Villegas,cust6066_jason26@yahoo.com,Sharonfurt,Kenya,2024-08-19
6067,Sara Johnson,cust6067_erodriguez@gmail.com,Christyland,Pakistan,2025-06-19
6068,Susan Mccormick,cust6068_jessefoster@hotmail.com,Matthewville,Costa Rica,2025-03-26
6069,Juan Wilson,cust6069_mannjohn@yahoo.com,North Paulamouth,Congo,2024-09-15
6070,Brenda Donovan,cust6070_davidmiller@yahoo.com,Port Amber,China,2024-08-08
6071,Lydia Hampton,cust6071_nixonrandy@yahoo.com,Fishertown,Sao Tome and Principe,2025-08-02
6072,Mr. Wesley Roman,cust6072_mlang@hotmail.com,Edwardschester,Monaco,2023-12-07
6073,Laura Weber,cust6073_audrey11@gmail.com,New Sharon,Gambia,2025-05-15
6074,Christine Dalton,cust6074_alexis93@gmail.com,Woodberg,Niger,2024-08-25
6075,Lisa Charles,cust6075_rlee@hotmail.com,North Heather,Belgium,2026-06-09
6076,Molly Campos,cust6076_xhood@gmail.com,East Joel,Portugal,2023-04-22
6077,Susan Burch,cust6077_petersendoris@yahoo.com,Parkerville,Barbados,2025-11-24
6078,Zachary Cruz,cust6078_sandra59@gmail.com,New Robert,Holy See (Vatican City State),2023-10-19
6079,Linda Hoffman,cust6079_drichards@hotmail.com,North Juantown,Congo,2025-08-07
6080,Jason Newton,cust6080_michele39@gmail.com,Lake Valerie,Niger,2025-07-14
6081,Bruce Blackwell,cust6081_rasmussenjason@hotmail.com,North Kathryn,Nigeria,2023-07-05
6082,Emily Johns,cust6082_evan23@hotmail.com,Martinezton,Serbia,2025-10-22
6083,Matthew Howell,cust6083_jhernandez@hotmail.com,Lake Amanda,Bangladesh,2023-08-20
6084,Paul Bowman,cust6084_davismichael@gmail.com,South Teresafort,Sri Lanka,2024-01-04
6085,Kristine Rhodes,cust6085_sharon20@hotmail.com,Nunezmouth,Syrian Arab Republic,2026-04-13
6086,Sarah Simmons,cust6086_curtisjohnson@hotmail.com,Matthewland,Nepal,2026-01-24
6087,Rachel Fletcher,cust6087_donald36@yahoo.com,East Thomas,Eritrea,2023-10-05
6088,Karen Benson,cust6088_alexander62@gmail.com,Port David,Slovakia (Slovak Republic),2025-03-16
6089,Vincent Williams,cust6089_rebecca48@gmail.com,South Sarahport,San Marino,2025-04-26
6090,Sarah Riddle,cust6090_lindseycharles@gmail.com,Espinozafort,Yemen,2024-10-24
6091,Samantha Reyes,cust6091_housejames@gmail.com,Port Olivia,Germany,2025-07-12
6092,Mr. Joseph Powell,cust6092_wallaceantonio@gmail.com,North Douglasmouth,Swaziland,2023-02-21
6093,Joseph Thompson,cust6093_sarahhall@yahoo.com,Taylorview,Tonga,2024-01-02
6094,Carlos Holloway,cust6094_douglasturner@gmail.com,West Cynthiaberg,Congo,2025-07-18
6095,Heidi Carson,cust6095_kari76@gmail.com,Rodriguezberg,Guinea-Bissau,2026-04-23
6096,Mrs. Cynthia Thompson,cust6096_weaverjimmy@hotmail.com,Lake Susan,Anguilla,2024-02-18
6097,Brett Jacobs,cust6097_peter80@gmail.com,Ortegaside,Lebanon,2025-07-20
6098,Justin Rodriguez,cust6098_griffinnicole@hotmail.com,Wilsonview,Liechtenstein,2023-07-04
6099,Rebecca Bennett,cust6099_kristen97@yahoo.com,Turnerchester,Mongolia,2024-05-27
6100,Jeffrey Harper,cust6100_whitestephanie@yahoo.com,Wolfechester,Nicaragua,2024-10-25
6101,Diana Espinoza,cust6101_martincarter@yahoo.com,Grayport,French Polynesia,2023-12-02
6102,Mary Osborn,cust6102_williamsjames@hotmail.com,Huntstad,Vanuatu,2023-09-11
6103,Caitlin Blair,cust6103_youngdavid@yahoo.com,Port Brandon,France,2023-07-06
6104,Jacob Blevins,cust6104_eric70@yahoo.com,Taylorfort,Korea,2023-08-22
6105,Cheryl Williams,cust6105_thomasjulie@gmail.com,West Jameston,Uruguay,2025-07-09
6106,Julie Larsen,cust6106_walshdavid@gmail.com,Nicoleburgh,Egypt,2025-01-13
6107,Ellen Foley,cust6107_mitchell06@gmail.com,Martinezville,Austria,2023-06-24
6108,Benjamin Ferguson,cust6108_joshua80@yahoo.com,Colefurt,Faroe Islands,2025-12-08
6109,Jessica Fields,cust6109_ortegatheresa@hotmail.com,Morrisfurt,Guernsey,2025-02-25
6110,Zachary Flores,cust6110_robin37@gmail.com,Frankland,Solomon Islands,2025-11-13
6111,Jack Young,cust6111_zgonzales@hotmail.com,Salinastown,Albania,2026-06-07
6112,Glenda Gaines,cust6112_russellcarla@yahoo.com,Rossborough,Malaysia,2023-11-24
6113,Autumn Lee,cust6113_marie33@yahoo.com,South Ericborough,Lithuania,2025-02-14
6114,Amy Little,cust6114_sotoantonio@gmail.com,Youngfurt,Italy,2026-02-01
6115,Amanda Davis,cust6115_cgraham@hotmail.com,West Peggychester,Angola,2025-02-18
6116,George Blake,cust6116_silvajoshua@gmail.com,Josephland,Palau,2023-03-31
6117,Angela Williamson,cust6117_kristygonzales@hotmail.com,South Diana,Burundi,2023-12-16
6118,Gabrielle Cook,cust6118_nicole19@yahoo.com,Wendyton,Mali,2024-11-17
6119,Lisa Hamilton,cust6119_halljesse@gmail.com,Lake Katelynland,United States Minor Outlying Islands,2026-03-04
6120,Daniel Sanchez,cust6120_johngonzalez@yahoo.com,New Anthony,Papua New Guinea,2023-11-04
6121,Christopher Wolf,cust6121_joshua58@gmail.com,Turnerview,Israel,2023-11-29
6122,Rachel Liu,cust6122_uarnold@hotmail.com,West Robertport,Pakistan,2023-10-24
6123,Lorraine Vazquez,cust6123_ashley79@hotmail.com,South Allenside,Bolivia,2024-01-02
6124,Jeffrey Brown,cust6124_moorechristina@hotmail.com,East Joseph,Mexico,2023-04-16
6125,Melissa Jones,cust6125_awilliams@yahoo.com,Charlottemouth,Antigua and Barbuda,2025-05-09
6126,Renee Rowe,cust6126_whitedaniel@hotmail.com,Oliverchester,Gabon,2024-09-22
6127,Jill Curtis,cust6127_fbates@yahoo.com,Raymondberg,Georgia,2024-09-25
6128,Chad Gutierrez,cust6128_caleb51@yahoo.com,New Jenny,Antarctica (the territory South of 60 deg S),2025-07-02
6129,Terry Buchanan,cust6129_harold28@hotmail.com,Victorfurt,Namibia,2024-08-14
6130,Mr. Bryan Henderson,cust6130_lawsonrachel@hotmail.com,Lake Joshuafurt,Djibouti,2024-01-06
6131,Melissa Woodward,cust6131_mcgeedeborah@yahoo.com,New Clayton,Bosnia and Herzegovina,2023-08-29
6132,Brian Rodriguez,cust6132_chelseaspence@yahoo.com,Carlosborough,Zimbabwe,2023-09-27
6133,Mark House,cust6133_xmccoy@hotmail.com,North Kim,Portugal,2024-02-20
6134,David Johnson,cust6134_ballernest@yahoo.com,North Susan,Panama,2023-01-08
6135,Troy Martin,cust6135_sandrarobinson@gmail.com,Savannahbury,Belgium,2026-06-29
6136,Shane Collins,cust6136_asoto@yahoo.com,North Krystal,Russian Federation,2024-06-02
6137,Alicia Guerrero,cust6137_margaret95@yahoo.com,Port Jeanne,United Kingdom,2023-01-26
6138,Hannah Newman,cust6138_marybeck@hotmail.com,New Stephen,Mali,2025-07-28
6139,Debra Jones,cust6139_fcarter@yahoo.com,Perryview,Christmas Island,2025-10-16
6140,Aaron Smith,cust6140_brettmullins@hotmail.com,Brownchester,Northern Mariana Islands,2025-10-18
6141,Nichole Stephens,cust6141_karenhernandez@yahoo.com,North Darinburgh,Tajikistan,2026-01-18
6142,Alicia Parsons,cust6142_gilessteven@gmail.com,Port Audreystad,Niue,2023-01-12
6143,Michelle Gibson,cust6143_charlesmcconnell@hotmail.com,South Robertstad,Norway,2026-05-30
6144,Geoffrey Ward,cust6144_jesus00@gmail.com,Vegafort,Belize,2025-10-07
6145,Jesse Owen,cust6145_rstewart@hotmail.com,Jonathonborough,Philippines,2024-05-02
6146,Mark Pearson,cust6146_huffamber@hotmail.com,West Kimberlyburgh,Pakistan,2024-03-20
6147,Katie Ray,cust6147_brettjohnson@yahoo.com,Catherineburgh,United Kingdom,2026-04-20
6148,Jennifer Oneill,cust6148_gmorales@yahoo.com,Parsonsville,Mauritania,2025-09-01
6149,Andrew Williams,cust6149_bradforderic@yahoo.com,South Andrea,Qatar,2025-07-18
6150,Frank Barnett,cust6150_mvance@yahoo.com,Timothyshire,Armenia,2025-04-19
6151,Benjamin Hall,cust6151_eburnett@yahoo.com,Villegasbury,Pakistan,2025-06-23
6152,Robert Jackson,cust6152_sandersjames@hotmail.com,North Eric,British Indian Ocean Territory (Chagos Archipelago),2023-06-12
6153,Angela Noble,cust6153_obrienteresa@gmail.com,New Michelle,Malta,2026-05-16
6154,Nicholas Nelson,cust6154_rdavis@gmail.com,North Jamesmouth,United States of America,2026-05-14
6155,Jordan Parrish,cust6155_brownbrittany@gmail.com,Lake Jonmouth,Tajikistan,2023-01-14
6156,Crystal Alvarez,cust6156_chelsea63@hotmail.com,Marcomouth,Saint Kitts and Nevis,2024-05-16
6157,James Hebert,cust6157_mcruz@hotmail.com,North Jamesmouth,Djibouti,2026-01-25
6158,John Berg,cust6158_timothy08@gmail.com,Bryceside,Switzerland,2024-07-23
6159,Alexandria Cross,cust6159_isimpson@gmail.com,Port Ronald,Colombia,2026-06-23
6160,Earl Monroe,cust6160_randy55@yahoo.com,Patricialand,Bahamas,2026-02-15
6161,Taylor Esparza,cust6161_mfriedman@hotmail.com,Collinsburgh,Lebanon,2024-03-01
6162,Timothy Hill,cust6162_thompsonnathan@gmail.com,Lake Richardborough,Slovenia,2023-04-11
6163,Kathleen Wright,cust6163_eking@hotmail.com,Andreachester,Svalbard & Jan Mayen Islands,2024-01-14
6164,Kelsey Gates,cust6164_seanmoore@yahoo.com,Melanieburgh,Tunisia,2023-10-31
6165,Sara Cummings,cust6165_joshuali@gmail.com,North Theresa,Saint Pierre and Miquelon,2023-04-23
6166,Teresa Jones,cust6166_nicolereese@yahoo.com,New Scott,San Marino,2024-12-15
6167,Victoria Rodriguez MD,cust6167_ashleywilson@hotmail.com,Lake Hannah,Azerbaijan,2023-03-17
6168,Keith Williams,cust6168_userrano@yahoo.com,New Gregoryhaven,Cook Islands,2023-10-25
6169,Keith Meyers,cust6169_smithjennifer@hotmail.com,Johnsonburgh,Tuvalu,2023-03-08
6170,Austin Mullins,cust6170_lauragriffith@hotmail.com,Fordberg,New Caledonia,2026-03-29
6171,Denise Herman,cust6171_alawson@hotmail.com,Thomasfort,Tajikistan,2026-05-20
6172,Angel Willis,cust6172_timothyfloyd@hotmail.com,South Joyview,Zambia,2024-09-03
6173,Donna Patel,cust6173_kevinstanley@yahoo.com,Lake Tina,Malaysia,2024-11-09
6174,Judy Davis,cust6174_harrellmichael@hotmail.com,West Anna,Latvia,2023-06-29
6175,Jason Benton,cust6175_larry31@gmail.com,New Daniel,Samoa,2023-04-11
6176,James Harris,cust6176_jeffreyyoung@hotmail.com,New Jennifer,Russian Federation,2023-08-12
6177,Jeffrey Bond,cust6177_paul74@gmail.com,Andersonhaven,Venezuela,2025-05-03
6178,Amber Baldwin,cust6178_mhanson@yahoo.com,Port Sarahtown,Mauritius,2024-01-01
6179,Kristin Flores,cust6179_tracyhorton@gmail.com,Jessicaburgh,Lithuania,2023-11-27
6180,Adrian Walters,cust6180_tanyacoleman@gmail.com,North Kevin,South Georgia and the South Sandwich Islands,2024-08-05
6181,Jennifer Wright,cust6181_marylee@gmail.com,Lake Meganshire,Sri Lanka,2026-06-05
6182,Kristine Mayer,cust6182_marshkristina@gmail.com,South Jeremychester,Iceland,2026-05-03
6183,Paul Greene,cust6183_hellis@hotmail.com,Lawrencechester,Solomon Islands,2026-03-18
6184,Jessica Jones,cust6184_richardburns@yahoo.com,South Lauraburgh,Ireland,2026-02-25
6185,Heidi Vasquez,cust6185_wallacesarah@gmail.com,South Charles,Saint Kitts and Nevis,2023-12-30
6186,Angela Gomez,cust6186_bpreston@hotmail.com,Webstermouth,Cyprus,2025-07-21
6187,Jeffrey Harris,cust6187_tamara92@hotmail.com,Drewfort,Mali,2026-03-31
6188,Brandon West,cust6188_albert48@yahoo.com,East Andreville,Brunei Darussalam,2025-01-07
6189,Kayla Alvarez,cust6189_terryrodriguez@yahoo.com,Webbstad,Malta,2023-03-15
6190,Toni Mcgee,cust6190_katherinekent@yahoo.com,Lake Dustinstad,Nepal,2023-07-10
6191,Cindy Riggs,cust6191_garzapaige@hotmail.com,South Walter,United Kingdom,2024-09-04
6192,Caitlin Stewart,cust6192_browningdennis@yahoo.com,North Brianaland,Saint Kitts and Nevis,2024-10-23
6193,Michael Mendoza,cust6193_nicholas53@hotmail.com,South Ronald,Niue,2025-01-24
6194,Crystal Solis,cust6194_twebster@gmail.com,Guerreromouth,Kenya,2025-02-15
6195,Brandon Glass,cust6195_matthewtaylor@hotmail.com,Johnton,Uzbekistan,2023-05-19
6196,Michael Yoder,cust6196_uthomas@yahoo.com,Grahamfort,Marshall Islands,2025-05-25
6197,Melissa Boyd,cust6197_davidsonpatrick@gmail.com,North Jeanette,Iran,2026-02-01
6198,Thomas Williams,cust6198_chloevalencia@gmail.com,Matthewborough,Saint Lucia,2023-05-13
6199,Jason Burke,cust6199_jonesjorge@hotmail.com,South Angelaton,Turks and Caicos Islands,2024-08-22
6200,George Wheeler,cust6200_glenda36@gmail.com,South George,Denmark,2025-08-22
6201,Alex Osborn,cust6201_jason26@gmail.com,South Ann,Ukraine,2023-10-03
6202,Michael White,cust6202_bennetthaley@gmail.com,Cervantesview,Saint Barthelemy,2023-09-07
6203,John Terry,cust6203_jasonsmith@hotmail.com,North Karafurt,Gambia,2024-07-16
6204,Alex Cole,cust6204_daniel86@yahoo.com,Emilyport,Saint Kitts and Nevis,2024-11-05
6205,Joshua Miles,cust6205_stewartmelissa@hotmail.com,Vanessatown,Korea,2025-12-15
6206,Wesley Green,cust6206_xgarrett@hotmail.com,North Kevin,South Georgia and the South Sandwich Islands,2025-04-27
6207,James Martin,cust6207_jennifer04@gmail.com,Diazmouth,Belgium,2025-12-10
6208,Angela Pugh,cust6208_owilliams@gmail.com,East Ronald,Greenland,2024-03-05
6209,Jennifer Walter,cust6209_roberttaylor@gmail.com,Rachelville,Tuvalu,2024-03-04
6210,Joshua Sandoval,cust6210_alexandra08@hotmail.com,Wardside,Hong Kong,2026-06-07
6211,Jason Hernandez,cust6211_holtmelanie@gmail.com,Medinastad,Lesotho,2023-04-30
6212,Brandon Meadows,cust6212_apatterson@hotmail.com,Josephfort,Spain,2023-08-12
6213,James Phillips,cust6213_perezcarrie@yahoo.com,New Brianchester,Burundi,2026-03-16
6214,Kelly Lang,cust6214_logangraves@hotmail.com,Garciaburgh,Lao People's Democratic Republic,2025-12-19
6215,Daniel Miller,cust6215_acostasarah@gmail.com,West Kristi,Myanmar,2023-06-29
6216,Crystal Rogers,cust6216_jenniferroberts@gmail.com,Perryburgh,Zimbabwe,2025-09-17
6217,Jessica Barry,cust6217_wgutierrez@gmail.com,Lake Edwinside,Greenland,2026-05-23
6218,Andrea Flowers,cust6218_fieldsanthony@yahoo.com,East Kimberlyland,Tokelau,2024-08-11
6219,Jaclyn Bauer,cust6219_stevenho@yahoo.com,Lake Joshuaton,Georgia,2025-05-24
6220,Brandy Boyd,cust6220_usullivan@yahoo.com,Port Stacytown,Russian Federation,2026-05-31
6221,Tanya Steele,cust6221_oscarrogers@gmail.com,Mariefurt,Falkland Islands (Malvinas),2024-10-10
6222,Sharon Tucker PhD,cust6222_garciagary@gmail.com,Joseside,Iraq,2024-06-15
6223,Jennifer Gordon,cust6223_charlenerichardson@hotmail.com,Karinashire,Romania,2025-12-12
6224,Wanda Chen,cust6224_zmurphy@gmail.com,Reedfort,Argentina,2026-03-23
6225,Hannah Taylor,cust6225_justin32@hotmail.com,Lake Sarahside,Benin,2026-06-30
6226,Jessica Marquez,cust6226_rthompson@gmail.com,Jessicachester,Bermuda,2024-12-25
6227,Brandon Mcguire,cust6227_orradrian@yahoo.com,Courtneyshire,Poland,2023-09-23
6228,Robert Carney,cust6228_gmcfarland@yahoo.com,North Heatherfort,Lao People's Democratic Republic,2026-06-12
6229,Erin Frost,cust6229_michael56@gmail.com,New Gabriela,Luxembourg,2026-02-26
6230,Steven Abbott,cust6230_doylemary@yahoo.com,Christinetown,Mozambique,2025-10-13
6231,Lance Pierce,cust6231_williscandace@gmail.com,Nicholasborough,Swaziland,2025-11-30
6232,Ryan Franco,cust6232_jessicapeterson@gmail.com,East Collinbury,Anguilla,2025-10-16
6233,Robin Allen,cust6233_charlesfrancis@yahoo.com,Buckleychester,Papua New Guinea,2025-10-05
6234,Jennifer Delgado,cust6234_bdennis@yahoo.com,North Williamland,Albania,2024-01-04
6235,Christopher Elliott,cust6235_lsimpson@yahoo.com,Michaelmouth,Tanzania,2026-06-02
6236,Amanda Harris,cust6236_vanessamcguire@gmail.com,Romanland,Panama,2024-04-21
6237,David Sims,cust6237_lisa05@hotmail.com,Lake Jeffrey,Venezuela,2024-08-17
6238,Elizabeth Watkins,cust6238_john74@yahoo.com,Brianborough,Iran,2024-02-01
6239,Tina Clark,cust6239_williamgriffith@yahoo.com,West Toni,Belgium,2023-01-04
6240,Rhonda Taylor,cust6240_gadams@hotmail.com,Gomezton,Jersey,2023-08-31
6241,Elizabeth Mccarthy,cust6241_reedbruce@hotmail.com,Hudsonstad,Bolivia,2023-02-19
6242,Charles Bond,cust6242_stephenmorgan@gmail.com,North Bryan,Sri Lanka,2025-08-10
6243,Stephanie Moore,cust6243_davisthomas@yahoo.com,Janechester,Wallis and Futuna,2023-08-30
6244,Brian Webb IV,cust6244_kristengarcia@gmail.com,Port Heathershire,Uzbekistan,2024-02-29
6245,Sabrina Reese,cust6245_robertlane@yahoo.com,South Jamesstad,Haiti,2026-06-14
6246,Brandon Salinas,cust6246_hcarrillo@yahoo.com,West Brooke,Bolivia,2025-04-29
6247,Adam Flynn,cust6247_nicholas74@yahoo.com,South Stacy,Liechtenstein,2025-04-27
6248,James Cowan,cust6248_michaelclark@yahoo.com,South Anthonyborough,Bouvet Island (Bouvetoya),2023-04-04
6249,Ricardo Lutz,cust6249_joseph38@gmail.com,Martinview,Azerbaijan,2024-11-14
6250,John Nelson,cust6250_jonathan42@gmail.com,Mitchellberg,Tunisia,2024-12-17
6251,Benjamin Hanson,cust6251_ruizjoshua@hotmail.com,West Emilyfurt,Central African Republic,2026-02-21
6252,Mckenzie Tucker,cust6252_tonyawalsh@yahoo.com,Jamesville,Saudi Arabia,2024-03-10
6253,Kenneth Martinez,cust6253_dhamilton@yahoo.com,Lake Mirandatown,Saint Pierre and Miquelon,2023-01-24
6254,Lauren Perez,cust6254_cweaver@gmail.com,South Duanestad,Puerto Rico,2024-02-17
6255,Scott Lucas,cust6255_sestes@yahoo.com,North Bruceview,Poland,2024-07-30
6256,Maria Mccann,cust6256_davidmarquez@yahoo.com,Brandyburgh,Cyprus,2024-06-05
6257,Christopher Walters,cust6257_morgan38@hotmail.com,West Timothy,Palau,2023-05-19
6258,Marco Flores,cust6258_edwardflores@hotmail.com,Alvarezport,Singapore,2024-09-22
6259,Martin Blake,cust6259_jamesamy@gmail.com,Davidstad,United States Minor Outlying Islands,2024-09-06
6260,Michael Taylor,cust6260_morrisjeremy@yahoo.com,Michaelhaven,Guadeloupe,2025-11-03
6261,Ms. Morgan Bruce,cust6261_robinsonjoseph@yahoo.com,Joshuashire,Guernsey,2026-01-31
6262,Tracy Cook,cust6262_martinezmichelle@gmail.com,North Linda,Svalbard & Jan Mayen Islands,2024-10-25
6263,Noah Gillespie,cust6263_danielconley@yahoo.com,Port Kristenmouth,Italy,2023-01-13
6264,Tracy Wolf,cust6264_rclark@gmail.com,East Laurahaven,North Macedonia,2023-08-22
6265,Colleen Davis,cust6265_znguyen@gmail.com,North Victoriamouth,Finland,2024-11-13
6266,Olivia Bishop,cust6266_ajones@yahoo.com,Alexandraton,Falkland Islands (Malvinas),2024-11-30
6267,Shelia Stokes,cust6267_brownsarah@yahoo.com,Riveraland,Germany,2025-03-22
6268,Lisa Lynn,cust6268_pmoore@gmail.com,South Joshua,Japan,2026-03-11
6269,Debra Frazier,cust6269_smcintosh@hotmail.com,North Michael,Mali,2026-06-15
6270,Heidi Mcdonald,cust6270_edwardford@gmail.com,Lopezton,Trinidad and Tobago,2023-03-01
6271,Mr. Jason Anderson,cust6271_jasonanderson@hotmail.com,Butlermouth,Uganda,2023-12-26
6272,Gina Johnson,cust6272_joneskendra@gmail.com,Brandonstad,Vietnam,2024-02-02
6273,Kayla Anderson,cust6273_tmartinez@hotmail.com,Brittanybury,Turkmenistan,2024-11-07
6274,Jose Cook,cust6274_qwagner@yahoo.com,West Brian,Guernsey,2024-11-23
6275,James Mendoza,cust6275_agonzales@hotmail.com,Port Timothy,Norfolk Island,2025-09-08
6276,Jessica Montoya,cust6276_jshort@gmail.com,South Scott,British Virgin Islands,2025-08-29
6277,Laura Ray,cust6277_gabrielle50@gmail.com,East Victoria,Liberia,2023-03-14
6278,Tina Gonzalez,cust6278_terri97@gmail.com,West Brandon,Canada,2023-10-06
6279,Marcus Lowe,cust6279_eedwards@yahoo.com,Nortonmouth,Venezuela,2025-09-13
6280,Gina Oconnor,cust6280_david83@yahoo.com,New Bettyhaven,Uruguay,2023-11-15
6281,Suzanne Goodman,cust6281_gabrielgonzales@yahoo.com,Kellyhaven,Serbia,2025-08-01
6282,Karen Kelly,cust6282_susan53@hotmail.com,Lake Ianstad,Gibraltar,2026-01-04
6283,Frank Santana,cust6283_brentjohnston@yahoo.com,Lake Thomas,Ireland,2024-11-17
6284,Christopher Mccarty,cust6284_mbrown@gmail.com,Port Daniel,Norway,2025-08-05
6285,Thomas Mejia,cust6285_mclark@hotmail.com,New Madison,Malta,2025-04-27
6286,Jessica Levine,cust6286_susancruz@yahoo.com,East Philip,Saint Pierre and Miquelon,2023-04-25
6287,Mariah Randolph,cust6287_uoconnor@gmail.com,Zunigaton,Portugal,2025-12-03
6288,Michelle Marshall,cust6288_fergusonwilliam@gmail.com,Nunezstad,Barbados,2024-09-05
6289,Crystal Richards,cust6289_frank67@gmail.com,South Johnnyside,Saint Lucia,2026-03-03
6290,Dan Villegas,cust6290_paul10@hotmail.com,Dunnville,Chile,2024-10-08
6291,Samuel Scott,cust6291_ruizmark@yahoo.com,East Patricia,Bahrain,2026-02-11
6292,Charles Johnson,cust6292_mitchelldanielle@hotmail.com,Robertberg,Dominica,2026-01-02
6293,Daniel Skinner,cust6293_danieljimenez@hotmail.com,North Jimmyberg,Uruguay,2023-02-08
6294,Elizabeth Henry,cust6294_stevensonbrenda@yahoo.com,Lake Cherylstad,Benin,2024-03-02
6295,John Murphy,cust6295_sharonjohnson@gmail.com,West Christina,Chile,2026-03-28
6296,Tina Kerr,cust6296_castanedajames@hotmail.com,Port Donna,Israel,2024-11-10
6297,Nicholas Bentley,cust6297_brianwagner@gmail.com,Joneschester,Solomon Islands,2024-12-25
6298,Nicholas Hill,cust6298_ogarcia@yahoo.com,Bishopside,Panama,2023-05-16
6299,Sarah Martin,cust6299_kimberlywilson@yahoo.com,Port Jamesside,Rwanda,2023-11-02
6300,Cathy Webster,cust6300_richard11@yahoo.com,Port Georgeville,Guernsey,2024-07-28
6301,Anthony Hicks,cust6301_mortonbrian@yahoo.com,Jonesfort,Mayotte,2023-03-05
6302,Caroline Vazquez,cust6302_johnrobinson@yahoo.com,Devinberg,Senegal,2024-11-25
6303,Maureen Miller,cust6303_hbecker@gmail.com,Thompsonville,Saint Lucia,2025-02-07
6304,Christopher Perry,cust6304_bmorgan@yahoo.com,Hernandezview,Turkmenistan,2025-12-30
6305,Daniel Edwards,cust6305_caleblopez@gmail.com,Curtisville,Timor-Leste,2023-12-06
6306,Benjamin Williams,cust6306_umullen@yahoo.com,North Angel,Montserrat,2026-03-15
6307,Austin Martinez,cust6307_jon16@gmail.com,Lisamouth,Egypt,2026-05-25
6308,April Hernandez,cust6308_hfranklin@gmail.com,Lake Jeffrey,Sao Tome and Principe,2025-03-08
6309,Dana James,cust6309_bgonzales@hotmail.com,Jamesport,Cameroon,2024-01-19
6310,Raymond Crawford,cust6310_leejean@hotmail.com,Lake Ericstad,Holy See (Vatican City State),2026-05-03
6311,Tammy Davies,cust6311_angie93@gmail.com,Martineztown,Senegal,2023-08-28
6312,Brandon Peters,cust6312_parkersherri@gmail.com,Lake Yolandaland,Panama,2024-09-23
6313,Bryan Garza,cust6313_colemandavid@hotmail.com,Lake Ashley,United States Minor Outlying Islands,2024-10-06
6314,Derek Barnes,cust6314_bgonzales@gmail.com,Ashleyborough,Bosnia and Herzegovina,2023-03-06
6315,David Wheeler,cust6315_heathertorres@gmail.com,Michaelport,Morocco,2024-07-10
6316,Glenn Evans,cust6316_cmiller@gmail.com,Matthewport,Mali,2025-04-27
6317,Jamie Young,cust6317_jennifermaxwell@hotmail.com,Hallside,Wallis and Futuna,2023-06-27
6318,Erika Patel,cust6318_nsmith@gmail.com,South James,Congo,2025-10-14
6319,Chase Moore,cust6319_william40@gmail.com,Dustinmouth,Seychelles,2024-05-01
6320,Brian Jones,cust6320_nallen@hotmail.com,West Kristina,Bolivia,2025-01-31
6321,Christopher Hawkins,cust6321_osaunders@hotmail.com,East Dakotafurt,Montenegro,2025-07-14
6322,Christopher Meyer,cust6322_dawn84@gmail.com,Allenport,Denmark,2024-09-11
6323,Alex Velazquez,cust6323_courtney34@yahoo.com,Zimmermanmouth,Poland,2024-03-18
6324,Linda Brown,cust6324_jennifer42@hotmail.com,Lake Courtney,Armenia,2025-12-11
6325,Susan Chase,cust6325_thomas20@gmail.com,Heatherchester,Slovakia (Slovak Republic),2024-09-11
6326,Kelly Strickland,cust6326_spencerryan@gmail.com,Robinbury,Tajikistan,2023-12-25
6327,Amanda Ryan,cust6327_sgutierrez@gmail.com,Port Kristen,Ethiopia,2023-08-18
6328,Veronica Blair,cust6328_woodcrystal@hotmail.com,East Jacquelineton,Sri Lanka,2025-02-05
6329,Steven Ross,cust6329_kaufmanrobert@gmail.com,Martinezview,Korea,2023-03-18
6330,Samantha Perkins,cust6330_xruiz@gmail.com,Brownberg,Djibouti,2024-02-18
6331,Stephanie Kelly,cust6331_rlowe@yahoo.com,Heathermouth,Yemen,2023-07-09
6332,Jeremy Zamora,cust6332_rodriguezmary@gmail.com,Port Michaelmouth,Poland,2025-06-27
6333,Timothy Williams,cust6333_andrew43@hotmail.com,New Stephen,Turks and Caicos Islands,2025-11-02
6334,Shannon Alvarez,cust6334_catherine33@yahoo.com,West Gary,Moldova,2023-02-21
6335,Julian Archer,cust6335_haleygardner@gmail.com,Lake Thomaston,Indonesia,2025-09-15
6336,Joseph Jones,cust6336_gardneralexa@hotmail.com,New Jason,Poland,2025-10-21
6337,Tara Cooper,cust6337_james57@hotmail.com,East Maryport,Azerbaijan,2023-11-12
6338,Norma Baker,cust6338_meltonangela@hotmail.com,Loganview,Trinidad and Tobago,2024-01-25
6339,Tonya Davis,cust6339_lisapayne@yahoo.com,East Jesse,Congo,2024-11-27
6340,Keith Murphy,cust6340_mmaynard@gmail.com,Joshuastad,Togo,2025-09-17
6341,Lacey Burgess,cust6341_sherrytran@hotmail.com,East Tammy,Cote d'Ivoire,2025-12-08
6342,Joseph Harris,cust6342_markwarren@yahoo.com,New Cristina,Sudan,2024-09-27
6343,Kiara Vazquez,cust6343_campbellzachary@gmail.com,Shirleymouth,Bangladesh,2024-11-01
6344,Jason Hill,cust6344_dennis27@gmail.com,North Robertfurt,French Polynesia,2023-10-21
6345,Donald Warren,cust6345_carterdonald@hotmail.com,West Saraside,Ukraine,2023-07-21
6346,Ashley Thomas,cust6346_rebecca47@yahoo.com,East Cynthia,Korea,2025-11-23
6347,Lance Andrade MD,cust6347_kimberly01@gmail.com,East Veronicachester,Tokelau,2023-09-29
6348,Devin Rodriguez,cust6348_mclaughlinbrooke@yahoo.com,Port Martinshire,Ukraine,2024-02-25
6349,Jo Garcia,cust6349_dennistony@gmail.com,South Gabriel,Tonga,2023-03-16
6350,Evan Tucker,cust6350_charles90@gmail.com,East Dennis,Brazil,2025-07-29
6351,Michael Romero,cust6351_petersryan@gmail.com,Smithport,Belgium,2025-03-04
6352,Lauren Riggs,cust6352_qmoore@gmail.com,Granthaven,Zimbabwe,2025-12-05
6353,Dawn Wolfe,cust6353_jessicaknight@hotmail.com,Lake Benjaminstad,Cook Islands,2023-08-26
6354,Ellen Cox,cust6354_tyler49@gmail.com,North Gloria,Bahrain,2023-01-09
6355,Kaitlin Dean,cust6355_josephsullivan@gmail.com,New Elizabeth,Taiwan,2024-09-28
6356,Michael Price,cust6356_melissa53@hotmail.com,New Nicholas,Ghana,2023-04-01
6357,Leslie Miller,cust6357_valdezrachel@yahoo.com,West Jacobberg,Korea,2026-05-02
6358,Scott Haynes,cust6358_reneegonzalez@hotmail.com,Rodriguezmouth,Bouvet Island (Bouvetoya),2023-06-28
6359,Arthur Sherman,cust6359_matthewgarcia@yahoo.com,North Kimberlyberg,French Southern Territories,2024-11-13
6360,Erica Lopez,cust6360_icase@gmail.com,Lanceland,Sao Tome and Principe,2025-08-14
6361,Michael Gonzalez,cust6361_thomas61@yahoo.com,Kennethton,Greenland,2023-04-05
6362,Keith Munoz,cust6362_jeffrey52@gmail.com,Pageland,Bouvet Island (Bouvetoya),2023-07-31
6363,John Graham,cust6363_sharon65@gmail.com,East Destinytown,Anguilla,2025-12-02
6364,Paul Gibbs,cust6364_jacobwilliams@gmail.com,Lake Keithberg,Turks and Caicos Islands,2024-10-01
6365,Steven Smith,cust6365_alejandrazavala@yahoo.com,Brandonland,Cook Islands,2023-02-16
6366,Chad Rogers,cust6366_donaldbrown@gmail.com,Patriciaside,Pitcairn Islands,2026-03-28
6367,Jessica Thomas,cust6367_ernestobrien@yahoo.com,Torresville,Angola,2024-10-01
6368,Brian Khan,cust6368_anthonyburns@hotmail.com,Samanthaborough,Norfolk Island,2024-03-05
6369,Brian Miles,cust6369_wwu@yahoo.com,North Abigail,Nepal,2024-10-19
6370,Kent Simpson,cust6370_johnlewis@hotmail.com,Aprilfort,Estonia,2024-02-15
6371,Jonathan Smith,cust6371_gbell@yahoo.com,Baileymouth,Tanzania,2024-01-30
6372,Daniel Jones,cust6372_zwilkerson@hotmail.com,West Stephenchester,Japan,2024-08-09
6373,Adrian Branch,cust6373_hcastro@gmail.com,North Jasontown,Tonga,2024-07-20
6374,Teresa Miles,cust6374_qdaniel@yahoo.com,Sullivanmouth,French Polynesia,2025-12-26
6375,Donna Johnson,cust6375_nicole37@gmail.com,Port Ashleytown,Gambia,2024-10-15
6376,Kristi Smith,cust6376_angela96@gmail.com,Robertton,Sudan,2025-06-22
6377,Kathryn Phelps,cust6377_jeffrey21@yahoo.com,Hallport,Uganda,2023-08-29
6378,Larry Marquez,cust6378_jhorn@hotmail.com,Davidbury,Madagascar,2024-07-12
6379,Randall Kennedy,cust6379_janeclarke@hotmail.com,Susanmouth,Guinea,2023-11-02
6380,Richard Moreno,cust6380_anthony54@gmail.com,Port Bailey,Antarctica (the territory South of 60 deg S),2023-11-19
6381,Kaitlin Hood DVM,cust6381_davidwashington@gmail.com,East Patriciaberg,Vietnam,2024-07-14
6382,Raymond Young,cust6382_astafford@hotmail.com,East Cynthia,Pakistan,2023-08-23
6383,Kelly Beltran,cust6383_rpope@gmail.com,Johnsonstad,Burundi,2023-02-01
6384,Ryan Wilson,cust6384_daniel06@hotmail.com,Wellsmouth,Guadeloupe,2026-06-29
6385,Charles Dunn,cust6385_elizabethwashington@gmail.com,Simonberg,Brazil,2026-02-20
6386,George Hays,cust6386_kmartin@hotmail.com,Port Jenniferbury,Indonesia,2025-11-18
6387,Jessica Figueroa,cust6387_joannspencer@gmail.com,Morrisonland,Mozambique,2023-07-29
6388,Kelly Berry DDS,cust6388_vevans@hotmail.com,Lake Shannon,Ghana,2024-02-28
6389,Kathleen Smith,cust6389_kingdaniel@gmail.com,Lake James,Tanzania,2026-01-16
6390,Christopher Gray,cust6390_jonesnicole@gmail.com,Ruizton,Ecuador,2024-12-18
6391,Linda Byrd,cust6391_santiagostephanie@hotmail.com,Riosshire,Angola,2026-01-30
6392,Jessica Murphy,cust6392_hendersonapril@yahoo.com,New Debra,Barbados,2024-10-14
6393,Angela Mcintyre,cust6393_susan40@yahoo.com,Molinaport,Maldives,2024-07-09
6394,Mr. Daniel Peters,cust6394_rdavis@yahoo.com,Carolyntown,South Africa,2023-10-17
6395,Kara White,cust6395_aliciaharris@yahoo.com,South Dustin,Anguilla,2024-08-03
6396,Olivia Morales,cust6396_warnersteven@yahoo.com,Cardenasbury,British Virgin Islands,2026-03-21
6397,Michelle Marsh,cust6397_glen18@yahoo.com,West Jeffrey,Guinea-Bissau,2024-05-16
6398,Cindy Baker,cust6398_icampbell@yahoo.com,Lake Kelly,Azerbaijan,2023-12-17
6399,Tiffany Harris,cust6399_douglas92@yahoo.com,West Jonathan,Monaco,2023-05-26
6400,David Meadows,cust6400_wendy58@hotmail.com,Smithbury,Northern Mariana Islands,2024-09-29
6401,Richard Jackson,cust6401_uhinton@hotmail.com,Powellside,Anguilla,2026-06-09
6402,Chloe Morgan,cust6402_bcollier@yahoo.com,South Williamchester,Guinea,2024-11-24
6403,Andrew Simmons,cust6403_manderson@gmail.com,Oliviaport,Somalia,2026-01-12
6404,Christian Moon,cust6404_fhoward@hotmail.com,Rosariomouth,Guernsey,2025-06-27
6405,Melissa Evans,cust6405_heather77@hotmail.com,Francisbury,Indonesia,2023-04-14
6406,Laura Russell,cust6406_seanvalenzuela@yahoo.com,East Tamaratown,Taiwan,2023-09-24
6407,Hayden Howell,cust6407_eayala@hotmail.com,Brianstad,United States Virgin Islands,2023-03-01
6408,Jennifer Harding,cust6408_michaelmiller@hotmail.com,North Michaelstad,Japan,2025-08-22
6409,Robert Woodward,cust6409_spencerpeters@hotmail.com,South Douglas,Pitcairn Islands,2023-04-14
6410,Patricia Adams,cust6410_mharrison@gmail.com,New Joel,Guadeloupe,2023-08-05
6411,Amy Garrett,cust6411_qcastro@gmail.com,Harrisville,Estonia,2025-02-24
6412,Crystal Paul,cust6412_leemary@yahoo.com,Christopherland,Christmas Island,2023-04-21
6413,Steven Jones,cust6413_cruzstacy@gmail.com,Stephensburgh,Philippines,2023-06-26
6414,Timothy May,cust6414_sara76@gmail.com,West Matthewport,Myanmar,2025-05-23
6415,Paige Tate,cust6415_alec81@gmail.com,West Melanieland,Chad,2025-03-13
6416,Michael Mendoza,cust6416_yolson@hotmail.com,New Amandafurt,French Guiana,2024-01-02
6417,David Gonzalez,cust6417_jameswilliams@yahoo.com,Samueltown,Congo,2026-05-05
6418,John Ellis,cust6418_john96@yahoo.com,West Rebeccaland,Chad,2026-04-28
6419,Dr. John Collier,cust6419_thompsonkaren@gmail.com,West Frank,Haiti,2025-07-02
6420,Aaron Montgomery,cust6420_wbenitez@yahoo.com,Sarahfurt,Luxembourg,2026-06-16
6421,Amy Mitchell,cust6421_frances70@gmail.com,Port Julie,Andorra,2024-12-29
6422,Mrs. Cheryl Garcia,cust6422_myersamber@gmail.com,North Alanborough,Austria,2024-10-01
6423,Cory Goodwin,cust6423_michellecole@hotmail.com,North Lindsaymouth,Ireland,2024-11-11
6424,Katie Russell,cust6424_christopher62@hotmail.com,Lisaview,Estonia,2024-02-10
6425,James Johnson,cust6425_tyler23@gmail.com,Port Amyshire,Gibraltar,2025-12-28
6426,Dr. Stephen Cooper,cust6426_jakebrooks@hotmail.com,Danielstad,Belize,2023-06-10
6427,Phillip Morales,cust6427_stephensbrandi@gmail.com,Holmesside,Oman,2025-08-11
6428,Jose Sharp,cust6428_dtanner@hotmail.com,South Hailey,Saint Lucia,2026-03-08
6429,Heidi Ferguson,cust6429_crossapril@hotmail.com,Kimberg,British Indian Ocean Territory (Chagos Archipelago),2023-09-27
6430,Sarah Robinson,cust6430_alicia86@hotmail.com,Yvonnehaven,Anguilla,2023-07-10
6431,Gary Wilson,cust6431_wagnerlauren@gmail.com,Leblancville,Saint Vincent and the Grenadines,2025-08-17
6432,Charles Wilkerson,cust6432_amanda59@yahoo.com,Ingramhaven,Angola,2023-07-19
6433,Courtney Anderson,cust6433_jessicawest@hotmail.com,South Randy,Sweden,2025-07-22
6434,Michael Bryant,cust6434_athomas@hotmail.com,Port Elizabethburgh,Tunisia,2024-09-27
6435,Brett Montgomery,cust6435_lynchmark@yahoo.com,Port Nicholasshire,New Zealand,2025-08-11
6436,Christopher Taylor,cust6436_ryansteele@gmail.com,Hortonview,Saint Helena,2025-08-21
6437,Amber Potter,cust6437_elewis@gmail.com,North Megan,Cambodia,2024-04-19
6438,Caroline Wilson,cust6438_stephaniefreeman@hotmail.com,New Brookebury,Mexico,2024-04-03
6439,Mary Sanchez,cust6439_rebecca09@hotmail.com,Amberbury,Ghana,2023-10-22
6440,Kevin Wright,cust6440_patricksalinas@yahoo.com,West Edwin,Saint Lucia,2026-06-17
6441,Shelia Coleman,cust6441_lweiss@gmail.com,Ramirezfurt,Jamaica,2024-06-12
6442,Jonathan Burton,cust6442_thompsonallison@gmail.com,East Madisonfort,Azerbaijan,2025-01-14
6443,Samantha Gregory,cust6443_zsmith@hotmail.com,North Justin,Kuwait,2025-03-13
6444,Melissa Wright,cust6444_moorebrianna@gmail.com,New Brittanymouth,Norfolk Island,2024-01-11
6445,Matthew Aguilar,cust6445_fbell@hotmail.com,Erichaven,Pitcairn Islands,2024-11-07
6446,Kenneth Hernandez,cust6446_woodwardkendra@yahoo.com,Dawsonbury,Cambodia,2024-10-27
6447,Michael Robinson,cust6447_rileynicole@gmail.com,West Sarah,Georgia,2025-07-17
6448,Darren Smith,cust6448_murphymelissa@gmail.com,Annborough,Puerto Rico,2025-09-25
6449,Matthew Ward,cust6449_wilsonyvonne@gmail.com,Deniseside,New Zealand,2023-03-03
6450,James Cook,cust6450_wrightmelissa@gmail.com,South Stevenshire,Nauru,2023-05-14
6451,Shawn Harris,cust6451_chansen@yahoo.com,South Michaelland,Cameroon,2025-08-31
6452,Thomas Skinner,cust6452_ataylor@yahoo.com,East Kevin,Argentina,2023-08-20
6453,Ms. Tamara Gonzales,cust6453_timothywalter@hotmail.com,New Robert,Mexico,2024-12-20
6454,Katelyn Brown,cust6454_uclark@yahoo.com,North Amanda,Andorra,2025-09-07
6455,Katrina Frazier,cust6455_danielmorse@hotmail.com,Port Kimberly,Saint Helena,2025-08-02
6456,Dr. Kevin Watson DVM,cust6456_dennis05@yahoo.com,Shawmouth,Czech Republic,2023-12-16
6457,Robin Jackson,cust6457_ystewart@yahoo.com,New Rachel,Thailand,2024-08-01
6458,Michele Velazquez,cust6458_john03@yahoo.com,North Lisaview,Niue,2024-12-14
6459,Mark Smith,cust6459_daniel01@hotmail.com,Aaronside,Samoa,2026-05-22
6460,James Wiggins,cust6460_shannonbutler@yahoo.com,Laurentown,Guyana,2026-03-22
6461,Tammy Murillo,cust6461_mary15@yahoo.com,East Beth,Eritrea,2023-09-18
6462,Robert Kaiser,cust6462_debrafernandez@gmail.com,Christinafort,Saudi Arabia,2025-11-06
6463,William Davis,cust6463_rodney56@gmail.com,Port Randyborough,Colombia,2023-07-30
6464,Mary Dixon,cust6464_emily97@hotmail.com,Danielfort,Brunei Darussalam,2025-04-10
6465,Darrell Thornton,cust6465_apriltaylor@hotmail.com,Lake Ginaburgh,Tokelau,2023-08-08
6466,Eric Riddle,cust6466_alvaradoedwin@gmail.com,North Deniseshire,Saudi Arabia,2024-10-29
6467,Kellie Johnson,cust6467_ellenberry@hotmail.com,New Timothyburgh,Turks and Caicos Islands,2026-02-12
6468,Dean Simpson,cust6468_willisstephanie@hotmail.com,Debrachester,Barbados,2023-05-26
6469,David Santos,cust6469_stevensallison@hotmail.com,South Debbiefurt,Jamaica,2024-09-10
6470,Lisa Alvarez,cust6470_ethanyoung@gmail.com,Kevinport,Iran,2025-12-27
6471,Joe Blair,cust6471_kevin57@gmail.com,South Kimberlyport,Nicaragua,2025-08-02
6472,Maria Parker,cust6472_coxjames@gmail.com,Matthewland,Poland,2025-03-31
6473,Stephanie Booth,cust6473_charlesclayton@gmail.com,Port Ginaville,Reunion,2026-04-24
6474,John Williams,cust6474_melendezphillip@gmail.com,North Sandraberg,Jersey,2025-04-26
6475,Todd Hunt,cust6475_chad40@hotmail.com,Robertston,Guadeloupe,2024-05-03
6476,Tammy Arellano,cust6476_stephanie51@hotmail.com,New Natalie,Liberia,2026-06-25
6477,Brenda Green,cust6477_patriciaoliver@gmail.com,Port Robertochester,Sri Lanka,2024-05-14
6478,Roberta Harper,cust6478_emilywarren@gmail.com,West Laura,Gibraltar,2026-01-27
6479,Michael Diaz Jr.,cust6479_jamieporter@hotmail.com,East Jonathan,Solomon Islands,2023-11-22
6480,Peggy Clark,cust6480_shawdaniel@hotmail.com,Patrickmouth,Seychelles,2025-09-14
6481,Justin Deleon,cust6481_karenfuller@gmail.com,Deborahmouth,Ireland,2025-02-25
6482,Kaitlyn Rivera,cust6482_okelly@gmail.com,North Mario,Fiji,2023-05-16
6483,Jay Rios,cust6483_daltonjennings@gmail.com,Hernandezport,Swaziland,2024-11-28
6484,Desiree Adams,cust6484_kristintaylor@yahoo.com,Elizabethfurt,Netherlands Antilles,2024-03-02
6485,Kimberly Pruitt,cust6485_carlos94@hotmail.com,Lake James,Cyprus,2026-04-25
6486,Stephen Clark,cust6486_eosborn@yahoo.com,Travisstad,Zimbabwe,2025-06-01
6487,Laura Parks,cust6487_ebarrett@hotmail.com,Saraview,Greenland,2025-06-10
6488,Yesenia Williamson,cust6488_bakernancy@yahoo.com,Meyersland,Uruguay,2026-03-07
6489,Ashley Mosley,cust6489_bking@yahoo.com,West Derek,Netherlands Antilles,2024-12-01
6490,Christopher Mcknight,cust6490_fmatthews@gmail.com,West Kristenburgh,British Indian Ocean Territory (Chagos Archipelago),2026-01-20
6491,Diana Ochoa,cust6491_davidgraham@yahoo.com,South Tinaview,Montserrat,2024-04-28
6492,Margaret Bishop,cust6492_dawn27@hotmail.com,New Lauriestad,Germany,2023-12-21
6493,Shannon Williams,cust6493_whouse@hotmail.com,Haydentown,Niue,2023-06-09
6494,Justin Delgado,cust6494_velasquezjill@hotmail.com,East Samantha,Togo,2026-03-21
6495,Raymond Chavez,cust6495_karenberg@yahoo.com,Lake Erikside,Mexico,2025-09-23
6496,Peter Strickland,cust6496_daviddennis@yahoo.com,Velezstad,Zimbabwe,2023-08-23
6497,Amber Vasquez PhD,cust6497_woodwardpatricia@yahoo.com,North Joshua,Central African Republic,2026-04-27
6498,Anna Kidd,cust6498_wrobinson@yahoo.com,Phillipsburgh,Philippines,2026-05-05
6499,Mr. Martin Baker,cust6499_jstephens@yahoo.com,West Dillon,Guernsey,2025-08-06
6500,Angela Johnson,cust6500_dmurphy@hotmail.com,Amyshire,Northern Mariana Islands,2024-10-28
6501,Brian Dyer,cust6501_nwilliams@hotmail.com,Andreaside,Tokelau,2026-02-10
6502,Gina Miles,cust6502_webbcrystal@gmail.com,New Cynthia,Guatemala,2023-07-19
6503,Joshua Craig,cust6503_douglaskirby@hotmail.com,Lake Reginaland,Taiwan,2025-06-30
6504,Amanda Lopez DVM,cust6504_cunninghambrian@gmail.com,Ashleyfort,Kuwait,2023-12-27
6505,Mark Jensen,cust6505_jasonramos@hotmail.com,West Willie,Thailand,2024-09-22
6506,Donald Johnson,cust6506_hfreeman@gmail.com,New Emma,Uganda,2025-04-11
6507,David Vaughn,cust6507_salazarlisa@yahoo.com,Powersmouth,Germany,2023-05-23
6508,Natalie Holder,cust6508_michaelgray@hotmail.com,New Gabriel,Kiribati,2026-05-10
6509,James Gregory,cust6509_fporter@gmail.com,New Lisaburgh,Mozambique,2023-08-11
6510,Emily Brown,cust6510_iwilliams@gmail.com,Ryanton,Saint Helena,2026-05-06
6511,Sheila Mueller,cust6511_jcontreras@hotmail.com,North Oliviastad,Suriname,2025-02-15
6512,Benjamin Jones,cust6512_grossdanielle@hotmail.com,Rhodesborough,Bosnia and Herzegovina,2024-11-01
6513,Debbie Martinez,cust6513_lisa26@hotmail.com,Erinville,Martinique,2025-10-09
6514,Todd Gordon,cust6514_adambanks@gmail.com,Crystalburgh,Bolivia,2023-05-06
6515,Natalie Gardner,cust6515_tjones@hotmail.com,North Stephanie,Mexico,2023-07-05
6516,Stephanie Paul,cust6516_jessica97@gmail.com,Port Christineton,Ireland,2024-03-21
6517,Charles Ibarra,cust6517_garciaheidi@hotmail.com,Melissachester,Congo,2023-10-12
6518,David Reed,cust6518_rojasjeremy@gmail.com,Murphyhaven,Bolivia,2026-04-04
6519,Debbie Smith,cust6519_gabrielle17@hotmail.com,Whiteshire,Jordan,2023-01-01
6520,Chase Lopez,cust6520_julie67@gmail.com,Josephland,Palestinian Territory,2023-10-28
6521,Charles Evans,cust6521_hopkinspreston@hotmail.com,Griffinview,Norfolk Island,2023-11-02
6522,Adam Walters,cust6522_steven66@hotmail.com,Jamesshire,Honduras,2025-07-16
6523,Tyler Thomas,cust6523_piercejohn@yahoo.com,Howardberg,Turkey,2025-12-24
6524,Michael James,cust6524_ginajuarez@gmail.com,East Teresahaven,Marshall Islands,2024-08-19
6525,Renee Larsen,cust6525_stephenbrown@yahoo.com,Dawnburgh,Hong Kong,2025-03-09
6526,James Johnson,cust6526_lunaleslie@yahoo.com,Rogersberg,Central African Republic,2026-06-14
6527,Joy Smith,cust6527_tsnyder@hotmail.com,New Belindaborough,Algeria,2026-03-29
6528,Andrea Harris,cust6528_rshaw@gmail.com,Suarezbury,Vanuatu,2025-07-04
6529,Bradley Gates,cust6529_villegaslevi@hotmail.com,Coxburgh,Lao People's Democratic Republic,2024-02-05
6530,Johnathan Arnold,cust6530_emily47@yahoo.com,Port Kristin,Dominica,2024-02-26
6531,Brooke Li,cust6531_mbrown@yahoo.com,Joneschester,Kyrgyz Republic,2024-10-10
6532,Anita Newton,cust6532_charles14@yahoo.com,West Nicoleshire,Mozambique,2024-09-05
6533,Kevin Kerr,cust6533_xwoodard@gmail.com,New Anthony,Saint Pierre and Miquelon,2026-03-13
6534,Lisa Burke,cust6534_muellermarilyn@gmail.com,Toddton,Wallis and Futuna,2024-09-15
6535,Katherine Sanchez,cust6535_whughes@gmail.com,Brooksmouth,Svalbard & Jan Mayen Islands,2025-06-09
6536,Jim Johnson,cust6536_timothyoliver@hotmail.com,West Jesseside,Dominica,2024-12-06
6537,Jessica Flores,cust6537_cooperjeffrey@hotmail.com,East Margaret,Senegal,2023-07-02
6538,Tracy Stein MD,cust6538_whull@gmail.com,Lake Amberside,Maldives,2026-04-08
6539,Michelle Rich,cust6539_allenjudith@gmail.com,Jenniferland,Dominica,2023-01-17
6540,Eric Lee,cust6540_maxwell76@yahoo.com,New Michele,Andorra,2026-06-06
6541,Laura Anderson,cust6541_vanessa48@gmail.com,Alexandershire,Gabon,2025-11-11
6542,Jodi Lopez,cust6542_stevenhenson@gmail.com,New Edwardfurt,Kyrgyz Republic,2025-04-07
6543,Ernest Conley,cust6543_eharris@gmail.com,New Jamesville,Trinidad and Tobago,2023-09-19
6544,William Bryant,cust6544_butlerbrian@gmail.com,Williamsmouth,Indonesia,2024-08-25
6545,Gabriel Roberts,cust6545_pattersonnicole@yahoo.com,Port Jacqueline,Mayotte,2023-05-08
6546,Greg Martin,cust6546_randerson@hotmail.com,Reedborough,Somalia,2025-01-26
6547,Lori West,cust6547_donnadavis@hotmail.com,New Gary,Liberia,2026-01-29
6548,Sandra White,cust6548_qferguson@yahoo.com,South Robertville,Timor-Leste,2023-04-19
6549,Jennifer Rogers,cust6549_fgomez@yahoo.com,East Mariostad,Micronesia,2023-01-02
6550,Samuel Byrd,cust6550_perrydestiny@yahoo.com,Allisonfort,Lesotho,2026-02-20
6551,Charlene Garcia,cust6551_ismith@yahoo.com,New Austin,Anguilla,2025-01-05
6552,Jessica Sanchez,cust6552_troytaylor@gmail.com,Richardsville,American Samoa,2023-08-13
6553,Lisa Vance,cust6553_ejackson@hotmail.com,Port Patricktown,Portugal,2024-07-31
6554,Lisa Rodriguez,cust6554_christopher80@gmail.com,Marciaburgh,Bosnia and Herzegovina,2023-03-05
6555,Gary Preston,cust6555_smithjared@hotmail.com,Walterfort,United Kingdom,2024-04-26
6556,Cody Williams,cust6556_sheena50@hotmail.com,Lake Amyhaven,Mozambique,2025-06-03
6557,Zachary Delgado,cust6557_bridgetcannon@gmail.com,East Michael,Panama,2026-04-23
6558,Robert Lucas,cust6558_chelsea32@hotmail.com,East Ericaborough,South Africa,2025-03-18
6559,Gary Sandoval,cust6559_johnsmith@yahoo.com,East Derekfort,Uganda,2024-10-13
6560,Kevin Macdonald,cust6560_qgould@yahoo.com,Mcculloughbury,American Samoa,2025-02-22
6561,Michelle Garcia,cust6561_francosean@hotmail.com,Port Jessicaside,Libyan Arab Jamahiriya,2025-04-11
6562,James Rose,cust6562_jamie34@hotmail.com,Lake John,Philippines,2025-02-20
6563,Kayla Robinson,cust6563_normanerika@hotmail.com,East Jamesfurt,Trinidad and Tobago,2025-06-10
6564,James Castillo,cust6564_andrew05@gmail.com,East Susan,Vanuatu,2026-01-21
6565,Steven Buchanan,cust6565_fosterlauren@hotmail.com,Hawkinsport,Trinidad and Tobago,2024-03-08
6566,Thomas Garrett,cust6566_robertberg@yahoo.com,North John,Panama,2023-12-22
6567,Renee Mueller,cust6567_jacksonmary@gmail.com,South Pamela,New Caledonia,2025-08-30
6568,Shawn Taylor,cust6568_ljohnson@hotmail.com,Julietown,Namibia,2023-10-12
6569,Erin Bradford,cust6569_smithjacob@gmail.com,Tonyashire,Slovakia (Slovak Republic),2024-01-21
6570,Jennifer Butler,cust6570_crystal45@hotmail.com,Port Marieland,Cote d'Ivoire,2026-02-11
6571,Amanda Martin,cust6571_kristencarter@gmail.com,North Jason,French Guiana,2025-02-26
6572,Claudia Davis,cust6572_nataliehall@gmail.com,Lake Brentburgh,Nigeria,2025-01-07
6573,Aaron Johnson,cust6573_caitlynfleming@hotmail.com,Monicafort,Norway,2025-05-04
6574,Christopher Carrillo,cust6574_eric02@yahoo.com,Philipborough,Belize,2023-11-12
6575,Jessica Graham,cust6575_jeffreylittle@gmail.com,Johnfort,Finland,2024-08-13
6576,Johnny Sanchez,cust6576_jeremy59@yahoo.com,South Robert,American Samoa,2023-09-15
6577,Kevin Chung,cust6577_xduran@hotmail.com,West Derrick,Palestinian Territory,2023-10-03
6578,Jeremiah Cruz,cust6578_andrea13@hotmail.com,West Dustintown,Djibouti,2023-01-24
6579,Heidi Long,cust6579_bryan43@gmail.com,Anthonybury,Namibia,2023-05-27
6580,Kaitlyn Hoffman,cust6580_tammyrichardson@hotmail.com,Lake Samantha,Bosnia and Herzegovina,2023-02-02
6581,Laurie Barron,cust6581_amandacampbell@hotmail.com,Robertbury,Macao,2023-10-22
6582,Matthew Strickland,cust6582_cesarmalone@gmail.com,Darlenefurt,Ethiopia,2025-09-23
6583,Stacy Graves,cust6583_callahanmicheal@hotmail.com,Greenfort,Sweden,2025-06-13
6584,Sergio Taylor,cust6584_holmesalexis@hotmail.com,Jessicaside,Slovenia,2023-10-06
6585,Kimberly Ramirez,cust6585_elizabethcox@yahoo.com,East Jessicaland,Isle of Man,2023-06-23
6586,Melissa Whitehead,cust6586_perezcourtney@gmail.com,Valenciaberg,Faroe Islands,2023-10-09
6587,Jessica White,cust6587_acook@gmail.com,Elizabethmouth,Brunei Darussalam,2025-05-01
6588,Stephanie Morgan,cust6588_melissa72@yahoo.com,Stephanieside,French Polynesia,2025-07-22
6589,Kurt Lopez,cust6589_onealbeth@yahoo.com,Nicholasmouth,Czech Republic,2026-05-22
6590,James Barnes,cust6590_sheryl70@yahoo.com,Parkerland,Poland,2025-05-21
6591,Allen Reid,cust6591_drangel@gmail.com,Shermanville,Anguilla,2026-06-30
6592,Edward Brown,cust6592_kimberlythomas@yahoo.com,Harthaven,Vietnam,2024-01-04
6593,Raymond Nichols,cust6593_mitchellkevin@hotmail.com,Paulmouth,Estonia,2025-07-19
6594,Barry Ramirez,cust6594_tamarageorge@gmail.com,Cannonland,Egypt,2025-11-09
6595,Catherine Simon,cust6595_vjoseph@hotmail.com,Madelineland,Moldova,2025-05-18
6596,Jeremy Horn,cust6596_laurenkeller@yahoo.com,Morrismouth,Isle of Man,2026-02-04
6597,Lauren Cohen,cust6597_jwalker@yahoo.com,Matthewmouth,Uzbekistan,2025-07-10
6598,Robert Miller,cust6598_sdominguez@hotmail.com,New Jessicatown,Vanuatu,2025-02-26
6599,Daniel Soto,cust6599_cgreen@gmail.com,Saundersmouth,Saint Helena,2024-12-28
6600,Ruben Francis,cust6600_youngcameron@hotmail.com,South Kyle,Liberia,2024-04-07
6601,Brandi Hale,cust6601_staceyryan@hotmail.com,South Kyleshire,Tuvalu,2024-01-16
6602,Luis White,cust6602_christopher32@yahoo.com,Carolville,Saint Kitts and Nevis,2025-05-19
6603,Michael Jones,cust6603_adamschristopher@yahoo.com,West Melissa,Equatorial Guinea,2026-05-23
6604,Gloria Maxwell,cust6604_kingkevin@hotmail.com,West Bruce,Malta,2023-01-16
6605,Janet Chambers,cust6605_tiffanybailey@gmail.com,West Heather,Belarus,2026-03-29
6606,Eric Cooke,cust6606_jenniferdaniels@yahoo.com,Edwinbury,Guinea,2025-10-17
6607,Valerie Rowland,cust6607_abrown@yahoo.com,Hollandland,Falkland Islands (Malvinas),2024-04-29
6608,Karen Carter,cust6608_randallaustin@yahoo.com,East Kimberlyberg,Georgia,2025-10-24
6609,Darrell Jones,cust6609_dlynn@hotmail.com,Port Hannah,Belgium,2024-07-05
6610,Ashley Brown,cust6610_francisco59@yahoo.com,New Andrewburgh,Sao Tome and Principe,2025-04-21
6611,Bryan Jackson,cust6611_hartamanda@gmail.com,South Kimberly,Norway,2026-01-23
6612,Denise Gay,cust6612_george19@hotmail.com,Martinezhaven,Suriname,2026-03-26
6613,Clayton English,cust6613_fneal@yahoo.com,Allenside,Mauritius,2025-01-21
6614,Denise Caldwell,cust6614_deborah45@yahoo.com,Smithchester,Venezuela,2023-03-10
6615,Kelly Perez,cust6615_mwilkins@gmail.com,New Whitneyfort,Belarus,2023-03-19
6616,Angela Neal,cust6616_xhall@yahoo.com,North Jesse,Zambia,2026-03-09
6617,Michael Mcdaniel,cust6617_bmcgee@hotmail.com,Lukefort,Turks and Caicos Islands,2025-09-16
6618,Rachel Harris,cust6618_ramirezbeth@hotmail.com,North Johnborough,Czech Republic,2025-01-24
6619,Leah Wilson,cust6619_kaufmanmatthew@gmail.com,New Steven,Kazakhstan,2023-08-20
6620,Jeffrey Campbell,cust6620_harperkatherine@hotmail.com,Timothychester,Tajikistan,2026-04-03
6621,Angie Rivers,cust6621_jwillis@yahoo.com,North Maxberg,Moldova,2025-09-13
6622,Gregory Freeman,cust6622_montoyawesley@hotmail.com,Danielport,Estonia,2023-06-13
6623,Tyrone Sanchez,cust6623_lesliebanks@hotmail.com,Port Donna,Guam,2023-10-18
6624,Darren Harris,cust6624_mooneypatrick@gmail.com,Mendozahaven,Mongolia,2025-12-14
6625,Samuel Clark,cust6625_gentryalex@gmail.com,North Lesliestad,Antarctica (the territory South of 60 deg S),2024-07-26
6626,Jamie Scott,cust6626_xavier87@gmail.com,Carlsonfort,Wallis and Futuna,2025-08-10
6627,Wendy Perez,cust6627_laurenbrown@gmail.com,North Christineville,Fiji,2025-11-24
6628,Kelly Taylor,cust6628_bpeters@hotmail.com,Stevenborough,Nicaragua,2023-06-10
6629,Margaret Powers,cust6629_rebecca90@hotmail.com,Walterstown,New Zealand,2025-12-07
6630,Daniel Young,cust6630_samanthagill@hotmail.com,New Crystal,Chad,2026-06-03
6631,James Ellis,cust6631_erin27@hotmail.com,West Cherylmouth,Antarctica (the territory South of 60 deg S),2023-07-01
6632,Tiffany Castaneda,cust6632_ahernandez@hotmail.com,Wardmouth,Luxembourg,2024-05-17
6633,Tommy Townsend,cust6633_ypayne@hotmail.com,Martineztown,Malaysia,2025-08-25
6634,Ruth Shaw,cust6634_canderson@yahoo.com,Lewismouth,Japan,2023-06-09
6635,Kimberly Bennett,cust6635_xcollins@hotmail.com,South Steven,Suriname,2026-01-09
6636,Jessica Jones,cust6636_ahardin@gmail.com,New Chase,Saint Helena,2026-04-02
6637,Maria Scott,cust6637_davismelissa@gmail.com,Tamaratown,Algeria,2024-10-01
6638,Melissa Clark,cust6638_kevinweaver@hotmail.com,Kristimouth,Greenland,2026-06-09
6639,Donald Hendricks,cust6639_cuevasscott@hotmail.com,Jefferymouth,Iceland,2023-04-19
6640,Raymond Garner,cust6640_jacobhoward@hotmail.com,Lake Patrickstad,Qatar,2024-12-04
6641,Crystal Cabrera,cust6641_josebarber@hotmail.com,Port Grace,Austria,2025-12-31
6642,Mike Murphy,cust6642_scottleah@hotmail.com,North Christinabury,Uruguay,2023-01-23
6643,Emily Drake,cust6643_mannwilliam@yahoo.com,Lake Jacob,Suriname,2025-08-18
6644,Dr. Heidi Joseph,cust6644_larrywhite@hotmail.com,Crystalburgh,Wallis and Futuna,2025-07-18
6645,Jamie Aguilar,cust6645_breannadawson@hotmail.com,North Terri,Jordan,2025-11-15
6646,James Sparks,cust6646_coreywilliams@hotmail.com,Walkerton,Belarus,2025-08-18
6647,Nicholas Fowler,cust6647_wjohnson@yahoo.com,Laurenland,South Africa,2026-03-21
6648,Charles Ramirez,cust6648_laurasmith@yahoo.com,Williamside,Haiti,2024-11-09
6649,Samantha Santana,cust6649_brittneyrobinson@yahoo.com,Garyfurt,Albania,2025-05-12
6650,Heather Taylor,cust6650_xmoore@hotmail.com,West Katherinebury,Tajikistan,2024-12-23
6651,Claudia Duncan,cust6651_stacey56@hotmail.com,South Tiffanytown,Latvia,2024-08-26
6652,Jeffrey Tucker,cust6652_thomasprice@gmail.com,West Patriciaburgh,Latvia,2024-08-15
6653,Vanessa Mcdonald,cust6653_martinezkevin@hotmail.com,Fergusontown,Guinea-Bissau,2023-12-10
6654,Brian Atkinson,cust6654_brent00@gmail.com,Lindahaven,Korea,2023-03-14
6655,Erica Ford,cust6655_mercerandrew@gmail.com,East Shawnbury,Venezuela,2026-05-08
6656,Elizabeth Mathews,cust6656_danielle34@gmail.com,South Joshuamouth,Mayotte,2024-09-14
6657,Mary Wilkins,cust6657_ndonovan@hotmail.com,East Victor,Niger,2026-02-28
6658,Heather Mccall,cust6658_smithjennifer@hotmail.com,Port Jessicafurt,Gibraltar,2024-06-17
6659,Steven Elliott,cust6659_glennpacheco@gmail.com,Villaland,Guinea,2023-05-06
6660,Eugene Johnson,cust6660_kimcarolyn@hotmail.com,Elliotttown,Tanzania,2025-08-27
6661,Julie Haynes,cust6661_callahanrichard@gmail.com,Lisaton,Belarus,2026-03-30
6662,Robin Cook,cust6662_marshalljulian@hotmail.com,New Sarahborough,Tanzania,2023-12-13
6663,Samantha Ortiz,cust6663_haynesdanielle@yahoo.com,South Teresatown,Italy,2026-03-19
6664,Nicholas Snyder,cust6664_ihuang@yahoo.com,New Meghan,South Africa,2023-04-16
6665,Kristin Donaldson,cust6665_mooremeghan@hotmail.com,East Ruth,Belize,2024-08-20
6666,Linda Cole,cust6666_rodriguezstephanie@hotmail.com,Gabrielleview,Guatemala,2023-02-25
6667,Lee Jenkins,cust6667_tracysanchez@gmail.com,Catherinehaven,Gibraltar,2024-08-10
6668,Evan Williams,cust6668_theresagarrett@hotmail.com,Johnbury,Wallis and Futuna,2025-09-19
6669,Sherry Vincent,cust6669_suttonnorman@yahoo.com,Brittanyside,Anguilla,2023-06-18
6670,Anthony Powers,cust6670_joansimpson@yahoo.com,Brownburgh,Guinea,2023-09-17
6671,Scott Larson,cust6671_danawade@gmail.com,East Brentchester,Sierra Leone,2025-11-01
6672,Rebecca Smith,cust6672_kristidavila@yahoo.com,Kristineside,Bouvet Island (Bouvetoya),2023-06-07
6673,Kenneth Robertson,cust6673_jnoble@gmail.com,South Nicholas,Antigua and Barbuda,2024-07-23
6674,Christopher Wilson,cust6674_wthompson@yahoo.com,Lake Davidmouth,Bahrain,2024-05-31
6675,Shawn Campos,cust6675_mnicholson@yahoo.com,Port Kristina,Ireland,2023-09-29
6676,Louis Gallagher,cust6676_wellsjeffery@yahoo.com,Thompsonstad,Guinea-Bissau,2026-06-15
6677,John Scott,cust6677_rosssandra@hotmail.com,Katherinestad,Svalbard & Jan Mayen Islands,2024-07-29
6678,Shelly Wilson,cust6678_kingjoseph@hotmail.com,South Marcofort,Malta,2024-07-17
6679,Brianna Thomas,cust6679_rioswarren@yahoo.com,Powellville,Tonga,2024-06-10
6680,Sarah Salas,cust6680_gonzaleschloe@hotmail.com,North Robertside,Armenia,2023-01-30
6681,Andrew Lopez,cust6681_mike77@yahoo.com,North Tracey,Isle of Man,2023-08-17
6682,Manuel Glass,cust6682_jessica45@gmail.com,Hamiltonmouth,Gambia,2026-05-21
6683,Zachary Hunt,cust6683_salinaslaura@hotmail.com,New Amanda,Lao People's Democratic Republic,2023-12-24
6684,Jack Friedman PhD,cust6684_huffmandennis@hotmail.com,South Juliaberg,Cayman Islands,2026-04-26
6685,Aaron Lee,cust6685_zpaul@yahoo.com,North Danielmouth,Colombia,2023-11-06
6686,Cassandra Anderson,cust6686_blakedennis@gmail.com,Karenfort,Namibia,2025-07-03
6687,Kenneth Robinson,cust6687_james71@hotmail.com,Roberttown,New Caledonia,2025-01-27
6688,Mike Rodriguez,cust6688_carla33@gmail.com,East Ashleyfurt,Saint Vincent and the Grenadines,2023-12-26
6689,Robert Wolfe,cust6689_jessicabrown@yahoo.com,North Charles,Taiwan,2024-06-19
6690,Michelle Burns,cust6690_psutton@hotmail.com,Howardberg,Iraq,2024-04-28
6691,Alexander Davis,cust6691_ghuffman@gmail.com,North Tiffany,Paraguay,2025-09-20
6692,Jeffrey Carpenter,cust6692_eric34@gmail.com,Kennethfort,Guinea-Bissau,2024-01-06
6693,Gary Todd,cust6693_ohowell@gmail.com,New Lynn,Barbados,2025-12-16
6694,Kimberly Jones,cust6694_franklincarlos@hotmail.com,South Terrytown,Belgium,2023-03-09
6695,Melissa Lopez,cust6695_yford@gmail.com,Garzafurt,Luxembourg,2024-12-03
6696,Tiffany Hoffman,cust6696_jkim@gmail.com,Burnsport,Saint Lucia,2023-06-22
6697,Brian Massey,cust6697_shannon37@yahoo.com,West Shelby,Belarus,2023-10-25
6698,Timothy Kramer,cust6698_wagneralexis@gmail.com,New Glenda,Guinea,2026-05-04
6699,Mary Stewart,cust6699_markmyers@gmail.com,Rodriguezport,Thailand,2023-11-12
6700,Laura Gonzalez,cust6700_bakersandra@yahoo.com,South Larry,Saint Lucia,2025-10-12
6701,Jeffrey Morris,cust6701_carlosthompson@gmail.com,New Lisa,Jamaica,2025-04-25
6702,Christian Willis,cust6702_llopez@gmail.com,Townsendborough,Korea,2025-02-23
6703,Matthew Spears,cust6703_david39@gmail.com,Port Dustin,Kazakhstan,2024-05-02
6704,Wanda Garcia,cust6704_kimberly51@gmail.com,Steeleburgh,Cayman Islands,2025-06-20
6705,Justin Hunter,cust6705_doughertykatherine@gmail.com,Belltown,Cook Islands,2023-12-09
6706,Stephen Dean,cust6706_danielmichelle@gmail.com,Margaretstad,Gambia,2024-03-07
6707,James Little,cust6707_rsosa@hotmail.com,New Stevenville,Lesotho,2026-03-29
6708,Shelly Edwards,cust6708_kreynolds@hotmail.com,Dianafurt,Mexico,2024-12-07
6709,Kevin Powell,cust6709_qvaughn@yahoo.com,Collierberg,Korea,2023-04-22
6710,Diane Sandoval,cust6710_calderonbrian@hotmail.com,South Davidberg,Malaysia,2024-06-25
6711,Steven Dougherty,cust6711_bjohnson@yahoo.com,Stephensfort,Denmark,2023-08-26
6712,Jordan Brooks,cust6712_swansonsteven@gmail.com,North Victor,Dominican Republic,2023-04-18
6713,Karen Avery,cust6713_butlerjeremy@gmail.com,Andersonmouth,Malaysia,2023-12-10
6714,Tamara Rivas,cust6714_lmendoza@yahoo.com,Hamiltonview,Bahrain,2025-08-08
6715,Janice Poole,cust6715_vadams@hotmail.com,Kristieport,Ethiopia,2025-03-27
6716,Donna Brown,cust6716_jessica88@yahoo.com,Melissabury,Macao,2025-09-02
6717,William Adkins,cust6717_daniel65@gmail.com,Snowchester,Yemen,2024-09-09
6718,Teresa Young,cust6718_coopergeorge@yahoo.com,Lake Stevenside,Croatia,2025-09-02
6719,Ann Hernandez,cust6719_tranzachary@gmail.com,Lewismouth,Malta,2025-12-26
6720,Jennifer Watts,cust6720_esellers@gmail.com,Michaelfurt,Madagascar,2024-04-23
6721,Dr. Kristen Hamilton,cust6721_kevinmontoya@gmail.com,West Christina,Marshall Islands,2025-02-16
6722,Margaret Smith,cust6722_riveramichael@gmail.com,Whiteburgh,Greece,2025-03-09
6723,Shelby Wilson,cust6723_coreysims@gmail.com,Tammyhaven,Lao People's Democratic Republic,2025-08-29
6724,Jason Reed,cust6724_taylor21@hotmail.com,Crosbyfort,Holy See (Vatican City State),2024-06-21
6725,Corey Barrera,cust6725_tiffanyjohnson@gmail.com,Port Deannabury,Jordan,2023-10-25
6726,Haley Moore,cust6726_zstrickland@hotmail.com,East Michelleborough,Djibouti,2025-12-22
6727,Heather Allen,cust6727_erin96@gmail.com,Lake Diana,Gambia,2025-06-09
6728,Jerry Aguilar,cust6728_longtara@hotmail.com,West Markchester,Bosnia and Herzegovina,2023-01-25
6729,Lee Mullins,cust6729_bauerlance@hotmail.com,Rhondaville,Timor-Leste,2024-08-14
6730,Donna Adams,cust6730_lukehawkins@yahoo.com,Aprilshire,Mozambique,2025-07-08
6731,David Lloyd,cust6731_bdavis@hotmail.com,Jamesview,Nauru,2025-02-21
6732,Debra Mills,cust6732_joyce72@yahoo.com,Mooretown,Niger,2024-10-08
6733,Kathleen Bryant,cust6733_phillipsvickie@hotmail.com,Lauraview,Austria,2025-12-21
6734,Lindsay Garcia,cust6734_hyoung@hotmail.com,Shannonmouth,Canada,2023-03-26
6735,Jack Buck,cust6735_kcarter@hotmail.com,Lake Teresaland,Bouvet Island (Bouvetoya),2023-07-19
6736,Amber Jackson,cust6736_johnathan85@gmail.com,Lake Shellyland,Pakistan,2025-12-24
6737,Victor Benson,cust6737_kristin33@gmail.com,Port Samanthafort,Montenegro,2024-12-25
6738,Dawn Kim,cust6738_cvelez@gmail.com,Mcdonaldfurt,Nigeria,2025-06-03
6739,Melissa Rivera,cust6739_rebeccamcdonald@hotmail.com,New Cynthiafurt,Denmark,2026-06-04
6740,Nancy Mills,cust6740_enavarro@yahoo.com,South John,Colombia,2024-07-12
6741,Michelle Armstrong,cust6741_larry52@gmail.com,Port Brandifurt,Lebanon,2024-11-17
6742,Victor Herrera,cust6742_alex76@gmail.com,Port Jill,Kazakhstan,2024-07-07
6743,Steven Fisher,cust6743_manningbianca@hotmail.com,Brianfort,Solomon Islands,2024-06-30
6744,Kelli Chang,cust6744_jonathan92@yahoo.com,Tammybury,Egypt,2023-07-21
6745,Steve James,cust6745_kyle80@gmail.com,East Stephanie,Papua New Guinea,2024-06-06
6746,Jennifer Price,cust6746_caseyacosta@hotmail.com,Haileymouth,Mongolia,2026-04-11
6747,Michael Soto,cust6747_david33@yahoo.com,Port Ericbury,France,2025-03-12
6748,Cynthia Booth,cust6748_allenmatthew@yahoo.com,Huntfort,Guinea-Bissau,2025-08-02
6749,Kyle Reyes,cust6749_lopezjose@hotmail.com,East David,India,2024-05-10
6750,Robert Bennett,cust6750_cindycampbell@gmail.com,South Edwardberg,Guadeloupe,2026-04-20
6751,Robert Castillo,cust6751_callahankristen@gmail.com,Ryanton,Northern Mariana Islands,2024-02-04
6752,Darrell Palmer,cust6752_rosemichael@gmail.com,Port Peterbury,New Zealand,2025-11-30
6753,Shannon Brown,cust6753_vkelley@yahoo.com,West Kayla,Albania,2024-11-22
6754,Stephen Chavez,cust6754_paulaanderson@yahoo.com,Charlesbury,French Southern Territories,2024-01-04
6755,Jessica Hooper,cust6755_jmccarthy@gmail.com,East Jacobberg,Central African Republic,2024-10-03
6756,Brett Walker,cust6756_angieflores@hotmail.com,Katherineport,Cote d'Ivoire,2026-01-26
6757,Brenda Walters,cust6757_swright@gmail.com,Adamport,Ecuador,2023-01-22
6758,Brian Mitchell,cust6758_silvaallison@hotmail.com,South Patricia,Turkey,2023-01-18
6759,Melissa Holden,cust6759_billy13@gmail.com,West Stevenbury,Mongolia,2023-05-20
6760,Cody Cherry,cust6760_romerojeremy@gmail.com,Tuckerchester,Burundi,2023-01-25
6761,Lauren Cantrell,cust6761_hopkinskim@yahoo.com,West Kennethberg,Pakistan,2025-04-22
6762,Colleen Cervantes,cust6762_elizabethedwards@gmail.com,East Emily,Chile,2023-07-20
6763,Robert Allison,cust6763_zparker@hotmail.com,Wallerberg,Zambia,2025-12-11
6764,Juan Gomez Jr.,cust6764_sbrown@yahoo.com,Barronmouth,Tonga,2023-08-01
6765,Victoria Kerr,cust6765_shunter@gmail.com,Huntchester,Uganda,2025-07-02
6766,Matthew Walker,cust6766_ryanrobinson@yahoo.com,Lisaburgh,Antarctica (the territory South of 60 deg S),2024-12-20
6767,Daniel Stewart,cust6767_brownamber@gmail.com,Port Lorichester,Marshall Islands,2024-03-25
6768,Dana Ferguson,cust6768_johnlewis@yahoo.com,Lake Stephanie,France,2024-08-03
6769,Cindy Morris,cust6769_julielawson@yahoo.com,North Reginaville,Kyrgyz Republic,2024-05-30
6770,Robert Peters,cust6770_mary10@gmail.com,Port Natashaland,Isle of Man,2024-01-31
6771,Andrew Adams,cust6771_triciahale@hotmail.com,Andersonville,Marshall Islands,2023-03-11
6772,Alicia Austin,cust6772_john89@gmail.com,West Deborahberg,Bangladesh,2023-02-18
6773,Laura Rodriguez,cust6773_bennettlisa@yahoo.com,Brycemouth,Sao Tome and Principe,2026-06-22
6774,Michael Butler,cust6774_qdennis@gmail.com,Lydiatown,Netherlands,2023-07-08
6775,Terri Harmon,cust6775_paul11@hotmail.com,West Jeffrey,Guadeloupe,2023-04-27
6776,Clinton Walker,cust6776_greenjesse@gmail.com,Port Eric,Haiti,2026-05-01
6777,Sarah Allen,cust6777_kmckenzie@yahoo.com,Lake Joseph,Kenya,2024-03-20
6778,Kristopher Mcgee,cust6778_fisherpatricia@gmail.com,Craigmouth,Togo,2026-05-12
6779,Christina Stephens,cust6779_emmarich@gmail.com,Mitchellton,American Samoa,2023-09-07
6780,Carmen Moses,cust6780_albert46@hotmail.com,Hendersonland,Liechtenstein,2023-09-03
6781,Patrick Herman,cust6781_karina29@gmail.com,East Daisy,Greece,2023-06-26
6782,Jessica Green,cust6782_brenda00@gmail.com,Christinaborough,Vanuatu,2026-05-23
6783,Dawn Smith,cust6783_silvadevin@hotmail.com,Port Kyle,Hungary,2023-09-24
6784,Eric Reyes,cust6784_andrewleon@hotmail.com,South Ronaldmouth,Mexico,2025-02-08
6785,Paul Ayala,cust6785_andrew66@yahoo.com,Rickystad,Bangladesh,2026-03-05
6786,Brandon Alvarado,cust6786_heatherhaas@gmail.com,New Wesley,Wallis and Futuna,2024-01-14
6787,Laura Barrett,cust6787_linda55@gmail.com,Collinsburgh,Svalbard & Jan Mayen Islands,2023-08-16
6788,Kaylee Wiggins,cust6788_gonzaleztony@hotmail.com,Josephton,Algeria,2024-01-13
6789,Stephen Murphy,cust6789_dwells@gmail.com,Guerrafurt,Gabon,2024-06-02
6790,William Hernandez,cust6790_colonbrandi@hotmail.com,Lake Vincent,Mongolia,2024-08-26
6791,Dr. Tyler Carpenter,cust6791_vincent59@yahoo.com,Port Michael,Brunei Darussalam,2025-08-14
6792,Steven Gonzalez,cust6792_stewartkiara@hotmail.com,Johnsonmouth,Nauru,2023-06-05
6793,Benjamin Bryant,cust6793_carneyaustin@hotmail.com,Kristophermouth,Guyana,2025-07-17
6794,Dean Watson,cust6794_thomashudson@hotmail.com,Williamton,Romania,2024-07-20
6795,Robert Morton,cust6795_garycantrell@yahoo.com,South Staceyshire,Togo,2025-05-24
6796,Barry Rose,cust6796_lauraalvarado@gmail.com,Elizabethville,Solomon Islands,2024-10-24
6797,Rodney Chavez,cust6797_gregorythomas@gmail.com,South Nicole,Bermuda,2024-06-11
6798,Ian Thomas,cust6798_garymcintyre@hotmail.com,East Josephborough,Georgia,2023-11-28
6799,Martha Wong,cust6799_ballchristian@hotmail.com,Kaylafurt,Qatar,2023-06-01
6800,Briana Dixon,cust6800_igonzalez@hotmail.com,Lake Julie,Sweden,2024-07-21
6801,Eddie Terry,cust6801_adamsthomas@gmail.com,New Ericbury,San Marino,2023-05-08
6802,Brian Lewis,cust6802_toddsmith@gmail.com,South Brittanyfort,South Georgia and the South Sandwich Islands,2025-02-22
6803,David Medina,cust6803_chungkaren@hotmail.com,Pearsonstad,Belize,2025-03-06
6804,Antonio Davis,cust6804_vdougherty@hotmail.com,North Barbara,Brazil,2024-11-12
6805,John Malone,cust6805_williamdavis@hotmail.com,New Michaeltown,Norfolk Island,2023-05-04
6806,Stacey Lee,cust6806_jeffrey55@hotmail.com,Jamesmouth,Cocos (Keeling) Islands,2024-06-12
6807,Stephen Mccarthy,cust6807_lisa00@hotmail.com,Ericksonport,Thailand,2024-06-26
6808,Larry Phelps,cust6808_ashley39@yahoo.com,Phammouth,Spain,2023-12-31
6809,Susan Williams,cust6809_zunigajulia@gmail.com,Lake Lisa,Czech Republic,2025-06-21
6810,Daniel Wade,cust6810_michaeltorres@gmail.com,Leview,Ghana,2023-05-23
6811,Jeffrey Mathis,cust6811_ijohnson@yahoo.com,Bushville,Timor-Leste,2025-10-04
6812,Samuel Robinson,cust6812_johnsilva@yahoo.com,East Stephanie,Denmark,2024-02-15
6813,Makayla Thomas,cust6813_jeff60@hotmail.com,Wolfemouth,Myanmar,2026-06-03
6814,Sean Smith,cust6814_gomezanthony@yahoo.com,Lake Michellehaven,Sweden,2025-03-15
6815,Peter Colon,cust6815_hayleypeterson@hotmail.com,Jessicaland,Singapore,2024-01-01
6816,Todd Garrett,cust6816_bryanwilliamson@hotmail.com,Lake Nathan,Faroe Islands,2025-10-04
6817,Donald Munoz,cust6817_bushluis@gmail.com,North Jessicachester,Estonia,2023-08-11
6818,Tammy Martinez,cust6818_sean79@hotmail.com,Port Erica,Ethiopia,2023-10-22
6819,Marco Ross,cust6819_cassie28@hotmail.com,Harrishaven,Niger,2026-01-12
6820,Laura Hicks,cust6820_lopezrobert@hotmail.com,Port Brian,Ghana,2025-06-02
6821,James Schmitt,cust6821_jodimontgomery@yahoo.com,Lake Anna,Tajikistan,2024-03-23
6822,Stephanie Vance,cust6822_matthewmiller@gmail.com,Fosterland,Liberia,2026-06-11
6823,Catherine Gonzales,cust6823_hhuffman@gmail.com,Gilberttown,Moldova,2023-08-06
6824,Alec Archer,cust6824_aperez@yahoo.com,North Jenniferview,Switzerland,2025-06-23
6825,William Smith,cust6825_larryroach@yahoo.com,Smithfort,Brazil,2024-06-14
6826,Jonathan Castillo,cust6826_aprilevans@yahoo.com,Nicholsonview,Swaziland,2023-07-31
6827,Amanda Stephens,cust6827_usolis@yahoo.com,Paulchester,Comoros,2023-03-13
6828,Kevin Adams,cust6828_parkcharles@gmail.com,South Cassandra,British Indian Ocean Territory (Chagos Archipelago),2023-05-30
6829,Matthew King,cust6829_davidruiz@gmail.com,Karenside,Svalbard & Jan Mayen Islands,2023-05-25
6830,Charles Webster,cust6830_jenniferstout@gmail.com,Port Henry,Algeria,2026-03-16
6831,Stacey Wilkerson,cust6831_cynthia74@hotmail.com,New John,Tuvalu,2024-05-28
6832,Charles Sanchez,cust6832_lukewebster@hotmail.com,Hilltown,Burundi,2025-07-02
6833,Tiffany Clark,cust6833_timothyvincent@gmail.com,Port David,Bosnia and Herzegovina,2023-02-08
6834,Dr. Rebecca Mason,cust6834_pricesheila@hotmail.com,Kristyland,Burundi,2025-10-16
6835,Katie Powell,cust6835_melissablack@gmail.com,Williambury,Spain,2023-11-01
6836,Lisa Myers,cust6836_floydkenneth@yahoo.com,Port Leslie,Luxembourg,2023-01-02
6837,Tyler Rodriguez,cust6837_pamela37@yahoo.com,Johnstad,Nepal,2023-03-19
6838,Deanna Williams,cust6838_wendy33@gmail.com,Erinbury,Congo,2025-03-10
6839,Erin Smith,cust6839_michelle33@hotmail.com,East Marioview,Luxembourg,2024-06-29
6840,Mary Thompson,cust6840_wilcoxphillip@yahoo.com,Andreachester,Sudan,2023-11-07
6841,Mr. Thomas Robertson,cust6841_raymondarroyo@yahoo.com,Danielfort,Seychelles,2024-11-06
6842,Natalie Garcia,cust6842_robertfoster@gmail.com,Smithmouth,Guadeloupe,2025-03-12
6843,Jason Rogers,cust6843_joshua14@gmail.com,Lake Tammy,Italy,2026-03-22
6844,Eric Smith,cust6844_david82@gmail.com,Kelseyland,Ethiopia,2023-01-08
6845,Angela Smith,cust6845_lambertbarbara@yahoo.com,Lake Kevinport,Saint Martin,2025-11-21
6846,Joshua Barnes,cust6846_william08@gmail.com,Lake Jessicabury,United States of America,2025-10-01
6847,Brian Henry,cust6847_raymondcarter@yahoo.com,Lucasstad,Taiwan,2025-09-06
6848,Donna Butler,cust6848_hannahbridges@hotmail.com,Michaelfort,Burkina Faso,2025-06-12
6849,Jacob Martinez,cust6849_reyesandrew@gmail.com,Stoneshire,Jordan,2025-04-07
6850,Shawn Hamilton,cust6850_silvabrandon@hotmail.com,Moralesmouth,Kiribati,2023-05-24
6851,Ross Alvarado,cust6851_tdean@hotmail.com,North Erin,Nepal,2026-01-11
6852,James Reyes,cust6852_davisfrank@yahoo.com,West Harold,New Caledonia,2024-04-07
6853,Valerie Hansen,cust6853_michelleandrews@gmail.com,Walshborough,Turks and Caicos Islands,2023-01-07
6854,Margaret Carson,cust6854_catherine37@hotmail.com,South Michael,Bolivia,2025-02-26
6855,Richard Norman,cust6855_bthomas@yahoo.com,East Melissashire,United States Minor Outlying Islands,2025-09-14
6856,Maxwell Mccann,cust6856_kevin07@hotmail.com,Reginabury,Nicaragua,2023-09-06
6857,Bradley Lopez,cust6857_nicholeevans@yahoo.com,Lake Lisa,Gibraltar,2026-03-07
6858,Kenneth Bryant,cust6858_jennifersmith@yahoo.com,Parkermouth,Heard Island and McDonald Islands,2026-01-01
6859,Courtney Stewart,cust6859_villanuevajill@gmail.com,Michaelton,Fiji,2025-01-05
6860,Katie Griffin,cust6860_hermandavid@yahoo.com,New Taylor,Dominica,2024-11-13
6861,James Booth,cust6861_ryan29@yahoo.com,Jasonshire,Palau,2024-09-12
6862,Lisa Campbell,cust6862_crawfordsamuel@yahoo.com,South Aliciafort,Finland,2025-03-31
6863,Kelly Harvey,cust6863_norrissarah@gmail.com,Smithside,American Samoa,2023-04-24
6864,Travis Cox,cust6864_michellecortez@gmail.com,North Robertfort,Antigua and Barbuda,2023-07-05
6865,Miranda Burton,cust6865_sanchezjennifer@yahoo.com,Jeffreyton,Palau,2025-01-18
6866,Judith Lopez,cust6866_wardtimothy@hotmail.com,Lake Christopher,Cambodia,2025-12-30
6867,Danielle Krueger,cust6867_john80@gmail.com,New Tinastad,Sierra Leone,2024-11-27
6868,William Rodriguez,cust6868_jessicasmith@gmail.com,Chenmouth,Ethiopia,2023-06-14
6869,Paul Cruz,cust6869_david06@gmail.com,Amandamouth,Macao,2025-07-30
6870,Michael Johnson,cust6870_karenthomas@gmail.com,Baileymouth,Canada,2024-08-16
6871,Erik Patrick,cust6871_meghan03@gmail.com,West Curtis,Lao People's Democratic Republic,2024-02-20
6872,Jenna Liu,cust6872_guzmanjennifer@yahoo.com,Hernandeztown,Senegal,2023-12-28
6873,Donna Torres,cust6873_grace71@gmail.com,New Teresa,Taiwan,2026-02-09
6874,Haley Green,cust6874_michaelcuevas@yahoo.com,Amandaside,Puerto Rico,2023-03-22
6875,Kristen Carrillo,cust6875_kelli76@gmail.com,South Tarabury,Romania,2025-02-25
6876,Diane Dixon,cust6876_nmichael@yahoo.com,Lake Jacksonfort,India,2024-01-27
6877,Karen Green,cust6877_lauraturner@gmail.com,Mooreburgh,Guyana,2024-09-04
6878,Edward Spencer,cust6878_andrew82@hotmail.com,New Christopherville,Azerbaijan,2025-03-09
6879,David Choi,cust6879_smithsandra@gmail.com,South Jennifershire,Zambia,2023-08-07
6880,Peter Wright,cust6880_atkinscarolyn@yahoo.com,South Dianaland,United Kingdom,2025-01-05
6881,Ruth Thompson,cust6881_qwilliams@yahoo.com,Lake Nathanhaven,Saint Pierre and Miquelon,2025-09-23
6882,Andrew Wright,cust6882_lsantiago@yahoo.com,New Crystal,United Arab Emirates,2023-06-23
6883,Donna Hernandez,cust6883_uvasquez@hotmail.com,North Kyle,Norway,2025-06-15
6884,Donald Harris,cust6884_sarahgonzalez@gmail.com,East Jenniferton,Bangladesh,2024-01-24
6885,Colleen Rowe,cust6885_derrickowens@gmail.com,West Robert,Bahrain,2023-10-14
6886,Donna Jenkins,cust6886_tracy56@gmail.com,Grantberg,Egypt,2023-03-15
6887,Tony Clark,cust6887_frostsarah@hotmail.com,Kellyport,Romania,2024-01-31
6888,Linda Evans,cust6888_matthewgonzalez@yahoo.com,Garciachester,Micronesia,2023-02-21
6889,Amy Garrison,cust6889_dellis@hotmail.com,Fritzfurt,Haiti,2026-04-29
6890,James Mcintosh,cust6890_thomasmitchell@hotmail.com,Kimberlyport,Serbia,2024-05-03
6891,Jesse Larsen,cust6891_christopheresparza@yahoo.com,Johnland,Comoros,2025-09-28
6892,Jonathon Mckinney,cust6892_kgraves@gmail.com,New Curtis,Saint Barthelemy,2025-03-07
6893,Shelley Alexander,cust6893_pamela85@hotmail.com,Lake Christinahaven,Namibia,2023-05-10
6894,Brittany Norman,cust6894_lhamilton@yahoo.com,East Tarabury,Eritrea,2026-01-12
6895,Ronald Jordan MD,cust6895_uhartman@yahoo.com,West Deniseton,Bangladesh,2024-09-22
6896,Alison Smith,cust6896_tina90@hotmail.com,Fergusonfurt,Bangladesh,2025-10-20
6897,Anne Horne,cust6897_andrew76@yahoo.com,East Kevinmouth,Angola,2025-12-29
6898,Carlos Hinton,cust6898_rharding@yahoo.com,Nicholasberg,Panama,2025-07-09
6899,Amanda West,cust6899_fgraham@hotmail.com,Lake Amy,Cuba,2023-02-03
6900,Emma Perez,cust6900_longkrista@hotmail.com,Brownland,Nauru,2023-03-17
6901,Heidi Murphy,cust6901_ellisjohnny@hotmail.com,Port Jamesburgh,Mauritania,2024-11-25
6902,Emma Chen,cust6902_sharris@gmail.com,Port Brandonmouth,Hungary,2023-04-25
6903,Thomas White,cust6903_maldonadowendy@gmail.com,Joshuahaven,United States Virgin Islands,2024-11-22
6904,Holly Guzman,cust6904_smithbrittany@gmail.com,Anitaton,Bahamas,2023-03-29
6905,Erik Peterson,cust6905_danielalvarez@hotmail.com,East Christopher,Guyana,2025-04-10
6906,Kathryn Miller,cust6906_wparsons@hotmail.com,East Paulmouth,Papua New Guinea,2023-08-31
6907,Martha Peterson,cust6907_ilawson@gmail.com,Onealfurt,Paraguay,2024-03-09
6908,Debbie Jones,cust6908_christiegarcia@gmail.com,Lake Markhaven,Suriname,2025-12-07
6909,Anthony Carter,cust6909_joshuawhite@hotmail.com,East Codyside,Tokelau,2025-07-27
6910,Catherine Warren,cust6910_brendagreen@yahoo.com,Williamsmouth,Uruguay,2026-01-03
6911,Susan Clark,cust6911_moorebridget@yahoo.com,Jamesview,French Guiana,2023-11-02
6912,Nancy White,cust6912_hayswyatt@hotmail.com,Port Angeltown,Taiwan,2026-04-01
6913,Kristin Bates,cust6913_jessica08@hotmail.com,South Courtneymouth,Central African Republic,2024-04-22
6914,Preston Lewis,cust6914_nathanrojas@gmail.com,Robinsonstad,Bahrain,2023-05-28
6915,William Roberts,cust6915_michaelwoods@hotmail.com,Charlesport,Uganda,2023-03-17
6916,Stacy Turner,cust6916_wallacemichael@yahoo.com,Port Tracy,Serbia,2023-10-17
6917,Joseph Cordova,cust6917_christopher00@yahoo.com,West Austin,Italy,2025-09-28
6918,Anne Koch,cust6918_nicholashernandez@gmail.com,Rodriguezville,Haiti,2023-02-09
6919,John Russell,cust6919_sara37@hotmail.com,Benjaminshire,Romania,2025-08-23
6920,Mark Parker,cust6920_michael30@gmail.com,Lake Heather,Norfolk Island,2026-06-20
6921,Ashley Perez,cust6921_petersenkristin@gmail.com,Port Joseph,Dominica,2023-04-04
6922,Mark Gomez,cust6922_donglenn@gmail.com,Charleston,Micronesia,2024-05-12
6923,Ruth Haynes,cust6923_sara66@yahoo.com,West Randall,Bhutan,2023-09-25
6924,Sharon Johnson,cust6924_turnermichael@hotmail.com,Smithside,Nauru,2023-01-30
6925,Brandon Rodgers,cust6925_travis07@yahoo.com,Gilbertport,New Caledonia,2023-12-19
6926,Deborah Obrien,cust6926_oross@hotmail.com,South Anthonymouth,Indonesia,2023-04-13
6927,Angela Barnes,cust6927_ejohnson@yahoo.com,New Michael,Saudi Arabia,2024-09-21
6928,Danielle Roy,cust6928_daniel67@hotmail.com,Jeffreyview,Gabon,2023-07-19
6929,John Ware,cust6929_deanna81@hotmail.com,Sanchezberg,Northern Mariana Islands,2025-07-23
6930,Nathan Baird,cust6930_alan85@gmail.com,East Ravenview,United Kingdom,2026-06-05
6931,Marie Garcia,cust6931_robertcasey@hotmail.com,Glenntown,Guadeloupe,2023-12-16
6932,Jason Cook,cust6932_dustinduarte@gmail.com,Saundersfurt,Holy See (Vatican City State),2026-04-25
6933,Christine Mccoy,cust6933_nathangeorge@gmail.com,Littleland,Sri Lanka,2023-05-11
6934,Jessica Espinoza,cust6934_walkeranne@gmail.com,East Deborahside,Luxembourg,2023-08-06
6935,Amanda Lynn,cust6935_marycook@hotmail.com,North Jillbury,Bahrain,2023-08-22
6936,Kim Bryant,cust6936_logannelson@gmail.com,North William,Northern Mariana Islands,2025-10-15
6937,Cameron Brown,cust6937_hcarter@yahoo.com,East Michaelchester,Uganda,2026-05-03
6938,Ronald Crane,cust6938_guerradonna@yahoo.com,Lake Cathyberg,Timor-Leste,2026-06-14
6939,Christopher Mason,cust6939_megan77@hotmail.com,Adamsview,San Marino,2024-03-27
6940,Kelly Martin,cust6940_alexandriamiller@hotmail.com,South Dylan,Slovenia,2023-05-10
6941,Abigail Morgan,cust6941_xhicks@hotmail.com,Ruizhaven,Christmas Island,2024-02-20
6942,Elizabeth Meyers,cust6942_zmason@hotmail.com,West Garyside,Liechtenstein,2025-05-22
6943,Linda Murphy,cust6943_sbarron@gmail.com,Davidstad,France,2024-11-21
6944,Lori Kennedy,cust6944_zgraham@hotmail.com,Fordburgh,Sri Lanka,2025-04-03
6945,Kylie Ward,cust6945_wmoody@yahoo.com,Rebeccaview,Jersey,2024-10-26
6946,Lisa Wagner,cust6946_adamsvanessa@hotmail.com,Jeremyville,Mauritius,2023-09-05
6947,Sarah Rodriguez,cust6947_yolanda30@yahoo.com,Mirandastad,Estonia,2026-03-25
6948,Robin Barnett,cust6948_colemandaniel@gmail.com,Mitchellstad,Western Sahara,2026-01-22
6949,Scott Simmons,cust6949_qmcgee@yahoo.com,Barnettfort,Bolivia,2023-10-09
6950,Paula Rios,cust6950_kevincabrera@gmail.com,Lyonshaven,Honduras,2024-10-20
6951,Robert Pena,cust6951_joshuaruiz@hotmail.com,Loriton,Australia,2024-03-12
6952,Scott Ryan,cust6952_cynthia06@gmail.com,North Tammie,Western Sahara,2023-04-04
6953,Michelle Stone,cust6953_katelynhall@yahoo.com,Millerchester,Ghana,2026-04-29
6954,Tonya Guzman,cust6954_kellyjohnson@hotmail.com,Angelabury,Mauritius,2023-12-22
6955,Andrea Whitney,cust6955_hsmith@yahoo.com,East Michelleborough,Swaziland,2024-11-18
6956,Robert Ramirez,cust6956_hunterrenee@hotmail.com,South Heatherfurt,Marshall Islands,2023-05-10
6957,Michael Miller,cust6957_rhurst@hotmail.com,Portermouth,Turkey,2023-09-05
6958,Edwin Jackson MD,cust6958_patelnicole@gmail.com,New Desireechester,Wallis and Futuna,2024-07-14
6959,James Brown,cust6959_martinezcarrie@yahoo.com,Andradeton,Myanmar,2023-10-17
6960,Eric Sanchez,cust6960_afitzgerald@gmail.com,Michaelport,Guadeloupe,2025-04-30
6961,Mario Schroeder,cust6961_svargas@gmail.com,Melanieberg,Brunei Darussalam,2023-12-11
6962,Arthur Perez,cust6962_krista07@yahoo.com,Stephaniebury,Guam,2025-01-27
6963,Brittany Fisher,cust6963_mcleanwilliam@gmail.com,Williamsmouth,Korea,2026-02-07
6964,Karen Collins,cust6964_bherman@gmail.com,West Isabelshire,Malaysia,2023-12-04
6965,Matthew Hoover,cust6965_timothy16@hotmail.com,South Tamara,Bolivia,2025-06-17
6966,Frank Tran Jr.,cust6966_xnichols@gmail.com,Elizabethstad,Greenland,2024-05-13
6967,Tamara Reid,cust6967_nancy00@yahoo.com,Port Cliffordborough,Norway,2026-04-06
6968,Geoffrey Shah,cust6968_walshalison@yahoo.com,East Davidhaven,Maldives,2023-03-25
6969,Gerald West,cust6969_fishercolton@gmail.com,Lynnport,Yemen,2023-10-01
6970,Michael Nguyen,cust6970_monicayoung@gmail.com,Ericfurt,Guinea-Bissau,2023-07-24
6971,Lauren Lester,cust6971_susan08@gmail.com,Anitaberg,Palau,2026-06-08
6972,Brenda Wilson,cust6972_laura96@gmail.com,New Joefort,Lesotho,2025-02-09
6973,Rodney Wilson,cust6973_jamesbest@hotmail.com,Johnshire,Belgium,2023-11-20
6974,Cassandra Price DDS,cust6974_oroberts@yahoo.com,Jonathanfort,American Samoa,2023-02-02
6975,Scott Roberts,cust6975_amandaatkins@gmail.com,Lake Jessica,Antarctica (the territory South of 60 deg S),2025-09-24
6976,Jill Hampton,cust6976_rebecca74@gmail.com,South Tyler,Canada,2023-06-15
6977,Jessica Carpenter,cust6977_cbennett@yahoo.com,North Maryville,Puerto Rico,2023-01-14
6978,Eric Aguilar,cust6978_biancaweber@gmail.com,Newtonborough,Estonia,2023-01-15
6979,John Walker,cust6979_desireehernandez@yahoo.com,Patriciashire,Mayotte,2024-01-03
6980,Robert Scott,cust6980_tony87@gmail.com,Crosbyhaven,Antarctica (the territory South of 60 deg S),2023-07-02
6981,Michael Turner,cust6981_martinezgregory@yahoo.com,New Joyland,Sudan,2026-04-30
6982,Martha Johnson,cust6982_aaronwilliams@yahoo.com,Port Donna,Greece,2024-08-04
6983,Julie Thompson,cust6983_rwalker@hotmail.com,Laurenside,Lithuania,2025-05-02
6984,Melissa Fritz,cust6984_rogertodd@gmail.com,East Cathyport,Saint Helena,2025-09-01
6985,Jackie Howard,cust6985_lindajones@yahoo.com,South Morganburgh,Taiwan,2023-09-17
6986,Amanda Peters,cust6986_clarkangela@gmail.com,South Emilyside,Ecuador,2024-02-27
6987,Jeffrey James,cust6987_kimberly87@hotmail.com,Chelsealand,Korea,2023-10-21
6988,Timothy Anderson,cust6988_rjefferson@hotmail.com,South Tiffanymouth,Finland,2024-07-08
6989,Ryan Shelton,cust6989_yduncan@gmail.com,Paulview,Zimbabwe,2025-12-07
6990,Stephanie Miranda,cust6990_monicawilliams@yahoo.com,East Justinshire,Switzerland,2025-07-11
6991,Andrew Mccoy,cust6991_michael37@gmail.com,Alexanderburgh,Turks and Caicos Islands,2025-04-23
6992,Janet Osborne,cust6992_matthewsexton@hotmail.com,South Carlos,Holy See (Vatican City State),2024-05-04
6993,Ryan Miller,cust6993_nicolethompson@hotmail.com,Johnsonberg,Bangladesh,2023-12-24
6994,Jessica Curtis,cust6994_carriebradley@gmail.com,East Sarah,Namibia,2026-06-04
6995,Michelle Guerra,cust6995_tina45@gmail.com,East Tanner,Pakistan,2023-03-19
6996,April Heath,cust6996_ahess@yahoo.com,South Sarahfurt,French Guiana,2026-05-06
6997,Michael Gill,cust6997_fjohnson@gmail.com,Lake Nathan,Montserrat,2024-01-04
6998,Michelle Odonnell,cust6998_thompsonchristine@hotmail.com,Darylhaven,Saint Vincent and the Grenadines,2025-10-20
6999,Michael Brennan,cust6999_joseph31@gmail.com,South Roberta,Guinea,2026-06-07
7000,Debra Palmer,cust7000_randall74@yahoo.com,Matthewstad,Korea,2023-06-30
7001,Arthur Adams,cust7001_david48@gmail.com,Elizabethside,Haiti,2024-09-08
7002,Yvonne Miller,cust7002_laura47@hotmail.com,Michelletown,Poland,2024-12-13
7003,Thomas Chase,cust7003_jonathanjackson@yahoo.com,East Kathleen,Monaco,2025-05-07
7004,Darren Hernandez,cust7004_jacksontimothy@hotmail.com,Kimtown,Suriname,2023-01-10
7005,Kirk Holt,cust7005_mcaldwell@gmail.com,Frankville,Mali,2026-02-16
7006,Jordan Lin,cust7006_williamsnicole@yahoo.com,Dudleyton,Central African Republic,2024-04-27
7007,Stephanie Henderson,cust7007_john81@hotmail.com,Lorimouth,Niger,2024-01-29
7008,Mary Moore,cust7008_abigail88@gmail.com,New Jasmine,Guinea-Bissau,2023-08-29
7009,Michael Garcia,cust7009_patriciapowell@yahoo.com,North William,Mauritius,2025-12-21
7010,Debbie Beck,cust7010_thompsontodd@gmail.com,Hortonchester,American Samoa,2023-07-15
7011,Paul Davis,cust7011_alivingston@gmail.com,Lake Lauratown,Saint Martin,2026-06-21
7012,Katrina Stephens,cust7012_stephen93@hotmail.com,Port Martha,Bolivia,2025-01-11
7013,Danielle Garcia,cust7013_travis69@yahoo.com,Amychester,Benin,2026-01-10
7014,Lisa Johnson,cust7014_luke97@hotmail.com,South Elizabethtown,Falkland Islands (Malvinas),2025-11-05
7015,Thomas Noble,cust7015_leemelissa@yahoo.com,New Jamestown,Saint Martin,2024-03-25
7016,Stephen Garcia,cust7016_sperez@yahoo.com,Martinezfort,Lesotho,2025-08-08
7017,Scott Patterson,cust7017_brian16@gmail.com,Anneborough,Equatorial Guinea,2024-03-02
7018,Jesse Potter,cust7018_amandaburgess@gmail.com,South Eric,Morocco,2024-07-20
7019,Robert Rodriguez,cust7019_melissasantiago@gmail.com,West Angelaville,Sao Tome and Principe,2023-04-19
7020,Susan Jackson,cust7020_bradyjohn@yahoo.com,Gomezfort,Indonesia,2024-02-01
7021,Mark Williams,cust7021_lisathompson@hotmail.com,Cabreraport,United States Virgin Islands,2023-08-19
7022,Frederick Kennedy,cust7022_wilsongeorge@hotmail.com,South Kennethfurt,Mongolia,2023-11-02
7023,Cindy Palmer,cust7023_ashleyball@yahoo.com,Georgefurt,United Arab Emirates,2025-08-29
7024,Frank May,cust7024_kevin50@gmail.com,Lake James,Canada,2025-10-15
7025,Jordan Day,cust7025_farmermadeline@yahoo.com,Davidmouth,Madagascar,2023-12-28
7026,Heather Guzman,cust7026_kevin82@yahoo.com,South Jacqueline,Angola,2023-11-24
7027,Jeffrey Shaffer,cust7027_chelseaadams@yahoo.com,New Morgantown,French Guiana,2023-03-30
7028,Sharon Smith,cust7028_fosteralexander@hotmail.com,Benitezberg,Ethiopia,2023-04-21
7029,Zachary Hansen,cust7029_cynthiawilliams@hotmail.com,South Jeffery,Mali,2025-01-15
7030,Justin Burke,cust7030_meghansnyder@gmail.com,Byrdburgh,Bangladesh,2024-08-06
7031,Heather Strong,cust7031_mcbrideshaun@gmail.com,South Markfurt,Denmark,2024-03-05
7032,Kimberly Reyes,cust7032_walkerdarren@hotmail.com,Johnchester,Mauritania,2025-06-09
7033,Robert Robertson,cust7033_tanyajenkins@gmail.com,Scottfort,Mexico,2024-05-29
7034,Christine Williams,cust7034_anthonyrichardson@yahoo.com,Christopherside,Nepal,2024-11-15
7035,Kevin Parks,cust7035_adriana87@yahoo.com,Lake Felicia,Saudi Arabia,2026-06-17
7036,Joshua Greer,cust7036_emilysmith@hotmail.com,Port Christopher,Romania,2025-07-17
7037,Robert Glass DVM,cust7037_fergusonjason@yahoo.com,Port Jenniferburgh,Cambodia,2023-03-30
7038,Leah Kennedy,cust7038_comptonmichele@hotmail.com,North Molly,Mali,2023-08-02
7039,Jennifer Brown,cust7039_roythompson@hotmail.com,Timothyton,Bosnia and Herzegovina,2023-04-18
7040,Paul Jacobs,cust7040_kkennedy@yahoo.com,Erikchester,Palau,2026-01-05
7041,Michael Martin,cust7041_alam@hotmail.com,Port Jamesmouth,Saint Helena,2023-12-27
7042,Christine Mcgee,cust7042_lhamilton@hotmail.com,New Carlosmouth,Vietnam,2023-11-20
7043,Ryan Gardner,cust7043_jennifermiddleton@gmail.com,Cooperfurt,Libyan Arab Jamahiriya,2023-03-01
7044,Walter Williams,cust7044_davidgrimes@hotmail.com,Troybury,Angola,2025-09-20
7045,Carlos Johnston,cust7045_charlesjoshua@hotmail.com,West Corey,Mexico,2025-11-20
7046,Margaret Robinson,cust7046_bmcdonald@yahoo.com,Port Deannatown,Botswana,2023-08-26
7047,John Quinn,cust7047_taylormichael@gmail.com,New Ashleystad,Mauritania,2023-05-26
7048,Lisa Douglas,cust7048_laura17@yahoo.com,Andersontown,Ireland,2024-04-26
7049,Jennifer Sanchez,cust7049_john89@yahoo.com,Port Nathanbury,Guinea-Bissau,2025-06-29
7050,Pamela White,cust7050_russovanessa@hotmail.com,North Victoriafurt,Heard Island and McDonald Islands,2026-04-28
7051,Heidi Ford,cust7051_walexander@gmail.com,Lake Juan,Poland,2026-04-02
7052,Mario Campbell,cust7052_cynthia50@gmail.com,West Andrew,Hungary,2024-10-29
7053,Melissa Warner,cust7053_floresdennis@yahoo.com,Benjaminfurt,Antigua and Barbuda,2025-05-08
7054,Jesse Davenport,cust7054_ricky39@hotmail.com,Mcculloughberg,Svalbard & Jan Mayen Islands,2024-02-12
7055,Leah Mccarty,cust7055_vanessa57@yahoo.com,Lake Tanya,Cuba,2024-10-29
7056,Linda Ayala,cust7056_thompsonrobert@gmail.com,Wilsonbury,Vietnam,2024-04-16
7057,Michelle Estrada,cust7057_dbrewer@yahoo.com,New Williamfort,Trinidad and Tobago,2023-08-14
7058,Amber Sanford,cust7058_dunnleah@gmail.com,Gilmoreshire,Montenegro,2024-10-29
7059,Debra Miller,cust7059_melissa56@yahoo.com,West David,Korea,2024-04-11
7060,Bonnie Mayer,cust7060_wrich@hotmail.com,Gregorymouth,British Indian Ocean Territory (Chagos Archipelago),2023-07-20
7061,Tara Brown,cust7061_zanthony@yahoo.com,Bryanville,Estonia,2024-04-30
7062,Jennifer Randolph,cust7062_meganmiller@yahoo.com,Peggytown,Turkmenistan,2025-04-24
7063,Lori Woods,cust7063_browneric@gmail.com,New Daniel,United Arab Emirates,2024-02-14
7064,Christopher Nguyen,cust7064_joecarter@gmail.com,East Gregland,Czech Republic,2025-02-08
7065,Andrea Johnson,cust7065_eduardorose@hotmail.com,South Aaron,Venezuela,2024-03-27
7066,Lori Tucker,cust7066_sarahsanchez@gmail.com,East Elizabeth,Austria,2023-05-31
7067,Alexandria Patrick,cust7067_amymorris@gmail.com,West Alan,Iceland,2025-08-22
7068,Bianca Davis,cust7068_julia60@gmail.com,Adamsshire,Poland,2026-04-13
7069,Nancy King,cust7069_olynch@gmail.com,Port Jessicamouth,Iran,2025-09-19
7070,Lisa Johnson,cust7070_priscilla08@gmail.com,Port Daisyburgh,Singapore,2023-04-22
7071,Jessica Salas,cust7071_stephenmartin@hotmail.com,Martinmouth,Croatia,2025-06-11
7072,Chelsea Santana,cust7072_leslie74@gmail.com,Lake Jacobside,Ethiopia,2023-10-24
7073,Amanda Hickman,cust7073_robert32@hotmail.com,South Kristinemouth,Zimbabwe,2024-03-18
7074,Toni Wilson,cust7074_april82@yahoo.com,South Crystalmouth,Sierra Leone,2026-06-02
7075,Elizabeth Hayes,cust7075_emily54@gmail.com,Port Nicole,Djibouti,2025-07-20
7076,Timothy Jones,cust7076_marywhite@gmail.com,New Elizabethborough,Poland,2023-12-31
7077,Valerie Fields,cust7077_mason04@yahoo.com,West Dustin,Bahamas,2025-03-04
7078,Jason Vasquez,cust7078_newmankatrina@hotmail.com,East Davidside,Sierra Leone,2025-02-03
7079,James Keller,cust7079_kelly00@gmail.com,North Jasmine,Turkey,2023-10-07
7080,Jessica Bryant,cust7080_grichards@gmail.com,Rojastown,Tanzania,2025-07-26
7081,Allen Moore,cust7081_cynthiatownsend@gmail.com,North Brian,Paraguay,2024-02-02
7082,Kevin Skinner,cust7082_brownbrandon@hotmail.com,Port Angie,Chile,2025-01-04
7083,Tyler Smith,cust7083_vhunt@gmail.com,Danielhaven,Mozambique,2024-07-06
7084,Jessica Mitchell,cust7084_lindseymonique@yahoo.com,Lake Juan,Burundi,2024-02-19
7085,Tammy Mosley,cust7085_sabrina87@gmail.com,Tapialand,Ghana,2024-11-18
7086,Caitlin Blackburn,cust7086_wardebony@gmail.com,South Bryan,Holy See (Vatican City State),2023-09-18
7087,Suzanne Murphy,cust7087_kristy63@gmail.com,Meganport,Uzbekistan,2023-03-07
7088,Jennifer Collins,cust7088_caroldixon@gmail.com,North Mary,Angola,2026-03-10
7089,Patrick Walker,cust7089_bestsylvia@yahoo.com,New Scotttown,Saint Pierre and Miquelon,2023-05-03
7090,Matthew Scott,cust7090_alexnelson@hotmail.com,West Anthony,Romania,2024-07-28
7091,Jacqueline Pittman,cust7091_jeffreybell@yahoo.com,West Davidside,Senegal,2023-10-07
7092,Stacy Christensen,cust7092_stephanie88@gmail.com,Christopherview,Kenya,2023-08-16
7093,Daisy Moss,cust7093_nguyensteven@hotmail.com,Lake Michaelmouth,Swaziland,2025-08-11
7094,Juan Webb MD,cust7094_boydcurtis@gmail.com,South Darin,Romania,2025-07-28
7095,James Green,cust7095_elizabeth91@yahoo.com,Lake Kathy,Ghana,2025-05-06
7096,Brittany Ward,cust7096_joseph05@hotmail.com,Josephfurt,Dominica,2023-12-17
7097,Angie White,cust7097_smithkathryn@yahoo.com,South Angela,Italy,2024-12-04
7098,Andrew Hebert,cust7098_kenneth76@gmail.com,Monteshaven,Taiwan,2024-03-26
7099,Kelsey Cruz,cust7099_abigailjimenez@yahoo.com,East James,Rwanda,2024-08-27
7100,Taylor Newton,cust7100_lori25@hotmail.com,West Ashleyfurt,Puerto Rico,2026-05-21
7101,Christopher Duarte,cust7101_nicole03@hotmail.com,Port Markmouth,Spain,2023-11-18
7102,William Lee,cust7102_michaelanderson@yahoo.com,Dorothymouth,Belarus,2026-06-06
7103,David Cochran,cust7103_obrienjacob@hotmail.com,Andersonshire,Wallis and Futuna,2023-12-15
7104,Michael Sanchez,cust7104_michael26@hotmail.com,Kevinmouth,Uruguay,2026-03-29
7105,Jessica Long,cust7105_hudsonsandra@hotmail.com,Tashaville,British Indian Ocean Territory (Chagos Archipelago),2026-02-06
7106,Joshua Ochoa,cust7106_vevans@gmail.com,Kevinside,Wallis and Futuna,2024-04-15
7107,Autumn Faulkner,cust7107_bob85@yahoo.com,North Brandonside,Uruguay,2023-06-27
7108,Ryan Smith,cust7108_reedtimothy@gmail.com,Stevenmouth,Bahamas,2025-04-23
7109,Joel Harris,cust7109_daviskathleen@yahoo.com,Lake Stephen,Aruba,2025-12-04
7110,Jason Cruz,cust7110_alowery@yahoo.com,East Angela,San Marino,2025-09-28
7111,Joseph Brown,cust7111_brandy56@hotmail.com,South Ashleymouth,Zambia,2024-03-19
7112,William Vargas,cust7112_riverakaren@yahoo.com,South Heather,Papua New Guinea,2026-04-26
7113,Andre Bennett,cust7113_rogerspatricia@hotmail.com,Scottbury,Serbia,2025-08-27
7114,Christopher Smith,cust7114_combsadam@yahoo.com,Kimberlyburgh,Tonga,2025-08-05
7115,Kelsey Moore,cust7115_aaron96@hotmail.com,North Christopher,Nauru,2024-07-25
7116,Michael Jenkins,cust7116_qweaver@yahoo.com,Lake Kimberlyberg,Bouvet Island (Bouvetoya),2023-01-30
7117,Rebecca Webb,cust7117_reyesmonica@hotmail.com,South Amyshire,Gambia,2025-05-26
7118,Ralph Gross,cust7118_edwardsmith@hotmail.com,Lake Ashley,Cayman Islands,2024-05-20
7119,Ashley Collins,cust7119_charlene28@gmail.com,North Douglaston,Grenada,2024-05-22
7120,Shelly Mccullough,cust7120_lopezjose@yahoo.com,Lake Patricia,Indonesia,2024-11-01
7121,Charles Perry,cust7121_traciwhite@gmail.com,South Dalebury,Saint Lucia,2025-06-08
7122,Shawn George,cust7122_maria40@hotmail.com,West Jermaine,Honduras,2026-04-01
7123,Margaret Fernandez,cust7123_rberry@hotmail.com,East Anthonychester,Holy See (Vatican City State),2024-03-31
7124,Jennifer Lane,cust7124_lunajennifer@hotmail.com,East Williamfort,Ghana,2026-04-26
7125,Jennifer Keith,cust7125_fcruz@gmail.com,Ianberg,Djibouti,2023-11-02
7126,Donald Nixon,cust7126_loribenson@yahoo.com,West Georgeberg,Saint Lucia,2026-03-20
7127,Hannah Fitzgerald,cust7127_carriekelly@gmail.com,Ashleyville,Saudi Arabia,2023-01-11
7128,Bruce Simon,cust7128_hernandezjonathan@yahoo.com,Mayfurt,Sweden,2025-05-05
7129,David Taylor,cust7129_agarner@gmail.com,Christopherborough,Lao People's Democratic Republic,2023-04-01
7130,John Riddle,cust7130_kellymichael@gmail.com,Donnaborough,Botswana,2023-03-24
7131,Scott Collins,cust7131_jason74@hotmail.com,North Catherine,Zambia,2025-08-21
7132,Troy Sullivan,cust7132_mcknighttaylor@hotmail.com,Port Carlosburgh,Cameroon,2025-10-29
7133,Marco Gomez,cust7133_kirkrobert@hotmail.com,Kevintown,Heard Island and McDonald Islands,2023-03-10
7134,Alex Harris,cust7134_ffitzgerald@gmail.com,New Victor,Saint Barthelemy,2025-05-21
7135,William Mcdowell,cust7135_santoskim@gmail.com,East Victoriaton,Svalbard & Jan Mayen Islands,2025-12-23
7136,Sabrina Phillips,cust7136_jennifer21@yahoo.com,West Jose,Puerto Rico,2025-03-18
7137,Kimberly Chavez,cust7137_phillipsstephen@yahoo.com,East Annette,Cayman Islands,2025-09-08
7138,Justin Oneill,cust7138_bmcconnell@yahoo.com,North Theodore,Japan,2023-07-20
7139,Taylor Leonard,cust7139_claudia53@gmail.com,Josephbury,Sierra Leone,2025-07-15
7140,Maria Bishop,cust7140_megan63@hotmail.com,Christineton,Lesotho,2025-10-11
7141,Dr. Lori Cantu MD,cust7141_johngould@gmail.com,Yeseniatown,Slovakia (Slovak Republic),2024-05-07
7142,Stephanie Carpenter,cust7142_vanessameyer@hotmail.com,Lake Brandi,Poland,2023-06-20
7143,Austin Scott,cust7143_zmontgomery@yahoo.com,Hallland,Philippines,2026-02-17
7144,Amber Aguilar,cust7144_beasleyjimmy@gmail.com,New Brittanystad,British Virgin Islands,2023-01-26
7145,Thomas Austin,cust7145_joshuarandall@yahoo.com,South Francesland,Korea,2025-04-12
7146,Katelyn Roberts,cust7146_washingtonjessica@yahoo.com,Gordonchester,Mexico,2024-03-22
7147,Richard Crawford,cust7147_normanbrian@hotmail.com,New Krystal,Martinique,2023-09-29
7148,Jeremy Weaver,cust7148_lanemelissa@gmail.com,New Jacob,British Indian Ocean Territory (Chagos Archipelago),2025-01-04
7149,Amy Nguyen,cust7149_paul96@gmail.com,Stephaniefort,Mozambique,2024-08-28
7150,Maureen Gonzalez,cust7150_peteradams@gmail.com,Lake John,Holy See (Vatican City State),2024-05-04
7151,Leah Kelly,cust7151_crystal05@hotmail.com,Marktown,Georgia,2023-07-05
7152,Brian Le,cust7152_loribarker@yahoo.com,Baileyside,Tuvalu,2023-02-02
7153,Laurie Calhoun,cust7153_andrew64@gmail.com,New Amber,Bermuda,2025-09-09
7154,John Rivas,cust7154_jasonjames@gmail.com,North Jeffreyside,Guadeloupe,2024-09-16
7155,Deborah Anderson,cust7155_hoodnathan@yahoo.com,North Brianna,Senegal,2023-11-28
7156,Michael Lewis,cust7156_nicholskatie@yahoo.com,Lake Raymond,Wallis and Futuna,2025-07-29
7157,Jessica Martinez,cust7157_vanessaparker@gmail.com,Phillipberg,Tanzania,2026-03-14
7158,Samantha Yates,cust7158_timothytanner@hotmail.com,Ashleyview,Togo,2026-04-10
7159,Amy Durham,cust7159_reeveschristine@hotmail.com,South Roger,Uganda,2023-02-19
7160,Yolanda Robles,cust7160_karlathornton@hotmail.com,Coleton,Madagascar,2025-07-20
7161,Holly Holder,cust7161_johnsonfrederick@hotmail.com,New Matthew,Romania,2025-08-07
7162,Katherine Walker,cust7162_michaelbrooks@yahoo.com,South Paulfort,Netherlands Antilles,2023-10-11
7163,Kelly Long,cust7163_pamelaacosta@hotmail.com,New Michaelton,Namibia,2025-04-10
7164,Elizabeth Hale,cust7164_sharonvasquez@yahoo.com,Danielport,Saudi Arabia,2024-01-14
7165,Shelly Garrett,cust7165_kevinevans@hotmail.com,New Barryburgh,Micronesia,2025-01-28
7166,Christopher Jones,cust7166_mariagreen@gmail.com,South Jonathanton,Bangladesh,2025-08-08
7167,Kyle Martin,cust7167_paul22@yahoo.com,New Devonchester,Norfolk Island,2023-01-03
7168,Julie Irwin,cust7168_duncanpaul@gmail.com,East Pamela,Marshall Islands,2023-05-25
7169,Terri Smith,cust7169_xhebert@gmail.com,New Timothy,Poland,2025-02-27
7170,Molly Rhodes,cust7170_vhernandez@gmail.com,West Patriciaville,Comoros,2024-11-12
7171,Reginald Jackson,cust7171_tgarcia@gmail.com,East Jasonshire,Slovenia,2025-12-23
7172,Jesse Smith,cust7172_carlcarter@hotmail.com,Bryanborough,Marshall Islands,2023-03-08
7173,Sabrina Webster,cust7173_williamcherry@yahoo.com,North Mitchellmouth,Estonia,2024-08-30
7174,Kimberly Jones,cust7174_avilaalexander@hotmail.com,South Samueltown,Saint Kitts and Nevis,2025-05-22
7175,Laura Dickson,cust7175_baldwineric@gmail.com,Tamaraville,Ethiopia,2024-07-06
7176,Michael Compton,cust7176_bowerschristopher@hotmail.com,Anthonyborough,Congo,2026-06-08
7177,Lisa Coleman,cust7177_brownmorgan@gmail.com,Leetown,Niger,2026-01-15
7178,Chad Vasquez,cust7178_tranbrenda@yahoo.com,North Daniel,Lithuania,2026-03-24
7179,Jared Carr,cust7179_jessica27@hotmail.com,Nathanfort,Netherlands Antilles,2024-02-29
7180,Matthew Williamson,cust7180_zpierce@hotmail.com,Lake Richardberg,Monaco,2023-06-15
7181,Alicia Wilson,cust7181_angela30@gmail.com,West Brent,Zimbabwe,2026-06-24
7182,James Williams,cust7182_margaretparrish@yahoo.com,East Angelaview,Philippines,2024-11-18
7183,Robert Smith,cust7183_nblack@yahoo.com,Port Charles,Lao People's Democratic Republic,2023-04-23
7184,Jerome Mays,cust7184_johnmiller@hotmail.com,Lake Anthonyport,Uzbekistan,2025-11-20
7185,Todd Marshall,cust7185_wrightdaniel@gmail.com,Walkerside,Belarus,2025-01-15
7186,Warren Mason,cust7186_smithmatthew@gmail.com,Hubbardmouth,Oman,2023-04-16
7187,Stephen Maynard,cust7187_ryangates@yahoo.com,Kimberlyfurt,Bouvet Island (Bouvetoya),2023-08-16
7188,Tracy Lee,cust7188_anna82@yahoo.com,West Alicia,Cape Verde,2025-02-23
7189,Thomas Smith,cust7189_seth23@yahoo.com,East Barbara,Ireland,2025-01-18
7190,Rachael Cooke,cust7190_lauren24@hotmail.com,Sherrimouth,Slovenia,2025-08-11
7191,Gabrielle Myers,cust7191_zcrosby@hotmail.com,New Amandafurt,Qatar,2026-06-21
7192,Hannah Roberson,cust7192_ymueller@hotmail.com,North Laura,Gambia,2023-03-25
7193,John Villarreal,cust7193_victoriathompson@gmail.com,South Christopher,Vanuatu,2025-01-18
7194,Brian Morales,cust7194_sara80@gmail.com,Boydland,Senegal,2025-01-20
7195,Renee Simmons,cust7195_crystalatkins@hotmail.com,East Duaneville,Saudi Arabia,2023-12-25
7196,Joshua Barron,cust7196_kristi72@gmail.com,Burnetthaven,Tonga,2026-02-18
7197,Katie Mccullough,cust7197_kathleenortiz@hotmail.com,Lake Davidmouth,Aruba,2023-05-18
7198,Claire Guerrero,cust7198_jmccarthy@gmail.com,South Heather,Cocos (Keeling) Islands,2026-02-22
7199,Ashley Cobb,cust7199_karen09@hotmail.com,Davidville,Bahamas,2024-02-24
7200,Jennifer Smith,cust7200_richardrodriguez@hotmail.com,Mariafort,Samoa,2023-10-11
7201,Maureen Shepherd,cust7201_warnerjustin@yahoo.com,West Alexander,Bahamas,2024-11-16
7202,Robert Wise,cust7202_gfrederick@hotmail.com,Melissastad,Korea,2024-05-03
7203,Rhonda Warner,cust7203_gary55@hotmail.com,Martinezmouth,Haiti,2026-01-10
7204,Robert Archer,cust7204_casey08@yahoo.com,West Kevinshire,Chile,2023-08-21
7205,Timothy Chambers,cust7205_robert29@yahoo.com,West Jennifer,French Polynesia,2025-09-06
7206,Heather Norton,cust7206_shawn63@yahoo.com,Lisamouth,Panama,2026-04-03
7207,Christopher Sutton,cust7207_franklindenise@gmail.com,Suttonside,Turkey,2024-03-05
7208,James Miller,cust7208_nicholemurphy@gmail.com,Blakeberg,Austria,2024-04-06
7209,Elizabeth Atkins,cust7209_darin23@hotmail.com,North Kristaborough,Austria,2024-10-18
7210,Rebecca Sanchez,cust7210_pmeza@hotmail.com,Robertsonshire,Ireland,2024-12-23
7211,Joseph Olson,cust7211_jill15@hotmail.com,New Wendy,Sudan,2024-07-01
7212,Christopher Calhoun,cust7212_kingholly@hotmail.com,Johnsonmouth,Italy,2025-10-28
7213,Debra Young,cust7213_holly44@hotmail.com,Mullinsview,Gabon,2025-05-16
7214,Austin Jones,cust7214_nramos@hotmail.com,West Jasonton,Denmark,2024-07-21
7215,Raymond Tyler,cust7215_grimesclifford@hotmail.com,Garciaview,Angola,2023-04-22
7216,Elizabeth Spears,cust7216_kathleen63@hotmail.com,East Zachary,Argentina,2023-05-10
7217,Tiffany Chandler PhD,cust7217_sduncan@hotmail.com,Cynthiabury,Greece,2025-02-02
7218,Evelyn Burch,cust7218_daniel31@hotmail.com,Port Scott,Guinea-Bissau,2024-12-08
7219,Aaron Barrett,cust7219_curtislopez@hotmail.com,Lake Rhondamouth,Uruguay,2025-07-15
7220,Jason Mckinney,cust7220_katrina17@hotmail.com,East Ericabury,Venezuela,2025-09-22
7221,David Vargas,cust7221_phoward@hotmail.com,Port Jasontown,Portugal,2025-10-23
7222,Chad Stevens,cust7222_justin57@gmail.com,East Jonathanton,Colombia,2025-12-14
7223,Alyssa Wilson,cust7223_tbradley@hotmail.com,Jasonland,Azerbaijan,2023-09-09
7224,Allen Krause,cust7224_acastillo@gmail.com,Jasmineville,Tanzania,2025-08-20
7225,Robert Harrison,cust7225_stephaniemoore@hotmail.com,Jenniferfort,Martinique,2025-12-25
7226,Andrea Floyd,cust7226_wayneroberts@yahoo.com,Salinasland,Macao,2025-12-27
7227,Heather Martinez,cust7227_robert67@hotmail.com,Bishoptown,Gibraltar,2024-08-21
7228,Elizabeth Barron,cust7228_hendersonkaitlyn@yahoo.com,North Rhondaborough,France,2025-07-14
7229,Mark Pruitt,cust7229_katrinataylor@hotmail.com,Stanleyshire,Solomon Islands,2026-06-25
7230,Tracy Griffin,cust7230_kgilbert@gmail.com,South Angelahaven,Sri Lanka,2025-01-23
7231,Jennifer Kaufman,cust7231_danny37@hotmail.com,Nelsonton,French Guiana,2023-05-15
7232,Tracey Nicholson,cust7232_clarkjimmy@gmail.com,East Chadville,Barbados,2024-01-21
7233,John Walsh,cust7233_ibrown@gmail.com,Lake Dominiquehaven,Gambia,2025-07-26
7234,Alicia White,cust7234_victoria60@hotmail.com,Samanthaberg,Anguilla,2023-06-28
7235,Craig Williams,cust7235_jamesmack@gmail.com,Josephbury,Holy See (Vatican City State),2023-06-14
7236,David Gonzalez,cust7236_tami47@gmail.com,Arnoldberg,South Africa,2025-03-11
7237,James Banks,cust7237_traci73@yahoo.com,West Dianeport,Montenegro,2024-01-02
7238,Michael Hamilton,cust7238_bpadilla@yahoo.com,Toddberg,Faroe Islands,2024-08-13
7239,Nicholas Sullivan,cust7239_josemurphy@hotmail.com,Petersonmouth,Taiwan,2023-06-07
7240,Joseph Williams MD,cust7240_earldavidson@yahoo.com,South Brian,Zimbabwe,2023-08-12
7241,Tracy Santana,cust7241_gonzalespeggy@hotmail.com,Port Jennifer,San Marino,2023-12-04
7242,George Thompson,cust7242_paigefitzgerald@gmail.com,New Martin,Saint Helena,2024-07-19
7243,Samantha Hall,cust7243_lucas16@hotmail.com,Lake Brianfurt,Guatemala,2023-08-18
7244,Matthew Robinson,cust7244_sarahjackson@yahoo.com,New Kelli,Hong Kong,2023-10-31
7245,Kayla Perez,cust7245_jennifer99@yahoo.com,West Edwardton,Saint Helena,2025-10-13
7246,Kimberly Thomas,cust7246_dustin79@gmail.com,Port William,Holy See (Vatican City State),2023-11-05
7247,Jonathan Ray,cust7247_austinmartha@yahoo.com,New Amandaberg,Nepal,2024-02-23
7248,Madison Ferguson,cust7248_awu@gmail.com,Jonathanhaven,Saint Pierre and Miquelon,2025-12-02
7249,Matthew Mccoy,cust7249_sellersscott@gmail.com,East Robertland,Cameroon,2023-02-16
7250,Arthur Harris,cust7250_glong@gmail.com,Collinsmouth,Cocos (Keeling) Islands,2024-08-23
7251,Rhonda Watkins,cust7251_patrick42@gmail.com,East William,Zimbabwe,2025-05-03
7252,Emily Miranda,cust7252_loretta43@gmail.com,Lake Samanthashire,El Salvador,2026-01-13
7253,Stephen Murray,cust7253_reginaldhuang@yahoo.com,West Johnton,Wallis and Futuna,2023-09-28
7254,Maria Johnson,cust7254_carterjeffrey@gmail.com,East Marioton,French Polynesia,2025-08-28
7255,Edward Sparks,cust7255_dharper@gmail.com,West Anne,Bangladesh,2024-12-11
7256,Katie Ramirez,cust7256_ssummers@gmail.com,Hernandezport,Lebanon,2025-05-10
7257,Briana Rodriguez,cust7257_tracymccormick@gmail.com,Medinaborough,Suriname,2025-06-28
7258,Daniel Henderson,cust7258_tammy97@yahoo.com,East Michaelberg,Romania,2023-02-13
7259,Michael Moore,cust7259_samanthawallace@yahoo.com,Lake Tracytown,Antigua and Barbuda,2024-08-20
7260,Christopher Williams,cust7260_kimberly51@yahoo.com,Lake Brittany,Mayotte,2024-01-23
7261,Linda Wright,cust7261_daviswilliam@yahoo.com,West Kevin,Heard Island and McDonald Islands,2023-05-09
7262,Fred Sanders,cust7262_andrew60@hotmail.com,Randyborough,United States Minor Outlying Islands,2023-02-15
7263,Lawrence Williams,cust7263_stacey91@yahoo.com,Suttonfort,Vietnam,2024-04-20
7264,Preston Jordan,cust7264_rebeccagutierrez@gmail.com,Port Katrina,Greenland,2025-11-30
7265,David Myers,cust7265_clarencegonzalez@hotmail.com,Aprilview,Cape Verde,2024-11-18
7266,Laura Davis MD,cust7266_tiffany20@yahoo.com,West Matthew,Saint Martin,2025-04-23
7267,Dr. John West DDS,cust7267_rachelcastaneda@gmail.com,North Dawnton,Malawi,2026-03-31
7268,Patricia Ayala DDS,cust7268_elizabethwalker@hotmail.com,South Joshuahaven,United States Virgin Islands,2024-12-03
7269,William Ellis,cust7269_cathyhall@gmail.com,Lake Russellville,Yemen,2024-10-30
7270,Shirley Simmons,cust7270_myoung@yahoo.com,Jonesmouth,Burundi,2025-09-22
7271,Julie Cross,cust7271_ochandler@yahoo.com,Youngport,Italy,2026-04-30
7272,Matthew Walton,cust7272_baileyolivia@hotmail.com,North Carmenmouth,Algeria,2025-12-21
7273,Jacqueline Carey,cust7273_randyboyd@gmail.com,Kayleemouth,Sierra Leone,2026-01-28
7274,Charles Sellers,cust7274_diana52@yahoo.com,Mcintyrechester,Montenegro,2025-06-30
7275,Sarah Nixon,cust7275_jake22@hotmail.com,South Marilyn,Sweden,2025-07-26
7276,Craig Lopez,cust7276_iclark@gmail.com,Kevinport,Algeria,2024-09-14
7277,Alexandria Kelly,cust7277_keith62@gmail.com,Riversberg,Macao,2026-03-07
7278,Christian Thompson,cust7278_jamesmcdonald@gmail.com,West Michelleside,Somalia,2023-09-28
7279,Donna Benton,cust7279_zcooley@gmail.com,West Erika,Montserrat,2024-09-19
7280,Rebecca Roberts,cust7280_julieyu@yahoo.com,Diazside,Lithuania,2023-12-18
7281,Spencer Welch,cust7281_stephanie30@gmail.com,Davischester,Cameroon,2024-06-16
7282,Randall Wong,cust7282_welliott@gmail.com,Lake Melissa,Samoa,2024-04-09
7283,Stephanie Houston,cust7283_lnunez@yahoo.com,Khanfurt,Paraguay,2025-09-18
7284,Felicia Wolfe,cust7284_whiteanthony@yahoo.com,West Lauren,Germany,2025-01-31
7285,Steven Cross,cust7285_wrodriguez@gmail.com,Oconnorport,Romania,2024-08-13
7286,Felicia Castillo,cust7286_vicki41@hotmail.com,Haleyburgh,Jordan,2023-04-07
7287,Donald Walsh,cust7287_scottwilliams@yahoo.com,Josephport,Belize,2023-10-31
7288,Joel Nelson,cust7288_petersonalexander@gmail.com,Lake Caitlyn,Bangladesh,2024-12-24
7289,Nancy Bates,cust7289_gpace@gmail.com,South Jacquelinestad,Albania,2024-08-05
7290,Melissa Lawson,cust7290_caitlin87@yahoo.com,Port Nathanview,Micronesia,2025-07-22
7291,Amanda Turner,cust7291_kpineda@gmail.com,Port Jenniferfurt,Svalbard & Jan Mayen Islands,2023-12-07
7292,Mr. Christopher Berry DDS,cust7292_kylewaters@yahoo.com,Rebeccamouth,Madagascar,2026-06-20
7293,Frank Martin,cust7293_woodchris@yahoo.com,Port Dana,Nicaragua,2023-11-26
7294,Nancy Taylor,cust7294_linda20@yahoo.com,North Cody,Azerbaijan,2026-01-01
7295,Ronnie Mathews,cust7295_mwood@hotmail.com,Vazquezburgh,Montserrat,2024-08-07
7296,Elizabeth Burton,cust7296_william57@yahoo.com,West Andremouth,Latvia,2024-01-09
7297,Philip Johnston,cust7297_jennifer92@hotmail.com,New Allisonville,Nigeria,2023-12-26
7298,Gregory Mason,cust7298_robert52@hotmail.com,Lake Maryshire,Congo,2023-11-11
7299,Anthony Payne,cust7299_brentcruz@hotmail.com,Lake Lori,United Kingdom,2023-11-27
7300,Scott Ross,cust7300_karenhill@hotmail.com,North Timothybury,Sao Tome and Principe,2024-05-02
7301,Diane Cruz,cust7301_tbaker@hotmail.com,Castroport,Mauritius,2023-08-28
7302,Jeremy Jones,cust7302_don23@yahoo.com,Julieview,Gambia,2023-03-26
7303,Natalie Watson DDS,cust7303_chungmadison@hotmail.com,Andersonhaven,Turks and Caicos Islands,2024-10-10
7304,Brittany Wilson,cust7304_snowjonathan@gmail.com,Williamhaven,United States of America,2026-03-22
7305,Andrew Harper,cust7305_psmith@gmail.com,Bradleyburgh,Zambia,2023-09-17
7306,Becky Gilbert,cust7306_matthew61@yahoo.com,New Kimberly,Burkina Faso,2025-06-21
7307,Carl Bennett Jr.,cust7307_anne79@yahoo.com,Hickmanview,Aruba,2024-06-17
7308,Brian Glenn,cust7308_kimberlysparks@gmail.com,New Elizabethview,Myanmar,2025-01-27
7309,Brianna Mccall,cust7309_royjulie@gmail.com,Elizabethville,Sierra Leone,2024-01-13
7310,Kristen Schneider,cust7310_joshuastewart@yahoo.com,Annemouth,Madagascar,2024-02-25
7311,Tamara Oliver,cust7311_qlyons@hotmail.com,North Richardland,Isle of Man,2026-02-25
7312,Deanna Reyes,cust7312_jackjordan@hotmail.com,New Amymouth,Macao,2023-03-13
7313,Shannon Stevens,cust7313_kellystone@yahoo.com,Christopherchester,Tuvalu,2024-10-11
7314,Zachary Walker,cust7314_slogan@hotmail.com,Markport,Antarctica (the territory South of 60 deg S),2024-12-05
7315,Victoria Floyd,cust7315_mhatfield@gmail.com,West Gregoryport,Lao People's Democratic Republic,2023-10-30
7316,David Holmes,cust7316_ericwilliams@yahoo.com,Kenttown,Chile,2025-02-02
7317,Mr. Timothy Bullock,cust7317_johnmoore@gmail.com,Allisonburgh,Antarctica (the territory South of 60 deg S),2025-07-07
7318,Karen Larsen,cust7318_deborah66@gmail.com,South Debra,Israel,2026-01-10
7319,Elizabeth Shannon MD,cust7319_gabriella29@yahoo.com,East Heatherville,Venezuela,2023-11-29
7320,Brian Harmon,cust7320_juliafitzgerald@yahoo.com,Miguelshire,Sudan,2025-12-28
7321,Mark Jones,cust7321_alvareztracy@hotmail.com,North Garyville,Tonga,2024-09-09
7322,William Stuart,cust7322_cassandrabrock@gmail.com,Collinsville,Honduras,2023-09-06
7323,Dr. Christopher Miller MD,cust7323_hoganwilliam@gmail.com,Aarontown,Kyrgyz Republic,2023-02-21
7324,Casey Rhodes,cust7324_davidwilliams@hotmail.com,Brandyton,North Macedonia,2025-04-08
7325,Aaron Dixon,cust7325_williamhernandez@hotmail.com,East Nathanielborough,Slovenia,2025-10-19
7326,Samantha Mcgrath,cust7326_suttonrebecca@hotmail.com,Thomasview,China,2023-10-25
7327,Lisa Hall MD,cust7327_ryan13@yahoo.com,Port Darrell,Guyana,2025-07-27
7328,Jamie Franklin,cust7328_courtney49@hotmail.com,Lake Sarahside,Bahamas,2024-10-17
7329,Kristen Pruitt,cust7329_qlong@gmail.com,Whitebury,Bouvet Island (Bouvetoya),2023-11-16
7330,Deborah Holland,cust7330_shannonberry@gmail.com,Michealmouth,Ukraine,2023-01-09
7331,Michael Gilbert,cust7331_qsmith@hotmail.com,South Timothy,Mongolia,2026-01-23
7332,Sarah Green,cust7332_kirsten17@hotmail.com,East Trevorfort,China,2025-11-05
7333,Ronald Bond,cust7333_jestrada@hotmail.com,Barberside,Slovakia (Slovak Republic),2024-11-09
7334,Trevor Wang,cust7334_albert31@hotmail.com,East Nathan,Finland,2024-08-28
7335,Nicole Hall,cust7335_omoore@hotmail.com,Henryside,Cote d'Ivoire,2025-08-28
7336,Peggy Chapman,cust7336_adamjones@yahoo.com,Jacobborough,United Kingdom,2024-08-16
7337,Leslie Burton,cust7337_sharonmorgan@hotmail.com,North Michaelland,Mayotte,2026-03-20
7338,Frances Pena,cust7338_kbuchanan@hotmail.com,North Jessicashire,Bouvet Island (Bouvetoya),2023-10-29
7339,Kathy Smith,cust7339_brandon03@hotmail.com,North Juliebury,Brunei Darussalam,2026-03-03
7340,Crystal Johnson,cust7340_ojohnson@yahoo.com,Annafurt,Tokelau,2025-06-24
7341,Christopher Perkins,cust7341_hayeskylie@hotmail.com,South Carrieport,Taiwan,2024-11-24
7342,Robert Jacobs,cust7342_fowlerdaniel@gmail.com,North Becky,Dominican Republic,2023-08-19
7343,Nicholas Walsh,cust7343_nelsonmercedes@gmail.com,South Traceyland,Turkmenistan,2025-09-07
7344,Dawn Jackson,cust7344_christine20@gmail.com,Pittston,Somalia,2023-03-24
7345,Zachary Molina,cust7345_cmoreno@yahoo.com,Kaylaville,French Southern Territories,2023-10-13
7346,Diana Smith,cust7346_roachconnie@yahoo.com,Johnsonstad,Turks and Caicos Islands,2026-02-02
7347,Michael Brown,cust7347_john53@yahoo.com,Faithburgh,Samoa,2023-08-28
7348,Jacob Clark,cust7348_ibailey@yahoo.com,East Cynthiaburgh,Hungary,2024-09-22
7349,Emily Torres,cust7349_adamszachary@hotmail.com,Wilsonport,Switzerland,2023-02-20
7350,Matthew Patel,cust7350_jessica39@hotmail.com,Lake Alexis,Japan,2025-04-02
7351,Christopher Harrison,cust7351_kennethgray@hotmail.com,North Margarettown,Kiribati,2026-06-18
7352,Joseph Colon,cust7352_dustinwolf@yahoo.com,North Joshuamouth,Ghana,2024-03-27
7353,Andrew Shah,cust7353_wbrown@yahoo.com,Port Dakotabury,Swaziland,2025-07-02
7354,Alison Miranda,cust7354_nchavez@hotmail.com,Lake Williamview,Seychelles,2025-01-01
7355,Aimee Hanna,cust7355_jenniferperez@yahoo.com,North Blake,Greenland,2023-07-09
7356,Andrew Romero,cust7356_david97@hotmail.com,Wellsport,Burundi,2024-10-30
7357,Nathan Dawson,cust7357_harrismichael@gmail.com,East Crystalview,Belize,2023-04-23
7358,Molly Collins,cust7358_miguel62@hotmail.com,Mcdonaldberg,New Zealand,2026-05-30
7359,Caleb Farmer,cust7359_rchapman@hotmail.com,Millerport,Indonesia,2024-02-04
7360,Jerry Klein,cust7360_brianrichard@hotmail.com,Jessicaberg,Bahamas,2026-04-09
7361,Mr. Derek Fuller DDS,cust7361_amanda37@gmail.com,Jasonton,Congo,2025-12-14
7362,Mr. Brian Dudley,cust7362_lisa16@yahoo.com,Jeremiahberg,British Virgin Islands,2024-03-30
7363,Catherine Hernandez,cust7363_sgibson@hotmail.com,Stewartborough,Oman,2024-07-23
7364,Robert Carter,cust7364_mcphersonronald@yahoo.com,Smallmouth,Saint Pierre and Miquelon,2024-02-05
7365,Ryan Lawson,cust7365_riverajessica@yahoo.com,Vickistad,Korea,2023-02-16
7366,Barbara Green,cust7366_anitawhite@yahoo.com,Lake Amy,Bahamas,2023-06-21
7367,Kelsey Henderson,cust7367_victoriawright@yahoo.com,Port Joshua,Christmas Island,2026-01-07
7368,Daniel Schneider,cust7368_flivingston@hotmail.com,Robinsonmouth,Montenegro,2025-07-01
7369,Madison Hatfield,cust7369_bishopkristin@gmail.com,Troyside,Holy See (Vatican City State),2023-06-28
7370,Tonya Sanchez,cust7370_john80@gmail.com,Emilyport,Haiti,2025-11-14
7371,Jesse Johnson,cust7371_burnsmichael@yahoo.com,Ashleymouth,Austria,2025-03-18
7372,Michael Franco,cust7372_sandrareynolds@gmail.com,Cabreraside,Central African Republic,2024-02-03
7373,Crystal Campbell,cust7373_jamesmary@yahoo.com,Wrightstad,South Georgia and the South Sandwich Islands,2025-10-01
7374,Zachary Murphy,cust7374_shobbs@hotmail.com,Oscarfurt,Greece,2024-10-12
7375,Jennifer Lewis,cust7375_nparks@gmail.com,Buckleytown,Fiji,2026-05-20
7376,Jason Ball,cust7376_erin26@hotmail.com,Port Sarahberg,Sudan,2026-05-24
7377,Brian Hobbs,cust7377_riveraadam@yahoo.com,Lake Tiffanyland,Niger,2025-11-13
7378,Molly Petersen,cust7378_rossanna@yahoo.com,Wendyville,Romania,2023-04-25
7379,Sharon Buchanan,cust7379_sweeneyjoseph@gmail.com,West Lawrenceside,Bosnia and Herzegovina,2025-01-09
7380,Steven Mills,cust7380_carolynrichards@yahoo.com,Port Tracihaven,Congo,2025-03-25
7381,Samuel Young,cust7381_nruiz@yahoo.com,Port Lindseybury,Canada,2023-10-30
7382,Renee Schneider,cust7382_ipeterson@yahoo.com,Simmonsside,Suriname,2025-05-25
7383,Timothy White,cust7383_john97@hotmail.com,Grossberg,Guadeloupe,2025-01-27
7384,Brett Stevens,cust7384_perryjoseph@hotmail.com,Ashleyburgh,Timor-Leste,2025-03-01
7385,Claudia Mcconnell,cust7385_heather45@hotmail.com,West Heathermouth,Haiti,2025-02-02
7386,Maria Nunez,cust7386_anna04@hotmail.com,Janetland,Russian Federation,2023-01-25
7387,Steven Miller,cust7387_kolsen@yahoo.com,West Patriciaport,Korea,2024-08-05
7388,Johnny Vargas,cust7388_ybryan@yahoo.com,Katiehaven,Barbados,2024-12-07
7389,Christina Kennedy,cust7389_leejoseph@hotmail.com,Lake Daniel,Colombia,2024-12-20
7390,Lori Serrano,cust7390_wwilliams@gmail.com,Annettefort,Italy,2024-09-22
7391,Anthony Fry MD,cust7391_gwright@yahoo.com,South Johnland,Myanmar,2025-07-01
7392,Kelly Williams,cust7392_peggy78@hotmail.com,Port Matthew,Hungary,2026-02-22
7393,Ashley Hobbs,cust7393_katherineevans@hotmail.com,New Laura,Korea,2023-06-29
7394,Nicole Ramos,cust7394_nicole06@yahoo.com,Patrickton,Martinique,2024-03-17
7395,Amanda Riggs,cust7395_brewerelizabeth@yahoo.com,North Lisa,Lesotho,2025-06-28
7396,Heidi Patel,cust7396_pamela20@yahoo.com,North Sydneyview,Paraguay,2025-05-01
7397,George Patterson,cust7397_cervantestracy@yahoo.com,Josephburgh,China,2025-06-25
7398,Scott Smith,cust7398_james47@gmail.com,Rileybury,Cayman Islands,2024-08-14
7399,Sharon Anderson,cust7399_ashley61@hotmail.com,Simshaven,Malta,2023-12-02
7400,Derek Moss,cust7400_castrodillon@yahoo.com,Lake Brittanyland,Reunion,2025-05-18
7401,Stephen Webb,cust7401_ronald30@gmail.com,Matthewport,Switzerland,2025-04-28
7402,Matthew Hebert,cust7402_bobbyduncan@yahoo.com,Lake Kaitlin,Tonga,2023-10-13
7403,Michael Snyder,cust7403_cookgina@gmail.com,Wilsonton,Jordan,2026-04-17
7404,Karen Williams,cust7404_walkerjulie@gmail.com,Lake Destiny,Lesotho,2026-05-09
7405,Caitlin Benson,cust7405_lance06@hotmail.com,Jamesstad,United Kingdom,2023-06-26
7406,Kathleen Marshall,cust7406_spencerdavid@gmail.com,North Scott,Djibouti,2023-10-22
7407,Benjamin Martinez,cust7407_smithkathryn@hotmail.com,Cathyport,Uzbekistan,2024-03-01
7408,Mark Moyer,cust7408_christine03@gmail.com,Roberttown,Heard Island and McDonald Islands,2024-09-13
7409,Jerry Long,cust7409_daniel40@gmail.com,South Cassandra,Jamaica,2025-08-30
7410,Casey Smith,cust7410_yvette46@gmail.com,East Aliciaberg,South Georgia and the South Sandwich Islands,2025-12-11
7411,Jonathan Gallagher,cust7411_thomasmathews@gmail.com,New Jamesland,Moldova,2024-11-17
7412,Gwendolyn Miller,cust7412_pedwards@gmail.com,Martintown,Eritrea,2023-05-16
7413,Samantha Mccormick,cust7413_kelleybrian@yahoo.com,East Tammyberg,Greenland,2026-04-24
7414,Jason Zamora,cust7414_gregorymclean@yahoo.com,Michaelchester,Timor-Leste,2025-02-08
7415,Lydia Davidson,cust7415_fwilkerson@yahoo.com,Lynnfort,Seychelles,2023-07-01
7416,Patrick Ponce,cust7416_coxrobert@yahoo.com,Leeberg,Seychelles,2023-01-14
7417,Brett Vazquez,cust7417_tammydecker@yahoo.com,South Wendyside,Netherlands Antilles,2025-04-18
7418,Kathryn Bauer,cust7418_kyoung@hotmail.com,New Garrett,Christmas Island,2024-07-13
7419,Charles Reid,cust7419_taylormichelle@yahoo.com,East Joseph,Sweden,2025-04-28
7420,Sherri Ellis,cust7420_knightdavid@gmail.com,Sethland,Kazakhstan,2023-12-25
7421,Brandon Kelly,cust7421_mtorres@yahoo.com,Pereztown,Cuba,2026-02-12
7422,Stephen Winters,cust7422_rivasbelinda@hotmail.com,Johnsonborough,Korea,2025-08-04
7423,Teresa Higgins PhD,cust7423_thomas67@yahoo.com,North Kaitlyn,British Indian Ocean Territory (Chagos Archipelago),2026-03-09
7424,Megan Marquez,cust7424_christinamccormick@gmail.com,Lake Jeremy,French Southern Territories,2023-10-08
7425,Peggy Ferguson,cust7425_williamsanthony@yahoo.com,Wilsonfurt,Palestinian Territory,2024-02-13
7426,James Terry,cust7426_qholmes@gmail.com,North Bethfort,Singapore,2024-01-16
7427,Joseph Lopez,cust7427_levinemichael@yahoo.com,Clarkchester,North Macedonia,2025-02-20
7428,Anthony Perry,cust7428_kara72@gmail.com,South Andrew,Slovakia (Slovak Republic),2024-08-15
7429,Derrick Moore,cust7429_terri83@gmail.com,Smithfurt,Senegal,2026-02-08
7430,Victoria Williams,cust7430_lopezalan@yahoo.com,Jacksonfurt,Saint Pierre and Miquelon,2025-10-01
7431,Charles Bryant,cust7431_howemichael@hotmail.com,Lake Alyssa,Sweden,2023-03-28
7432,Stephanie Watson,cust7432_taylormark@yahoo.com,Williamborough,Netherlands,2024-09-10
7433,Brittney Garcia,cust7433_herrerarobert@yahoo.com,South Geoffreyside,Gibraltar,2026-04-13
7434,Summer Huynh,cust7434_denise39@yahoo.com,Jamesstad,Chile,2024-09-14
7435,Shawn Yang,cust7435_danieljenkins@gmail.com,Lake Christopherstad,Guatemala,2025-10-08
7436,Julia Carroll,cust7436_jack34@gmail.com,East Kevin,Isle of Man,2026-02-19
7437,Carly Mendez,cust7437_nicholaswilson@yahoo.com,Morrisview,Guinea-Bissau,2025-08-07
7438,Jennifer Smith,cust7438_richard19@yahoo.com,New Jessica,Honduras,2024-04-04
7439,Debbie Mendoza,cust7439_usandoval@hotmail.com,Taylortown,Liberia,2023-02-24
7440,William Baker,cust7440_jacksonbrendan@gmail.com,Pamelafurt,Honduras,2023-01-06
7441,Andre Miller,cust7441_ejohnson@gmail.com,Butlermouth,Bouvet Island (Bouvetoya),2023-11-12
7442,Kara Spencer,cust7442_jamiemunoz@gmail.com,Port Teresa,Slovenia,2024-06-21
7443,Caitlin Hester,cust7443_wadechristopher@gmail.com,South Brenda,Bermuda,2024-09-06
7444,Tammy Lee,cust7444_ysanchez@gmail.com,Tateburgh,Australia,2025-08-25
7445,Jennifer Johnson,cust7445_deansabrina@hotmail.com,Makaylaland,Iraq,2023-09-12
7446,Wanda Irwin,cust7446_amontgomery@hotmail.com,West Amy,Dominican Republic,2024-08-12
7447,Mark West,cust7447_mary48@yahoo.com,Danielberg,Sudan,2025-05-04
7448,Daniel Archer,cust7448_tbrooks@hotmail.com,Port Nicolasfort,Gabon,2024-01-03
7449,Jose Doyle DDS,cust7449_tony83@yahoo.com,Christinahaven,Guinea,2025-10-04
7450,Edward Moore,cust7450_john65@hotmail.com,Leetown,Thailand,2024-05-16
7451,Kevin Thompson,cust7451_aprilcarpenter@gmail.com,Danielshire,British Virgin Islands,2023-02-28
7452,Michele Olsen,cust7452_butlertiffany@gmail.com,Lake Lisaburgh,Nepal,2023-09-02
7453,Joseph Johnson,cust7453_lisa35@hotmail.com,South Juliefurt,Lao People's Democratic Republic,2024-07-21
7454,Brandon Moore,cust7454_laura86@gmail.com,Port Tracyton,American Samoa,2025-10-06
7455,Tammy Hunter,cust7455_joansalazar@gmail.com,Port Danielville,Slovakia (Slovak Republic),2023-05-17
7456,Melissa Mccarty,cust7456_tobrien@yahoo.com,West Deborahhaven,Burundi,2026-05-11
7457,Douglas Richardson DDS,cust7457_ngomez@hotmail.com,Lake Brian,Guinea-Bissau,2025-01-10
7458,Catherine Juarez,cust7458_lauren03@hotmail.com,South Lauraton,Liberia,2026-04-05
7459,Sandra Clark,cust7459_shawn51@gmail.com,Lake Teresa,Swaziland,2025-09-11
7460,Jason Willis,cust7460_alexa82@hotmail.com,Micheleton,Qatar,2026-03-04
7461,Carlos Hopkins,cust7461_collierbenjamin@hotmail.com,Robertbury,Mozambique,2025-06-12
7462,Patrick Welch,cust7462_obailey@yahoo.com,Schneiderport,Niger,2024-06-12
7463,Christopher Trevino,cust7463_jacobwade@yahoo.com,Franciscoborough,Canada,2025-09-01
7464,Dana Mejia,cust7464_collinskathryn@hotmail.com,South Anneview,Argentina,2023-09-02
7465,Dakota Murray,cust7465_barrerajason@yahoo.com,Lake Nathanburgh,Saint Pierre and Miquelon,2025-02-03
7466,Catherine Chapman,cust7466_alejandrarichardson@yahoo.com,Davisland,Korea,2025-11-15
7467,Holly Carter,cust7467_sanchezanthony@gmail.com,Ericaland,Pakistan,2026-03-24
7468,Andrew Williams,cust7468_andrea99@hotmail.com,North Melissaview,Sri Lanka,2023-02-05
7469,Daniel Sherman,cust7469_johnalvarado@gmail.com,Jillville,Congo,2024-06-15
7470,Shannon Summers,cust7470_bgonzalez@yahoo.com,Port William,Guadeloupe,2023-11-30
7471,Michael Martinez,cust7471_larsenkimberly@hotmail.com,Deborahshire,Albania,2026-04-06
7472,Andrew Thomas,cust7472_susantorres@gmail.com,Gomezberg,Malawi,2023-04-30
7473,Megan Gonzalez,cust7473_wallacemichael@hotmail.com,Robertmouth,Guinea-Bissau,2023-10-27
7474,Wesley Wade,cust7474_garylittle@hotmail.com,Chavezborough,Costa Rica,2024-10-16
7475,Brittany Stewart,cust7475_msutton@yahoo.com,Port Brian,France,2025-08-02
7476,Robert Parsons,cust7476_mackenzie91@yahoo.com,South Staceyside,Serbia,2023-10-05
7477,Jessica Robinson,cust7477_brian14@gmail.com,South Dennishaven,United States Minor Outlying Islands,2025-01-01
7478,Kelly Robinson,cust7478_qtaylor@gmail.com,East Victoria,Equatorial Guinea,2023-12-01
7479,Brenda Becker,cust7479_jmartinez@hotmail.com,North Eric,Guadeloupe,2023-04-19
7480,Adam Smith,cust7480_oproctor@gmail.com,Melissaview,Ethiopia,2024-07-12
7481,Diana Browning,cust7481_gonzalezmarie@yahoo.com,Brownmouth,Equatorial Guinea,2025-01-09
7482,Kelsey Williams,cust7482_vfigueroa@gmail.com,Kirkbury,Austria,2025-05-09
7483,Michaela Stone,cust7483_lauragonzalez@hotmail.com,North Michael,United States of America,2024-12-30
7484,Kelly Oneill,cust7484_johncasey@gmail.com,Josephfurt,Chile,2023-04-10
7485,Dustin Gamble,cust7485_willisbrad@hotmail.com,Martinezland,Yemen,2024-08-16
7486,Matthew Parsons,cust7486_tom04@gmail.com,Port Lauren,Libyan Arab Jamahiriya,2024-08-20
7487,Manuel Smith,cust7487_conleyhaley@hotmail.com,Port Michele,Zimbabwe,2025-12-20
7488,Michelle Wood MD,cust7488_fcurtis@yahoo.com,Maybury,Korea,2023-06-07
7489,Tiffany Peters,cust7489_shannon26@gmail.com,East Jacob,Honduras,2025-11-18
7490,Alyssa Lee,cust7490_bowerssamuel@gmail.com,East Kara,Turkmenistan,2024-02-01
7491,Gary Suarez,cust7491_smithjohn@gmail.com,South Victoriaburgh,Brunei Darussalam,2024-01-11
7492,Jennifer Anderson,cust7492_daltonrodriguez@hotmail.com,Edwardsview,Lebanon,2023-07-13
7493,William Ramirez,cust7493_moorecorey@hotmail.com,Blakefurt,Uganda,2026-05-11
7494,James Nguyen,cust7494_virginiahogan@gmail.com,Lake April,Vietnam,2023-12-09
7495,Debra Chavez,cust7495_eporter@yahoo.com,North Anthonyshire,Tokelau,2026-01-18
7496,Kevin Bean,cust7496_alexschaefer@hotmail.com,Chaneystad,Thailand,2024-10-22
7497,Mr. Larry Jordan,cust7497_angelahart@hotmail.com,South Virginialand,Guinea-Bissau,2024-10-09
7498,Brittany Johnson,cust7498_smithalex@yahoo.com,Mcdonaldmouth,Yemen,2024-09-08
7499,Madison White,cust7499_fhall@yahoo.com,Osborneborough,Barbados,2024-07-09
7500,Stacy Savage,cust7500_richardkennedy@hotmail.com,Williamhaven,Guadeloupe,2025-01-12
7501,Kaitlin Perez,cust7501_michaelphillips@yahoo.com,East Amanda,Lao People's Democratic Republic,2023-07-16
7502,Brittney Melendez,cust7502_karen42@hotmail.com,New Christina,Vanuatu,2025-12-30
7503,Angela Klein,cust7503_hlopez@gmail.com,South Michael,Japan,2026-04-02
7504,Joshua Curry,cust7504_bennettcatherine@yahoo.com,East Anna,Cape Verde,2024-12-21
7505,Angela Thompson,cust7505_emily90@gmail.com,Lake Anthonybury,United States of America,2023-10-22
7506,Alexis White,cust7506_paulachen@yahoo.com,Goodmanborough,Bahamas,2023-01-27
7507,Jeremy Greer,cust7507_brenda27@hotmail.com,Brandonborough,Denmark,2023-10-08
7508,Caitlin Jones,cust7508_alisonhouston@hotmail.com,South Hollyside,Eritrea,2025-11-27
7509,Veronica Brady,cust7509_murphyjamie@gmail.com,Davidbury,Afghanistan,2024-07-30
7510,Larry Carey,cust7510_jessicagraves@gmail.com,Port Kayla,Palau,2025-02-02
7511,Robert Collins,cust7511_amyandrews@hotmail.com,New Dorothyburgh,Swaziland,2025-09-20
7512,Cameron Ho,cust7512_tmorgan@hotmail.com,Jacquelineport,Ireland,2025-04-23
7513,Elizabeth Humphrey,cust7513_michael99@hotmail.com,East Rachelfurt,Thailand,2024-11-27
7514,Evan Martinez,cust7514_timothy34@yahoo.com,Woodport,North Macedonia,2023-11-30
7515,John Gonzalez,cust7515_pbrown@gmail.com,Lake Rodneyland,Cape Verde,2023-07-29
7516,Richard Ball,cust7516_kathleen79@yahoo.com,Anthonyside,Finland,2024-03-22
7517,Raymond Mayer,cust7517_whitney74@hotmail.com,New Marymouth,Mexico,2023-11-13
7518,Jason Stephens,cust7518_hmcdaniel@hotmail.com,Mitchellton,Palau,2025-10-27
7519,Rhonda King,cust7519_victoriastewart@gmail.com,Aguirrefort,Liechtenstein,2024-03-28
7520,Elizabeth Odom,cust7520_david81@yahoo.com,Debraside,Liberia,2024-01-21
7521,Angela Duncan,cust7521_fgreen@yahoo.com,Maryland,Hungary,2026-02-18
7522,Timothy Mcdonald,cust7522_vwilliams@yahoo.com,Michaelmouth,Slovenia,2026-06-10
7523,David House,cust7523_nicolehernandez@yahoo.com,Johnchester,Western Sahara,2025-12-12
7524,Jared Byrd,cust7524_martinshelley@yahoo.com,Garciaport,Sudan,2025-12-25
7525,Dominic Bond,cust7525_aguirretommy@yahoo.com,Kimberlystad,Malaysia,2026-02-02
7526,Kenneth Knox,cust7526_clarencebailey@gmail.com,Danielleport,Hong Kong,2023-08-22
7527,Michele Kelly,cust7527_ngonzales@gmail.com,Marcport,Cyprus,2025-05-04
7528,Patricia Evans,cust7528_brandy74@yahoo.com,Lake Angelafort,Samoa,2025-08-01
7529,Stephanie Marquez,cust7529_williamwoodward@hotmail.com,Maryville,Japan,2023-06-06
7530,Barbara Diaz,cust7530_jmcgee@hotmail.com,Angelafurt,Saudi Arabia,2023-08-27
7531,Daniel Acosta,cust7531_prattkimberly@yahoo.com,Lake Richard,Eritrea,2023-09-26
7532,John Castro,cust7532_andrewsjamie@yahoo.com,Reyesville,Kuwait,2023-02-05
7533,Antonio Walsh,cust7533_jeremychase@gmail.com,New Brandon,Australia,2025-09-09
7534,Brandon Saunders,cust7534_leslie16@gmail.com,Sallyport,Afghanistan,2024-12-14
7535,Mrs. Amanda Mcdonald,cust7535_kevinmartin@gmail.com,Jeffreystad,Iran,2024-09-30
7536,Jennifer Jennings,cust7536_floresamanda@hotmail.com,Port James,Azerbaijan,2025-01-12
7537,John Morrison,cust7537_philip95@yahoo.com,Patrickburgh,Cameroon,2023-10-12
7538,Tony Barnett,cust7538_randolphseth@yahoo.com,Parkville,Swaziland,2025-06-24
7539,Anna Armstrong,cust7539_combsregina@yahoo.com,Beverlyton,Guinea,2026-05-08
7540,Jake Campbell,cust7540_patriciahunter@hotmail.com,East Katrinaton,Saudi Arabia,2025-12-07
7541,Martha Crane,cust7541_markchristensen@gmail.com,West Danielhaven,Mongolia,2024-12-01
7542,Randall Powell,cust7542_ggalloway@gmail.com,New Matthew,Greenland,2023-12-19
7543,Justin Baker,cust7543_abigailjenkins@yahoo.com,Lake Carrieton,China,2024-09-15
7544,Cole Stephenson,cust7544_jcastro@hotmail.com,Morenoton,Mexico,2023-02-28
7545,Rachel Carroll,cust7545_jimenezbrandi@yahoo.com,North Matthew,Vietnam,2023-08-31
7546,Brandon Snyder,cust7546_danielle86@gmail.com,South Stephen,Indonesia,2024-03-31
7547,Robin Hart,cust7547_davidmartin@hotmail.com,New Dianeside,Samoa,2023-09-21
7548,Rhonda Lambert,cust7548_john68@hotmail.com,Tristanport,Brazil,2023-10-19
7549,Jacob Nguyen,cust7549_david16@yahoo.com,Lake Kelsey,Nicaragua,2024-04-09
7550,Dana Torres,cust7550_shermanerica@hotmail.com,Floresshire,Mali,2024-09-21
7551,Jeremy Patton,cust7551_idonovan@gmail.com,West Austin,Lesotho,2023-09-14
7552,Sarah Mccall,cust7552_mistyarnold@hotmail.com,Williamfort,Solomon Islands,2024-03-05
7553,James Foster,cust7553_hancockconnie@gmail.com,Port Sharon,Belgium,2023-09-24
7554,Hayley Walker,cust7554_montgomerykelly@yahoo.com,West Abigail,French Southern Territories,2023-06-10
7555,Stephanie Miller,cust7555_nathan64@yahoo.com,East Kevin,Tokelau,2025-05-20
7556,Michelle Murphy,cust7556_shirleysmith@gmail.com,Carolside,Zimbabwe,2023-08-17
7557,Scott Baker,cust7557_abigail08@hotmail.com,Rebeccaberg,Venezuela,2023-06-09
7558,Kimberly Martin,cust7558_ycarter@gmail.com,East Robert,Chad,2023-02-08
7559,Loretta Schneider,cust7559_caitlyn55@gmail.com,Port Joshuaton,Honduras,2025-09-18
7560,Terri Baxter,cust7560_smitherin@yahoo.com,Harpermouth,Qatar,2025-06-02
7561,Anna Bishop,cust7561_austinbeck@gmail.com,Port Danielchester,Poland,2023-03-29
7562,Sherry Poole,cust7562_monicawilliams@yahoo.com,Joanneview,Brazil,2024-02-07
7563,Michelle Douglas,cust7563_brandirios@hotmail.com,Smithfort,Samoa,2023-08-09
7564,Pamela Bernard,cust7564_glennsmith@yahoo.com,Jonesburgh,Bolivia,2023-03-09
7565,Madison Lane,cust7565_rose54@yahoo.com,South Amandaborough,Haiti,2025-11-17
7566,Tamara Marsh,cust7566_joseph25@gmail.com,Lake Stephanie,Togo,2026-04-29
7567,Joshua Russell,cust7567_isabel50@hotmail.com,South Benjaminport,Croatia,2023-05-02
7568,Mark Daniels,cust7568_nmiller@yahoo.com,Davidville,Tanzania,2025-08-18
7569,James Davis,cust7569_jenniferparker@gmail.com,South Sara,Anguilla,2023-09-01
7570,Cody Wong,cust7570_stephenharper@gmail.com,Simmonsburgh,United States Virgin Islands,2024-06-02
7571,Sandra Smith,cust7571_syoung@yahoo.com,Dunnside,Kuwait,2023-03-30
7572,Rachel Peterson,cust7572_johnsonlori@gmail.com,South Carolchester,Liberia,2023-05-16
7573,Kim Thomas,cust7573_amyspencer@gmail.com,Adamborough,Philippines,2024-09-09
7574,Raymond Williams,cust7574_cwilliams@yahoo.com,Bobbybury,Tokelau,2023-01-22
7575,Anna Williams,cust7575_leerobert@gmail.com,Josebury,Western Sahara,2023-07-17
7576,Eric Hudson,cust7576_robert89@yahoo.com,South Michelle,Zimbabwe,2023-09-11
7577,Karen Ramos,cust7577_ryan59@hotmail.com,Richardsshire,Japan,2026-05-17
7578,Jennifer Wyatt,cust7578_mary50@yahoo.com,Taylorberg,Djibouti,2024-02-25
7579,Joseph Barajas,cust7579_jamesclark@gmail.com,Taylorfort,Russian Federation,2026-04-18
7580,Micheal Johnson,cust7580_jscott@hotmail.com,New Jean,Ecuador,2024-02-14
7581,Rachel Miller,cust7581_nliu@hotmail.com,East Johnchester,Norfolk Island,2024-01-14
7582,Gregory Lee,cust7582_daniel49@yahoo.com,Mariahside,Georgia,2024-12-20
7583,Katherine Harmon,cust7583_spencer14@gmail.com,Christopherchester,Brazil,2023-03-01
7584,Katherine Adams,cust7584_stewartbarbara@yahoo.com,Thomasborough,Taiwan,2023-07-05
7585,Darrell Espinoza,cust7585_nicholascampbell@gmail.com,Dawnchester,United Kingdom,2023-10-26
7586,Omar Reyes,cust7586_hollandclayton@gmail.com,Jenniferbury,Reunion,2024-07-22
7587,Dan Scott,cust7587_jameskevin@yahoo.com,New Brent,Liberia,2026-04-02
7588,Glen Johnson,cust7588_donald55@hotmail.com,South Jimmy,Eritrea,2024-12-13
7589,Ryan Jimenez,cust7589_millerjulia@gmail.com,Wrightview,Netherlands Antilles,2024-12-22
7590,Joshua Sandoval,cust7590_jacqueline57@gmail.com,Brandichester,Portugal,2023-11-25
7591,Angela Carter,cust7591_matthewgreen@gmail.com,Rodriguezland,Cuba,2025-10-22
7592,Shane Durham,cust7592_irodriguez@yahoo.com,Allentown,Italy,2026-06-09
7593,Amber Craig,cust7593_mschneider@gmail.com,North Linda,Tonga,2024-05-10
7594,Rebecca Ellis,cust7594_robert68@gmail.com,Curtisfurt,Belgium,2025-10-31
7595,Paul Lee,cust7595_emarquez@hotmail.com,South James,Nepal,2026-03-13
7596,Amanda Williams,cust7596_wstrong@hotmail.com,East Anna,Togo,2023-05-20
7597,Abigail Owen,cust7597_hwalker@gmail.com,Raymondstad,Ghana,2023-07-22
7598,Mary Arias,cust7598_orozcoerika@hotmail.com,West Jessicashire,Armenia,2026-03-30
7599,Kristen Hanson,cust7599_bryanwilkinson@gmail.com,New Janetmouth,Cuba,2023-01-29
7600,Jessica Rasmussen,cust7600_emorgan@hotmail.com,Richardfurt,Guinea,2025-12-19
7601,Catherine Vargas,cust7601_angela22@yahoo.com,Adrianport,France,2024-03-20
7602,Frank Garner,cust7602_hcole@hotmail.com,Schroederside,Macao,2024-01-28
7603,Michelle Kelly,cust7603_christina16@yahoo.com,Brittanyview,French Guiana,2024-07-31
7604,Joseph Berger,cust7604_reedmichael@yahoo.com,Lake Emily,Netherlands,2023-12-18
7605,Katrina Strickland,cust7605_lewisapril@hotmail.com,West Joseph,Russian Federation,2026-01-05
7606,Victoria Olsen,cust7606_georgecameron@yahoo.com,Ericland,Monaco,2023-01-09
7607,Christina Benitez,cust7607_jasonmays@gmail.com,Hillhaven,Kyrgyz Republic,2023-07-22
7608,Michael Bell,cust7608_laura01@gmail.com,Banksshire,Norfolk Island,2024-03-14
7609,Bridget Day,cust7609_qlee@yahoo.com,Simsside,Sudan,2025-10-29
7610,Steven Ortiz,cust7610_robert49@gmail.com,West Daniel,Georgia,2025-08-30
7611,Lisa Dixon,cust7611_jack01@hotmail.com,Stevensonbury,Trinidad and Tobago,2025-01-20
7612,Tiffany Nielsen,cust7612_zachary98@gmail.com,Hamiltonstad,Ghana,2026-04-22
7613,Jose Braun,cust7613_antoniocampbell@hotmail.com,Rothmouth,Costa Rica,2024-01-15
7614,Ryan Brown,cust7614_williamsnathan@yahoo.com,Mackenziechester,Latvia,2025-06-19
7615,Cody Leon,cust7615_fwagner@yahoo.com,Lake Stephaniehaven,Slovakia (Slovak Republic),2023-08-08
7616,Denise Collins,cust7616_jerry36@gmail.com,New Melissa,Netherlands,2024-01-06
7617,Justin Jimenez,cust7617_tasha78@yahoo.com,West Brittney,Faroe Islands,2024-12-27
7618,Doris Li,cust7618_grant53@yahoo.com,Parkerchester,Cape Verde,2025-02-16
7619,Tracy Barry,cust7619_eric35@hotmail.com,Morrisberg,Marshall Islands,2025-05-18
7620,Amber Williams,cust7620_mcclainjasmine@hotmail.com,Pottsfurt,Tokelau,2024-03-14
7621,Jonathan Mathews,cust7621_robert30@hotmail.com,Smallstad,Montserrat,2025-11-19
7622,Robert Nielsen,cust7622_ymcdonald@yahoo.com,Port Arthurtown,Chile,2024-04-11
7623,Ray Keith,cust7623_stevenhubbard@yahoo.com,East Tanyamouth,Monaco,2025-04-14
7624,Luke Taylor,cust7624_robin34@hotmail.com,East Madisonland,British Indian Ocean Territory (Chagos Archipelago),2023-08-20
7625,Tanya Brown,cust7625_jason69@yahoo.com,Yangport,Equatorial Guinea,2024-10-05
7626,Mary Owens,cust7626_elizabethmiddleton@gmail.com,Benjaminville,Monaco,2023-09-11
7627,Karen Young,cust7627_danielsingh@hotmail.com,Cortezfort,Rwanda,2025-08-12
7628,Julie French,cust7628_kfoster@yahoo.com,Guzmanside,Russian Federation,2023-08-14
7629,Bethany Gonzalez,cust7629_patriciayu@hotmail.com,Lake Thomasshire,South Georgia and the South Sandwich Islands,2025-11-30
7630,Christopher Campos,cust7630_knolan@gmail.com,North Cynthia,Georgia,2023-10-06
7631,Christopher Sweeney,cust7631_rdrake@hotmail.com,Lake Robertmouth,Bermuda,2025-10-12
7632,David Mayer,cust7632_garciaerika@gmail.com,North Janiceborough,Tanzania,2025-01-09
7633,Scott Cameron,cust7633_michael12@yahoo.com,North Mitchellborough,Paraguay,2024-08-13
7634,Kimberly Parker,cust7634_dsheppard@hotmail.com,Danielfurt,Lebanon,2026-02-15
7635,Melanie Cohen,cust7635_hunteramy@yahoo.com,Martinezshire,Montserrat,2023-03-25
7636,Christopher Frank,cust7636_kevinhughes@hotmail.com,Lake Taylorshire,Bhutan,2023-06-18
7637,Karen Brown,cust7637_brucewashington@yahoo.com,Danielville,Mauritius,2024-11-02
7638,Elizabeth Nelson,cust7638_ellisashley@hotmail.com,Robertsonside,Libyan Arab Jamahiriya,2025-10-08
7639,Jennifer Wright,cust7639_josephcarlson@yahoo.com,Lake Robertstad,Serbia,2023-08-25
7640,Sean Walker,cust7640_toddfrazier@gmail.com,West Maryberg,South Africa,2025-02-27
7641,Kimberly Howard,cust7641_ramirezjames@yahoo.com,Lake Sharonshire,Switzerland,2024-08-03
7642,Michelle Neal,cust7642_slewis@yahoo.com,Christopherburgh,South Georgia and the South Sandwich Islands,2025-07-24
7643,Melissa Elliott,cust7643_leeadam@hotmail.com,Lake Tylerville,Slovenia,2026-05-14
7644,Thomas Nguyen,cust7644_qthomas@hotmail.com,West Jimmy,Yemen,2024-09-30
7645,Mike Ortiz,cust7645_cameron71@gmail.com,New Alice,New Zealand,2025-06-28
7646,Daniel Gentry,cust7646_hsalazar@hotmail.com,Huntfort,Slovenia,2024-04-07
7647,Donald Mckenzie,cust7647_kylefowler@hotmail.com,South Judy,United States Virgin Islands,2026-02-08
7648,Dale Swanson,cust7648_dallen@gmail.com,Lake Cynthiahaven,Pitcairn Islands,2025-04-14
7649,Taylor Lee,cust7649_joanna13@hotmail.com,New Matthewport,Luxembourg,2024-08-18
7650,James Perez,cust7650_bradleymcgee@yahoo.com,Townsendville,Malaysia,2025-05-26
7651,James Gonzalez,cust7651_michelle78@yahoo.com,New Ashley,Romania,2024-01-22
7652,Donna Lewis,cust7652_davidmarquez@gmail.com,Richardburgh,Uruguay,2023-05-23
7653,Kristy Baxter,cust7653_scottwilliams@gmail.com,West Theresa,British Indian Ocean Territory (Chagos Archipelago),2025-09-01
7654,Sara Massey,cust7654_aliwilliam@hotmail.com,East Christopher,Cayman Islands,2025-01-22
7655,Joann Lawson,cust7655_mary52@yahoo.com,Estradachester,Uzbekistan,2024-01-03
7656,Clifford Randolph,cust7656_williamharris@yahoo.com,Robinsonhaven,Mauritius,2023-01-27
7657,Ann Johnson,cust7657_gfisher@gmail.com,Lake Tony,Ireland,2025-10-03
7658,Danielle Waller,cust7658_jameslee@hotmail.com,Newtonview,Syrian Arab Republic,2023-08-04
7659,Mary Miles,cust7659_scottchen@yahoo.com,Andreaville,Israel,2025-03-22
7660,Donald Stone,cust7660_gflowers@gmail.com,Lake Christine,Madagascar,2025-06-16
7661,Brittany Anderson,cust7661_carla94@yahoo.com,North Pamela,Timor-Leste,2025-12-06
7662,Hailey Young,cust7662_dylan88@hotmail.com,Deborahhaven,Bulgaria,2023-06-24
7663,Susan Sandoval,cust7663_thomasjason@gmail.com,Andrewview,Niger,2023-09-02
7664,Amber Nichols,cust7664_christopherharris@hotmail.com,Lake Victoria,Israel,2023-10-21
7665,Michele Smith,cust7665_yallen@yahoo.com,South Victoria,Morocco,2025-03-19
7666,Jacqueline Haynes,cust7666_patricia01@hotmail.com,Martinhaven,Switzerland,2025-03-31
7667,William Andrews,cust7667_ygreen@yahoo.com,Lewischester,Ethiopia,2026-04-24
7668,Kyle Ferguson,cust7668_donna18@gmail.com,North Dianeshire,Anguilla,2023-07-28
7669,Cathy Leonard,cust7669_johnsonashley@hotmail.com,South Philip,Afghanistan,2023-12-12
7670,Mrs. Anna Burch,cust7670_jackrice@gmail.com,East Janiceberg,Monaco,2023-05-13
7671,Christopher Mcclure,cust7671_kimberlybentley@gmail.com,West Teresa,Micronesia,2025-01-14
7672,Danielle Schmidt,cust7672_lucas78@yahoo.com,Jensenborough,Saint Lucia,2024-02-12
7673,Todd Davenport,cust7673_barbara86@gmail.com,North Adamview,Papua New Guinea,2024-11-24
7674,Jose Howard,cust7674_jenniferdillon@gmail.com,Brianchester,Guinea-Bissau,2024-02-15
7675,Timothy Owen,cust7675_joystewart@gmail.com,New Curtismouth,Australia,2026-05-03
7676,Linda Suarez,cust7676_powellheather@gmail.com,Denniston,Bhutan,2025-04-07
7677,Melissa Hill,cust7677_thomasbrooke@yahoo.com,Chaneychester,Ethiopia,2023-09-09
7678,Kyle Rojas,cust7678_rebecca67@gmail.com,Port Mary,Sweden,2024-04-21
7679,Joshua Whitehead,cust7679_davidlambert@hotmail.com,West Amy,Singapore,2025-05-19
7680,Jonathan Davis,cust7680_brendaanderson@yahoo.com,South Elizabethbury,Oman,2025-10-19
7681,James Thomas,cust7681_wilsonderrick@yahoo.com,New Madeline,Bermuda,2024-07-24
7682,Ruben Williams,cust7682_kathleenhanson@gmail.com,Juliemouth,Estonia,2026-04-06
7683,Peter Martinez,cust7683_marysmith@gmail.com,Jacobhaven,Zimbabwe,2026-04-30
7684,Samantha Young,cust7684_julie11@yahoo.com,South Julie,Cayman Islands,2024-07-13
7685,Shawn Harmon,cust7685_frederick59@gmail.com,West Justin,Spain,2025-03-30
7686,Thomas Jackson,cust7686_joneskathleen@yahoo.com,North Monicaland,Lithuania,2024-12-30
7687,Mary Young,cust7687_owalker@gmail.com,Lake Elizabethton,Kuwait,2025-09-01
7688,Brittany Vasquez,cust7688_michael71@gmail.com,Lake Molly,Aruba,2026-05-20
7689,Jonathan Parker,cust7689_wandahernandez@gmail.com,North Marissa,Iraq,2025-04-08
7690,Patrick Hayes,cust7690_brendasosa@hotmail.com,Williamberg,Mali,2025-09-19
7691,Elizabeth Rasmussen,cust7691_david66@gmail.com,West Brittanyhaven,Norway,2025-11-13
7692,Russell Martin,cust7692_jimbrown@yahoo.com,Hancockchester,Samoa,2024-07-25
7693,Kevin Donovan,cust7693_jasonwarner@yahoo.com,Piercefort,Norway,2023-10-29
7694,Samantha Anthony,cust7694_uhickman@hotmail.com,Santoston,Hong Kong,2025-07-20
7695,Matthew Gray,cust7695_wheelerpedro@hotmail.com,Nicoletown,Liberia,2023-08-10
7696,Tom Barnes,cust7696_ohardy@gmail.com,Charleston,Panama,2023-09-08
7697,Yesenia Duncan,cust7697_amanda04@hotmail.com,Robertchester,Austria,2024-05-28
7698,Jeffery White,cust7698_erinjohnson@yahoo.com,Nathanside,Benin,2025-09-29
7699,Mr. Jared Hernandez,cust7699_dave46@yahoo.com,Spencerton,Pakistan,2025-10-15
7700,Damon Cox,cust7700_gwiley@hotmail.com,West Isaiahview,Northern Mariana Islands,2024-04-17
7701,Jennifer Singh,cust7701_julie16@hotmail.com,Nelsonmouth,Falkland Islands (Malvinas),2023-10-03
7702,Lisa Howard,cust7702_annewilliams@yahoo.com,Port Katherine,Bouvet Island (Bouvetoya),2023-03-02
7703,Susan Underwood,cust7703_paynedavid@hotmail.com,Anthonychester,Bosnia and Herzegovina,2023-07-23
7704,Jessica Richards,cust7704_jonblackwell@yahoo.com,South Janicehaven,Monaco,2023-04-19
7705,John Garza,cust7705_denisemartin@yahoo.com,Port Andrew,Slovenia,2023-05-20
7706,Lauren Williamson,cust7706_leverett@hotmail.com,Lake Cheyenne,United Kingdom,2025-10-17
7707,Monica Goodwin,cust7707_reesewilliam@yahoo.com,East Timothy,Pitcairn Islands,2023-02-24
7708,Andrew Watson,cust7708_hermansandra@yahoo.com,New Charlesfurt,Cambodia,2024-01-02
7709,Michael Patterson,cust7709_jasmine05@gmail.com,Katherinefort,Guinea-Bissau,2025-02-22
7710,Darlene Murphy,cust7710_rodriguezemily@hotmail.com,Matthewstad,El Salvador,2026-05-23
7711,Ryan Taylor,cust7711_mariahgibson@gmail.com,Heathertown,Bosnia and Herzegovina,2024-10-31
7712,Maria Scott,cust7712_jennifer16@gmail.com,Smithberg,Netherlands Antilles,2023-11-09
7713,Patricia Porter,cust7713_brianzhang@gmail.com,Michaelmouth,Pitcairn Islands,2024-09-12
7714,Kenneth Harrison,cust7714_jmiller@yahoo.com,Abigailview,Bolivia,2026-06-27
7715,Heidi Simpson,cust7715_brentaustin@gmail.com,Lake Robert,Namibia,2026-06-30
7716,William Bailey,cust7716_christopher37@gmail.com,West Dennis,Djibouti,2023-07-17
7717,Bridget Gardner MD,cust7717_qpeterson@yahoo.com,Nicholsonborough,Liberia,2023-06-06
7718,Mercedes French,cust7718_phill@gmail.com,Robinview,Congo,2025-11-30
7719,David Wood,cust7719_ashleyamanda@yahoo.com,New Kaylashire,Poland,2025-10-05
7720,Madeline Baxter,cust7720_ysimmons@hotmail.com,South Jeffrey,Lao People's Democratic Republic,2025-08-12
7721,Juan Russell,cust7721_elizabeth92@gmail.com,Port Virginiashire,Vanuatu,2024-02-18
7722,Johnny Ortega,cust7722_richardmiller@gmail.com,Port Philip,Netherlands Antilles,2024-08-24
7723,Jacqueline Harrison,cust7723_rhunt@gmail.com,Brianland,Netherlands,2025-10-16
7724,Deborah French,cust7724_micheleperkins@hotmail.com,Tinatown,Ecuador,2025-10-01
7725,Juan Short,cust7725_yvonneshields@hotmail.com,South Heather,Nicaragua,2025-10-30
7726,Theresa Martin,cust7726_nicholegibson@yahoo.com,Michaelhaven,Svalbard & Jan Mayen Islands,2024-06-19
7727,Daniel Armstrong,cust7727_rodriguezdaniel@yahoo.com,New Steventown,Bahamas,2026-01-15
7728,Chad Lopez,cust7728_medinadean@hotmail.com,New Kristaview,Hong Kong,2024-12-04
7729,Hailey Rivers,cust7729_anthony46@gmail.com,Lake David,Lithuania,2026-01-12
7730,Brad Morales,cust7730_lindasalazar@hotmail.com,Reevesmouth,Aruba,2026-01-24
7731,Russell Miller,cust7731_whitney11@yahoo.com,Jamesshire,Honduras,2023-02-06
7732,Lisa Rodriguez,cust7732_hannahlynch@yahoo.com,New Matthew,Kuwait,2023-03-06
7733,Jason Evans,cust7733_brandonnelson@yahoo.com,West Spencerview,Burundi,2025-05-31
7734,Samantha Lee,cust7734_mollysparks@gmail.com,Port Jessicatown,Uzbekistan,2023-09-01
7735,Timothy Clark DDS,cust7735_fullersusan@gmail.com,Garciaborough,Grenada,2025-02-24
7736,Debbie Levine,cust7736_joshua10@yahoo.com,Port John,Serbia,2025-07-10
7737,George Wilson,cust7737_tmartin@yahoo.com,Shawntown,Chad,2024-10-06
7738,Justin White DDS,cust7738_suzanneparker@yahoo.com,East April,Panama,2025-02-09
7739,Veronica Lopez,cust7739_grant03@gmail.com,Port Jenniferhaven,France,2025-06-25
7740,Theresa Wallace,cust7740_robertwinters@hotmail.com,New Crystal,Singapore,2025-07-30
7741,Margaret Hunt,cust7741_ann28@gmail.com,Reyesberg,Turks and Caicos Islands,2023-03-15
7742,Jose Bautista,cust7742_ortegaregina@hotmail.com,West Rodneystad,Saudi Arabia,2023-03-09
7743,Amy Kirk,cust7743_dana91@yahoo.com,East Debbie,Yemen,2023-12-29
7744,Mark Payne,cust7744_jonespaul@yahoo.com,New Andrew,United Arab Emirates,2026-02-14
7745,Anna Wagner,cust7745_jenniferalvarado@yahoo.com,East Michellefurt,North Macedonia,2024-09-12
7746,Jamie Curtis,cust7746_lauren51@hotmail.com,Janiceberg,Cook Islands,2023-12-03
7747,Marcia Miller,cust7747_smithrichard@yahoo.com,Port Jennifer,Bulgaria,2025-10-03
7748,Brian Graham,cust7748_shirleyclark@yahoo.com,Perkinsshire,Estonia,2025-06-01
7749,Anthony Cox,cust7749_rachel95@gmail.com,East Johnny,United States Virgin Islands,2023-10-03
7750,Laura Hutchinson,cust7750_nhanna@hotmail.com,Ernesttown,Guyana,2024-10-01
7751,Haley Cunningham,cust7751_kristiharrison@yahoo.com,East Adamshire,Papua New Guinea,2025-03-07
7752,John Hall,cust7752_kmcguire@hotmail.com,Lake Rebeccaton,Slovakia (Slovak Republic),2025-09-25
7753,Chase Skinner,cust7753_ryankeith@yahoo.com,West Mark,Andorra,2023-08-13
7754,Marie Patterson,cust7754_owhitney@yahoo.com,Brandonfort,Namibia,2026-03-11
7755,Randy Calderon,cust7755_cookcourtney@gmail.com,Port Gabriel,Kenya,2025-10-01
7756,Megan Sawyer,cust7756_robin62@hotmail.com,Stevenborough,Colombia,2026-02-08
7757,Olivia Navarro,cust7757_juan65@yahoo.com,North Kelsey,Congo,2026-01-09
7758,Aaron Burns,cust7758_theresarodriguez@hotmail.com,Billyton,Turkey,2026-03-17
7759,Christopher Flowers MD,cust7759_howellbrian@yahoo.com,Debraton,Marshall Islands,2025-08-20
7760,William Barrett,cust7760_stephanierodriguez@hotmail.com,South Donald,India,2025-09-01
7761,Robert Rogers,cust7761_gerald32@yahoo.com,Snyderborough,Norfolk Island,2026-02-25
7762,Tyler Bradley,cust7762_arnoldsharon@yahoo.com,Lake Terriland,Iraq,2023-11-17
7763,Jose Stone,cust7763_kelliwilson@yahoo.com,Katietown,Trinidad and Tobago,2025-11-03
7764,Ryan Jones,cust7764_jacobthompson@yahoo.com,Victoriaville,Luxembourg,2023-04-25
7765,Jessica Anderson,cust7765_bellhannah@hotmail.com,Robertland,Mozambique,2025-03-12
7766,Tanya Jones,cust7766_vincent44@gmail.com,Brownstad,France,2024-06-23
7767,Steven Trujillo,cust7767_ljones@gmail.com,Milesborough,Bangladesh,2025-10-10
7768,David Elliott,cust7768_gailbanks@yahoo.com,South Brittany,Heard Island and McDonald Islands,2026-04-25
7769,Ryan Douglas,cust7769_onealjacob@gmail.com,Alexandraborough,Serbia,2025-02-12
7770,Deborah Ewing,cust7770_zachary48@gmail.com,Sandersport,Cameroon,2026-06-17
7771,Mary Russell,cust7771_annaconley@gmail.com,Jenniferburgh,Anguilla,2024-12-23
7772,Ryan Harvey,cust7772_michaelperez@hotmail.com,North Brandon,Iraq,2024-08-05
7773,Vincent Benson,cust7773_stacyriddle@gmail.com,Cruzberg,Guinea-Bissau,2024-10-18
7774,John Cooper,cust7774_stephanie43@yahoo.com,West Raymond,Bahamas,2023-05-06
7775,Jeff Miller,cust7775_juliehardy@yahoo.com,Floydview,Albania,2023-02-27
7776,David Montgomery,cust7776_cmiller@hotmail.com,South Ashlee,Marshall Islands,2026-04-24
7777,Kenneth Orr,cust7777_bakercarl@hotmail.com,Diazmouth,Cook Islands,2023-04-03
7778,Helen Jordan,cust7778_tiffany88@gmail.com,North Elizabethmouth,Saint Lucia,2023-09-20
7779,Thomas Johnson,cust7779_jacobhancock@gmail.com,Jenniferfurt,Congo,2025-01-20
7780,Alyssa Carter,cust7780_susancrane@hotmail.com,Port Timothyland,Nauru,2024-12-15
7781,Laura Dodson,cust7781_david31@yahoo.com,East Wayne,Isle of Man,2026-04-10
7782,William Johnson,cust7782_andrealopez@hotmail.com,Jamesshire,Portugal,2023-02-25
7783,Samantha Caldwell,cust7783_robert44@hotmail.com,South Tabitha,Cayman Islands,2024-11-29
7784,Catherine Morris,cust7784_walkerhannah@yahoo.com,Chavezhaven,United States of America,2025-02-18
7785,Kathryn Douglas,cust7785_jasminemartinez@yahoo.com,Thomasland,French Polynesia,2023-07-19
7786,John Carson,cust7786_dodom@hotmail.com,Edwardmouth,Mozambique,2025-05-26
7787,Joseph Bowers,cust7787_nicholasthompson@gmail.com,Orozcoville,Peru,2024-12-07
7788,Angela Scott,cust7788_brianwalton@gmail.com,Lake Kathryn,Oman,2025-01-01
7789,Ryan Villanueva,cust7789_pbrown@gmail.com,Reginaldborough,Vietnam,2025-04-23
7790,Sharon Martinez,cust7790_whiterichard@yahoo.com,Lake Brittany,United States Virgin Islands,2024-12-20
7791,Daniel Riley,cust7791_ufranklin@yahoo.com,Harmontown,Bosnia and Herzegovina,2023-04-26
7792,Monique Cook,cust7792_davidrangel@hotmail.com,Hodgetown,Cape Verde,2024-05-15
7793,Brianna Jones,cust7793_john35@hotmail.com,North Andreahaven,Barbados,2024-05-22
7794,Caitlin Martinez,cust7794_baileywendy@yahoo.com,New Chad,Pitcairn Islands,2024-04-25
7795,Sarah Mitchell,cust7795_mcochran@yahoo.com,Christinefurt,Qatar,2024-10-01
7796,Gabriella Blackwell,cust7796_patricia21@hotmail.com,New Jennifermouth,Tuvalu,2026-04-28
7797,Elizabeth Baker,cust7797_iyoung@yahoo.com,New Jeffreyshire,Grenada,2023-06-23
7798,Mrs. Mary Bradshaw DDS,cust7798_villegasbreanna@yahoo.com,Gregoryfort,Israel,2023-05-15
7799,Patrick Stafford,cust7799_thompsonmiranda@gmail.com,Adamsview,Belgium,2024-09-16
7800,Shannon Martinez,cust7800_jeffery50@yahoo.com,Port Kimberlyport,Mayotte,2023-08-23
7801,Kyle Sanders,cust7801_christopherdiaz@gmail.com,Christinabury,Fiji,2024-11-22
7802,Thomas Freeman,cust7802_kimberly77@gmail.com,South Jessestad,Guyana,2023-12-14
7803,Jane Powers,cust7803_fernandezpaul@hotmail.com,Eugenemouth,Mexico,2023-02-10
7804,Larry Gonzales,cust7804_pwhite@yahoo.com,Mooreshire,United States Virgin Islands,2026-01-07
7805,Kathryn Donovan,cust7805_piercepatricia@yahoo.com,Jeremymouth,Chile,2024-10-29
7806,Christian Duffy,cust7806_susanmarquez@hotmail.com,Chenstad,Cape Verde,2023-03-18
7807,Kathryn Johnson,cust7807_hjones@gmail.com,Alyssaside,Russian Federation,2025-08-01
7808,Carmen Rivers,cust7808_michaelthomas@yahoo.com,Brittanychester,Greenland,2025-05-15
7809,Mrs. Lisa Mcclain,cust7809_ndonovan@hotmail.com,Perezborough,Norfolk Island,2026-03-09
7810,Mary Gallagher,cust7810_lindadavis@gmail.com,New Kristinaland,Djibouti,2025-11-20
7811,Megan May,cust7811_coxdouglas@yahoo.com,West Tyler,Palestinian Territory,2025-05-12
7812,Danielle Adams,cust7812_melissa89@gmail.com,North Shannon,Slovenia,2024-06-30
7813,Anthony Campbell,cust7813_timothy27@yahoo.com,Johnland,Bouvet Island (Bouvetoya),2023-02-11
7814,Christopher Hall,cust7814_lnguyen@hotmail.com,Port Dana,United Kingdom,2025-08-19
7815,Mary Fowler,cust7815_qsmith@hotmail.com,Carlaborough,Malta,2026-04-19
7816,Kristen Woods,cust7816_ygarcia@yahoo.com,Figueroaland,Saint Helena,2023-02-15
7817,Steven Park,cust7817_joseph11@hotmail.com,Juliefort,Indonesia,2024-10-10
7818,Jeremy Green,cust7818_colleen91@yahoo.com,South Laurentown,Christmas Island,2025-02-12
7819,Jessica Donaldson,cust7819_rebeccasmith@gmail.com,Port Kimberlystad,Libyan Arab Jamahiriya,2026-03-14
7820,Adam Howard,cust7820_rebeccachapman@gmail.com,Elainefort,Germany,2025-03-10
7821,Shannon Roberts,cust7821_ygreer@yahoo.com,Dustinside,Iran,2024-10-22
7822,Robert Cooper,cust7822_gonzalestroy@gmail.com,West Josephburgh,Barbados,2026-03-18
7823,Michael Chapman,cust7823_dudleycrystal@yahoo.com,Robertsport,Cote d'Ivoire,2023-07-20
7824,Brandon Perez,cust7824_alexandrahunt@gmail.com,Alexanderhaven,Guam,2025-09-27
7825,Kristina Pearson,cust7825_maldonadomatthew@gmail.com,Richardview,Kazakhstan,2023-07-24
7826,Mrs. Andrea Olson PhD,cust7826_andersonpamela@gmail.com,Lake Ronald,Tuvalu,2024-02-26
7827,Valerie Jimenez,cust7827_bvargas@hotmail.com,Lake Tammy,Western Sahara,2024-11-19
7828,William Hoffman,cust7828_garmstrong@hotmail.com,Port Crystal,Bahrain,2025-10-14
7829,Douglas Garcia,cust7829_michael92@yahoo.com,Lake Kenneth,Algeria,2025-10-26
7830,Neil Odonnell,cust7830_davisbrittany@gmail.com,Lake Robert,Dominica,2024-11-26
7831,Jeffrey Allen Jr.,cust7831_mary12@yahoo.com,Lake Noah,Guatemala,2023-12-08
7832,Susan Cohen,cust7832_jameswilson@yahoo.com,New Heather,Romania,2026-06-13
7833,Pamela Soto,cust7833_hmendoza@gmail.com,Maryview,Albania,2024-09-05
7834,Frank Brooks,cust7834_julie45@hotmail.com,Sherylborough,Austria,2025-01-14
7835,Kimberly Brown,cust7835_xnguyen@gmail.com,New David,Bangladesh,2025-06-11
7836,Kelsey Brown,cust7836_psullivan@hotmail.com,West Ashleytown,Kiribati,2024-02-18
7837,Tammy Torres,cust7837_richardhoover@yahoo.com,Lake Ronaldborough,Bahamas,2025-10-14
7838,Carrie Arnold MD,cust7838_thancock@yahoo.com,Lake Justin,Hungary,2023-06-04
7839,Sherry Rodgers,cust7839_mariabarber@yahoo.com,North Tracystad,Denmark,2026-01-02
7840,Jessica Murray,cust7840_tmccoy@yahoo.com,East Christopher,Chad,2024-03-14
7841,John Brooks,cust7841_arnoldandrew@hotmail.com,Lake Theodore,Chile,2024-08-11
7842,Bryce Gaines,cust7842_williamsonjennifer@hotmail.com,Port Ravenmouth,Andorra,2024-06-27
7843,Joseph Flores MD,cust7843_markblanchard@gmail.com,South Thomasberg,Syrian Arab Republic,2023-04-08
7844,Joshua Anderson,cust7844_qrice@yahoo.com,Ayalafurt,Latvia,2024-08-31
7845,Keith Sanchez,cust7845_jparker@hotmail.com,Meyerhaven,Pitcairn Islands,2026-03-20
7846,Michelle Rowe,cust7846_williamrichard@hotmail.com,Nicholasfort,Togo,2025-04-03
7847,Matthew Brewer,cust7847_joshuadavis@gmail.com,Rickytown,Central African Republic,2024-04-07
7848,Matthew Wang,cust7848_hamiltonkevin@gmail.com,South Josephshire,Azerbaijan,2023-07-08
7849,Melissa Wilson,cust7849_andrewlopez@hotmail.com,Norrishaven,United Arab Emirates,2026-03-30
7850,Craig Lucas,cust7850_pcarson@hotmail.com,Padillaland,Gambia,2023-07-14
7851,Phillip Castillo,cust7851_woodwardkathryn@gmail.com,Saundersland,Poland,2026-04-27
7852,Charles Ramirez,cust7852_kquinn@yahoo.com,Lake William,Trinidad and Tobago,2024-11-20
7853,Joshua Lee,cust7853_michelethomas@gmail.com,South Tiffanystad,Uzbekistan,2024-07-13
7854,Travis Murray,cust7854_adamsmackenzie@hotmail.com,Calebfurt,Ethiopia,2023-05-18
7855,Sean Gonzales,cust7855_vwilliams@gmail.com,South Kimberly,Sierra Leone,2026-03-06
7856,Jennifer Harper,cust7856_perrysara@yahoo.com,New Coryview,Lao People's Democratic Republic,2025-12-23
7857,Sarah Taylor,cust7857_greenolivia@yahoo.com,North Jillianshire,Guinea-Bissau,2025-08-31
7858,Richard Bailey,cust7858_anthonyroth@yahoo.com,New Nancy,Gibraltar,2025-05-24
7859,Dawn Garner,cust7859_susan82@yahoo.com,Ericfort,Trinidad and Tobago,2024-03-05
7860,Shirley Hart,cust7860_debra16@hotmail.com,Cooketon,Andorra,2024-12-12
7861,Justin Gardner,cust7861_russell80@gmail.com,Richardchester,Brazil,2023-06-07
7862,Jason Johns,cust7862_amanda34@gmail.com,Lake Henry,Vietnam,2024-09-10
7863,Joseph Bradshaw,cust7863_rowlandalyssa@yahoo.com,North John,Denmark,2025-10-30
7864,Roberto Bolton,cust7864_brendanmorales@gmail.com,South Carrie,Bulgaria,2024-09-06
7865,Marcus Stevens,cust7865_caldwellkathryn@gmail.com,Vazquezview,Niue,2025-06-05
7866,Michael Johnson,cust7866_kennethallen@yahoo.com,West Benjaminview,Morocco,2026-01-10
7867,David Patel,cust7867_maychristian@yahoo.com,Maldonadoberg,Wallis and Futuna,2024-10-03
7868,Robert Flynn,cust7868_nolanjonathan@gmail.com,Friedmanmouth,El Salvador,2024-02-14
7869,Gwendolyn Jefferson,cust7869_smithdavid@hotmail.com,Port Jeffreyborough,Ethiopia,2025-04-28
7870,Joanna Brown,cust7870_russellhubbard@yahoo.com,East Sandra,Germany,2025-04-03
7871,Stephanie Baker,cust7871_rflores@gmail.com,Elizabethfort,Mauritius,2024-05-29
7872,Lynn Blair,cust7872_psanchez@hotmail.com,Simmonsport,China,2025-11-21
7873,Joyce Humphrey,cust7873_shirleyramirez@gmail.com,Mcphersonborough,United States Virgin Islands,2025-07-17
7874,Dr. Natasha Horton DVM,cust7874_oowens@yahoo.com,Port David,Albania,2026-01-26
7875,Thomas Perez,cust7875_andrea10@yahoo.com,East Kellystad,Ireland,2024-01-05
7876,Ryan Mueller,cust7876_esawyer@gmail.com,Port Carlos,Liberia,2023-02-08
7877,Deanna Ward,cust7877_megan14@hotmail.com,East Lauren,Palestinian Territory,2025-11-23
7878,Lawrence Walker,cust7878_tara75@yahoo.com,North Shane,Yemen,2024-01-18
7879,Rick Gonzalez,cust7879_bwashington@gmail.com,Armstronghaven,Ukraine,2026-03-27
7880,Nicole Andrews,cust7880_kimberlyreyes@hotmail.com,New Georgebury,Oman,2025-10-19
7881,Sarah Smith,cust7881_jeffrey67@hotmail.com,West Brendanshire,Cambodia,2024-03-12
7882,Christopher Williams,cust7882_bkirk@hotmail.com,Smithfurt,El Salvador,2025-08-15
7883,James Reyes,cust7883_wrose@hotmail.com,Russellhaven,Algeria,2024-07-02
7884,Craig Lee,cust7884_srichardson@yahoo.com,South Shaunmouth,Kazakhstan,2025-12-27
7885,Kimberly Davila,cust7885_emilyreid@gmail.com,Dixonmouth,Cape Verde,2026-06-12
7886,Wendy Warren,cust7886_briannawagner@hotmail.com,Mayoville,Zimbabwe,2025-06-07
7887,Hunter Nelson,cust7887_brian41@yahoo.com,West Shirley,Guyana,2026-03-05
7888,Amy Li,cust7888_beniteztyler@hotmail.com,Harperfort,United States of America,2023-05-03
7889,Nicole Ferguson,cust7889_bwang@gmail.com,Danielland,Afghanistan,2025-12-05
7890,Heather Lewis,cust7890_sophiaaustin@hotmail.com,Dennishaven,Bahamas,2024-02-15
7891,Thomas Roy,cust7891_hlee@gmail.com,New Amandafurt,Ecuador,2025-01-16
7892,Billy Sullivan,cust7892_christine73@yahoo.com,North Antonioborough,Maldives,2025-08-05
7893,James Vazquez,cust7893_vincent73@gmail.com,New Henryport,Palestinian Territory,2023-10-30
7894,Bryan Velasquez,cust7894_johnpatel@gmail.com,West Steven,Guernsey,2024-05-07
7895,Erika Wilson,cust7895_rogerscynthia@hotmail.com,Justinshire,Guinea,2023-11-05
7896,Jessica Davis,cust7896_mschultz@gmail.com,North Tina,Mali,2024-09-06
7897,James Velez,cust7897_costajenny@hotmail.com,New Kevin,Nigeria,2025-06-10
7898,Mr. Patrick Hayden Jr.,cust7898_ramirezjustin@hotmail.com,South Justin,Bosnia and Herzegovina,2025-04-20
7899,Barbara Short,cust7899_jesus73@gmail.com,North Brittanyfurt,China,2024-10-14
7900,Tiffany Marsh,cust7900_chelseagreen@gmail.com,Rebeccaton,Iceland,2023-05-12
7901,Brian Owens,cust7901_bcrawford@gmail.com,South Kellyfurt,Belarus,2024-02-21
7902,Michelle Hines,cust7902_anna53@gmail.com,Brennanmouth,El Salvador,2025-04-24
7903,Billy Avery,cust7903_matthew23@hotmail.com,Andersonville,New Caledonia,2024-06-30
7904,Tom Jones,cust7904_rpeck@gmail.com,Jonberg,Jordan,2024-08-10
7905,Matthew Holland,cust7905_jerrygarrett@hotmail.com,Hintonview,Greece,2023-11-25
7906,Jean Martin,cust7906_xharris@hotmail.com,West Laura,Reunion,2024-06-09
7907,Samantha Bryant,cust7907_hgreen@gmail.com,Colemanchester,United States of America,2026-05-16
7908,Tracy Ho,cust7908_triddle@yahoo.com,Lake Natalie,Ghana,2024-04-28
7909,Kenneth Rojas,cust7909_chavezryan@gmail.com,Karenbury,Cocos (Keeling) Islands,2025-04-11
7910,Mr. Joseph Peck,cust7910_abarnes@gmail.com,Cindyside,Syrian Arab Republic,2024-05-03
7911,Stephen Wells,cust7911_gallaghercarla@gmail.com,Delgadoborough,Benin,2023-08-21
7912,Julia Meadows,cust7912_william02@gmail.com,North Sally,Puerto Rico,2023-11-04
7913,Jennifer Hughes,cust7913_fitzpatricktamara@hotmail.com,South Zachary,Libyan Arab Jamahiriya,2024-01-29
7914,Amanda Davis,cust7914_scottchristine@hotmail.com,Lake Tiffanychester,Vanuatu,2023-02-26
7915,Julie Wilkins,cust7915_kevin43@hotmail.com,South Tylerton,Western Sahara,2024-05-17
7916,Jose Herman,cust7916_amymoore@yahoo.com,New Amanda,Mozambique,2024-09-27
7917,Stephanie Nichols,cust7917_jeremiah74@yahoo.com,Hansontown,France,2025-08-08
7918,Rachael Morgan,cust7918_johnsonmichael@hotmail.com,South Andrea,Georgia,2025-09-21
7919,Sarah Patterson,cust7919_mezanancy@yahoo.com,West Charles,Malaysia,2026-02-20
7920,Joseph Williams,cust7920_michael77@hotmail.com,Jeremyshire,Swaziland,2025-06-12
7921,Philip Johnson,cust7921_patelkeith@hotmail.com,West Tara,Taiwan,2025-05-14
7922,Jessica Gomez,cust7922_carmstrong@yahoo.com,Walkermouth,San Marino,2023-03-17
7923,Vincent Rodriguez,cust7923_sancheznathan@yahoo.com,Craigtown,Cook Islands,2024-02-18
7924,Todd Jacobs,cust7924_eforbes@hotmail.com,New Gregory,Martinique,2023-11-23
7925,Jennifer Miller,cust7925_crystallewis@hotmail.com,Susanburgh,Northern Mariana Islands,2024-07-12
7926,Kelly Rowe,cust7926_colemanmark@gmail.com,Veronicaburgh,French Southern Territories,2023-10-07
7927,Victor Juarez,cust7927_daniel73@yahoo.com,Rodriguezside,Tanzania,2023-03-01
7928,Catherine Stone,cust7928_jimmytaylor@gmail.com,Davidville,Puerto Rico,2024-06-13
7929,Robert Sloan,cust7929_mweaver@yahoo.com,New Seanfurt,Libyan Arab Jamahiriya,2024-07-22
7930,Amy Harvey DDS,cust7930_riddlejay@yahoo.com,Port Caleb,Western Sahara,2026-02-01
7931,Christian White,cust7931_rodrigueznicole@gmail.com,Port Rachel,French Polynesia,2023-12-27
7932,Sheila Barnes,cust7932_reidkenneth@yahoo.com,West Matthew,Swaziland,2023-03-28
7933,Raven Hensley,cust7933_rgordon@gmail.com,Michaelmouth,France,2025-09-22
7934,Gregory Castro,cust7934_price@yahoo.com,Cruzland,Hungary,2023-02-10
7935,Rhonda Perez,cust7935_victor98@yahoo.com,East Christopher,Saudi Arabia,2023-04-24
7936,Jeremiah Reed,cust7936_xjohns@gmail.com,Lake Jennifermouth,Cook Islands,2023-06-21
7937,Anthony Jimenez,cust7937_nrusso@gmail.com,Tonyaborough,Venezuela,2024-10-04
7938,Laura Cameron,cust7938_bradleydavid@gmail.com,Waltersbury,Argentina,2026-05-17
7939,Jacob Green,cust7939_steven09@hotmail.com,Torresville,Estonia,2024-09-02
7940,Kathleen English,cust7940_davismargaret@hotmail.com,Lake Victoriastad,Senegal,2023-05-11
7941,Danielle Callahan,cust7941_timothy19@hotmail.com,Floresland,Iran,2025-04-13
7942,Richard West,cust7942_monica89@yahoo.com,Sarahmouth,Saudi Arabia,2025-01-14
7943,Brooke Miller,cust7943_robertsonmegan@hotmail.com,Mcclainside,Zimbabwe,2023-07-04
7944,Wendy Mccarty,cust7944_nicole20@hotmail.com,Tiffanyside,Pitcairn Islands,2025-03-23
7945,Timothy Armstrong,cust7945_daniel90@yahoo.com,Wallacehaven,Jersey,2023-10-15
7946,Cristina Boyd,cust7946_lthompson@gmail.com,West Christopher,Guinea-Bissau,2024-04-28
7947,Robert Lambert,cust7947_fordcatherine@hotmail.com,Garciachester,Eritrea,2023-08-18
7948,Frank Harmon,cust7948_david95@gmail.com,Lake Jenniferview,Micronesia,2026-03-15
7949,Robert Harris,cust7949_ywalsh@yahoo.com,Curtisshire,Cote d'Ivoire,2025-10-21
7950,Maria Reilly,cust7950_michaelbecker@yahoo.com,Smithview,Senegal,2023-09-05
7951,Jesse Fields,cust7951_michellegates@yahoo.com,Waltersland,Guyana,2025-12-04
7952,Paige May,cust7952_ashleyhall@yahoo.com,Port Lisashire,Rwanda,2026-04-03
7953,Angela Thompson,cust7953_williamriley@gmail.com,Larrybury,Chile,2025-12-11
7954,Sarah Shaw,cust7954_vsmith@gmail.com,North Donald,North Macedonia,2024-05-30
7955,Rebecca Lang,cust7955_dakota61@hotmail.com,Jamesview,Guadeloupe,2025-10-13
7956,Katie Todd,cust7956_woodschristopher@hotmail.com,Lake Kennethstad,Eritrea,2023-07-04
7957,Beverly Bray,cust7957_vbaker@yahoo.com,Moralesberg,Nauru,2024-05-02
7958,Benjamin Yoder,cust7958_uwilson@gmail.com,Williamsside,Congo,2026-05-13
7959,Leslie Jones,cust7959_tdaniel@hotmail.com,Lake Mackenzie,Uruguay,2023-09-08
7960,Robin Jones,cust7960_ewatson@gmail.com,Trantown,Greece,2024-10-03
7961,Adam James,cust7961_stevensrachel@yahoo.com,South Carol,Cameroon,2024-11-05
7962,Ricardo Robinson,cust7962_camerontorres@yahoo.com,Pettyfort,Yemen,2026-04-11
7963,Richard Cervantes MD,cust7963_cobbelizabeth@hotmail.com,Jennaborough,Malaysia,2025-03-09
7964,Kristina Wilson,cust7964_ywheeler@hotmail.com,East Melissaburgh,Paraguay,2024-04-28
7965,Dustin Ward,cust7965_sarahmartin@hotmail.com,East Ericborough,Italy,2025-05-16
7966,Donald Skinner,cust7966_cooperrebecca@hotmail.com,Kaylaburgh,Kiribati,2024-03-22
7967,Dr. Stephen Hodges,cust7967_kirbymelissa@yahoo.com,Bellport,Tokelau,2023-10-23
7968,Travis Mclaughlin,cust7968_williepark@gmail.com,East Robert,Mauritania,2023-08-07
7969,James Harris,cust7969_howarddanielle@gmail.com,Ramosmouth,France,2023-12-25
7970,James Lamb,cust7970_liumatthew@hotmail.com,Brownview,Faroe Islands,2024-03-14
7971,Lisa Stephens,cust7971_lauren00@yahoo.com,Deanberg,Ireland,2024-07-16
7972,Jerry Fry,cust7972_orussell@yahoo.com,New Richard,New Zealand,2025-06-19
7973,Mary Grant,cust7973_mosesrachel@gmail.com,North Williamville,Libyan Arab Jamahiriya,2025-04-16
7974,Mary Moore,cust7974_riversrandy@yahoo.com,Pierceburgh,Chile,2024-06-04
7975,Crystal Kennedy,cust7975_nielsenjoshua@gmail.com,Lake Jesusbury,Belgium,2026-04-22
7976,Jill White,cust7976_hsmith@gmail.com,Lauraside,Falkland Islands (Malvinas),2023-04-25
7977,Patricia Stevens,cust7977_qbrown@yahoo.com,Port Robertstad,Moldova,2025-10-01
7978,Diane Gallegos,cust7978_maria75@yahoo.com,Rosefurt,Qatar,2025-12-28
7979,James Horton,cust7979_monique57@gmail.com,New Brettmouth,Sweden,2025-02-06
7980,Nicole Reed,cust7980_murraysarah@gmail.com,Port Aliciatown,El Salvador,2023-08-20
7981,Rachel Watkins,cust7981_rnorman@hotmail.com,Lindamouth,Cyprus,2024-10-10
7982,Christopher Miller,cust7982_hhood@yahoo.com,West Christopherfurt,Isle of Man,2026-01-22
7983,Anna Lindsey,cust7983_ashley31@hotmail.com,South Joan,Cook Islands,2025-05-17
7984,Lauren Foster,cust7984_tanyalittle@yahoo.com,Bakerborough,Netherlands,2025-08-30
7985,Sarah Wu,cust7985_taylormartinez@hotmail.com,Kristenport,Saint Helena,2024-05-19
7986,Anna King,cust7986_scott16@hotmail.com,Maldonadostad,Cameroon,2024-07-22
7987,James Johnson,cust7987_yhamilton@yahoo.com,North Sean,Algeria,2023-10-24
7988,Anna Stephens,cust7988_steven57@hotmail.com,Martinhaven,Tonga,2025-01-13
7989,Allison Rodriguez,cust7989_zallen@gmail.com,North Ashley,Ireland,2025-08-31
7990,Joshua Spencer,cust7990_qwilliams@yahoo.com,Lake Kimberlyshire,United States of America,2025-01-23
7991,Hannah Gallagher,cust7991_hamiltonvanessa@hotmail.com,Colinhaven,Macao,2024-09-23
7992,Jennifer Williams,cust7992_valeriechavez@hotmail.com,Port Donnamouth,Marshall Islands,2023-02-13
7993,Austin Smith,cust7993_stephaniegoodwin@gmail.com,Seanchester,Nepal,2026-05-25
7994,Joshua Jackson,cust7994_kevin80@hotmail.com,Alyssaborough,Faroe Islands,2023-03-13
7995,Ryan Johns,cust7995_marshalljeanne@yahoo.com,Petersonborough,Timor-Leste,2023-04-22
7996,Debbie Gonzalez,cust7996_bryanwhite@hotmail.com,West Michelle,Malawi,2024-05-05
7997,Todd Bonilla,cust7997_markhampton@hotmail.com,New Christopher,India,2024-06-02
7998,Matthew Lopez,cust7998_yharvey@yahoo.com,Chadtown,Syrian Arab Republic,2026-02-05
7999,Andrea Hunter,cust7999_joseph92@gmail.com,Fullerland,Yemen,2025-02-26
8000,Daniel Washington,cust8000_averyamanda@gmail.com,Rachelfort,Lithuania,2024-09-25
