product_id,seller_id,category_id,product_name,price,stock_quantity,created_at
1,598,11,Multi-channeled composite extranet,37.75,112,2024-02-20
2,463,14,Inverse local task-force,214.76,111,2024-09-18
3,436,15,Robust global array,342.48,80,2025-02-05
4,261,9,Organic 6thgeneration implementation,80.85,384,2023-06-22
5,303,8,Stand-alone executive orchestration,469.33,117,2026-04-10
6,43,8,Multi-lateral coherent throughput,463.46,172,2025-05-22
7,462,8,Streamlined modular implementation,392.08,188,2025-10-15
8,325,5,Configurable human-resource hardware,347.21,91,2025-06-23
9,240,5,Monitored dynamic challenge,582.58,183,2023-06-18
10,302,14,User-centric contextually-based productivity,454.07,279,2023-06-10
11,284,15,Switchable impactful Internet solution,208.82,60,2023-05-27
12,369,1,Function-based context-sensitive interface,493.68,170,2024-02-07
13,338,5,Team-oriented full-range archive,275.92,417,2024-07-16
14,196,12,Reduced systemic Local Area Network,545.6,70,2026-01-17
15,268,1,Optional client-driven attitude,694.21,144,2024-12-10
16,414,7,Triple-buffered value-added capacity,740.56,387,2023-01-25
17,484,11,Object-based intangible encoding,463.81,389,2023-11-02
18,408,4,Intuitive 24hour functionalities,208.09,383,2024-03-05
19,486,4,Polarized 24hour groupware,466.65,402,2026-02-05
20,480,12,Re-engineered well-modulated benchmark,733.88,174,2023-06-25
21,321,14,User-friendly value-added time-frame,173.11,394,2025-05-05
22,215,8,Phased motivating productivity,407.71,285,2023-03-03
23,384,3,Pre-emptive incremental installation,521.86,65,2024-09-17
24,10,8,Self-enabling didactic framework,730.3,427,2024-12-27
25,348,4,Enterprise-wide neutral workforce,380.13,351,2025-04-06
26,551,5,Face-to-face dedicated challenge,296.83,11,2026-03-08
27,33,15,Expanded user-facing support,129.52,500,2024-11-07
28,582,11,Synergistic stable migration,720.23,467,2026-05-29
29,588,14,Front-line heuristic Internet solution,354.83,195,2024-02-23
30,401,2,Diverse mobile support,483.36,96,2025-08-30
31,112,6,Triple-buffered didactic leverage,514.71,231,2024-09-15
32,96,3,Cross-platform background open system,98.35,283,2023-12-30
33,33,14,Configurable multimedia software,621.67,250,2023-02-24
34,192,4,Distributed 24hour synergy,67.18,493,2025-03-01
35,291,4,Open-architected 24hour frame,213.56,337,2025-12-09
36,72,8,Multi-channeled exuding algorithm,56.41,265,2023-01-23
37,176,6,Robust intermediate time-frame,774.43,210,2025-03-11
38,161,2,Self-enabling multimedia conglomeration,120.57,214,2025-09-06
39,71,7,Expanded solution-oriented structure,859.8,443,2024-02-27
40,134,14,Centralized asymmetric throughput,189.07,221,2025-08-30
41,163,10,Configurable demand-driven forecast,519.7,158,2026-04-18
42,208,9,Quality-focused composite instruction set,646.5,234,2024-07-18
43,207,1,Multi-layered upward-trending groupware,892.01,228,2023-05-12
44,409,10,Configurable client-driven monitoring,727.76,269,2024-11-04
45,583,15,Stand-alone leadingedge neural-net,444.4,236,2026-03-25
46,41,12,Visionary content-based focus group,86.53,330,2025-07-23
47,356,12,Profound value-added archive,759.15,405,2024-09-01
48,401,10,Stand-alone object-oriented Graphical User Interface,741.96,435,2023-12-25
49,426,4,Polarized bandwidth-monitored function,165.71,316,2025-06-03
50,469,7,Universal impactful emulation,820.19,93,2026-03-10
51,98,7,Robust methodical algorithm,630.28,22,2024-05-05
52,162,5,Robust 24/7 customer loyalty,794.88,275,2024-08-20
53,69,12,Managed zero-defect service-desk,655.24,461,2024-03-20
54,506,7,Monitored upward-trending concept,893.18,283,2023-09-06
55,378,2,Self-enabling non-volatile knowledgebase,681.07,258,2024-10-29
56,420,8,Business-focused radical initiative,152.52,106,2025-11-02
57,46,8,Managed 4thgeneration artificial intelligence,28.9,327,2025-08-03
58,391,6,Persistent methodical collaboration,672.62,438,2024-02-03
59,407,1,Pre-emptive disintermediate data-warehouse,14.6,58,2023-10-07
60,335,11,Progressive tertiary database,675.06,248,2025-08-02
61,70,2,Down-sized optimal strategy,495.83,124,2025-06-15
62,144,8,Phased solution-oriented instruction set,739.27,430,2023-11-27
63,175,14,Secured well-modulated attitude,21.16,51,2023-12-29
64,302,2,Customizable dynamic attitude,483.51,200,2023-12-11
65,80,11,Progressive zero administration monitoring,688.4,346,2024-07-13
66,158,8,Fully-configurable discrete implementation,325.48,110,2023-03-12
67,546,4,Monitored transitional neural-net,400.63,24,2025-12-06
68,106,7,Robust even-keeled throughput,622.85,227,2023-04-18
69,5,1,Virtual coherent knowledge user,696.3,392,2024-02-18
70,256,6,Profound disintermediate open architecture,818.33,102,2023-07-07
71,17,7,Configurable intangible framework,30.0,7,2024-11-21
72,197,11,Multi-channeled discrete leverage,603.7,112,2023-07-17
73,172,12,Open-architected intermediate budgetary management,154.5,212,2025-11-15
74,111,14,Function-based bi-directional open architecture,297.78,287,2024-01-24
75,213,15,Universal analyzing array,489.81,480,2025-05-26
76,124,4,Front-line mobile framework,196.32,182,2024-10-24
77,178,1,Enterprise-wide high-level monitoring,364.9,161,2023-01-25
78,399,4,Proactive attitude-oriented attitude,415.59,33,2024-07-24
79,378,1,Open-source modular attitude,65.25,111,2025-04-21
80,309,13,Integrated tertiary capacity,540.98,52,2026-01-03
81,583,3,Down-sized uniform knowledge user,230.48,48,2026-05-13
82,333,11,Multi-lateral exuding attitude,628.19,347,2023-09-30
83,341,3,Business-focused optimal functionalities,573.63,452,2024-10-13
84,494,2,Seamless local functionalities,304.91,311,2026-04-13
85,460,7,Open-source motivating groupware,462.36,379,2024-04-21
86,516,10,Universal exuding circuit,635.63,6,2024-04-21
87,22,10,Assimilated incremental implementation,684.24,63,2024-09-24
88,243,12,Organic bi-directional contingency,388.5,124,2026-06-23
89,82,1,Future-proofed reciprocal flexibility,128.1,255,2024-08-30
90,207,3,Future-proofed discrete framework,341.28,328,2023-03-19
91,244,15,Profound fresh-thinking firmware,654.14,484,2025-06-27
92,337,3,Digitized 4thgeneration structure,253.91,329,2023-03-23
93,534,13,Visionary value-added open system,879.91,331,2024-08-13
94,25,4,Reactive responsive protocol,763.0,169,2024-12-02
95,249,4,Optimized 3rdgeneration workforce,487.67,464,2024-05-23
96,228,10,Re-engineered mobile middleware,786.06,266,2024-10-20
97,188,8,Function-based tangible service-desk,568.65,33,2025-10-03
98,72,4,Profound content-based moderator,51.63,72,2024-02-23
99,129,2,Re-contextualized dedicated orchestration,160.43,281,2024-02-23
100,242,9,Enterprise-wide system-worthy framework,74.95,371,2025-08-14
101,319,3,Diverse stable projection,650.89,125,2025-05-18
102,181,10,Profound asymmetric array,227.82,146,2026-03-26
103,460,11,Devolved solution-oriented core,185.24,441,2025-09-12
104,82,6,Self-enabling intangible complexity,361.42,85,2025-08-22
105,452,7,Reduced transitional data-warehouse,457.23,376,2025-06-06
106,160,14,Quality-focused coherent middleware,858.6,246,2023-02-10
107,391,7,Progressive logistical knowledge user,769.36,388,2024-09-06
108,551,3,Pre-emptive needs-based superstructure,499.79,89,2024-06-10
109,390,8,Proactive dedicated capability,278.72,145,2025-02-07
110,576,10,Face-to-face foreground access,435.35,170,2023-10-07
111,481,4,Focused grid-enabled matrices,143.47,97,2023-01-09
112,14,14,Fundamental dynamic encryption,453.12,371,2025-02-05
113,504,7,Reduced tangible Graphical User Interface,833.48,481,2025-03-19
114,383,7,Assimilated solution-oriented core,443.14,328,2026-04-19
115,73,7,Reverse-engineered leadingedge moderator,797.06,471,2023-09-12
116,395,15,Profound impactful definition,511.21,99,2025-06-12
117,262,13,Adaptive empowering algorithm,822.2,369,2024-12-14
118,522,12,Persistent explicit benchmark,442.31,352,2025-01-24
119,60,11,Right-sized motivating middleware,349.86,217,2024-05-20
120,249,8,Profit-focused multi-tasking infrastructure,35.87,416,2025-01-10
121,29,12,Open-architected disintermediate attitude,600.77,75,2024-06-19
122,467,11,Up-sized multi-tasking database,136.88,126,2026-05-18
123,593,11,Object-based methodical frame,758.15,6,2023-08-28
124,95,11,Open-source systematic customer loyalty,641.88,196,2025-03-25
125,83,9,Fully-configurable static website,819.39,448,2025-05-16
126,170,14,Synergized actuating encryption,387.04,354,2024-09-10
127,513,9,Implemented optimizing flexibility,594.34,195,2026-04-15
128,316,12,Networked maximized throughput,373.38,448,2023-07-02
129,112,11,Balanced clear-thinking website,517.48,408,2024-12-06
130,147,5,Switchable mobile implementation,675.1,476,2025-03-26
131,316,1,Realigned 24/7 productivity,888.38,417,2025-10-04
132,2,2,Operative methodical alliance,67.5,356,2025-05-05
133,538,7,Fundamental next generation application,590.79,375,2025-06-01
134,175,3,Exclusive national database,340.3,360,2023-10-03
135,203,8,Implemented transitional core,167.87,485,2023-08-14
136,462,10,Visionary value-added access,733.85,95,2024-02-16
137,61,12,Optional regional algorithm,168.53,388,2024-01-28
138,266,15,Fully-configurable foreground support,785.09,225,2023-08-12
139,171,2,Multi-channeled homogeneous flexibility,267.34,193,2023-09-13
140,284,2,Up-sized asynchronous info-mediaries,311.22,299,2024-04-25
141,490,8,Organized contextually-based application,607.15,51,2023-01-20
142,63,5,Secured 24/7 Internet solution,677.85,3,2026-04-07
143,43,2,Re-contextualized bottom-line circuit,193.9,405,2023-01-15
144,385,10,Down-sized bi-directional open architecture,470.46,492,2024-06-28
145,498,8,Seamless multi-tasking adapter,682.43,309,2025-05-29
146,345,6,Extended stable circuit,615.25,175,2024-10-07
147,246,6,Optional didactic architecture,600.24,193,2026-06-04
148,59,6,Advanced attitude-oriented utilization,786.39,412,2023-07-25
149,4,8,Fully-configurable multimedia open architecture,784.12,205,2023-10-12
150,27,10,Business-focused next generation software,114.98,271,2024-07-26
151,255,6,Open-source cohesive portal,409.46,351,2025-08-31
152,528,7,Stand-alone value-added solution,595.89,1,2024-10-21
153,18,11,Multi-tiered scalable installation,327.37,23,2024-10-28
154,455,4,Down-sized real-time collaboration,548.04,204,2026-06-08
155,84,6,Ergonomic bottom-line orchestration,387.98,476,2025-09-02
156,103,12,Customer-focused scalable concept,349.44,310,2024-02-04
157,147,14,Enhanced impactful instruction set,470.44,292,2025-10-30
158,33,3,Organic heuristic hub,450.63,44,2024-09-09
159,562,14,Monitored directional moratorium,422.78,458,2025-07-02
160,119,8,Ergonomic methodical projection,598.05,123,2024-05-13
161,217,3,Expanded value-added Graphic Interface,679.15,337,2023-07-03
162,109,7,Polarized radical task-force,894.05,14,2023-11-25
163,335,15,Upgradable tertiary process improvement,348.21,143,2024-03-27
164,264,11,Profit-focused modular service-desk,431.28,459,2023-09-10
165,140,15,Up-sized disintermediate framework,483.41,371,2025-10-04
166,93,13,Object-based national strategy,624.14,446,2024-04-03
167,590,13,Secured zero tolerance encoding,831.83,33,2024-12-03
168,387,15,Seamless bandwidth-monitored neural-net,647.1,376,2025-02-20
169,576,14,Vision-oriented global time-frame,396.07,119,2024-04-02
170,266,2,Devolved bifurcated time-frame,265.41,57,2023-07-02
171,349,12,Team-oriented eco-centric knowledgebase,535.01,96,2023-08-26
172,587,6,Re-contextualized zero tolerance functionalities,119.03,160,2025-02-17
173,591,12,Robust object-oriented customer loyalty,6.49,31,2026-04-23
174,549,4,Reactive intangible parallelism,763.16,216,2024-10-16
175,374,13,Extended neutral database,612.97,407,2023-09-16
176,533,11,Synergistic 5thgeneration throughput,543.44,113,2023-08-07
177,405,1,Fully-configurable next generation hub,486.76,235,2024-10-09
178,149,14,User-centric empowering knowledgebase,848.88,428,2024-03-24
179,512,11,Upgradable coherent model,412.92,307,2024-08-03
180,150,12,Re-engineered holistic pricing structure,600.48,410,2023-03-12
181,328,5,Synchronized eco-centric toolset,454.62,352,2023-09-10
182,281,14,Devolved bottom-line capability,637.33,244,2024-03-17
183,507,5,Future-proofed user-facing Graphical User Interface,635.2,192,2023-05-01
184,342,3,Versatile multimedia hardware,745.95,107,2024-04-05
185,54,15,Multi-tiered bottom-line open system,779.55,91,2025-09-25
186,402,5,Pre-emptive multimedia algorithm,886.02,337,2023-11-23
187,23,9,Implemented next generation synergy,356.09,216,2025-08-27
188,357,13,Cross-platform zero tolerance middleware,355.26,36,2025-12-17
189,290,5,Reverse-engineered secondary support,628.25,99,2026-01-27
190,404,2,Virtual 24/7 collaboration,122.15,385,2026-04-03
191,56,14,Reverse-engineered 6thgeneration attitude,841.44,155,2025-07-26
192,168,10,Progressive web-enabled artificial intelligence,128.11,356,2025-09-15
193,299,15,Public-key attitude-oriented extranet,134.61,111,2024-02-05
194,10,6,Automated logistical project,654.72,294,2023-07-28
195,152,7,Devolved non-volatile flexibility,855.6,218,2023-12-11
196,58,2,Reactive national database,323.24,242,2024-01-03
197,54,2,Cloned multi-tasking architecture,882.34,332,2024-11-24
198,445,3,Adaptive 5thgeneration matrix,566.13,206,2024-05-16
199,35,2,Synchronized 4thgeneration website,220.56,250,2024-09-11
200,177,11,Multi-lateral systemic workforce,671.94,397,2023-07-03
201,475,14,Pre-emptive dynamic methodology,737.27,195,2024-07-17
202,456,6,Polarized dynamic customer loyalty,15.37,59,2023-06-19
203,125,8,Re-engineered web-enabled projection,579.05,465,2025-11-09
204,231,1,Profit-focused local attitude,530.22,293,2025-09-09
205,281,12,Grass-roots 6thgeneration parallelism,672.09,406,2026-04-29
206,186,7,Stand-alone hybrid archive,438.34,330,2025-06-07
207,306,10,Reverse-engineered multi-tasking forecast,117.08,166,2023-05-11
208,551,3,Fully-configurable well-modulated support,367.76,358,2023-02-10
209,404,9,Vision-oriented tangible contingency,736.62,401,2025-12-21
210,501,2,Enhanced 4thgeneration customer loyalty,469.41,299,2026-01-08
211,128,13,Diverse high-level framework,678.91,494,2023-08-29
212,186,14,Horizontal 5thgeneration moratorium,541.19,92,2023-01-11
213,569,8,Decentralized dynamic methodology,721.45,62,2023-03-22
214,132,10,Down-sized tertiary matrix,189.57,82,2023-06-29
215,576,5,Triple-buffered methodical Internet solution,767.04,17,2023-06-23
216,128,9,User-centric dynamic attitude,272.22,494,2026-01-19
217,176,7,Cross-platform systemic functionalities,879.5,336,2023-01-01
218,255,5,Cloned zero administration encryption,46.31,484,2025-11-29
219,301,11,Open-source hybrid hierarchy,483.01,71,2026-03-27
220,503,12,Customer-focused zero tolerance solution,285.07,466,2024-12-22
221,552,9,User-centric disintermediate adapter,192.8,50,2023-04-02
222,243,1,Optional methodical policy,173.32,153,2024-03-16
223,138,10,Virtual attitude-oriented workforce,499.09,302,2025-01-05
224,285,3,Expanded discrete open architecture,657.54,216,2023-06-02
225,564,5,Function-based discrete strategy,238.29,332,2023-12-01
226,410,8,Horizontal upward-trending infrastructure,79.5,130,2025-05-21
227,147,9,Face-to-face stable archive,187.36,322,2024-07-05
228,198,12,Programmable value-added forecast,338.06,336,2025-11-13
229,168,7,Organic human-resource budgetary management,740.29,161,2025-06-07
230,389,1,Down-sized fault-tolerant alliance,867.79,126,2023-06-08
231,277,2,Networked systemic circuit,480.66,350,2026-01-28
232,417,2,Right-sized static database,299.76,45,2025-01-13
233,342,13,Organized motivating parallelism,249.55,444,2024-04-07
234,281,1,Managed systemic frame,92.65,496,2024-03-31
235,388,2,Business-focused encompassing matrix,705.54,63,2023-12-26
236,540,12,Switchable mobile matrices,788.57,301,2025-09-29
237,98,9,Reverse-engineered dynamic concept,317.26,292,2024-07-31
238,565,5,Virtual analyzing middleware,548.67,459,2023-04-09
239,175,6,De-engineered needs-based solution,852.12,199,2024-01-06
240,354,13,Innovative bi-directional model,668.45,495,2025-12-24
241,565,10,Sharable next generation orchestration,794.4,206,2025-09-03
242,131,5,Grass-roots incremental paradigm,13.49,262,2023-11-15
243,130,3,Inverse neutral secured line,344.02,376,2024-07-01
244,55,15,Future-proofed modular capability,654.24,498,2025-01-28
245,256,11,Expanded impactful projection,549.78,361,2025-07-26
246,188,8,Programmable intangible extranet,887.68,408,2025-08-17
247,515,5,Sharable content-based installation,251.85,219,2025-12-02
248,235,5,Realigned bifurcated circuit,573.88,44,2024-09-17
249,417,13,Programmable asymmetric support,284.89,46,2023-06-12
250,79,12,Configurable mission-critical data-warehouse,219.82,47,2023-12-05
251,590,1,Synchronized asynchronous ability,80.69,146,2026-02-08
252,505,13,Intuitive cohesive software,787.54,492,2025-05-18
253,521,15,User-friendly web-enabled artificial intelligence,659.05,245,2025-10-16
254,528,11,Managed incremental contingency,898.16,454,2025-12-26
255,128,7,Proactive next generation support,17.43,97,2023-01-15
256,436,12,Expanded asynchronous utilization,483.21,176,2024-05-15
257,541,11,De-engineered discrete workforce,550.22,310,2025-07-07
258,173,11,Grass-roots client-server pricing structure,837.51,391,2025-12-08
259,231,3,Synergized scalable portal,72.22,429,2023-10-01
260,527,6,Down-sized human-resource extranet,857.46,216,2025-10-11
261,389,3,Polarized human-resource projection,339.08,57,2024-11-23
262,256,14,Robust intangible Graphic Interface,487.5,392,2023-08-30
263,298,5,Business-focused dynamic access,437.39,135,2024-03-12
264,3,12,Cloned multi-tasking Graphical User Interface,569.89,201,2024-03-21
265,313,15,Ameliorated local productivity,840.12,329,2025-11-21
266,37,15,Pre-emptive content-based algorithm,419.43,316,2025-09-26
267,59,6,Secured holistic Graphical User Interface,10.26,235,2024-11-03
268,306,6,Synchronized reciprocal superstructure,100.9,179,2024-01-17
269,412,6,Proactive local product,12.92,220,2025-10-04
270,203,2,Customizable empowering data-warehouse,478.53,460,2023-11-11
271,421,2,Self-enabling secondary solution,822.22,3,2023-11-15
272,257,4,Optional non-volatile support,426.27,191,2024-09-04
273,374,7,Cross-platform leadingedge architecture,803.5,274,2024-07-05
274,112,8,Inverse real-time secured line,592.36,224,2023-11-28
275,144,6,Configurable clear-thinking approach,673.64,2,2025-01-05
276,204,2,Horizontal homogeneous function,174.65,20,2023-10-01
277,405,7,Implemented explicit initiative,670.8,461,2023-03-06
278,165,11,De-engineered methodical firmware,183.09,245,2024-06-28
279,122,7,Cloned didactic service-desk,442.71,253,2023-09-18
280,333,13,Robust mobile framework,689.12,451,2025-03-29
281,514,12,Operative impactful pricing structure,831.58,431,2025-03-07
282,135,2,Re-contextualized zero tolerance emulation,862.11,405,2023-02-13
283,130,3,Innovative transitional Internet solution,312.98,6,2024-04-29
284,54,11,Vision-oriented exuding policy,747.69,219,2026-05-07
285,9,7,Centralized heuristic solution,434.76,144,2025-09-22
286,85,13,Persistent foreground complexity,388.9,316,2023-11-09
287,524,3,Adaptive logistical conglomeration,228.26,392,2023-08-24
288,270,12,Virtual fault-tolerant open architecture,226.37,420,2025-05-28
289,204,8,Streamlined intangible customer loyalty,637.27,414,2023-07-31
290,515,10,Customer-focused stable architecture,167.15,437,2026-04-25
291,153,4,Front-line encompassing customer loyalty,112.8,205,2023-03-20
292,281,4,Face-to-face scalable open architecture,836.53,218,2023-02-06
293,205,2,Cross-group content-based collaboration,778.58,194,2025-04-14
294,538,5,Advanced solution-oriented benchmark,631.63,118,2024-03-30
295,345,7,Optional 3rdgeneration leverage,433.87,261,2025-05-24
296,53,5,Multi-tiered client-server info-mediaries,103.49,186,2024-07-28
297,360,12,Mandatory 4thgeneration interface,379.17,163,2023-04-08
298,187,1,Integrated web-enabled superstructure,5.47,338,2024-10-20
299,218,5,Assimilated didactic installation,427.48,465,2026-05-27
300,104,7,Quality-focused exuding ability,170.42,485,2025-10-03
301,373,6,Upgradable impactful website,277.39,49,2023-01-28
302,566,13,Reverse-engineered local complexity,776.46,169,2025-01-08
303,371,12,Diverse heuristic service-desk,702.02,270,2026-05-23
304,381,4,Persistent contextually-based encryption,586.96,107,2026-04-11
305,394,2,Stand-alone asymmetric capacity,799.03,66,2026-05-17
306,124,1,Customer-focused 5thgeneration knowledge user,529.96,467,2024-01-26
307,198,12,Enterprise-wide web-enabled implementation,403.95,50,2023-06-03
308,560,10,Visionary fault-tolerant collaboration,311.88,371,2025-08-29
309,207,9,Pre-emptive contextually-based Graphic Interface,650.08,22,2023-09-19
310,197,7,Cloned impactful alliance,497.68,129,2026-02-21
311,356,15,Visionary systemic policy,332.57,322,2023-08-29
312,447,2,Operative empowering Local Area Network,437.11,268,2025-10-28
313,23,3,Pre-emptive attitude-oriented initiative,541.23,356,2023-09-22
314,297,1,Inverse demand-driven hardware,860.43,31,2024-01-25
315,408,8,Grass-roots disintermediate website,617.79,445,2025-11-17
316,77,3,Function-based intermediate policy,396.77,260,2025-02-25
317,576,13,Robust systematic function,354.26,310,2024-07-10
318,212,3,Universal multi-state access,8.21,292,2024-03-22
319,10,15,Inverse mobile architecture,836.11,262,2025-07-21
320,516,12,Profound background open architecture,649.91,132,2024-09-13
321,226,5,Proactive multi-state artificial intelligence,638.88,282,2023-09-01
322,176,4,Polarized logistical alliance,45.81,121,2024-08-20
323,41,11,Robust mission-critical infrastructure,137.57,452,2024-07-22
324,137,5,Ergonomic contextually-based pricing structure,786.67,26,2024-05-24
325,216,9,Up-sized coherent database,108.98,332,2024-12-12
326,378,6,Organic content-based challenge,79.5,361,2026-01-29
327,271,12,Expanded grid-enabled budgetary management,124.57,459,2026-06-06
328,302,6,Horizontal zero-defect collaboration,886.8,320,2023-01-22
329,365,4,User-centric discrete synergy,658.77,143,2023-12-28
330,263,1,Triple-buffered transitional Graphic Interface,485.95,444,2026-04-09
331,109,12,Vision-oriented exuding frame,672.45,195,2024-06-11
332,565,4,Team-oriented dynamic contingency,736.07,112,2024-10-26
333,276,4,Horizontal 24/7 model,525.58,413,2025-03-20
334,160,8,Team-oriented hybrid encryption,212.38,371,2025-06-07
335,378,3,Devolved multi-state customer loyalty,812.43,47,2025-10-12
336,186,8,Cross-platform intermediate neural-net,170.59,441,2023-12-27
337,194,10,Versatile coherent service-desk,444.0,373,2024-01-05
338,289,1,Multi-tiered neutral moderator,282.58,453,2023-12-30
339,404,11,User-centric context-sensitive leverage,548.99,35,2023-10-21
340,74,7,Visionary 24hour website,224.49,465,2025-04-04
341,103,12,Profound incremental secured line,476.46,372,2023-01-25
342,103,7,Streamlined high-level analyzer,348.66,56,2023-01-28
343,45,3,Upgradable cohesive architecture,227.26,42,2024-07-02
344,147,11,Upgradable uniform definition,541.67,405,2023-01-20
345,109,9,Optimized actuating middleware,663.83,173,2023-06-24
346,208,3,Balanced human-resource analyzer,434.97,288,2025-06-28
347,168,5,Realigned directional productivity,301.91,79,2024-05-14
348,58,9,Configurable upward-trending strategy,624.37,321,2026-01-18
349,127,1,Phased encompassing productivity,743.3,52,2026-01-20
350,304,2,Synergistic client-driven website,462.82,428,2025-04-30
351,146,1,Pre-emptive empowering forecast,821.38,12,2024-04-09
352,438,7,Progressive optimizing policy,136.89,335,2024-08-10
353,232,15,Reactive needs-based capability,791.69,196,2023-08-19
354,504,3,Multi-tiered value-added strategy,891.73,114,2023-07-28
355,289,6,Realigned system-worthy neural-net,73.27,170,2023-08-31
356,370,15,Front-line solution-oriented function,832.6,43,2023-03-30
357,155,3,Profit-focused transitional frame,388.61,171,2026-05-13
358,186,11,Down-sized intangible contingency,385.58,457,2024-09-09
359,294,6,User-centric holistic success,788.47,138,2025-10-19
360,378,15,Ameliorated explicit archive,242.52,464,2023-06-06
361,3,14,Decentralized next generation Graphic Interface,840.11,76,2023-10-28
362,328,3,Multi-lateral impactful hardware,354.58,369,2025-09-06
363,69,2,Polarized interactive attitude,522.16,491,2024-07-24
364,149,2,Ameliorated neutral complexity,294.12,65,2024-01-08
365,395,6,Programmable multi-state encoding,290.78,217,2025-09-12
366,424,10,Fundamental interactive open system,715.17,170,2023-10-11
367,252,7,Business-focused real-time ability,379.69,254,2026-01-08
368,547,8,Multi-tiered real-time hardware,481.55,420,2024-04-16
369,394,2,Inverse eco-centric help-desk,524.95,215,2025-12-15
370,592,13,Switchable human-resource synergy,625.67,383,2024-03-25
371,90,4,Visionary dedicated core,328.72,104,2023-02-05
372,372,9,Intuitive coherent Graphic Interface,429.15,68,2023-08-14
373,62,15,Enterprise-wide intangible archive,317.66,434,2023-10-13
374,302,8,Intuitive object-oriented neural-net,134.0,436,2026-02-03
375,432,4,User-friendly contextually-based implementation,193.6,114,2023-04-25
376,142,2,Profound bandwidth-monitored solution,866.03,360,2023-10-21
377,387,12,Business-focused foreground project,28.57,494,2025-05-19
378,381,1,Optimized client-driven Graphical User Interface,632.74,339,2026-04-06
379,76,8,Balanced interactive implementation,754.5,445,2023-11-20
380,31,3,Reactive 6thgeneration core,331.88,40,2024-05-16
381,79,1,Self-enabling human-resource application,514.41,416,2025-05-02
382,154,13,Down-sized incremental functionalities,168.26,380,2023-10-14
383,541,12,Decentralized value-added implementation,854.14,240,2025-04-22
384,346,8,Focused foreground project,704.34,355,2023-01-28
385,294,2,Expanded mission-critical core,144.51,451,2023-03-07
386,178,9,Switchable clear-thinking database,148.5,202,2025-05-17
387,466,9,Implemented contextually-based portal,641.7,132,2026-03-17
388,514,5,Centralized 3rdgeneration ability,639.86,216,2023-11-18
389,279,2,Team-oriented eco-centric methodology,471.73,500,2023-09-14
390,217,7,Operative web-enabled initiative,559.03,112,2025-03-14
391,189,14,Seamless solution-oriented extranet,672.66,286,2026-05-24
392,80,14,Intuitive real-time utilization,624.71,244,2024-10-03
393,415,14,Diverse intermediate middleware,345.51,27,2025-01-30
394,435,4,Assimilated needs-based system engine,246.57,53,2023-06-09
395,372,10,Persistent discrete analyzer,702.01,171,2023-02-27
396,246,5,Up-sized object-oriented analyzer,150.66,54,2023-05-14
397,217,10,Re-engineered responsive Graphic Interface,14.81,465,2024-09-25
398,193,9,Down-sized didactic definition,185.53,475,2023-03-08
399,247,5,Multi-tiered content-based utilization,81.1,291,2026-03-02
400,46,10,Customizable eco-centric groupware,887.9,247,2023-04-04
401,50,6,Future-proofed responsive installation,88.41,158,2023-01-18
402,366,13,Configurable high-level contingency,257.74,203,2025-10-21
403,200,6,Enterprise-wide tertiary hardware,677.89,371,2024-12-29
404,133,12,Multi-layered fresh-thinking benchmark,608.83,169,2025-04-14
405,516,2,Reduced solution-oriented infrastructure,454.44,396,2023-11-04
406,25,10,Proactive foreground matrix,717.47,244,2026-04-15
407,39,5,Proactive interactive artificial intelligence,149.28,349,2025-08-06
408,81,15,Optional encompassing success,565.22,487,2024-04-19
409,221,13,Virtual web-enabled middleware,614.9,72,2023-11-26
410,514,9,Centralized zero-defect focus group,893.08,311,2025-12-07
411,350,8,Diverse zero administration productivity,707.88,173,2024-08-18
412,369,10,Customizable zero-defect access,771.07,220,2023-03-23
413,397,4,Ameliorated responsive throughput,191.88,312,2026-05-27
414,77,3,Advanced interactive capacity,512.37,254,2023-07-19
415,16,3,Decentralized tangible neural-net,690.84,158,2026-01-25
416,90,8,Enhanced demand-driven time-frame,89.22,160,2023-12-14
417,303,3,Multi-layered multi-tasking interface,65.99,295,2025-01-14
418,362,2,Expanded hybrid encoding,68.65,363,2025-08-01
419,265,8,Upgradable needs-based intranet,880.73,390,2025-06-24
420,144,2,Reactive object-oriented database,874.64,249,2023-03-23
421,373,14,Cross-group secondary flexibility,261.52,209,2026-06-23
422,133,8,Triple-buffered multi-state workforce,333.22,432,2024-10-04
423,383,2,Right-sized analyzing framework,615.56,259,2025-07-10
424,270,15,Grass-roots non-volatile throughput,788.6,349,2023-03-29
425,59,12,Mandatory contextually-based installation,712.57,358,2026-02-22
426,9,3,Multi-tiered human-resource focus group,768.48,148,2025-02-08
427,163,10,Multi-lateral maximized approach,362.35,37,2024-04-01
428,398,14,Switchable coherent solution,418.73,47,2024-12-15
429,478,8,Open-source stable portal,580.01,460,2025-08-10
430,112,2,Decentralized fault-tolerant migration,166.33,55,2025-03-23
431,444,4,Synergized 24/7 extranet,364.35,33,2024-10-11
432,351,10,Balanced holistic firmware,440.22,359,2025-09-02
433,118,5,Customer-focused coherent matrix,411.84,279,2023-11-15
434,482,3,Face-to-face demand-driven forecast,577.98,163,2026-03-09
435,33,10,Multi-lateral actuating structure,697.9,31,2025-01-10
436,441,8,Visionary system-worthy hierarchy,196.0,108,2023-02-16
437,434,5,Multi-tiered tangible core,230.59,90,2023-06-21
438,146,2,Multi-lateral didactic time-frame,250.14,41,2024-09-02
439,463,14,Stand-alone multi-tasking frame,380.64,109,2024-06-15
440,189,14,Polarized intangible conglomeration,53.09,458,2025-05-27
441,351,13,Extended hybrid circuit,270.72,101,2024-12-16
442,430,8,Distributed multi-state migration,430.56,352,2023-11-26
443,448,6,Distributed systemic process improvement,821.77,292,2025-03-07
444,11,9,Multi-tiered solution-oriented approach,705.84,305,2024-02-11
445,80,12,Persistent bottom-line emulation,602.82,315,2023-10-24
446,332,11,Intuitive methodical policy,887.79,480,2024-10-10
447,15,3,Switchable homogeneous installation,807.36,478,2023-10-30
448,512,14,Right-sized user-facing pricing structure,288.18,405,2025-04-12
449,270,9,Implemented dynamic Graphic Interface,651.44,230,2023-09-15
450,461,11,Object-based real-time toolset,872.65,49,2023-03-16
451,224,12,Multi-channeled system-worthy protocol,881.22,215,2026-01-23
452,171,10,Cross-platform discrete paradigm,342.9,178,2024-03-05
453,196,11,Innovative maximized Graphic Interface,521.26,7,2025-01-28
454,373,1,Right-sized fault-tolerant emulation,275.23,157,2025-10-25
455,128,12,Future-proofed reciprocal info-mediaries,451.71,233,2025-04-27
456,421,6,Organized logistical toolset,320.22,277,2025-05-22
457,536,13,Realigned methodical project,305.55,474,2023-12-27
458,470,7,Focused logistical architecture,338.93,283,2026-05-03
459,167,9,Synchronized high-level contingency,395.1,145,2025-06-14
460,291,12,Triple-buffered modular customer loyalty,560.23,473,2023-07-23
461,90,13,Face-to-face analyzing projection,754.31,45,2023-02-03
462,422,2,User-centric actuating website,449.27,384,2026-07-01
463,558,2,Optimized client-driven matrices,572.0,257,2026-04-05
464,34,11,Organic client-server productivity,264.45,215,2024-03-09
465,229,13,Persevering background architecture,411.88,195,2023-08-23
466,201,14,Self-enabling dynamic Graphic Interface,425.26,63,2024-12-19
467,476,7,Sharable impactful parallelism,817.64,330,2025-03-21
468,8,6,Grass-roots mobile standardization,705.06,259,2024-08-03
469,275,15,Upgradable asymmetric concept,594.51,157,2025-04-29
470,248,1,Optional mobile definition,810.66,212,2023-03-08
471,16,1,Operative full-range approach,142.26,191,2025-11-28
472,326,6,Phased user-facing database,157.51,292,2025-05-30
473,248,9,Fully-configurable bottom-line service-desk,876.26,98,2026-06-16
474,403,14,Function-based 4thgeneration leverage,51.15,477,2026-03-29
475,440,3,Function-based real-time throughput,845.75,199,2023-12-22
476,413,15,Advanced 24hour interface,289.71,81,2025-06-14
477,237,2,Profit-focused dynamic secured line,640.46,64,2025-10-29
478,122,11,Diverse intermediate circuit,521.35,200,2024-06-16
479,567,3,Balanced context-sensitive protocol,854.08,104,2023-07-10
480,96,1,Customer-focused uniform concept,396.48,321,2026-04-30
481,157,1,Face-to-face 3rdgeneration paradigm,558.19,278,2023-06-11
482,586,7,Advanced multi-tasking interface,27.62,375,2023-09-25
483,465,11,Customizable cohesive adapter,570.18,183,2024-01-18
484,246,11,Profit-focused needs-based Graphical User Interface,808.62,152,2024-02-01
485,549,14,Realigned didactic approach,224.49,399,2025-02-13
486,267,11,Networked web-enabled groupware,51.31,42,2023-10-22
487,24,11,Object-based static encoding,886.38,443,2023-07-31
488,114,8,Focused tangible hierarchy,834.83,62,2023-08-08
489,146,5,Exclusive homogeneous moderator,239.48,92,2023-07-10
490,80,8,Multi-lateral tangible customer loyalty,760.93,467,2024-03-01
491,401,2,Balanced secondary challenge,444.47,11,2025-04-27
492,76,8,Synchronized empowering archive,863.49,39,2024-03-06
493,430,7,Total tangible monitoring,801.28,324,2025-07-12
494,165,3,Optional zero tolerance functionalities,272.38,462,2024-01-01
495,581,11,Pre-emptive client-driven definition,547.95,16,2023-08-29
496,352,6,Optional explicit ability,438.09,314,2026-05-13
497,560,1,Exclusive 4thgeneration success,146.75,379,2024-06-05
498,125,4,Networked mobile Graphic Interface,547.46,274,2023-02-17
499,531,9,Centralized regional synergy,686.05,110,2025-01-17
500,118,15,Right-sized value-added attitude,199.17,167,2023-10-11
501,226,2,Re-contextualized tangible knowledge user,656.32,481,2023-09-17
502,275,5,Managed foreground functionalities,436.0,488,2023-07-08
503,357,12,Streamlined fault-tolerant solution,498.58,150,2025-08-14
504,508,7,Synchronized web-enabled process improvement,463.82,204,2024-01-31
505,257,3,Advanced explicit matrix,182.09,433,2024-07-29
506,403,2,Networked zero administration productivity,527.36,392,2026-04-18
507,320,3,Optional directional parallelism,715.71,488,2025-09-26
508,444,15,Balanced heuristic solution,404.3,305,2024-07-10
509,327,10,Optional grid-enabled challenge,101.26,196,2025-05-29
510,205,10,Reduced full-range conglomeration,320.85,459,2023-05-12
511,461,3,Object-based content-based hub,801.05,490,2025-11-13
512,260,10,Right-sized actuating focus group,371.77,309,2025-12-22
513,361,7,Exclusive even-keeled capacity,31.79,92,2024-10-22
514,440,13,Assimilated maximized hardware,171.38,125,2023-05-29
515,221,11,Organic methodical infrastructure,337.63,74,2024-10-05
516,126,1,Networked asynchronous encryption,290.13,5,2024-11-04
517,219,8,Adaptive directional adapter,512.87,164,2024-04-21
518,576,2,Open-source solution-oriented ability,350.09,308,2024-03-10
519,540,4,Customer-focused optimizing functionalities,97.1,142,2026-05-29
520,77,10,Networked leadingedge matrix,803.92,215,2025-06-10
521,326,14,Ergonomic background utilization,291.5,100,2023-04-12
522,506,8,Public-key neutral focus group,46.87,140,2025-05-12
523,123,2,Digitized zero-defect circuit,410.23,307,2024-10-31
524,393,4,Future-proofed modular monitoring,520.88,145,2023-02-06
525,590,1,Right-sized dedicated approach,820.91,145,2023-09-26
526,413,1,Networked non-volatile service-desk,806.76,470,2025-12-16
527,41,6,Digitized reciprocal adapter,582.06,35,2025-08-20
528,98,14,Universal global synergy,723.24,370,2024-09-08
529,282,6,Multi-layered explicit secured line,679.54,204,2023-06-13
530,570,13,Exclusive multi-state archive,285.28,313,2023-04-07
531,403,5,Diverse next generation superstructure,628.32,232,2025-10-07
532,125,14,Multi-channeled tangible moratorium,339.64,316,2023-07-30
533,30,4,Enterprise-wide optimizing flexibility,47.8,5,2023-10-12
534,108,6,Extended needs-based alliance,775.93,370,2025-06-11
535,232,3,Advanced contextually-based function,83.76,370,2025-01-25
536,551,1,Cross-platform tertiary concept,841.02,444,2023-04-18
537,266,15,Open-architected value-added alliance,707.51,56,2023-04-09
538,312,2,Expanded full-range function,241.03,352,2026-06-08
539,389,5,Enterprise-wide fresh-thinking productivity,630.3,473,2023-10-10
540,598,8,Self-enabling tangible open architecture,112.3,163,2023-10-31
541,599,15,Multi-channeled systemic process improvement,765.88,458,2025-04-26
542,458,11,Intuitive multimedia utilization,114.51,270,2024-05-07
543,592,8,Automated asynchronous core,596.83,499,2024-07-28
544,330,13,De-engineered human-resource flexibility,659.11,115,2023-07-08
545,271,13,Innovative mobile data-warehouse,270.12,42,2024-12-23
546,572,14,Reduced neutral extranet,786.21,337,2024-02-26
547,80,2,Polarized 4thgeneration process improvement,874.72,30,2024-03-11
548,14,11,Phased solution-oriented forecast,198.43,419,2025-02-27
549,193,8,Progressive well-modulated standardization,98.55,106,2026-04-24
550,541,9,Open-source responsive standardization,773.31,389,2024-09-30
551,465,11,Multi-lateral didactic attitude,142.82,258,2023-08-05
552,134,4,Enhanced system-worthy protocol,825.43,197,2025-07-15
553,526,4,Reactive secondary hub,703.11,96,2023-05-21
554,285,7,Multi-layered composite knowledge user,151.95,157,2026-03-28
555,105,3,Right-sized real-time task-force,417.54,54,2023-08-14
556,247,1,Exclusive homogeneous infrastructure,805.21,95,2024-06-30
557,30,8,Enterprise-wide grid-enabled framework,597.38,231,2024-12-21
558,272,2,Profit-focused secondary secured line,834.59,43,2024-12-26
559,442,4,Stand-alone 24hour budgetary management,139.79,257,2025-06-01
560,521,6,Self-enabling system-worthy approach,52.57,139,2025-01-27
561,101,1,Focused value-added artificial intelligence,585.51,374,2025-05-15
562,199,5,Persevering systemic extranet,174.55,90,2026-05-01
563,283,9,Streamlined motivating matrix,548.66,265,2025-06-06
564,112,11,Assimilated executive array,49.62,127,2023-08-16
565,225,2,Progressive systematic Local Area Network,52.55,18,2026-03-24
566,273,4,Upgradable leadingedge moratorium,63.92,51,2024-07-18
567,232,15,Multi-tiered dynamic toolset,560.09,366,2025-04-08
568,402,7,Ameliorated logistical middleware,95.66,375,2024-07-03
569,508,4,Cloned multi-tasking algorithm,158.06,104,2024-12-12
570,295,12,Multi-tiered global parallelism,538.69,375,2023-01-07
571,97,3,Persevering discrete data-warehouse,455.39,358,2026-06-28
572,489,12,Self-enabling multi-tasking throughput,278.26,464,2024-05-03
573,175,6,Cross-group exuding protocol,614.88,85,2024-01-19
574,341,15,Front-line foreground protocol,412.41,492,2023-01-27
575,486,7,Up-sized radical knowledge user,303.97,90,2024-06-24
576,79,3,Exclusive tangible structure,612.88,436,2023-01-20
577,361,8,Expanded grid-enabled superstructure,526.92,250,2024-05-21
578,484,2,Configurable attitude-oriented Graphical User Interface,45.42,8,2026-03-07
579,298,14,Multi-lateral client-server extranet,209.31,257,2023-12-09
580,151,13,Cross-group grid-enabled superstructure,89.04,155,2024-11-18
581,464,8,Polarized local policy,662.65,279,2024-06-11
582,499,5,Down-sized scalable groupware,331.03,6,2024-12-23
583,309,12,Quality-focused responsive strategy,303.69,265,2026-05-05
584,496,2,Intuitive didactic algorithm,246.58,265,2023-02-12
585,152,7,Re-engineered client-server complexity,771.35,337,2023-10-18
586,366,8,Optional homogeneous hierarchy,32.65,295,2025-06-01
587,369,4,Stand-alone multi-state capacity,671.2,99,2025-02-12
588,111,5,User-friendly responsive projection,790.03,347,2026-01-20
589,461,15,Front-line stable middleware,476.57,135,2024-12-15
590,340,7,Customizable web-enabled flexibility,532.28,483,2024-07-19
591,317,4,Horizontal zero administration policy,41.77,266,2024-12-04
592,126,7,Ergonomic contextually-based neural-net,716.81,290,2024-12-11
593,296,2,Robust zero-defect hardware,872.67,255,2023-10-29
594,478,11,Mandatory local portal,139.44,494,2024-08-16
595,572,11,Customizable multi-state service-desk,150.52,249,2024-08-13
596,67,13,Centralized full-range core,268.77,232,2023-03-25
597,223,5,User-friendly demand-driven leverage,743.79,63,2023-04-19
598,501,5,Upgradable well-modulated open architecture,9.55,180,2023-01-02
599,52,5,Virtual foreground project,128.25,449,2024-08-03
600,515,11,Customizable composite collaboration,862.87,287,2023-11-14
601,89,12,Enhanced upward-trending orchestration,247.24,375,2024-02-07
602,443,10,Multi-lateral scalable process improvement,826.83,148,2024-03-24
603,33,8,Extended full-range projection,839.97,127,2025-03-02
604,433,7,Optional encompassing installation,870.37,50,2024-06-19
605,310,10,Centralized 24/7 hierarchy,283.1,288,2025-06-11
606,331,13,Optional bifurcated frame,522.45,349,2024-02-13
607,257,3,Cross-group zero-defect system engine,377.59,102,2024-09-08
608,313,2,Balanced encompassing open architecture,271.1,474,2025-08-02
609,559,3,Profit-focused homogeneous middleware,341.48,448,2025-06-13
610,99,3,Reduced impactful Graphical User Interface,476.27,355,2024-10-03
611,516,15,Organic asymmetric software,618.21,183,2025-08-17
612,363,7,Fundamental intangible middleware,422.55,492,2025-04-20
613,473,1,Grass-roots uniform secured line,821.73,13,2025-05-12
614,91,13,Pre-emptive contextually-based middleware,130.81,464,2024-09-11
615,249,10,Reverse-engineered hybrid definition,463.42,65,2026-06-25
616,557,15,Adaptive needs-based capability,511.18,150,2023-04-20
617,403,3,De-engineered value-added software,365.62,3,2025-08-05
618,531,8,Synergistic attitude-oriented parallelism,756.07,43,2023-04-23
619,277,14,Optional local productivity,887.62,54,2024-11-13
620,100,14,Fully-configurable responsive portal,265.06,246,2024-11-09
621,63,2,Polarized bottom-line website,667.71,345,2025-11-12
622,55,12,Digitized responsive implementation,188.52,73,2026-02-25
623,508,3,Extended mission-critical service-desk,205.06,345,2023-11-13
624,309,11,Organic contextually-based matrices,283.24,479,2023-01-14
625,497,10,Exclusive 24/7 workforce,620.55,58,2023-05-18
626,1,3,Stand-alone bi-directional frame,545.38,61,2025-11-30
627,100,4,Assimilated multi-state hierarchy,187.83,242,2023-02-20
628,518,8,Assimilated secondary methodology,354.68,474,2023-09-07
629,308,7,Balanced multimedia Graphical User Interface,437.92,94,2024-04-26
630,560,5,Configurable logistical initiative,740.4,348,2025-06-18
631,127,7,Organic global standardization,135.88,11,2024-01-14
632,146,14,Configurable stable secured line,671.41,123,2023-12-16
633,524,12,Open-architected asynchronous algorithm,631.16,102,2025-09-02
634,492,5,De-engineered mobile productivity,264.05,51,2026-04-20
635,505,6,Organic optimal open architecture,602.58,200,2025-03-01
636,110,8,Profound global encoding,378.11,217,2023-10-31
637,29,5,Face-to-face responsive parallelism,414.08,288,2025-03-08
638,12,10,Optional background pricing structure,275.96,330,2026-06-23
639,456,1,Exclusive systemic website,817.75,181,2023-10-13
640,480,15,Profound attitude-oriented time-frame,652.13,141,2023-01-19
641,163,6,Balanced mission-critical neural-net,453.06,440,2025-10-27
642,216,6,Upgradable client-server time-frame,812.77,268,2025-03-10
643,526,2,Profound dynamic installation,161.16,77,2024-12-21
644,577,6,Persevering real-time instruction set,416.23,439,2023-10-14
645,286,13,Total tangible budgetary management,687.52,155,2025-03-17
646,70,15,Devolved upward-trending access,756.19,247,2025-02-10
647,484,10,Synchronized mobile orchestration,594.77,294,2025-11-04
648,539,5,Multi-lateral non-volatile matrix,120.82,165,2026-04-20
649,595,6,Ameliorated regional core,528.11,424,2025-04-06
650,70,1,Diverse bi-directional flexibility,31.41,375,2023-11-22
651,238,2,Customizable neutral toolset,600.4,255,2025-09-02
652,332,13,Configurable systematic moratorium,212.21,395,2024-04-29
653,108,15,Implemented discrete toolset,793.27,372,2025-02-25
654,431,15,Virtual real-time leverage,62.6,313,2024-05-27
655,118,1,Team-oriented regional application,762.88,37,2025-06-23
656,384,10,Cross-platform modular structure,570.0,15,2023-12-23
657,329,2,Horizontal 3rdgeneration encryption,630.35,193,2023-09-30
658,588,9,Secured leadingedge contingency,183.75,129,2025-10-02
659,449,11,User-centric contextually-based encryption,261.04,103,2023-11-28
660,445,14,Grass-roots context-sensitive secured line,478.02,404,2024-01-29
661,89,10,Streamlined background workforce,26.69,491,2023-07-17
662,209,1,Intuitive exuding data-warehouse,729.95,457,2023-01-11
663,369,13,Quality-focused 5thgeneration adapter,370.17,279,2023-05-28
664,349,3,Persevering clear-thinking utilization,615.7,490,2025-12-17
665,509,4,Synchronized non-volatile challenge,749.99,292,2025-08-28
666,513,6,Expanded intangible hardware,324.04,460,2026-02-18
667,142,13,Total leadingedge throughput,65.09,218,2025-02-09
668,73,10,Robust multi-tasking parallelism,74.93,400,2025-11-25
669,306,2,Customer-focused executive Internet solution,110.54,118,2023-04-16
670,554,6,Realigned global Internet solution,25.17,420,2024-08-16
671,258,7,Up-sized eco-centric policy,634.42,34,2023-11-20
672,295,2,Enterprise-wide coherent interface,483.3,123,2025-11-26
673,513,5,Centralized eco-centric conglomeration,362.29,29,2026-01-23
674,114,10,Customer-focused mission-critical collaboration,426.52,469,2024-06-22
675,31,1,Multi-lateral upward-trending focus group,307.54,133,2024-02-15
676,343,15,User-centric 5thgeneration attitude,689.43,71,2024-02-23
677,561,14,Function-based next generation Internet solution,661.81,473,2023-05-08
678,242,8,Cross-platform client-server intranet,70.25,485,2026-02-28
679,37,6,Cross-platform disintermediate support,883.04,486,2025-05-02
680,83,15,Universal zero tolerance policy,498.52,484,2023-09-23
681,278,12,Assimilated full-range core,42.35,18,2025-10-14
682,520,4,Open-source clear-thinking Internet solution,587.04,220,2025-09-05
683,311,13,Compatible leadingedge methodology,765.59,497,2024-04-11
684,22,15,Configurable systematic emulation,54.53,396,2024-02-06
685,548,10,Inverse demand-driven model,774.95,349,2023-02-07
686,566,8,Streamlined optimal portal,51.66,392,2025-02-11
687,129,7,Centralized non-volatile info-mediaries,632.69,281,2023-10-10
688,119,8,Visionary responsive parallelism,110.59,315,2025-01-23
689,361,4,Multi-channeled object-oriented frame,312.09,470,2023-04-29
690,244,4,Stand-alone hybrid policy,87.32,5,2024-04-10
691,423,12,Networked coherent open system,678.54,413,2026-01-03
692,582,1,Distributed exuding access,891.88,7,2024-05-26
693,59,2,Inverse next generation protocol,55.7,224,2024-01-05
694,290,1,Business-focused user-facing intranet,286.13,308,2024-05-15
695,300,3,Front-line interactive help-desk,547.47,245,2023-09-08
696,79,2,Object-based attitude-oriented artificial intelligence,228.92,278,2024-02-26
697,507,12,Profound secondary knowledge user,663.01,182,2024-03-27
698,455,12,User-centric web-enabled firmware,275.92,187,2026-02-03
699,300,14,Business-focused transitional matrices,590.0,269,2024-07-01
700,327,12,Team-oriented empowering pricing structure,489.56,53,2023-04-21
701,355,15,Reverse-engineered systemic archive,372.69,486,2026-06-27
702,498,5,Virtual bottom-line hierarchy,75.2,466,2023-10-08
703,534,4,Multi-channeled dedicated process improvement,277.91,283,2024-03-07
704,126,6,Assimilated bottom-line help-desk,653.79,403,2023-10-18
705,37,4,Re-engineered regional intranet,630.01,332,2025-07-18
706,117,1,Ergonomic impactful frame,451.51,17,2024-07-07
707,285,10,Focused fresh-thinking synergy,348.83,423,2023-06-23
708,62,5,Assimilated secondary leverage,769.83,196,2025-10-11
709,20,14,Balanced user-facing budgetary management,347.41,227,2023-04-01
710,230,4,Self-enabling regional complexity,344.49,337,2025-06-01
711,546,1,Versatile optimal hub,596.05,16,2026-01-14
712,357,15,Adaptive scalable help-desk,28.25,311,2024-11-19
713,269,13,Balanced multi-state instruction set,679.21,110,2023-02-26
714,350,12,Networked attitude-oriented ability,747.16,222,2025-05-25
715,59,13,Robust bi-directional superstructure,102.73,198,2024-08-11
716,548,8,Team-oriented intermediate hierarchy,384.32,368,2026-03-09
717,532,5,Automated executive product,150.47,195,2025-08-15
718,244,3,Sharable regional customer loyalty,817.39,143,2024-07-15
719,88,4,Re-engineered systematic standardization,695.34,151,2024-11-22
720,585,7,Progressive actuating toolset,39.54,140,2025-01-10
721,276,11,Monitored 24hour framework,229.2,334,2026-05-30
722,13,2,Integrated composite array,279.66,338,2024-10-19
723,271,14,Progressive foreground budgetary management,165.0,236,2023-02-05
724,451,1,De-engineered actuating encryption,422.45,494,2025-01-04
725,492,11,Stand-alone human-resource circuit,760.66,111,2025-04-16
726,60,10,Optimized full-range system engine,845.25,141,2026-06-03
727,565,6,Face-to-face demand-driven implementation,858.19,225,2024-01-04
728,265,13,Managed interactive frame,709.12,132,2025-10-10
729,131,4,Fully-configurable intermediate open system,569.14,75,2026-06-19
730,51,4,Function-based secondary conglomeration,107.42,19,2024-01-13
731,519,14,Adaptive local hub,399.07,162,2023-03-27
732,567,12,Horizontal client-server Graphic Interface,209.01,487,2024-06-14
733,264,1,Monitored composite encryption,612.15,439,2024-12-24
734,554,12,Innovative upward-trending solution,45.03,120,2024-12-17
735,112,2,Re-contextualized dynamic strategy,458.7,57,2025-11-12
736,80,4,User-centric clear-thinking time-frame,187.61,292,2025-01-30
737,426,2,Grass-roots attitude-oriented Graphic Interface,579.48,448,2024-08-02
738,147,1,Synergistic hybrid middleware,297.24,403,2025-01-07
739,344,7,Reactive 6thgeneration system engine,808.16,191,2025-08-21
740,302,10,Switchable uniform knowledgebase,32.88,188,2023-04-02
741,298,15,Digitized neutral groupware,139.3,302,2023-02-22
742,109,10,Optional 24hour algorithm,194.26,160,2025-11-12
743,521,13,Pre-emptive directional moratorium,525.42,176,2024-03-16
744,388,14,Public-key regional workforce,526.49,336,2023-11-04
745,391,13,Inverse 3rdgeneration project,898.04,40,2023-06-08
746,230,10,Stand-alone bottom-line neural-net,455.62,294,2026-01-27
747,429,9,Adaptive static website,661.07,433,2025-12-16
748,53,10,Managed attitude-oriented access,427.72,268,2025-12-01
749,452,6,Virtual zero-defect hub,245.91,428,2026-03-24
750,301,15,Customizable tangible success,223.4,124,2025-01-11
751,237,8,Configurable object-oriented database,286.75,497,2023-08-25
752,247,8,Configurable web-enabled strategy,660.84,450,2025-04-19
753,371,2,Horizontal foreground access,320.02,258,2023-06-06
754,371,11,Integrated bifurcated array,438.31,117,2025-07-08
755,429,4,Self-enabling high-level middleware,514.55,423,2023-09-14
756,551,4,Triple-buffered clear-thinking challenge,699.91,208,2026-04-12
757,142,10,Progressive client-server functionalities,237.94,146,2024-11-30
758,322,2,Profit-focused heuristic Local Area Network,77.94,215,2025-10-31
759,152,10,Triple-buffered local access,447.3,451,2024-02-10
760,185,15,Down-sized non-volatile open architecture,411.38,85,2023-09-05
761,429,5,Sharable 5thgeneration knowledge user,690.12,364,2025-08-20
762,104,3,Triple-buffered bifurcated portal,783.16,426,2025-06-02
763,25,12,Visionary scalable hub,154.4,37,2023-09-29
764,528,14,Operative 4thgeneration hardware,478.72,198,2025-05-14
765,363,3,De-engineered multimedia hierarchy,365.06,285,2024-05-09
766,301,2,Stand-alone tertiary software,306.43,422,2024-11-20
767,111,12,Multi-tiered client-server Graphical User Interface,45.48,378,2024-12-27
768,460,15,Inverse secondary model,370.93,230,2025-06-11
769,297,13,Compatible tangible system engine,432.0,68,2024-01-11
770,522,2,Fully-configurable value-added instruction set,141.26,3,2026-04-30
771,379,11,Multi-tiered incremental artificial intelligence,586.21,194,2024-10-18
772,450,3,Vision-oriented national open architecture,460.25,301,2024-07-26
773,100,4,Automated actuating pricing structure,271.12,174,2023-04-09
774,578,9,Streamlined zero tolerance software,808.07,296,2025-11-06
775,437,5,Persevering coherent focus group,293.9,163,2024-01-01
776,147,1,Multi-layered real-time hub,733.51,376,2024-03-07
777,441,9,Inverse client-server attitude,254.03,450,2026-06-14
778,322,2,Devolved client-driven benchmark,315.86,84,2023-08-31
779,295,5,Managed holistic initiative,440.53,114,2023-12-13
780,296,15,Synergized content-based benchmark,237.18,310,2023-08-06
781,238,11,Synchronized even-keeled protocol,254.36,49,2024-02-28
782,566,14,Fundamental static algorithm,460.27,86,2023-02-26
783,41,15,Future-proofed fresh-thinking software,488.14,409,2024-02-04
784,7,8,Optional motivating website,750.08,13,2025-01-26
785,209,5,Fundamental mobile knowledgebase,847.91,292,2025-05-23
786,456,9,Inverse intermediate complexity,117.92,232,2024-08-27
787,113,12,Multi-tiered regional budgetary management,637.15,432,2023-09-03
788,456,15,Horizontal context-sensitive success,391.87,134,2023-06-27
789,141,5,Diverse secondary paradigm,659.8,59,2024-12-25
790,81,12,Digitized logistical benchmark,715.01,372,2023-06-02
791,335,3,Adaptive human-resource website,458.81,141,2025-07-17
792,526,11,Reverse-engineered mission-critical initiative,700.45,361,2024-10-06
793,40,7,Organized foreground superstructure,94.88,361,2025-12-03
794,326,4,Mandatory responsive model,758.07,338,2023-03-14
795,9,4,Fully-configurable bandwidth-monitored artificial intelligence,127.49,192,2024-03-26
796,201,5,Centralized national benchmark,425.74,248,2024-01-19
797,509,5,Down-sized content-based flexibility,122.94,325,2023-07-01
798,529,14,Public-key real-time encryption,652.33,109,2023-01-07
799,445,2,Enterprise-wide didactic info-mediaries,444.16,312,2024-03-03
800,183,1,Implemented scalable groupware,379.24,134,2026-06-10
801,390,11,Cross-group systematic budgetary management,527.58,326,2024-12-15
802,496,9,Quality-focused intermediate Graphic Interface,592.95,92,2024-09-06
803,238,15,Seamless multi-state productivity,266.43,248,2025-09-30
804,402,10,Cross-group maximized support,324.62,246,2024-08-28
805,99,4,Virtual intermediate ability,105.56,451,2024-08-11
806,430,8,Reactive upward-trending secured line,296.22,339,2025-05-20
807,119,3,Business-focused methodical policy,420.93,163,2023-08-21
808,356,12,Horizontal impactful installation,361.28,65,2025-09-17
809,501,10,Universal bifurcated definition,373.73,120,2023-03-01
810,298,5,Centralized dedicated algorithm,459.19,455,2025-04-17
811,63,9,Upgradable disintermediate workforce,695.75,133,2024-10-12
812,422,7,Monitored human-resource circuit,729.07,217,2025-03-27
813,267,15,Self-enabling context-sensitive artificial intelligence,53.89,248,2024-03-24
814,348,11,Ergonomic global access,737.57,157,2025-07-05
815,420,4,Open-architected empowering leverage,517.38,85,2026-01-02
816,212,13,Devolved systematic algorithm,564.62,485,2026-06-10
817,338,3,Switchable responsive parallelism,546.43,10,2023-02-13
818,389,2,Multi-layered national leverage,703.48,170,2024-12-23
819,567,2,Open-architected 24/7 service-desk,591.15,265,2024-03-07
820,371,9,Cloned tangible productivity,182.59,80,2026-01-02
821,406,14,Diverse value-added support,647.44,148,2023-11-27
822,383,6,Cross-group disintermediate solution,374.98,283,2024-05-24
823,14,1,Face-to-face actuating synergy,761.7,386,2025-12-14
824,105,9,Mandatory maximized secured line,361.14,248,2023-03-28
825,161,5,Cross-group high-level benchmark,274.8,117,2024-05-21
826,35,5,Right-sized high-level pricing structure,676.16,416,2025-02-12
827,411,3,Face-to-face dedicated matrices,737.36,448,2024-07-06
828,87,2,Devolved holistic artificial intelligence,71.12,369,2025-04-30
829,21,1,Expanded directional monitoring,669.66,277,2026-05-23
830,156,2,Optional web-enabled data-warehouse,663.6,405,2025-03-12
831,199,14,Re-engineered reciprocal knowledge user,547.08,159,2024-10-24
832,436,9,Monitored executive Internet solution,670.41,154,2024-07-15
833,470,4,Quality-focused coherent standardization,94.2,496,2026-03-26
834,483,7,Ergonomic motivating Graphical User Interface,265.65,47,2024-03-31
835,417,9,Phased dedicated capability,254.3,145,2025-12-28
836,519,4,De-engineered holistic knowledge user,347.25,254,2025-03-17
837,382,13,Extended directional flexibility,494.18,55,2025-07-15
838,230,10,Automated foreground core,877.79,203,2024-04-20
839,458,6,Fully-configurable non-volatile website,431.73,55,2024-09-28
840,341,3,Reduced secondary access,729.65,499,2023-06-21
841,98,9,Vision-oriented stable concept,156.47,442,2025-09-30
842,256,2,Operative global portal,131.48,315,2025-08-27
843,536,12,Distributed intermediate initiative,756.48,389,2024-04-21
844,61,13,Managed 3rdgeneration open system,446.6,210,2024-09-29
845,346,14,Front-line mission-critical customer loyalty,139.79,164,2026-03-03
846,417,14,Balanced analyzing attitude,9.98,353,2024-03-04
847,576,13,Open-source dedicated neural-net,442.4,255,2024-10-03
848,242,6,Quality-focused asynchronous leverage,417.92,247,2025-11-19
849,569,14,Pre-emptive clear-thinking secured line,667.01,375,2023-06-16
850,108,7,Distributed 24/7 workforce,630.82,192,2023-09-18
851,14,3,Cross-group 24/7 product,470.34,62,2023-12-07
852,203,8,Up-sized content-based conglomeration,783.42,58,2023-03-21
853,435,8,Profound directional artificial intelligence,157.79,411,2025-12-10
854,499,3,Configurable asymmetric ability,675.34,280,2025-05-06
855,409,1,Ergonomic reciprocal Local Area Network,270.58,222,2024-08-25
856,278,9,Implemented methodical collaboration,293.53,455,2025-01-31
857,578,11,Universal web-enabled policy,153.51,148,2025-12-07
858,210,13,Multi-layered intermediate standardization,554.52,365,2025-01-30
859,532,10,Versatile executive interface,229.85,236,2024-03-07
860,339,15,Streamlined object-oriented productivity,673.34,436,2023-10-05
861,169,9,Implemented mobile standardization,644.99,242,2023-01-21
862,326,7,Compatible dynamic standardization,165.4,240,2023-05-18
863,6,5,Balanced logistical website,632.8,102,2023-07-12
864,551,8,Digitized 3rdgeneration instruction set,301.27,31,2025-08-17
865,161,2,Customer-focused 24hour contingency,318.65,286,2024-04-07
866,354,11,Profit-focused disintermediate focus group,17.64,98,2024-07-16
867,292,14,Re-engineered interactive productivity,820.79,218,2026-04-11
868,314,6,Adaptive impactful product,563.92,206,2024-06-05
869,575,9,Switchable bi-directional info-mediaries,579.22,103,2023-06-08
870,157,2,User-friendly even-keeled standardization,658.93,143,2024-01-01
871,270,10,Reactive didactic budgetary management,96.57,408,2025-12-05
872,393,6,Enterprise-wide dedicated alliance,520.2,436,2026-04-27
873,284,13,Object-based multimedia archive,664.84,315,2025-08-27
874,215,3,Enhanced foreground superstructure,7.38,118,2024-03-19
875,94,15,Profit-focused methodical moderator,723.99,75,2023-10-21
876,169,8,Customizable secondary product,787.77,165,2023-06-09
877,54,3,Configurable systematic approach,462.97,225,2025-05-21
878,484,6,De-engineered global conglomeration,275.78,389,2023-08-29
879,247,9,Pre-emptive 6thgeneration interface,356.95,396,2025-02-28
880,486,6,Sharable bandwidth-monitored challenge,284.02,267,2024-10-11
881,544,2,Devolved human-resource alliance,795.53,431,2024-03-14
882,171,11,Synergistic intangible solution,751.07,364,2023-10-20
883,448,9,Cross-platform executive superstructure,400.26,355,2024-05-28
884,124,9,Enhanced eco-centric functionalities,810.28,333,2024-12-14
885,183,1,Reactive intermediate flexibility,780.18,437,2025-08-12
886,355,12,Configurable explicit Graphical User Interface,384.54,315,2026-02-20
887,196,7,User-friendly multimedia contingency,339.9,477,2023-01-22
888,201,8,Face-to-face asymmetric customer loyalty,328.08,99,2023-01-12
889,318,6,Total national toolset,89.22,188,2024-06-03
890,515,15,Innovative composite open architecture,16.62,139,2023-03-10
891,282,11,Persistent dedicated emulation,433.46,22,2024-06-02
892,281,11,Exclusive 3rdgeneration intranet,56.21,292,2023-03-04
893,483,10,Organized demand-driven Local Area Network,570.84,251,2023-12-22
894,485,12,Multi-layered didactic function,788.06,384,2026-01-22
895,107,1,Proactive encompassing Local Area Network,335.72,313,2023-11-10
896,182,14,Grass-roots homogeneous framework,766.58,42,2025-05-09
897,123,1,Advanced coherent core,401.81,363,2023-05-08
898,322,2,Advanced heuristic help-desk,772.8,142,2024-02-02
899,18,6,Stand-alone fault-tolerant solution,754.35,434,2024-10-10
900,174,15,Configurable clear-thinking budgetary management,887.7,369,2025-01-20
901,529,1,Diverse fault-tolerant circuit,846.78,206,2025-05-02
902,63,2,Programmable didactic groupware,177.67,389,2025-10-24
903,152,12,Virtual scalable policy,243.63,88,2025-06-27
904,46,5,Self-enabling eco-centric infrastructure,549.62,352,2025-11-01
905,420,3,Cloned analyzing protocol,573.58,431,2023-01-07
906,319,5,Open-source 24/7 website,506.69,60,2024-11-30
907,478,10,Self-enabling bottom-line focus group,753.3,44,2026-03-05
908,475,2,Business-focused disintermediate emulation,109.04,46,2024-01-09
909,89,3,Networked modular interface,289.15,320,2023-02-11
910,174,13,Reverse-engineered transitional budgetary management,14.33,326,2025-02-06
911,472,2,Devolved directional hardware,790.08,482,2024-05-20
912,316,14,Synergistic local orchestration,614.39,482,2024-01-27
913,136,5,Customer-focused 4thgeneration access,52.73,361,2024-08-10
914,183,5,Sharable content-based customer loyalty,130.67,161,2025-04-27
915,232,14,Cross-platform hybrid knowledge user,173.47,452,2024-02-13
916,182,5,Universal zero-defect hub,237.11,225,2024-06-25
917,95,8,Triple-buffered well-modulated synergy,322.85,186,2024-12-15
918,536,8,Seamless 24/7 infrastructure,747.39,351,2023-12-16
919,38,14,Enhanced 5thgeneration matrix,528.76,79,2026-01-06
920,583,4,Advanced object-oriented support,894.4,222,2024-12-11
921,296,4,Progressive human-resource knowledge user,311.24,495,2025-10-28
922,565,14,Synergized object-oriented groupware,670.09,137,2023-07-05
923,526,13,Configurable explicit customer loyalty,193.59,111,2025-08-15
924,268,1,Universal asymmetric initiative,830.11,264,2024-01-17
925,487,3,Multi-layered tangible middleware,423.18,165,2025-02-01
926,578,7,Multi-lateral foreground support,594.17,461,2023-03-11
927,331,12,Virtual zero tolerance methodology,98.62,183,2023-01-17
928,163,7,Synergized leadingedge hardware,430.56,172,2023-07-25
929,192,15,Innovative even-keeled open architecture,325.4,83,2025-08-14
930,560,3,Decentralized responsive synergy,678.07,224,2026-06-16
931,468,10,Multi-tiered 6thgeneration secured line,520.48,222,2025-03-28
932,485,14,Organic background matrix,223.0,370,2025-02-03
933,346,8,Down-sized value-added artificial intelligence,612.3,153,2023-03-24
934,240,13,Multi-channeled incremental installation,841.6,474,2025-11-04
935,111,7,Ergonomic optimizing interface,386.17,137,2026-03-28
936,411,10,Enhanced logistical policy,30.55,262,2023-12-07
937,308,15,Multi-lateral encompassing projection,539.17,357,2025-12-09
938,204,10,Secured dedicated approach,677.9,66,2024-11-13
939,56,2,Implemented actuating secured line,281.79,392,2023-10-17
940,355,8,Optimized user-facing workforce,359.4,235,2023-01-02
941,152,4,Horizontal next generation toolset,795.23,154,2024-09-21
942,83,3,Organized asynchronous access,216.37,104,2025-06-13
943,93,12,Digitized methodical support,224.03,350,2026-02-11
944,384,1,Adaptive encompassing pricing structure,432.21,176,2023-07-24
945,483,9,Expanded static synergy,619.66,357,2024-03-11
946,484,11,Re-engineered homogeneous website,341.77,237,2024-05-12
947,99,7,Synergistic encompassing benchmark,120.0,390,2023-10-01
948,410,13,Cross-platform methodical leverage,297.76,144,2025-05-19
949,404,9,Streamlined empowering frame,69.12,250,2026-04-16
950,28,4,Seamless even-keeled alliance,797.59,91,2024-04-26
951,378,6,Decentralized disintermediate implementation,309.16,421,2023-01-04
952,408,15,Configurable incremental analyzer,74.15,117,2023-10-10
953,512,4,Persevering foreground open system,44.59,154,2025-06-10
954,96,6,Secured bifurcated attitude,348.73,92,2025-05-21
955,155,5,Assimilated analyzing structure,283.42,345,2025-09-11
956,36,5,Triple-buffered 3rdgeneration architecture,862.86,215,2024-01-03
957,168,7,Digitized value-added monitoring,615.68,427,2023-08-06
958,477,13,Extended solution-oriented intranet,78.95,351,2023-07-27
959,415,13,Automated coherent hardware,727.18,82,2024-10-15
960,132,10,Upgradable incremental conglomeration,458.73,351,2025-07-20
961,12,8,Automated client-server standardization,590.16,343,2025-04-02
962,433,13,Public-key discrete workforce,53.78,217,2024-06-13
963,119,10,Multi-lateral impactful capacity,727.37,465,2025-07-11
964,515,6,Sharable actuating framework,703.99,364,2024-11-17
965,548,6,Face-to-face tertiary middleware,104.94,91,2025-05-18
966,545,13,Reduced scalable hardware,348.2,345,2023-06-13
967,154,1,Business-focused analyzing groupware,306.71,478,2026-04-23
968,265,4,Grass-roots asymmetric definition,465.82,314,2025-07-20
969,446,1,Cloned human-resource functionalities,420.95,20,2023-09-06
970,502,8,Progressive transitional Local Area Network,333.55,455,2026-05-12
971,379,5,Decentralized coherent analyzer,385.99,345,2024-08-29
972,25,9,Multi-channeled actuating budgetary management,244.17,150,2024-12-31
973,428,1,De-engineered client-server protocol,404.85,152,2023-03-14
974,115,6,Expanded client-driven matrices,660.04,272,2025-03-22
975,255,3,Configurable upward-trending emulation,80.21,48,2023-09-16
976,149,11,Distributed 3rdgeneration policy,446.63,457,2024-07-16
977,354,8,Centralized well-modulated function,621.64,124,2025-12-08
978,583,8,Networked human-resource solution,41.36,167,2025-02-02
979,40,3,Decentralized client-driven process improvement,550.36,370,2023-07-27
980,392,9,Open-architected dynamic archive,882.33,40,2024-11-22
981,310,7,Compatible high-level infrastructure,363.65,94,2024-06-10
982,82,14,Re-engineered methodical attitude,821.54,494,2023-08-27
983,197,10,Universal methodical standardization,238.56,155,2026-06-14
984,527,9,Compatible intangible capacity,769.54,124,2023-04-11
985,384,10,Operative modular open architecture,428.25,389,2025-06-13
986,282,12,De-engineered attitude-oriented flexibility,621.52,95,2024-07-20
987,514,11,Multi-channeled solution-oriented info-mediaries,45.93,204,2024-01-07
988,292,5,Persistent user-facing forecast,9.51,106,2023-02-08
989,425,11,Universal local Graphic Interface,121.13,136,2025-08-05
990,326,2,Automated composite initiative,203.07,9,2024-10-26
991,227,2,Decentralized stable help-desk,552.18,372,2026-06-01
992,472,10,Programmable intangible benchmark,381.57,304,2024-11-04
993,555,7,Reactive responsive implementation,430.65,285,2023-01-26
994,352,6,Compatible user-facing encoding,291.07,421,2025-06-29
995,156,8,Integrated local architecture,769.64,255,2024-03-07
996,546,12,Proactive impactful product,157.15,199,2024-06-07
997,413,1,Cross-group stable core,596.32,292,2023-06-10
998,499,9,Organized object-oriented neural-net,886.52,42,2024-03-01
999,543,6,Quality-focused zero-defect success,277.1,384,2024-10-07
1000,463,11,Operative maximized frame,423.3,79,2026-04-12
1001,171,10,Function-based optimal throughput,319.7,220,2025-04-30
1002,24,13,Multi-channeled radical matrices,876.14,284,2025-10-02
1003,241,7,Extended leadingedge open architecture,829.44,67,2025-02-14
1004,127,2,Optimized stable concept,359.19,108,2023-08-15
1005,585,5,Open-architected heuristic solution,164.86,81,2025-04-01
1006,564,7,Reverse-engineered bottom-line capability,320.05,111,2025-05-06
1007,286,6,Polarized real-time process improvement,694.59,322,2023-08-05
1008,326,9,Networked content-based open system,484.38,200,2024-04-06
1009,414,8,Configurable asymmetric matrix,682.35,146,2025-07-09
1010,161,15,Right-sized context-sensitive project,786.63,204,2024-08-13
1011,4,9,Extended tertiary moratorium,747.72,390,2025-08-08
1012,177,11,Profit-focused multimedia emulation,817.01,196,2026-04-03
1013,429,7,Grass-roots 3rdgeneration secured line,372.2,325,2023-03-01
1014,230,3,Enterprise-wide stable product,550.68,257,2023-06-14
1015,585,12,Multi-layered motivating info-mediaries,370.84,11,2024-10-27
1016,256,3,Diverse incremental data-warehouse,514.52,241,2023-07-06
1017,380,1,Public-key 4thgeneration model,669.94,452,2025-03-08
1018,566,9,Multi-tiered real-time concept,777.77,435,2023-11-27
1019,469,6,Persevering disintermediate capacity,652.13,122,2023-12-25
1020,484,15,Customizable 24/7 service-desk,642.94,102,2024-10-22
1021,136,5,Versatile multi-tasking knowledgebase,63.0,15,2024-02-28
1022,592,8,Front-line methodical knowledge user,415.97,350,2026-05-20
1023,455,4,Innovative context-sensitive project,718.08,498,2025-08-02
1024,513,11,Implemented fault-tolerant toolset,104.48,309,2024-11-09
1025,164,4,Fully-configurable foreground interface,418.67,492,2023-05-24
1026,8,12,Innovative multimedia ability,33.92,346,2025-04-12
1027,533,8,Polarized motivating orchestration,776.63,36,2025-05-04
1028,267,15,Function-based analyzing infrastructure,645.79,61,2026-05-28
1029,547,12,De-engineered leadingedge orchestration,26.22,246,2023-05-03
1030,300,13,Face-to-face 6thgeneration Graphical User Interface,361.56,421,2023-03-23
1031,373,7,Persistent radical workforce,646.37,261,2025-06-20
1032,439,13,Versatile human-resource function,116.02,74,2024-06-21
1033,594,13,Focused neutral neural-net,713.49,369,2023-12-13
1034,376,7,Organized zero administration core,592.59,72,2024-05-12
1035,495,4,Expanded executive strategy,241.72,168,2023-06-01
1036,470,15,Multi-tiered cohesive complexity,639.62,385,2024-05-16
1037,267,6,Horizontal tertiary initiative,269.28,227,2024-11-08
1038,462,12,Grass-roots encompassing capacity,235.83,140,2026-05-02
1039,37,13,Public-key logistical throughput,130.31,267,2024-08-13
1040,27,4,Vision-oriented composite concept,792.74,288,2025-01-12
1041,299,5,Face-to-face bandwidth-monitored superstructure,850.58,81,2026-03-08
1042,313,8,Self-enabling content-based ability,643.2,344,2024-08-26
1043,159,12,Grass-roots 24hour ability,725.64,65,2023-10-28
1044,300,14,Sharable full-range architecture,348.87,326,2024-04-11
1045,29,14,Diverse user-facing pricing structure,194.43,155,2023-10-31
1046,599,1,Fundamental multi-tasking instruction set,237.17,369,2025-11-07
1047,530,7,Seamless content-based groupware,431.88,460,2023-12-15
1048,353,11,Ameliorated exuding portal,144.5,436,2025-10-23
1049,322,9,Multi-channeled dedicated Internet solution,340.04,443,2025-09-20
1050,174,14,Streamlined executive application,475.08,89,2025-09-18
1051,389,1,Front-line web-enabled help-desk,603.52,33,2024-12-02
1052,231,5,Diverse leadingedge alliance,189.74,76,2024-07-23
1053,123,11,Extended systematic product,181.25,255,2025-07-29
1054,584,15,Down-sized 24hour customer loyalty,576.57,6,2025-12-09
1055,234,12,Operative responsive support,186.25,340,2023-03-09
1056,409,11,Compatible directional implementation,93.45,168,2025-11-05
1057,69,5,Devolved impactful definition,500.18,273,2026-01-06
1058,82,13,Re-engineered needs-based encoding,55.09,290,2025-12-06
1059,254,4,Visionary motivating focus group,234.17,378,2024-01-10
1060,251,4,Team-oriented contextually-based frame,622.22,233,2023-12-30
1061,42,10,Quality-focused attitude-oriented collaboration,242.85,142,2023-07-07
1062,195,12,Centralized 24hour open architecture,748.46,32,2023-09-29
1063,536,5,Robust grid-enabled flexibility,59.46,116,2024-05-14
1064,600,13,Cross-group directional hub,525.23,237,2023-07-21
1065,550,15,Digitized incremental capacity,704.35,163,2023-05-30
1066,202,8,Diverse multimedia orchestration,109.17,42,2025-09-01
1067,203,2,Triple-buffered multimedia array,490.41,110,2026-05-10
1068,499,5,Ameliorated neutral help-desk,514.54,297,2025-05-30
1069,115,12,Balanced 5thgeneration alliance,798.42,398,2024-02-03
1070,468,1,Upgradable radical attitude,230.3,208,2026-05-16
1071,278,8,Upgradable radical matrix,569.85,168,2025-11-04
1072,495,9,Object-based full-range Local Area Network,258.95,330,2024-09-05
1073,271,14,Right-sized explicit capability,481.3,174,2024-07-17
1074,575,9,Business-focused zero tolerance hierarchy,281.37,225,2023-08-17
1075,187,8,Automated content-based attitude,10.82,457,2025-11-09
1076,482,8,Reverse-engineered modular synergy,150.99,33,2025-06-03
1077,312,2,Configurable zero administration artificial intelligence,833.13,226,2024-12-02
1078,552,14,Customizable value-added knowledgebase,168.47,398,2023-08-11
1079,238,4,Streamlined 24hour monitoring,279.93,156,2024-10-17
1080,544,8,Pre-emptive next generation synergy,97.1,153,2026-06-02
1081,216,10,Digitized coherent emulation,606.33,165,2023-11-17
1082,197,13,Profound full-range groupware,359.62,87,2023-11-20
1083,161,6,Implemented modular installation,861.24,242,2026-05-04
1084,427,13,Streamlined motivating firmware,655.18,117,2024-06-22
1085,484,15,Persistent homogeneous matrices,771.32,155,2025-01-29
1086,149,5,Intuitive 5thgeneration solution,303.67,181,2024-10-07
1087,461,5,Sharable human-resource customer loyalty,385.63,201,2025-05-04
1088,6,13,Grass-roots eco-centric Local Area Network,846.28,28,2025-04-17
1089,363,11,Advanced optimal flexibility,725.8,499,2025-07-24
1090,281,1,Horizontal exuding conglomeration,737.58,103,2024-03-03
1091,263,5,Proactive empowering application,750.12,12,2024-10-21
1092,438,13,Polarized impactful instruction set,347.24,285,2026-02-20
1093,205,13,Grass-roots exuding forecast,197.4,257,2025-06-20
1094,281,2,Customizable actuating implementation,71.6,82,2024-10-28
1095,492,12,Decentralized object-oriented concept,535.67,487,2023-04-05
1096,400,12,Balanced multimedia toolset,863.95,361,2025-09-24
1097,256,5,Sharable fault-tolerant system engine,888.29,300,2025-02-07
1098,61,2,Cloned tertiary challenge,55.21,175,2024-07-19
1099,551,6,Digitized client-server alliance,397.11,145,2023-08-16
1100,484,3,Universal disintermediate superstructure,793.35,37,2024-10-26
1101,424,14,Quality-focused modular software,140.83,77,2026-04-22
1102,307,10,Optional local database,183.98,45,2025-06-16
1103,252,6,Synergized national superstructure,517.59,390,2024-06-17
1104,571,9,Innovative client-driven paradigm,736.48,353,2023-02-14
1105,144,13,Upgradable asymmetric migration,694.06,445,2024-10-04
1106,370,15,Integrated homogeneous task-force,696.56,382,2024-03-15
1107,189,6,Cross-platform client-server challenge,424.14,235,2025-01-11
1108,342,4,Fully-configurable optimal benchmark,611.5,360,2024-06-14
1109,262,10,Profit-focused client-driven framework,674.14,11,2023-10-15
1110,123,11,User-friendly high-level secured line,372.64,202,2025-09-23
1111,50,14,Upgradable bandwidth-monitored support,477.91,467,2025-11-15
1112,383,1,Horizontal user-facing alliance,511.3,16,2025-10-29
1113,335,13,User-centric incremental throughput,487.22,144,2026-03-23
1114,342,11,Multi-layered disintermediate frame,65.05,38,2026-03-03
1115,95,9,Balanced composite process improvement,703.62,272,2023-11-21
1116,526,14,Enterprise-wide hybrid info-mediaries,767.07,293,2025-08-17
1117,196,13,Proactive systematic data-warehouse,70.4,350,2025-06-01
1118,284,8,Customer-focused interactive knowledge user,408.89,450,2023-11-08
1119,339,2,Public-key scalable hardware,167.59,294,2024-11-26
1120,465,9,Assimilated fault-tolerant core,704.09,378,2025-06-04
1121,22,7,Proactive well-modulated firmware,519.38,3,2026-07-01
1122,400,1,Horizontal disintermediate architecture,12.63,165,2025-05-24
1123,155,5,User-friendly radical knowledge user,770.73,299,2024-10-30
1124,546,8,Team-oriented high-level firmware,589.97,102,2026-03-22
1125,364,15,Devolved directional paradigm,792.87,444,2026-03-27
1126,157,4,Persevering coherent migration,696.82,105,2024-09-23
1127,186,2,Advanced bi-directional structure,28.46,308,2023-03-22
1128,131,9,User-centric web-enabled open architecture,316.92,35,2024-11-01
1129,323,15,Proactive 3rdgeneration Graphical User Interface,210.93,106,2024-02-18
1130,311,3,User-centric context-sensitive migration,384.72,138,2024-04-22
1131,223,13,Function-based heuristic emulation,323.02,70,2025-06-19
1132,127,14,Switchable background budgetary management,853.46,13,2025-06-28
1133,214,7,Multi-channeled zero administration moderator,49.04,224,2025-03-28
1134,204,4,Persevering 6thgeneration knowledgebase,695.02,302,2023-09-13
1135,96,3,Right-sized attitude-oriented protocol,458.49,296,2025-11-23
1136,125,3,Synergistic empowering neural-net,682.15,61,2025-09-28
1137,367,12,Total bi-directional solution,895.84,212,2024-01-27
1138,216,2,Synergistic zero tolerance core,720.8,184,2025-09-05
1139,262,9,Robust multi-state complexity,105.22,233,2023-02-03
1140,8,7,Reduced multimedia archive,724.04,204,2023-07-24
1141,364,6,Self-enabling 24hour superstructure,851.42,428,2023-05-14
1142,445,14,Profound hybrid analyzer,588.53,117,2023-06-22
1143,400,15,Innovative encompassing product,426.86,487,2024-07-16
1144,332,1,Cross-platform grid-enabled parallelism,130.95,127,2023-12-30
1145,579,1,Face-to-face multi-tasking groupware,119.5,79,2023-10-15
1146,482,13,Business-focused optimizing monitoring,39.89,305,2024-03-05
1147,301,6,Compatible multi-state architecture,557.7,421,2023-11-19
1148,430,3,Grass-roots optimal implementation,161.29,265,2023-11-07
1149,186,6,Total non-volatile instruction set,791.76,56,2023-11-29
1150,31,8,Future-proofed secondary hierarchy,187.64,206,2025-02-03
1151,272,10,Extended disintermediate superstructure,292.35,401,2023-02-22
1152,340,1,Persevering bandwidth-monitored superstructure,800.48,17,2023-10-23
1153,418,1,Intuitive optimizing leverage,487.82,390,2026-05-10
1154,538,3,Upgradable empowering utilization,146.55,7,2024-12-15
1155,229,2,Focused discrete core,380.79,33,2023-08-19
1156,488,8,Innovative demand-driven utilization,885.11,438,2026-01-04
1157,451,3,Future-proofed asynchronous capability,771.93,414,2023-01-02
1158,319,8,Visionary responsive middleware,425.18,462,2024-06-10
1159,132,6,Enhanced scalable support,592.44,187,2026-06-10
1160,99,8,Multi-lateral secondary benchmark,446.05,425,2026-03-15
1161,201,3,Grass-roots national initiative,201.27,66,2023-10-20
1162,231,11,User-centric system-worthy extranet,78.55,48,2025-04-07
1163,290,15,Assimilated client-server concept,555.43,127,2024-04-08
1164,257,3,Reverse-engineered empowering project,658.37,154,2024-11-04
1165,474,11,Profit-focused disintermediate approach,533.74,264,2026-03-28
1166,274,13,Team-oriented web-enabled collaboration,810.07,167,2025-05-14
1167,384,11,Stand-alone client-server access,134.96,377,2023-03-12
1168,395,11,User-centric exuding model,47.97,101,2024-01-09
1169,15,3,Organic composite moderator,572.98,427,2024-05-02
1170,166,7,Organized fault-tolerant secured line,293.66,292,2025-09-11
1171,496,14,Face-to-face solution-oriented pricing structure,312.78,321,2026-03-28
1172,416,8,Horizontal content-based solution,893.46,232,2026-06-26
1173,270,9,Monitored next generation info-mediaries,398.67,381,2024-07-26
1174,527,15,Devolved bottom-line encoding,306.92,456,2024-01-17
1175,262,6,Self-enabling bottom-line monitoring,727.24,249,2026-01-29
1176,468,11,Sharable encompassing artificial intelligence,91.36,438,2024-12-02
1177,532,5,Universal next generation analyzer,61.48,187,2025-05-23
1178,27,9,Up-sized mission-critical budgetary management,117.96,116,2025-07-25
1179,114,2,Sharable leadingedge open architecture,497.66,151,2023-09-16
1180,356,5,Business-focused non-volatile open architecture,410.04,283,2023-06-19
1181,517,3,Public-key hybrid hub,360.8,481,2025-11-12
1182,200,3,Re-engineered multi-state help-desk,756.8,113,2023-02-04
1183,204,12,Innovative asynchronous methodology,671.4,269,2026-05-15
1184,156,10,Vision-oriented demand-driven conglomeration,774.62,268,2023-04-07
1185,546,6,Ergonomic explicit project,487.8,355,2025-12-23
1186,171,6,Diverse full-range capability,147.07,348,2023-12-06
1187,232,14,Exclusive motivating website,837.92,366,2023-11-08
1188,554,10,Optional bottom-line intranet,384.48,103,2024-07-24
1189,51,7,Intuitive secondary functionalities,270.35,461,2025-12-04
1190,432,15,Operative fresh-thinking architecture,431.5,164,2023-10-06
1191,308,1,Persevering demand-driven project,72.0,362,2026-02-12
1192,320,4,Synergistic regional firmware,831.12,313,2026-05-01
1193,69,1,Down-sized impactful collaboration,680.87,71,2023-10-22
1194,493,14,User-centric 5thgeneration project,148.42,497,2024-05-11
1195,401,13,Self-enabling responsive interface,147.69,214,2025-03-11
1196,199,4,Customer-focused object-oriented frame,751.71,36,2024-04-08
1197,283,3,User-centric directional firmware,803.9,63,2026-04-14
1198,156,4,Programmable holistic concept,401.82,344,2024-07-18
1199,336,1,Assimilated zero administration help-desk,574.89,266,2024-09-29
1200,537,2,Progressive well-modulated firmware,695.62,306,2025-08-22
1201,238,11,Persevering upward-trending solution,397.24,420,2023-09-13
1202,555,12,Sharable 24hour moratorium,550.97,78,2023-05-25
1203,350,15,Mandatory executive synergy,248.52,20,2025-02-20
1204,262,2,Compatible systemic capacity,566.06,218,2026-04-13
1205,173,15,Horizontal transitional flexibility,640.23,443,2025-09-24
1206,299,4,Pre-emptive multi-state open architecture,472.93,45,2026-05-20
1207,372,4,Horizontal didactic application,783.07,340,2025-10-09
1208,443,7,Ameliorated systemic utilization,55.69,53,2024-07-27
1209,283,15,Versatile static Graphical User Interface,230.24,260,2024-11-04
1210,430,11,Team-oriented 3rdgeneration Local Area Network,753.48,182,2023-06-20
1211,14,2,Sharable content-based Graphic Interface,643.21,248,2024-05-12
1212,600,8,Ergonomic fresh-thinking core,203.13,222,2024-06-28
1213,107,13,Enhanced eco-centric function,744.49,249,2026-02-22
1214,580,7,Function-based reciprocal collaboration,547.92,445,2025-02-22
1215,44,10,Reduced systemic superstructure,101.47,429,2023-07-21
1216,590,2,Mandatory stable leverage,110.13,391,2024-05-03
1217,370,10,Right-sized logistical neural-net,606.98,462,2026-05-21
1218,432,14,Networked scalable budgetary management,357.39,381,2023-03-23
1219,356,11,Devolved next generation task-force,710.37,436,2025-08-01
1220,588,14,Open-architected 24hour approach,472.87,481,2025-03-27
1221,443,11,Extended eco-centric challenge,817.72,110,2026-03-07
1222,186,1,User-friendly composite projection,569.31,168,2023-07-22
1223,300,15,Down-sized holistic info-mediaries,373.86,14,2025-07-24
1224,260,6,De-engineered even-keeled initiative,737.43,176,2024-12-22
1225,255,5,Universal uniform methodology,404.17,24,2024-10-26
1226,470,12,Phased fresh-thinking archive,891.91,134,2023-11-25
1227,215,9,Object-based hybrid structure,694.86,280,2024-10-21
1228,411,13,Open-source discrete ability,316.93,417,2023-12-19
1229,512,14,Fully-configurable asynchronous methodology,84.53,180,2026-06-16
1230,552,12,Switchable coherent budgetary management,725.6,494,2024-04-11
1231,325,14,Cross-platform interactive complexity,278.71,468,2023-07-05
1232,416,6,Team-oriented exuding superstructure,561.5,327,2024-01-17
1233,392,4,User-friendly even-keeled concept,241.88,362,2025-09-21
1234,360,6,Cloned intangible support,726.27,458,2025-01-10
1235,164,3,Synergistic object-oriented implementation,293.86,57,2024-01-24
1236,596,5,Cloned systematic intranet,818.39,358,2026-02-21
1237,304,13,Optional 6thgeneration ability,506.12,91,2025-03-26
1238,78,4,Adaptive responsive framework,88.55,364,2026-05-09
1239,415,14,Centralized tangible monitoring,240.71,366,2024-11-27
1240,546,6,Up-sized content-based throughput,360.09,471,2025-02-27
1241,107,14,Re-contextualized content-based Internet solution,860.68,417,2024-08-24
1242,584,2,Synergistic hybrid service-desk,294.82,115,2025-06-25
1243,42,4,Open-source human-resource infrastructure,495.44,341,2024-07-14
1244,27,8,Virtual client-driven infrastructure,205.89,355,2024-03-24
1245,252,15,Automated motivating pricing structure,207.11,331,2024-03-18
1246,149,1,Mandatory system-worthy groupware,270.62,493,2023-02-12
1247,495,14,Reactive motivating standardization,397.85,284,2026-02-02
1248,582,4,Exclusive responsive leverage,374.02,434,2025-11-28
1249,595,7,Decentralized 6thgeneration database,566.38,454,2025-03-03
1250,268,12,Managed responsive groupware,718.12,186,2024-06-23
1251,442,6,Realigned encompassing help-desk,331.23,473,2024-04-25
1252,328,9,Expanded modular methodology,324.57,490,2023-10-03
1253,330,14,Self-enabling non-volatile matrices,745.56,359,2024-05-20
1254,552,10,Front-line executive capability,120.23,469,2025-11-05
1255,488,9,Persistent fault-tolerant access,285.56,413,2026-05-22
1256,234,12,Function-based modular artificial intelligence,316.76,359,2026-02-08
1257,230,8,Monitored radical challenge,245.86,428,2023-04-19
1258,472,10,Re-contextualized bifurcated challenge,396.88,302,2025-06-12
1259,67,3,Total bottom-line encryption,24.78,229,2026-02-18
1260,59,15,Total grid-enabled website,316.09,444,2023-10-30
1261,66,11,Profit-focused national methodology,322.19,488,2024-07-19
1262,584,5,Assimilated eco-centric database,852.87,372,2023-02-26
1263,503,7,Digitized 5thgeneration moratorium,635.26,482,2023-10-01
1264,406,4,Ameliorated tertiary firmware,597.3,158,2026-01-07
1265,312,6,Operative multi-state success,213.14,408,2025-11-06
1266,417,3,Re-contextualized reciprocal approach,690.83,348,2026-04-16
1267,323,14,Business-focused optimal middleware,11.05,312,2023-04-19
1268,367,10,Public-key responsive Internet solution,112.11,500,2023-05-26
1269,66,9,Inverse intermediate matrices,375.26,82,2024-02-03
1270,255,10,Virtual dedicated customer loyalty,697.48,91,2024-01-07
1271,31,11,User-friendly encompassing projection,836.29,373,2023-09-02
1272,340,2,Multi-layered optimizing middleware,89.26,206,2026-03-21
1273,397,13,Synergized eco-centric analyzer,369.77,356,2025-08-29
1274,142,14,User-friendly tangible matrices,312.24,49,2024-09-29
1275,364,3,Customer-focused zero-defect standardization,637.99,450,2024-05-31
1276,512,2,Persistent fresh-thinking standardization,170.18,205,2024-02-15
1277,233,6,Down-sized explicit knowledge user,887.13,324,2023-06-17
1278,348,8,Up-sized interactive policy,677.86,268,2024-06-11
1279,21,15,Focused neutral portal,547.5,285,2023-05-02
1280,383,2,Managed 3rdgeneration collaboration,155.81,493,2025-12-19
1281,13,1,Adaptive 24/7 Graphic Interface,297.53,156,2023-02-26
1282,582,10,Enterprise-wide optimizing Graphical User Interface,340.47,35,2023-12-20
1283,194,11,Object-based even-keeled complexity,560.67,93,2026-01-01
1284,224,6,Object-based solution-oriented complexity,91.77,349,2023-11-13
1285,384,10,Implemented zero tolerance service-desk,163.34,225,2023-12-30
1286,520,3,Mandatory needs-based Internet solution,733.84,227,2023-03-04
1287,40,15,Customizable content-based focus group,486.13,490,2023-09-04
1288,320,15,Persevering homogeneous archive,265.82,178,2024-01-05
1289,531,3,Intuitive explicit ability,810.7,254,2024-01-31
1290,159,10,Adaptive bi-directional contingency,828.39,480,2025-07-20
1291,562,14,Profit-focused zero-defect migration,353.01,229,2023-08-27
1292,568,2,Adaptive background frame,307.81,187,2023-10-17
1293,246,14,Front-line exuding capability,444.23,406,2025-04-07
1294,43,6,Public-key systematic conglomeration,57.46,471,2025-09-10
1295,102,14,Horizontal heuristic core,470.25,339,2024-10-18
1296,540,10,Reactive multi-state ability,519.69,272,2025-12-04
1297,404,13,Open-architected maximized matrices,494.0,102,2024-08-01
1298,329,3,Distributed cohesive framework,405.86,101,2024-08-22
1299,437,7,Exclusive discrete orchestration,394.44,42,2025-10-01
1300,25,8,Advanced hybrid open system,98.36,287,2025-09-18
1301,399,5,Intuitive upward-trending function,450.36,402,2024-08-11
1302,57,9,Self-enabling cohesive concept,748.97,96,2023-07-02
1303,315,15,Face-to-face bandwidth-monitored adapter,530.78,460,2026-03-15
1304,556,3,Cross-group context-sensitive synergy,578.62,378,2023-04-09
1305,548,1,Intuitive asymmetric capacity,47.24,155,2025-02-27
1306,193,6,Reactive directional definition,867.94,26,2025-06-07
1307,521,9,Phased 3rdgeneration strategy,765.04,260,2025-01-29
1308,46,15,Organic reciprocal workforce,196.96,234,2024-01-16
1309,227,12,Centralized 5thgeneration database,291.67,365,2024-02-21
1310,508,4,Centralized cohesive conglomeration,516.17,313,2023-02-01
1311,47,15,Grass-roots responsive concept,346.42,460,2023-08-27
1312,298,1,Persistent non-volatile strategy,814.42,337,2024-11-08
1313,182,7,Extended bandwidth-monitored infrastructure,744.77,190,2025-04-03
1314,46,3,Object-based disintermediate success,131.78,126,2026-06-27
1315,265,15,Team-oriented client-server focus group,830.34,348,2026-03-14
1316,318,4,Configurable motivating adapter,846.53,334,2024-07-12
1317,420,12,Profound background throughput,14.14,421,2025-04-27
1318,387,5,Grass-roots mission-critical time-frame,759.15,97,2025-09-26
1319,260,10,Synergistic value-added open architecture,14.32,354,2025-03-20
1320,43,12,Up-sized fault-tolerant support,691.57,65,2024-04-01
1321,73,11,Cloned heuristic challenge,107.36,81,2025-09-27
1322,69,3,Front-line heuristic middleware,485.55,85,2024-06-09
1323,408,5,Reactive coherent success,484.94,145,2026-03-13
1324,268,2,Profit-focused 24hour structure,686.08,202,2024-02-18
1325,89,9,Total dedicated archive,762.57,102,2023-09-18
1326,531,1,De-engineered user-facing extranet,424.71,55,2023-08-17
1327,235,1,Expanded multi-tasking leverage,750.61,94,2023-06-21
1328,70,4,Centralized attitude-oriented knowledge user,395.16,189,2025-06-16
1329,147,8,Object-based real-time database,539.31,21,2025-10-28
1330,194,13,Customizable executive algorithm,193.33,162,2023-03-31
1331,583,1,Distributed maximized monitoring,853.98,174,2024-05-28
1332,180,6,Function-based real-time utilization,418.51,461,2023-04-26
1333,401,7,Up-sized attitude-oriented portal,142.01,149,2025-11-01
1334,66,4,Digitized optimizing core,169.64,99,2024-11-18
1335,450,1,Extended mission-critical concept,784.84,35,2024-05-18
1336,542,5,Vision-oriented zero tolerance paradigm,503.37,73,2026-01-25
1337,326,1,Organized exuding help-desk,104.66,33,2025-04-19
1338,531,9,Synergistic radical emulation,20.62,368,2023-12-14
1339,330,6,Monitored grid-enabled adapter,39.38,461,2023-08-01
1340,240,1,Triple-buffered solution-oriented utilization,346.18,288,2023-04-30
1341,397,13,Optional client-server system engine,512.41,438,2024-04-04
1342,37,10,Reverse-engineered exuding capacity,493.29,10,2025-09-02
1343,586,11,User-centric 5thgeneration flexibility,350.51,351,2026-06-15
1344,397,8,Self-enabling mobile installation,819.66,121,2025-10-01
1345,257,6,Expanded discrete access,882.21,325,2025-07-20
1346,491,15,Cross-group zero tolerance archive,809.22,232,2026-01-03
1347,369,4,Down-sized 4thgeneration functionalities,134.23,326,2023-12-24
1348,398,5,Decentralized even-keeled firmware,794.32,188,2023-02-12
1349,443,13,Triple-buffered static productivity,273.36,21,2025-07-30
1350,421,12,Total object-oriented model,792.42,436,2024-04-09
1351,412,3,Grass-roots clear-thinking Local Area Network,756.91,180,2024-03-02
1352,416,7,Proactive neutral open architecture,795.83,235,2025-07-15
1353,455,7,Multi-layered leadingedge archive,419.84,172,2024-10-29
1354,409,3,Assimilated bottom-line capacity,652.35,105,2024-05-18
1355,223,12,Organized well-modulated data-warehouse,175.9,99,2026-06-21
1356,373,15,Re-engineered mission-critical monitoring,419.71,441,2025-04-16
1357,384,11,Vision-oriented incremental firmware,279.66,201,2023-10-17
1358,482,2,Managed bottom-line initiative,490.82,231,2024-09-07
1359,423,1,Pre-emptive neutral model,183.46,172,2026-02-03
1360,161,11,Multi-layered value-added adapter,348.93,264,2025-06-03
1361,185,8,Multi-layered systematic budgetary management,26.32,105,2025-03-01
1362,582,11,Programmable 24hour website,159.24,381,2026-02-27
1363,160,11,Seamless leadingedge application,364.67,400,2024-02-10
1364,155,7,Configurable directional productivity,288.25,125,2023-09-25
1365,499,6,Configurable holistic algorithm,551.26,390,2026-06-08
1366,544,12,Synchronized needs-based website,567.13,18,2023-07-18
1367,67,2,Vision-oriented value-added toolset,24.2,471,2023-04-19
1368,340,14,Automated interactive complexity,85.49,476,2024-12-31
1369,208,12,User-friendly local concept,139.78,109,2024-09-21
1370,68,6,Re-engineered methodical framework,562.78,161,2026-04-09
1371,458,8,Compatible cohesive matrices,308.06,89,2024-08-16
1372,311,2,Visionary tangible moderator,723.08,81,2023-11-08
1373,168,7,Distributed contextually-based concept,110.99,466,2026-06-20
1374,420,3,Ergonomic executive contingency,507.68,321,2025-08-19
1375,288,12,Focused composite circuit,763.95,127,2023-08-21
1376,151,15,Team-oriented demand-driven alliance,403.18,386,2023-03-22
1377,139,15,Reduced scalable knowledgebase,345.94,194,2025-09-03
1378,175,13,Self-enabling analyzing standardization,22.85,352,2025-01-12
1379,452,10,Cross-group tertiary contingency,516.85,229,2023-02-10
1380,504,11,Networked neutral system engine,512.26,453,2024-11-26
1381,88,15,Devolved well-modulated benchmark,336.11,90,2023-10-04
1382,308,11,Front-line dedicated flexibility,357.28,76,2023-08-16
1383,202,11,De-engineered content-based knowledge user,292.02,364,2023-06-20
1384,364,10,Function-based tertiary definition,885.29,253,2023-02-02
1385,428,3,Vision-oriented intangible success,331.86,129,2024-01-29
1386,526,5,Digitized web-enabled challenge,883.91,462,2023-02-18
1387,502,6,Exclusive optimizing moderator,815.7,26,2024-05-04
1388,314,5,Enterprise-wide mission-critical approach,406.78,221,2024-11-22
1389,42,5,Ameliorated human-resource interface,676.24,388,2025-07-27
1390,83,6,Digitized reciprocal focus group,498.38,66,2023-01-22
1391,588,1,Ergonomic zero-defect orchestration,275.92,102,2025-08-20
1392,390,7,Polarized scalable concept,37.19,344,2024-07-07
1393,385,6,Fundamental client-driven contingency,333.27,262,2025-05-19
1394,417,12,Organic object-oriented core,311.2,482,2024-12-10
1395,268,9,Implemented upward-trending interface,177.64,144,2024-06-30
1396,86,15,Diverse stable process improvement,407.63,343,2023-06-23
1397,327,14,Balanced methodical Graphical User Interface,460.36,58,2023-02-17
1398,132,13,Distributed composite intranet,687.04,124,2023-06-02
1399,182,6,Polarized global moderator,63.13,292,2024-04-30
1400,90,14,Profound multi-tasking knowledge user,72.48,370,2023-01-28
1401,350,14,Decentralized executive emulation,818.47,36,2023-11-16
1402,597,11,Team-oriented hybrid Graphical User Interface,869.24,496,2025-08-01
1403,339,13,Fully-configurable systematic paradigm,600.11,313,2023-09-07
1404,58,12,Exclusive empowering Local Area Network,129.14,470,2023-06-16
1405,191,2,Robust methodical application,647.83,46,2023-01-08
1406,444,13,Exclusive clear-thinking model,618.6,107,2023-04-13
1407,82,7,Quality-focused explicit superstructure,291.75,271,2024-01-30
1408,488,14,Business-focused encompassing task-force,181.57,253,2026-05-24
1409,191,8,Implemented intermediate hierarchy,262.81,346,2026-04-27
1410,63,8,Optional global open system,170.5,3,2023-06-12
1411,181,4,Total fault-tolerant moratorium,240.61,449,2026-01-15
1412,590,4,Sharable disintermediate info-mediaries,631.46,359,2023-06-05
1413,193,3,User-friendly mission-critical paradigm,764.5,387,2024-04-11
1414,167,7,De-engineered analyzing moratorium,573.58,303,2024-08-30
1415,423,9,Secured uniform frame,578.32,111,2025-05-23
1416,257,14,Multi-channeled impactful benchmark,313.55,123,2025-12-22
1417,8,11,Team-oriented coherent strategy,802.04,349,2024-05-30
1418,289,13,Decentralized 3rdgeneration leverage,149.32,31,2023-05-09
1419,506,6,Managed mission-critical workforce,812.9,30,2026-06-23
1420,441,2,Re-engineered asymmetric product,608.25,460,2025-07-02
1421,13,12,Realigned needs-based collaboration,608.67,163,2026-04-19
1422,371,12,Optimized interactive software,614.56,347,2023-05-15
1423,583,5,Decentralized methodical approach,655.79,163,2025-07-12
1424,367,12,Cross-group scalable definition,730.8,189,2025-10-20
1425,308,13,Vision-oriented intangible encoding,442.72,279,2024-01-25
1426,234,10,Monitored directional algorithm,157.63,353,2024-12-23
1427,420,8,Adaptive empowering project,792.57,166,2025-04-05
1428,475,14,Optional heuristic software,809.68,231,2023-11-09
1429,146,12,Diverse cohesive throughput,676.73,214,2023-02-20
1430,143,13,Robust local model,288.46,445,2023-11-02
1431,410,6,Enhanced next generation adapter,17.48,405,2023-12-20
1432,155,10,Persistent foreground emulation,851.7,111,2023-07-14
1433,17,7,Multi-channeled zero-defect utilization,427.69,138,2024-11-21
1434,203,1,Synchronized radical flexibility,450.09,81,2024-09-13
1435,563,5,Profound composite methodology,208.82,249,2026-05-27
1436,512,7,Compatible well-modulated time-frame,394.41,436,2023-11-24
1437,500,11,Stand-alone homogeneous open architecture,58.48,492,2023-08-06
1438,69,6,De-engineered asymmetric emulation,636.88,311,2024-08-15
1439,145,4,Focused neutral help-desk,469.28,253,2024-03-19
1440,427,8,Cross-platform homogeneous Internet solution,16.6,157,2023-11-21
1441,347,11,Exclusive zero tolerance budgetary management,282.99,316,2025-05-28
1442,125,10,Profound empowering orchestration,120.83,144,2024-11-29
1443,383,13,Realigned discrete forecast,621.21,65,2025-01-26
1444,579,8,Decentralized content-based framework,61.49,228,2025-01-27
1445,428,4,Multi-layered mission-critical application,192.45,167,2024-04-23
1446,321,11,Realigned bi-directional methodology,824.58,497,2025-09-02
1447,288,9,Phased foreground software,309.97,406,2024-11-09
1448,200,15,Team-oriented didactic frame,118.77,164,2026-03-18
1449,235,12,Expanded directional leverage,535.58,121,2024-05-25
1450,501,10,Horizontal methodical time-frame,425.42,9,2024-10-03
1451,524,15,Secured static projection,90.54,384,2023-10-31
1452,330,2,Up-sized optimal synergy,478.66,236,2026-05-19
1453,273,2,Grass-roots web-enabled functionalities,407.28,398,2024-01-31
1454,283,12,Multi-lateral zero-defect definition,133.05,434,2023-05-01
1455,486,4,Assimilated optimal hub,204.87,1,2024-11-01
1456,365,14,Digitized responsive leverage,560.47,287,2023-10-27
1457,280,6,Operative bi-directional software,438.79,160,2026-05-23
1458,550,4,Front-line neutral ability,742.59,330,2024-01-21
1459,124,5,Centralized tertiary hub,661.4,376,2024-02-04
1460,537,13,Open-source disintermediate firmware,456.19,127,2025-02-09
1461,434,12,Organized even-keeled solution,737.62,5,2024-09-02
1462,268,4,Total disintermediate monitoring,133.92,12,2023-03-01
1463,432,2,Distributed next generation success,334.92,397,2023-10-30
1464,458,11,Profit-focused client-driven groupware,346.9,80,2026-05-01
1465,455,13,Re-contextualized real-time leverage,286.1,479,2024-07-14
1466,467,5,Public-key high-level framework,182.0,310,2025-07-17
1467,292,3,Multi-channeled grid-enabled functionalities,529.89,165,2023-02-04
1468,127,1,Ameliorated fault-tolerant benchmark,781.62,282,2025-09-04
1469,378,3,Visionary foreground neural-net,287.16,368,2025-02-07
1470,564,1,Virtual mobile project,567.85,330,2024-10-25
1471,406,3,Right-sized 4thgeneration toolset,297.31,428,2023-03-12
1472,290,6,Grass-roots motivating workforce,511.22,291,2023-03-22
1473,524,1,Business-focused homogeneous analyzer,651.88,365,2023-09-28
1474,509,2,Vision-oriented impactful Local Area Network,834.61,71,2023-11-07
1475,105,9,Switchable radical superstructure,151.22,365,2024-04-26
1476,95,13,Enhanced even-keeled strategy,327.47,182,2024-11-23
1477,84,7,Fundamental real-time solution,312.49,35,2025-10-05
1478,411,9,Focused reciprocal capacity,60.61,213,2025-03-21
1479,159,9,Ergonomic background open architecture,741.44,416,2024-02-29
1480,460,3,Devolved 24hour groupware,108.14,466,2024-06-18
1481,233,4,Right-sized actuating framework,55.57,349,2026-02-16
1482,25,1,Object-based needs-based superstructure,580.39,357,2024-04-06
1483,491,1,Implemented 6thgeneration toolset,42.74,388,2024-04-21
1484,157,14,Profit-focused system-worthy orchestration,128.21,163,2024-10-23
1485,397,13,Implemented 24hour process improvement,572.72,202,2023-02-09
1486,523,13,Fundamental dedicated firmware,264.22,12,2025-04-29
1487,564,2,Proactive encompassing matrix,40.91,301,2023-03-15
1488,214,4,Secured zero administration support,526.54,3,2024-12-16
1489,83,10,Pre-emptive non-volatile matrix,794.06,260,2023-12-03
1490,407,4,Programmable coherent instruction set,141.26,3,2026-06-29
1491,289,5,Profound interactive collaboration,502.85,261,2025-03-06
1492,164,14,Implemented fresh-thinking model,185.41,311,2024-06-08
1493,343,4,Ergonomic asynchronous software,297.71,133,2025-03-15
1494,123,11,Implemented 5thgeneration orchestration,260.41,14,2025-07-01
1495,525,13,Customizable systemic productivity,368.08,94,2023-08-19
1496,43,7,Organic bifurcated flexibility,725.14,380,2024-02-26
1497,205,13,Polarized context-sensitive intranet,515.33,382,2024-09-03
1498,220,15,Automated disintermediate throughput,535.96,155,2025-01-09
1499,475,1,Secured dedicated parallelism,584.8,117,2026-03-06
1500,259,4,Multi-lateral encompassing product,462.42,158,2023-01-26
1501,222,14,Reverse-engineered upward-trending open architecture,166.91,170,2024-02-27
1502,512,12,Streamlined dynamic Graphic Interface,352.76,167,2025-07-26
1503,401,10,Exclusive discrete installation,679.69,471,2025-10-03
1504,492,9,Devolved coherent process improvement,539.07,407,2024-05-23
1505,80,10,Optional mobile Local Area Network,100.99,0,2023-03-05
1506,52,14,Inverse actuating Internet solution,15.02,140,2023-01-01
1507,311,8,Exclusive upward-trending superstructure,346.36,290,2023-11-23
1508,100,1,Polarized solution-oriented solution,334.39,330,2024-01-26
1509,434,12,Seamless didactic system engine,789.41,38,2024-07-27
1510,428,11,Enhanced tertiary project,25.03,394,2023-03-13
1511,123,5,Mandatory holistic firmware,131.94,233,2024-02-24
1512,124,15,Re-engineered 6thgeneration extranet,574.85,487,2023-03-04
1513,488,3,Customizable transitional website,17.83,44,2024-04-25
1514,467,14,User-friendly needs-based function,798.35,355,2026-02-15
1515,280,5,Multi-lateral motivating synergy,25.18,288,2025-09-09
1516,65,12,Up-sized impactful complexity,624.15,110,2023-05-14
1517,408,11,Exclusive non-volatile archive,342.79,19,2025-10-15
1518,443,14,Exclusive regional info-mediaries,421.79,89,2023-01-28
1519,591,15,Proactive leadingedge function,44.4,32,2024-07-29
1520,289,12,Fully-configurable eco-centric service-desk,433.85,410,2024-07-01
1521,25,11,Self-enabling bi-directional projection,248.4,446,2024-01-21
1522,241,12,Future-proofed homogeneous intranet,405.94,0,2023-04-01
1523,577,14,Compatible modular projection,772.0,286,2025-09-27
1524,238,12,Advanced asymmetric Internet solution,764.36,24,2024-08-09
1525,373,2,Innovative fresh-thinking concept,540.24,233,2025-08-25
1526,558,3,User-friendly mission-critical database,339.06,461,2025-01-30
1527,565,9,Monitored client-server product,135.39,376,2024-12-11
1528,417,3,Versatile real-time access,524.28,190,2025-08-15
1529,356,13,Cloned directional database,266.73,416,2025-10-09
1530,556,7,Implemented tertiary synergy,327.48,221,2023-06-27
1531,260,15,Focused uniform info-mediaries,128.18,473,2025-01-04
1532,478,8,Reverse-engineered exuding info-mediaries,679.55,441,2023-12-03
1533,44,6,Horizontal grid-enabled open system,458.18,440,2023-10-25
1534,350,9,Horizontal eco-centric hierarchy,571.25,381,2023-11-23
1535,588,3,Business-focused 24hour framework,879.61,405,2024-02-26
1536,406,2,Assimilated bi-directional knowledge user,741.97,450,2023-08-18
1537,514,9,Organized system-worthy instruction set,42.56,53,2026-03-24
1538,5,5,Persevering holistic challenge,841.37,340,2023-12-04
1539,233,11,Automated 24hour emulation,640.22,171,2025-09-28
1540,120,6,Integrated object-oriented portal,660.0,408,2025-02-03
1541,562,15,Upgradable empowering software,358.48,336,2025-03-15
1542,225,10,Cloned zero-defect budgetary management,319.26,208,2023-08-06
1543,232,11,Intuitive clear-thinking portal,581.28,79,2024-01-21
1544,1,15,Re-engineered cohesive initiative,715.26,258,2023-08-09
1545,508,3,Implemented fault-tolerant application,824.67,355,2024-09-19
1546,248,13,Realigned responsive extranet,368.47,422,2024-03-04
1547,555,11,Cross-platform 3rdgeneration success,91.44,417,2024-01-27
1548,25,1,Quality-focused homogeneous leverage,32.82,61,2024-02-29
1549,191,14,Distributed executive algorithm,699.57,36,2023-05-18
1550,260,8,Synchronized didactic adapter,856.15,216,2025-01-02
1551,413,1,Managed system-worthy protocol,629.54,153,2024-12-03
1552,398,6,Streamlined eco-centric interface,191.55,219,2026-06-22
1553,490,11,Multi-lateral neutral protocol,555.24,21,2025-10-03
1554,33,8,Proactive multi-tasking intranet,291.06,15,2024-06-07
1555,485,14,Implemented secondary superstructure,719.05,385,2026-01-08
1556,101,7,Organic intermediate middleware,621.28,317,2024-12-19
1557,503,1,Intuitive attitude-oriented open system,345.06,492,2025-09-25
1558,89,8,Front-line uniform circuit,230.67,47,2023-06-19
1559,252,12,Reverse-engineered neutral Internet solution,748.4,323,2023-07-12
1560,466,7,Ergonomic contextually-based knowledgebase,675.39,123,2026-05-21
1561,481,1,Extended asynchronous budgetary management,293.96,282,2025-07-13
1562,222,10,Self-enabling cohesive portal,372.48,5,2023-09-20
1563,29,15,Realigned cohesive project,458.12,35,2025-10-25
1564,186,8,Re-engineered web-enabled neural-net,250.88,289,2025-03-05
1565,549,11,Programmable disintermediate migration,653.27,129,2026-04-14
1566,121,12,Adaptive well-modulated standardization,467.47,89,2025-07-14
1567,301,14,Grass-roots bifurcated installation,150.65,148,2026-05-16
1568,340,7,Robust regional database,103.15,79,2023-06-07
1569,204,8,Persevering incremental synergy,440.18,2,2025-03-04
1570,181,13,Seamless leadingedge ability,342.15,154,2024-01-10
1571,229,6,Profit-focused intermediate emulation,779.67,298,2025-10-07
1572,235,12,Down-sized object-oriented help-desk,402.97,358,2023-08-26
1573,104,3,Object-based user-facing methodology,129.58,379,2026-05-24
1574,577,1,Managed next generation flexibility,397.09,187,2025-05-30
1575,22,12,Reduced directional capability,475.02,355,2025-01-24
1576,557,2,Reduced mobile strategy,379.66,17,2024-07-25
1577,447,9,Horizontal dynamic info-mediaries,633.32,34,2023-05-14
1578,90,5,Distributed modular utilization,790.6,340,2025-01-02
1579,487,7,Cross-platform eco-centric website,458.86,124,2023-10-09
1580,124,1,Decentralized responsive product,149.98,292,2024-01-18
1581,202,8,Pre-emptive context-sensitive circuit,595.57,279,2025-02-03
1582,571,5,Distributed neutral encoding,432.69,497,2024-01-15
1583,597,7,Ameliorated exuding migration,108.68,20,2024-04-20
1584,208,3,Operative logistical throughput,273.8,382,2025-03-11
1585,12,6,Progressive client-server moderator,58.68,403,2023-01-25
1586,116,9,Profit-focused full-range database,600.98,299,2025-12-22
1587,10,5,Polarized responsive neural-net,792.93,70,2024-10-16
1588,250,14,Fully-configurable multi-tasking productivity,434.94,109,2024-01-22
1589,487,8,Versatile bi-directional time-frame,433.46,50,2023-12-20
1590,398,9,Innovative optimal solution,571.88,277,2023-05-26
1591,150,11,Open-architected context-sensitive encoding,118.62,261,2023-10-25
1592,70,8,Self-enabling explicit productivity,464.47,37,2026-03-05
1593,169,4,Advanced solution-oriented synergy,566.1,211,2025-01-10
1594,231,14,Versatile cohesive archive,239.9,30,2025-06-03
1595,44,14,Multi-tiered eco-centric strategy,291.83,202,2023-02-26
1596,198,11,Operative zero tolerance interface,655.2,191,2025-03-11
1597,461,10,Stand-alone local attitude,753.54,115,2023-09-18
1598,491,10,Seamless dynamic focus group,854.69,260,2025-04-12
1599,162,4,Switchable coherent portal,541.08,147,2025-10-15
1600,77,7,Public-key intangible capacity,541.83,213,2023-05-16
1601,576,2,Innovative national capacity,635.49,397,2023-10-26
1602,41,6,Secured systematic contingency,253.25,143,2025-08-09
1603,350,5,Enterprise-wide non-volatile extranet,753.5,309,2024-10-31
1604,316,14,Face-to-face clear-thinking complexity,853.89,261,2025-09-25
1605,396,13,Team-oriented maximized task-force,784.68,352,2026-04-22
1606,574,15,Customer-focused asynchronous functionalities,615.54,306,2026-03-21
1607,141,8,De-engineered demand-driven success,306.67,354,2025-09-29
1608,351,9,Monitored uniform matrix,467.7,323,2023-05-09
1609,258,11,Programmable asynchronous forecast,245.04,138,2024-08-14
1610,526,4,Reactive bifurcated neural-net,285.17,463,2024-10-25
1611,246,10,Centralized contextually-based utilization,176.17,497,2024-09-19
1612,197,14,Automated holistic standardization,304.81,346,2025-04-22
1613,286,5,Horizontal zero administration access,539.99,342,2024-01-21
1614,143,13,Managed multimedia capacity,694.06,151,2024-01-25
1615,371,12,Proactive systematic pricing structure,490.77,164,2024-02-23
1616,474,10,Seamless asymmetric focus group,470.49,60,2024-08-19
1617,253,4,Advanced empowering budgetary management,540.32,324,2024-11-21
1618,188,15,Upgradable neutral software,584.48,254,2025-02-06
1619,252,7,Open-source system-worthy parallelism,438.48,138,2026-03-09
1620,471,9,Centralized grid-enabled initiative,310.54,130,2026-05-26
1621,74,5,Front-line motivating adapter,116.35,192,2026-02-01
1622,403,1,Implemented 4thgeneration adapter,64.55,415,2024-06-05
1623,507,8,Integrated high-level hierarchy,841.59,281,2026-04-10
1624,284,9,Enterprise-wide holistic collaboration,512.86,101,2024-06-28
1625,53,7,Open-source foreground focus group,567.15,250,2026-05-04
1626,111,8,Networked analyzing initiative,396.26,160,2023-09-02
1627,144,3,Pre-emptive real-time conglomeration,115.0,389,2023-04-22
1628,43,14,Open-source motivating neural-net,67.89,55,2026-01-28
1629,549,5,Profound discrete encryption,119.03,49,2025-05-16
1630,210,1,Implemented tangible hub,802.71,290,2023-05-03
1631,11,2,Progressive 24/7 orchestration,307.15,319,2024-07-21
1632,292,7,Optional transitional pricing structure,220.4,112,2026-06-20
1633,585,13,Open-source disintermediate ability,243.72,282,2024-12-25
1634,243,3,Re-engineered foreground synergy,25.53,299,2024-10-10
1635,226,3,Open-architected methodical hierarchy,726.1,422,2025-02-23
1636,209,9,Inverse actuating projection,556.58,488,2023-11-25
1637,94,10,Exclusive leadingedge utilization,667.7,498,2024-07-06
1638,498,2,Open-architected stable workforce,90.63,432,2025-04-12
1639,227,4,Innovative user-facing matrix,416.25,84,2023-12-22
1640,226,5,Profound optimal budgetary management,101.1,122,2024-09-23
1641,446,10,Focused discrete pricing structure,775.49,434,2025-03-02
1642,457,4,Advanced 24hour matrices,212.79,433,2023-06-17
1643,419,12,Innovative intermediate complexity,402.49,76,2025-02-26
1644,390,1,Programmable impactful orchestration,489.42,139,2024-02-25
1645,504,7,Customer-focused bottom-line approach,711.67,268,2024-12-02
1646,330,1,Managed 24hour instruction set,451.62,315,2025-03-05
1647,453,10,Stand-alone upward-trending monitoring,188.89,73,2023-06-08
1648,387,3,Extended high-level middleware,710.31,106,2024-03-22
1649,322,6,Team-oriented mission-critical methodology,367.56,127,2024-08-18
1650,237,7,Networked hybrid core,542.38,240,2023-02-19
1651,577,4,Customer-focused intermediate archive,582.69,33,2025-07-15
1652,23,7,Switchable real-time neural-net,516.62,184,2025-02-19
1653,21,8,Team-oriented intermediate extranet,395.47,228,2025-05-18
1654,92,7,Stand-alone actuating hub,233.15,117,2024-07-05
1655,376,15,Fully-configurable mobile instruction set,897.39,245,2023-11-20
1656,173,4,Organic 5thgeneration solution,769.0,330,2025-11-25
1657,544,13,Function-based attitude-oriented functionalities,180.15,18,2025-02-20
1658,374,1,Customizable 24/7 initiative,685.83,46,2023-11-22
1659,95,10,Cross-group context-sensitive throughput,627.29,25,2024-05-27
1660,82,9,Streamlined systemic groupware,839.14,231,2023-11-02
1661,301,3,Digitized analyzing initiative,773.35,142,2024-01-16
1662,235,7,Centralized foreground knowledge user,283.87,266,2023-05-17
1663,238,14,Right-sized radical definition,87.57,26,2026-03-18
1664,181,5,Future-proofed tertiary capability,495.4,482,2025-05-16
1665,172,4,Team-oriented context-sensitive architecture,20.37,492,2024-02-05
1666,79,2,Total explicit middleware,696.68,137,2024-01-02
1667,547,2,User-centric needs-based functionalities,702.25,283,2025-01-25
1668,184,3,Cross-group encompassing Graphical User Interface,482.61,95,2024-05-18
1669,9,6,Pre-emptive tangible open system,770.58,392,2024-07-11
1670,526,14,Inverse impactful analyzer,23.53,258,2023-04-27
1671,404,3,Monitored intangible throughput,154.46,240,2023-11-16
1672,136,4,Automated mission-critical encoding,776.2,427,2025-01-22
1673,588,13,Persistent leadingedge artificial intelligence,254.94,125,2025-07-20
1674,180,12,Virtual bottom-line middleware,103.33,127,2023-11-28
1675,44,2,Quality-focused contextually-based project,884.65,69,2023-01-02
1676,295,8,Function-based cohesive algorithm,478.35,250,2025-03-19
1677,564,9,Intuitive bottom-line contingency,654.97,455,2025-12-11
1678,478,11,Multi-layered tertiary encoding,849.23,181,2026-05-25
1679,592,12,Diverse client-driven access,754.67,207,2024-05-29
1680,537,15,Open-architected scalable budgetary management,369.86,257,2025-10-20
1681,130,13,Re-engineered eco-centric software,37.58,37,2026-05-13
1682,377,14,User-centric bi-directional knowledge user,272.1,309,2025-04-24
1683,392,7,Focused methodical system engine,273.06,12,2024-10-06
1684,499,4,Universal bi-directional forecast,676.52,110,2025-06-10
1685,151,8,Streamlined eco-centric solution,779.34,404,2023-10-14
1686,310,7,Enterprise-wide bifurcated forecast,223.81,8,2024-04-10
1687,450,5,Ameliorated cohesive analyzer,440.65,238,2025-08-10
1688,381,15,Right-sized composite architecture,188.19,66,2025-05-01
1689,53,4,Total analyzing superstructure,853.2,459,2023-07-27
1690,303,6,De-engineered secondary success,52.53,238,2025-03-02
1691,444,2,Profit-focused dynamic structure,540.41,181,2025-11-15
1692,565,8,Fundamental multimedia instruction set,41.26,444,2025-09-08
1693,70,6,Ergonomic systemic software,301.64,158,2025-11-03
1694,170,1,Multi-layered foreground intranet,892.92,74,2026-02-24
1695,277,1,Synergized zero-defect project,27.08,111,2025-12-03
1696,381,1,Proactive value-added functionalities,406.27,171,2026-06-09
1697,472,6,Fundamental content-based product,561.48,145,2025-01-23
1698,53,13,Persevering context-sensitive policy,467.7,63,2025-06-16
1699,500,7,Triple-buffered foreground frame,688.45,18,2026-01-27
1700,580,9,Cloned transitional protocol,65.21,495,2023-11-11
1701,387,6,Down-sized fresh-thinking success,596.24,225,2024-07-01
1702,148,3,Enhanced bandwidth-monitored synergy,687.08,100,2023-07-10
1703,394,5,Configurable user-facing capability,357.98,21,2023-04-01
1704,311,1,User-centric system-worthy infrastructure,858.43,99,2025-05-06
1705,583,4,Reduced leadingedge structure,378.73,422,2023-11-07
1706,438,9,Ergonomic hybrid initiative,513.52,469,2024-03-07
1707,1,2,Multi-layered encompassing ability,151.23,19,2024-06-27
1708,495,13,User-friendly value-added project,64.14,239,2023-12-06
1709,506,2,Progressive 5thgeneration analyzer,76.56,235,2024-12-02
1710,382,14,Grass-roots dedicated migration,424.68,489,2024-06-12
1711,591,9,Object-based zero administration groupware,495.38,461,2024-11-08
1712,335,9,Enterprise-wide incremental model,144.25,349,2026-04-22
1713,533,11,Horizontal attitude-oriented neural-net,254.66,304,2024-05-17
1714,232,14,User-friendly user-facing Internet solution,24.88,247,2024-07-11
1715,337,9,Up-sized 4thgeneration functionalities,274.0,498,2025-04-08
1716,53,10,Exclusive reciprocal analyzer,273.8,441,2024-06-11
1717,110,14,Balanced regional ability,137.42,114,2024-03-24
1718,255,8,Multi-lateral next generation system engine,815.12,474,2023-07-21
1719,556,9,Grass-roots multi-tasking throughput,329.87,380,2025-03-29
1720,430,10,Cross-group dynamic installation,301.43,41,2024-05-11
1721,167,10,Synergized web-enabled project,435.64,475,2023-05-16
1722,322,15,Reverse-engineered grid-enabled instruction set,800.92,223,2025-04-11
1723,443,3,Visionary foreground installation,375.72,500,2023-03-04
1724,342,6,Mandatory incremental infrastructure,110.8,120,2025-09-23
1725,504,15,Object-based disintermediate customer loyalty,862.65,301,2024-03-14
1726,416,7,Balanced system-worthy neural-net,765.25,146,2024-05-13
1727,169,6,Advanced cohesive groupware,147.47,167,2026-04-30
1728,386,14,Function-based didactic Local Area Network,79.17,42,2023-06-18
1729,9,3,Expanded bi-directional infrastructure,488.62,252,2023-07-09
1730,156,1,Organized intangible pricing structure,6.86,90,2023-03-08
1731,137,5,Profit-focused maximized functionalities,885.4,187,2025-01-01
1732,586,2,Decentralized user-facing service-desk,41.17,457,2024-09-26
1733,339,2,Universal zero-defect task-force,39.84,298,2023-06-18
1734,41,10,Integrated upward-trending infrastructure,5.18,472,2024-01-29
1735,175,15,Fundamental hybrid adapter,354.81,251,2023-08-09
1736,274,10,Total hybrid contingency,265.82,428,2025-12-13
1737,74,14,Intuitive transitional secured line,553.39,70,2023-05-14
1738,474,10,Compatible 5thgeneration flexibility,767.88,80,2025-11-20
1739,99,8,Quality-focused context-sensitive task-force,547.79,352,2024-08-04
1740,33,7,Profit-focused actuating archive,767.67,340,2023-11-30
1741,485,13,Synchronized logistical synergy,409.99,487,2025-11-08
1742,314,5,Horizontal grid-enabled framework,589.86,417,2025-04-01
1743,429,13,Optional real-time initiative,837.78,406,2024-09-25
1744,335,4,Open-architected context-sensitive interface,220.4,76,2023-11-14
1745,38,2,Implemented national orchestration,57.57,448,2023-08-30
1746,152,2,Sharable mission-critical customer loyalty,898.4,64,2023-11-02
1747,76,5,Stand-alone 24hour benchmark,694.47,352,2024-10-17
1748,594,4,Enterprise-wide demand-driven task-force,648.17,222,2025-04-19
1749,126,15,Cloned tertiary pricing structure,581.65,482,2026-02-04
1750,310,15,Synergistic non-volatile hierarchy,639.64,458,2025-08-27
1751,35,6,Self-enabling hybrid info-mediaries,145.09,98,2024-12-07
1752,68,1,Diverse hybrid orchestration,33.07,436,2024-05-31
1753,399,3,Phased radical Graphical User Interface,732.19,237,2025-03-25
1754,332,8,Multi-channeled demand-driven standardization,123.94,167,2025-05-14
1755,323,15,Networked zero administration adapter,677.6,444,2024-01-12
1756,8,14,Open-source even-keeled orchestration,705.96,488,2024-05-28
1757,426,2,Object-based secondary challenge,440.76,171,2023-10-31
1758,44,15,Decentralized zero-defect open system,130.6,262,2026-05-21
1759,508,5,Polarized intermediate hardware,817.03,369,2024-01-05
1760,428,1,Upgradable motivating moderator,694.91,323,2025-01-08
1761,352,13,Open-architected stable algorithm,555.3,172,2023-01-06
1762,108,8,Triple-buffered neutral budgetary management,695.54,496,2025-10-23
1763,207,4,Up-sized composite hardware,137.28,348,2025-10-31
1764,281,9,Decentralized scalable strategy,354.66,270,2026-04-24
1765,202,7,Configurable didactic emulation,693.88,374,2023-03-22
1766,466,12,Secured multi-state parallelism,533.91,148,2026-01-08
1767,468,1,Proactive methodical conglomeration,259.6,9,2025-04-14
1768,65,8,Versatile modular application,747.44,213,2025-08-07
1769,586,4,Re-engineered empowering architecture,831.16,427,2026-04-25
1770,229,8,Multi-tiered neutral function,241.9,456,2023-03-21
1771,235,11,Centralized hybrid service-desk,814.41,130,2025-03-19
1772,272,1,Compatible high-level matrices,480.0,20,2024-03-30
1773,461,4,Synergized content-based interface,360.29,220,2023-04-08
1774,78,13,Front-line heuristic installation,723.93,274,2026-01-24
1775,427,1,Configurable real-time system engine,454.06,487,2024-09-19
1776,53,8,Synergized 6thgeneration Internet solution,890.03,109,2025-12-29
1777,566,5,Digitized secondary moratorium,702.8,437,2024-04-25
1778,399,9,Ergonomic zero-defect info-mediaries,654.51,90,2026-01-21
1779,206,1,Advanced 5thgeneration infrastructure,618.14,40,2024-11-04
1780,252,8,Intuitive bifurcated benchmark,23.51,66,2024-06-12
1781,174,11,Optimized motivating throughput,266.61,131,2025-05-01
1782,166,15,Advanced uniform definition,386.66,373,2023-12-02
1783,371,2,Cross-platform empowering array,689.75,147,2024-09-25
1784,556,12,Front-line secondary Local Area Network,496.06,35,2023-06-06
1785,160,14,Multi-layered web-enabled project,113.68,479,2023-01-07
1786,246,2,Reverse-engineered client-server interface,701.9,406,2024-07-07
1787,184,2,Decentralized secondary superstructure,689.58,172,2023-09-06
1788,513,13,Distributed interactive firmware,752.49,273,2025-08-10
1789,524,2,Centralized empowering analyzer,435.7,314,2024-07-23
1790,86,6,Organic optimal neural-net,711.15,180,2023-12-28
1791,398,13,Down-sized stable algorithm,174.41,483,2024-05-27
1792,19,15,Self-enabling interactive core,822.91,411,2023-06-26
1793,65,3,Fully-configurable bandwidth-monitored groupware,135.49,82,2025-12-05
1794,548,4,Switchable analyzing installation,433.42,473,2024-12-20
1795,31,6,Sharable mission-critical pricing structure,768.88,405,2025-06-04
1796,107,13,Down-sized intangible flexibility,463.61,415,2025-04-04
1797,218,3,Down-sized 24/7 software,175.17,326,2025-09-17
1798,69,12,Organized attitude-oriented conglomeration,207.93,336,2025-10-09
1799,571,13,Compatible bandwidth-monitored customer loyalty,414.77,164,2025-01-25
1800,204,15,Self-enabling multi-state Local Area Network,42.55,231,2024-01-21
1801,4,10,Decentralized zero-defect complexity,323.09,340,2025-02-01
1802,347,7,Organized 4thgeneration model,676.0,3,2024-10-07
1803,475,2,Focused optimal knowledgebase,124.99,49,2026-05-02
1804,534,9,Up-sized bifurcated structure,690.67,303,2023-10-06
1805,485,8,Sharable full-range customer loyalty,500.45,282,2024-11-28
1806,123,10,Virtual user-facing framework,730.68,402,2024-10-11
1807,252,5,Profit-focused local attitude,485.68,217,2024-08-23
1808,40,14,Exclusive fault-tolerant product,100.37,480,2024-09-06
1809,141,12,Automated system-worthy monitoring,236.15,194,2023-11-10
1810,288,6,Vision-oriented content-based open system,765.5,38,2025-12-23
1811,373,2,Persistent heuristic projection,450.96,378,2024-09-06
1812,417,1,Persevering responsive artificial intelligence,28.39,145,2024-11-02
1813,190,12,Expanded transitional forecast,88.29,70,2025-12-11
1814,103,6,Secured web-enabled hub,106.46,499,2024-06-25
1815,342,6,Monitored client-server collaboration,800.12,93,2026-03-26
1816,218,10,Versatile holistic website,721.32,118,2023-04-11
1817,284,5,Proactive intermediate standardization,758.1,281,2026-01-13
1818,82,13,Upgradable fresh-thinking ability,642.96,478,2026-03-28
1819,560,5,Virtual 6thgeneration support,816.15,336,2024-09-01
1820,103,15,Persistent even-keeled focus group,366.26,476,2023-03-25
1821,320,15,Robust bandwidth-monitored forecast,790.77,47,2024-11-13
1822,276,12,Diverse contextually-based emulation,51.58,35,2023-07-13
1823,5,2,Self-enabling even-keeled Local Area Network,802.8,21,2025-08-18
1824,370,7,Configurable optimal standardization,490.05,135,2023-11-22
1825,575,15,Centralized global Local Area Network,715.72,41,2024-11-15
1826,173,3,Function-based bottom-line time-frame,585.38,291,2023-08-01
1827,18,8,Organized regional database,200.47,362,2023-09-17
1828,174,12,Switchable context-sensitive artificial intelligence,861.77,442,2025-11-09
1829,245,7,Stand-alone grid-enabled forecast,9.72,267,2024-07-13
1830,591,13,Innovative 6thgeneration parallelism,658.21,431,2024-01-20
1831,505,9,Realigned mission-critical firmware,217.92,220,2024-03-08
1832,398,4,Vision-oriented bifurcated migration,743.39,149,2024-12-06
1833,140,7,Devolved incremental budgetary management,876.47,210,2026-03-30
1834,295,5,Robust real-time migration,227.87,438,2023-09-13
1835,431,5,Right-sized 24hour Graphical User Interface,585.25,254,2023-01-03
1836,118,7,Digitized incremental orchestration,533.7,382,2024-06-02
1837,132,10,Realigned user-facing attitude,169.99,328,2026-04-03
1838,123,11,Horizontal neutral model,227.65,364,2023-03-24
1839,237,4,Persevering asynchronous access,671.66,374,2023-05-28
1840,405,3,Open-source optimizing Graphical User Interface,868.86,141,2023-08-19
1841,589,1,Triple-buffered human-resource contingency,588.4,367,2023-08-15
1842,15,7,Inverse zero-defect archive,100.71,105,2025-07-04
1843,148,3,Innovative hybrid hardware,653.25,402,2023-09-10
1844,378,6,Virtual multi-tasking paradigm,879.63,193,2025-11-28
1845,282,8,Triple-buffered contextually-based software,598.48,439,2023-10-26
1846,212,7,Object-based regional utilization,321.08,445,2024-05-12
1847,502,8,Object-based disintermediate archive,854.47,223,2023-04-11
1848,259,1,Organic mission-critical Local Area Network,392.79,81,2023-05-06
1849,62,12,Total bottom-line model,415.57,148,2024-02-22
1850,424,2,Cross-group discrete algorithm,793.76,72,2024-08-03
1851,287,3,User-friendly homogeneous capability,386.4,7,2025-08-27
1852,543,2,Diverse background conglomeration,529.89,178,2024-09-12
1853,230,8,Open-source motivating encoding,184.82,442,2024-07-18
1854,489,7,Function-based cohesive data-warehouse,246.32,245,2024-03-27
1855,449,15,Total zero administration budgetary management,124.46,399,2024-04-25
1856,498,7,Re-engineered well-modulated Internet solution,200.88,485,2026-02-03
1857,522,11,Optimized systematic analyzer,840.9,56,2024-07-02
1858,380,9,Balanced grid-enabled secured line,233.05,50,2024-07-10
1859,529,13,Profound mobile system engine,282.63,206,2023-02-11
1860,65,10,Synchronized exuding support,861.64,54,2024-05-09
1861,290,5,Reduced responsive portal,729.68,387,2026-02-12
1862,589,13,Stand-alone fault-tolerant help-desk,832.36,471,2024-01-10
1863,509,9,Fully-configurable bandwidth-monitored benchmark,8.01,490,2023-02-10
1864,336,13,Assimilated coherent utilization,622.22,283,2025-05-09
1865,582,6,Reduced 24hour database,6.3,99,2024-01-19
1866,112,12,Open-architected hybrid middleware,279.16,391,2025-05-20
1867,258,12,Grass-roots 24hour website,725.1,300,2024-02-13
1868,412,11,Polarized fault-tolerant capability,758.5,308,2026-03-03
1869,578,6,Secured user-facing protocol,90.99,241,2024-02-06
1870,251,6,User-centric next generation encoding,45.98,172,2024-12-31
1871,483,13,Profound leadingedge knowledge user,220.83,170,2025-10-06
1872,234,7,Vision-oriented dynamic capability,861.95,8,2023-06-06
1873,106,10,Progressive mission-critical open system,806.84,118,2025-04-21
1874,45,4,Quality-focused leadingedge monitoring,423.03,273,2023-05-29
1875,106,11,Cloned asynchronous benchmark,890.84,280,2025-06-22
1876,139,4,Extended contextually-based intranet,665.52,111,2025-01-29
1877,100,1,Reactive stable help-desk,234.52,470,2026-04-18
1878,419,2,Self-enabling neutral service-desk,892.22,329,2026-04-20
1879,461,15,Enterprise-wide asynchronous alliance,192.12,174,2024-04-29
1880,122,2,Optimized cohesive installation,725.84,405,2026-05-10
1881,550,12,Configurable clear-thinking info-mediaries,568.04,389,2024-05-08
1882,46,8,Digitized executive adapter,621.64,277,2023-12-09
1883,7,15,Profit-focused static process improvement,758.62,418,2024-03-19
1884,422,15,Down-sized systemic implementation,301.01,45,2025-10-28
1885,597,4,Assimilated client-server toolset,832.7,142,2023-01-01
1886,438,12,Synergistic impactful service-desk,317.31,182,2025-07-15
1887,570,12,User-friendly cohesive frame,152.03,378,2023-07-19
1888,586,1,Seamless secondary moratorium,602.22,98,2023-12-19
1889,161,4,Proactive client-driven function,665.03,375,2024-01-03
1890,201,14,Reverse-engineered foreground middleware,192.11,67,2024-08-27
1891,472,1,Centralized intermediate portal,597.18,115,2026-06-20
1892,138,1,Virtual high-level data-warehouse,110.49,467,2024-02-23
1893,376,11,Advanced client-server application,682.14,389,2024-09-05
1894,443,3,Sharable didactic database,620.68,426,2023-11-22
1895,486,7,Cloned systematic Graphical User Interface,11.81,191,2023-03-13
1896,546,3,Innovative bottom-line emulation,617.56,457,2025-05-10
1897,112,2,Re-contextualized dedicated migration,689.14,108,2023-05-30
1898,158,7,Multi-channeled 4thgeneration data-warehouse,102.04,117,2023-12-07
1899,273,12,Persevering non-volatile methodology,470.62,284,2025-12-23
1900,600,6,Versatile 24/7 core,798.31,80,2026-05-02
1901,546,11,Inverse exuding paradigm,512.72,488,2025-07-08
1902,436,3,Customer-focused well-modulated hierarchy,551.79,406,2025-06-30
1903,286,6,Universal modular Graphic Interface,237.89,109,2023-02-11
1904,201,7,Customizable empowering structure,269.49,395,2026-01-01
1905,477,15,Advanced encompassing extranet,86.46,297,2023-08-25
1906,130,15,Innovative zero administration groupware,53.13,377,2025-12-28
1907,116,9,Sharable demand-driven matrix,433.98,465,2026-04-04
1908,139,1,Object-based analyzing toolset,468.56,275,2024-04-19
1909,130,4,Switchable analyzing installation,817.65,260,2026-05-27
1910,557,15,Phased logistical toolset,71.37,275,2026-02-05
1911,86,6,Front-line didactic ability,474.93,47,2024-06-15
1912,268,6,Networked impactful hierarchy,496.26,423,2024-01-01
1913,46,7,Monitored intangible contingency,443.99,429,2024-02-25
1914,144,13,Cross-group client-server implementation,712.07,357,2023-07-03
1915,531,3,Cross-platform content-based Local Area Network,564.22,36,2025-05-14
1916,560,2,Configurable hybrid framework,665.27,164,2025-08-01
1917,169,11,Ameliorated dynamic collaboration,252.29,433,2024-11-22
1918,31,1,Future-proofed next generation knowledgebase,690.09,399,2023-02-25
1919,25,14,Self-enabling user-facing solution,729.58,15,2023-06-21
1920,331,3,Exclusive grid-enabled Local Area Network,683.0,413,2026-04-14
1921,84,2,Assimilated 6thgeneration workforce,620.71,246,2023-07-21
1922,450,13,Automated zero tolerance Local Area Network,805.38,331,2025-01-30
1923,59,13,Cloned bandwidth-monitored Internet solution,569.6,495,2026-05-23
1924,27,12,User-centric object-oriented artificial intelligence,139.04,180,2024-10-02
1925,389,11,Organized even-keeled attitude,108.06,468,2025-10-29
1926,297,13,Realigned leadingedge migration,266.45,81,2023-06-24
1927,559,14,Optimized zero-defect array,137.4,342,2026-03-26
1928,553,8,Stand-alone tertiary toolset,262.02,267,2023-06-06
1929,155,3,Grass-roots neutral intranet,742.79,147,2025-10-23
1930,44,6,Upgradable demand-driven array,344.59,20,2025-11-04
1931,446,8,Horizontal stable interface,28.48,306,2023-04-11
1932,3,11,Adaptive bottom-line application,238.84,125,2025-02-12
1933,354,11,Function-based leadingedge hierarchy,310.62,185,2025-11-22
1934,282,9,Pre-emptive high-level core,139.2,193,2026-02-27
1935,126,4,Compatible fault-tolerant project,374.6,408,2024-07-05
1936,524,4,Front-line 24/7 protocol,891.64,189,2023-04-11
1937,375,5,Configurable methodical task-force,740.3,401,2026-03-27
1938,385,12,Cloned bi-directional analyzer,42.47,365,2023-03-22
1939,482,1,Object-based full-range middleware,369.02,123,2025-04-20
1940,572,8,Ergonomic multi-tasking hardware,558.18,402,2023-02-04
1941,539,3,Devolved local knowledgebase,117.55,31,2024-07-02
1942,49,15,Synchronized client-server moratorium,114.55,200,2024-06-01
1943,542,2,Enterprise-wide multimedia open system,801.72,468,2025-12-19
1944,6,5,Pre-emptive zero tolerance task-force,564.88,132,2023-12-30
1945,561,8,Mandatory motivating product,451.1,476,2024-05-24
1946,529,4,Multi-layered full-range attitude,343.38,391,2024-01-20
1947,542,11,Upgradable client-driven success,62.42,137,2024-05-11
1948,159,11,Upgradable cohesive success,63.64,356,2025-03-30
1949,303,12,Future-proofed executive portal,157.92,292,2024-09-21
1950,418,5,Grass-roots multi-state solution,146.93,124,2025-05-09
1951,134,6,Profit-focused mobile approach,651.4,432,2025-12-18
1952,442,4,Up-sized tangible parallelism,98.15,491,2024-05-30
1953,85,8,Extended even-keeled initiative,786.72,420,2025-03-10
1954,299,11,Organized explicit productivity,353.93,181,2025-02-04
1955,298,14,Upgradable encompassing middleware,786.74,95,2025-04-05
1956,235,12,Horizontal tangible structure,609.79,174,2026-01-18
1957,192,5,Optional radical ability,176.54,443,2023-02-17
1958,87,8,Right-sized dedicated projection,342.65,210,2024-07-27
1959,298,9,Vision-oriented homogeneous secured line,520.25,417,2025-12-22
1960,518,15,Fully-configurable human-resource initiative,826.65,395,2024-04-07
1961,112,6,Enhanced analyzing hierarchy,221.08,357,2025-10-22
1962,532,3,Organized user-facing solution,748.21,141,2024-11-10
1963,138,8,Ameliorated encompassing concept,551.03,356,2023-05-07
1964,349,1,Organized needs-based knowledge user,264.27,327,2023-04-28
1965,299,4,Organic well-modulated capability,188.14,110,2024-03-03
1966,364,4,Up-sized asymmetric contingency,746.52,131,2026-04-17
1967,323,15,Persistent multimedia architecture,639.44,202,2024-03-30
1968,145,13,Multi-tiered bifurcated customer loyalty,96.44,48,2026-05-13
1969,466,9,Customer-focused human-resource middleware,422.46,449,2023-09-11
1970,558,1,Public-key scalable open architecture,547.77,101,2024-05-08
1971,94,11,Customer-focused didactic policy,612.5,252,2024-03-19
1972,138,7,Re-contextualized 6thgeneration website,581.4,115,2023-03-22
1973,417,14,Customizable systemic intranet,36.1,39,2023-06-21
1974,518,8,Profound holistic Graphic Interface,683.76,167,2025-03-08
1975,98,8,Optimized human-resource groupware,864.85,439,2025-04-13
1976,566,12,Persevering cohesive alliance,778.28,456,2023-01-18
1977,11,15,Ameliorated local strategy,170.41,420,2023-02-24
1978,31,10,Cross-group responsive toolset,100.53,398,2025-04-29
1979,115,9,Diverse web-enabled analyzer,119.47,305,2025-12-08
1980,14,4,Profit-focused asymmetric emulation,621.11,170,2025-08-25
1981,510,5,Fully-configurable systemic conglomeration,657.68,421,2026-05-05
1982,123,12,Horizontal bifurcated collaboration,817.59,469,2023-01-07
1983,219,7,Intuitive executive open system,334.26,405,2024-12-09
1984,138,15,Optimized 24hour attitude,56.85,159,2026-05-21
1985,73,13,Up-sized demand-driven encoding,115.23,269,2026-03-23
1986,294,2,Integrated national system engine,487.6,115,2024-04-18
1987,407,9,Multi-lateral zero administration service-desk,432.22,429,2023-02-24
1988,143,13,Ergonomic hybrid moderator,897.24,99,2023-12-16
1989,162,4,Cross-platform non-volatile task-force,547.87,258,2023-10-30
1990,76,4,Centralized optimal monitoring,408.9,171,2024-11-22
1991,429,2,Pre-emptive logistical interface,87.53,478,2023-03-16
1992,302,3,Phased executive open system,470.1,208,2023-03-29
1993,376,11,Open-source local artificial intelligence,24.01,405,2024-11-22
1994,244,8,Re-contextualized transitional standardization,842.35,219,2025-06-10
1995,48,9,Fundamental well-modulated methodology,625.84,59,2023-09-21
1996,437,13,Cross-group client-server hierarchy,762.64,480,2023-03-28
1997,198,14,Balanced system-worthy orchestration,891.27,266,2024-02-21
1998,370,7,Fully-configurable methodical approach,361.05,311,2023-07-01
1999,28,7,Automated real-time benchmark,142.81,233,2023-05-29
2000,329,12,Configurable bifurcated installation,195.49,487,2023-12-26
2001,224,5,Upgradable foreground customer loyalty,808.25,182,2023-04-17
2002,441,9,Phased mission-critical groupware,497.5,223,2026-03-17
2003,112,8,Horizontal intangible conglomeration,565.6,248,2025-05-19
2004,575,11,Realigned exuding analyzer,812.65,318,2024-03-07
2005,538,14,Object-based bi-directional info-mediaries,241.08,383,2023-03-24
2006,119,4,Switchable demand-driven superstructure,277.08,283,2023-01-11
2007,541,8,Enterprise-wide tertiary toolset,703.31,175,2024-09-03
2008,244,8,User-centric motivating database,777.23,467,2026-01-31
2009,542,3,Re-engineered incremental matrix,369.66,108,2024-04-23
2010,384,10,Organic holistic software,652.84,27,2023-07-29
2011,380,8,Proactive contextually-based portal,623.53,9,2026-05-25
2012,49,9,Public-key heuristic extranet,334.57,289,2026-04-04
2013,67,13,Ameliorated maximized protocol,263.96,293,2024-01-08
2014,17,12,Customizable exuding orchestration,895.84,130,2026-04-08
2015,170,7,Triple-buffered optimizing support,681.81,361,2026-03-19
2016,431,13,Configurable next generation portal,563.9,413,2025-02-08
2017,304,14,Synergistic bandwidth-monitored Internet solution,499.66,309,2026-05-14
2018,468,2,Diverse background hierarchy,800.78,151,2023-10-25
2019,549,13,Distributed radical toolset,332.72,196,2026-03-10
2020,255,3,Front-line multi-tasking service-desk,300.66,52,2024-08-25
2021,22,13,Distributed directional utilization,452.88,158,2026-03-12
2022,200,3,Synchronized bandwidth-monitored function,802.02,55,2024-01-14
2023,229,5,Cloned upward-trending ability,703.56,397,2025-05-30
2024,414,10,Horizontal secondary info-mediaries,506.05,480,2023-04-23
2025,418,10,Quality-focused local benchmark,631.2,285,2025-08-26
2026,159,7,Monitored zero administration instruction set,578.0,234,2025-05-05
2027,32,11,Cross-group client-server contingency,400.57,383,2024-03-18
2028,317,9,Adaptive interactive interface,849.0,370,2024-04-12
2029,533,10,Universal local archive,202.25,343,2026-05-18
2030,371,11,Inverse holistic software,223.34,486,2025-12-01
2031,142,11,Multi-layered hybrid Graphical User Interface,807.86,387,2023-02-05
2032,292,14,Advanced empowering secured line,7.74,176,2025-04-14
2033,121,3,Networked leadingedge info-mediaries,812.5,289,2026-06-03
2034,445,6,Multi-lateral global alliance,31.79,411,2023-10-29
2035,416,10,Monitored intermediate application,687.97,278,2023-10-28
2036,445,11,Mandatory tangible Local Area Network,243.09,401,2026-02-01
2037,392,10,Devolved didactic implementation,343.57,208,2023-05-30
2038,222,1,Sharable executive matrices,507.8,414,2025-05-22
2039,101,11,Integrated next generation encryption,748.39,451,2023-10-26
2040,195,13,Adaptive reciprocal capacity,478.0,292,2024-11-20
2041,124,5,Re-contextualized 24/7 matrices,759.75,397,2024-06-30
2042,409,9,Optimized mission-critical artificial intelligence,138.3,300,2024-09-28
2043,522,5,Total exuding standardization,565.3,20,2023-03-02
2044,169,8,Universal intermediate complexity,678.33,0,2023-01-14
2045,527,7,Exclusive fresh-thinking benchmark,542.34,464,2025-03-08
2046,65,1,Customizable secondary time-frame,109.51,390,2025-03-03
2047,516,4,Triple-buffered well-modulated migration,72.17,342,2024-01-31
2048,343,14,Diverse solution-oriented standardization,872.69,437,2023-02-22
2049,50,2,Down-sized composite flexibility,340.79,28,2026-06-07
2050,286,2,Quality-focused neutral function,267.26,310,2023-05-30
2051,330,1,Mandatory national capability,410.55,396,2023-12-29
2052,535,4,Right-sized zero administration functionalities,785.29,486,2025-06-26
2053,422,11,Synergistic contextually-based intranet,133.56,373,2025-01-24
2054,226,11,Persevering bifurcated archive,255.41,8,2025-10-11
2055,452,8,Front-line asynchronous hardware,540.95,200,2023-11-29
2056,60,12,Decentralized uniform knowledge user,848.91,453,2023-10-14
2057,413,13,Optional mission-critical middleware,777.39,343,2023-09-24
2058,141,6,Reactive coherent encoding,22.41,408,2023-07-08
2059,504,12,Vision-oriented heuristic hierarchy,564.71,242,2025-02-26
2060,49,3,Compatible directional help-desk,511.04,477,2026-05-17
2061,69,13,Exclusive context-sensitive knowledgebase,701.07,11,2025-03-24
2062,537,11,Multi-channeled optimizing challenge,482.5,34,2024-02-04
2063,204,4,Face-to-face grid-enabled artificial intelligence,411.2,45,2023-09-29
2064,322,6,Synchronized regional parallelism,644.84,87,2024-02-19
2065,354,15,Horizontal 6thgeneration definition,865.1,55,2025-08-14
2066,558,15,Profit-focused analyzing pricing structure,75.83,5,2024-02-24
2067,169,11,Visionary transitional success,95.97,308,2023-12-01
2068,1,7,Phased next generation Local Area Network,105.78,384,2025-05-14
2069,244,14,Profound foreground architecture,464.39,342,2024-10-12
2070,136,8,Switchable exuding protocol,448.68,293,2024-12-07
2071,386,2,Multi-lateral dynamic secured line,175.39,229,2023-06-02
2072,559,5,Profit-focused next generation functionalities,279.84,303,2023-04-11
2073,173,14,Enhanced multimedia data-warehouse,523.02,24,2023-10-16
2074,406,5,Progressive homogeneous website,461.68,498,2023-07-13
2075,442,5,Multi-tiered eco-centric project,259.85,27,2024-04-29
2076,463,4,Persistent 3rdgeneration productivity,615.42,425,2023-07-28
2077,408,8,Reduced multimedia installation,483.08,474,2023-10-18
2078,475,12,Front-line intangible Local Area Network,712.88,341,2025-11-17
2079,175,15,Re-engineered eco-centric data-warehouse,172.04,7,2023-11-27
2080,95,15,Ergonomic non-volatile Graphic Interface,444.95,420,2026-04-21
2081,550,14,Streamlined non-volatile Graphical User Interface,168.23,321,2024-02-01
2082,268,9,Upgradable homogeneous focus group,837.86,214,2023-12-18
2083,587,9,Distributed client-server emulation,309.41,424,2025-10-03
2084,449,4,Compatible exuding frame,683.29,443,2024-04-19
2085,553,4,Reduced 6thgeneration monitoring,789.59,434,2025-11-21
2086,182,9,Cloned maximized conglomeration,614.96,163,2025-04-16
2087,30,6,Devolved high-level model,209.86,384,2025-07-09
2088,24,8,Centralized content-based superstructure,708.11,301,2026-01-20
2089,439,7,Reduced transitional matrix,614.26,60,2025-07-17
2090,490,12,De-engineered mission-critical middleware,59.66,440,2025-10-13
2091,242,15,Customizable reciprocal installation,367.54,399,2023-10-28
2092,16,6,Enterprise-wide didactic software,689.25,192,2026-01-12
2093,148,2,Open-source explicit orchestration,594.71,87,2024-01-05
2094,230,11,Mandatory human-resource policy,317.62,345,2023-11-23
2095,89,7,Up-sized background Local Area Network,612.47,337,2025-01-19
2096,16,13,Intuitive mission-critical middleware,304.86,229,2023-08-03
2097,272,7,Fundamental tangible alliance,514.63,375,2023-05-30
2098,536,11,Configurable demand-driven superstructure,694.22,89,2023-05-29
2099,585,3,Networked interactive challenge,298.01,203,2025-07-24
2100,41,9,Distributed analyzing toolset,533.61,395,2024-07-03
2101,241,7,Optimized transitional success,562.97,277,2024-08-14
2102,560,14,Extended dedicated initiative,19.46,81,2023-09-17
2103,39,14,Assimilated impactful initiative,301.13,17,2026-05-24
2104,236,11,Automated contextually-based leverage,758.37,221,2026-05-10
2105,257,9,Mandatory radical focus group,872.3,331,2023-09-24
2106,306,15,Upgradable grid-enabled firmware,547.0,433,2026-06-02
2107,525,9,Digitized grid-enabled emulation,568.41,331,2023-06-22
2108,291,6,Upgradable dynamic productivity,409.41,279,2025-11-05
2109,469,13,Up-sized modular paradigm,677.29,18,2025-06-22
2110,94,6,Realigned 4thgeneration system engine,831.66,120,2026-01-19
2111,412,8,Intuitive dynamic alliance,354.48,100,2026-01-09
2112,192,1,Self-enabling neutral protocol,840.83,231,2024-07-16
2113,390,13,Synergistic background Internet solution,74.79,314,2023-05-11
2114,473,8,Right-sized foreground matrices,551.33,252,2025-02-26
2115,555,3,Self-enabling neutral knowledge user,772.03,294,2025-06-12
2116,518,8,Distributed demand-driven adapter,648.08,78,2023-09-23
2117,328,9,Persevering executive function,521.23,252,2023-03-20
2118,545,6,Mandatory stable secured line,614.99,0,2025-03-27
2119,191,11,Robust motivating customer loyalty,564.54,121,2025-01-25
2120,54,12,Business-focused system-worthy hardware,246.04,15,2025-01-08
2121,400,7,Cross-platform systemic challenge,656.27,169,2025-07-24
2122,583,1,Enterprise-wide 4thgeneration initiative,32.41,63,2023-12-10
2123,287,15,Ergonomic national intranet,489.87,398,2024-12-02
2124,384,5,Centralized local protocol,229.82,478,2025-12-08
2125,403,8,Public-key background hardware,536.26,100,2023-10-15
2126,362,14,Right-sized contextually-based archive,734.62,150,2024-01-16
2127,253,11,Progressive bottom-line implementation,856.71,349,2025-12-26
2128,590,14,Right-sized methodical website,245.97,200,2024-03-31
2129,200,9,Polarized full-range challenge,864.61,472,2026-03-18
2130,106,6,Virtual solution-oriented utilization,367.38,133,2023-06-13
2131,336,3,Multi-layered responsive knowledge user,482.06,172,2025-09-16
2132,183,15,Horizontal hybrid website,850.79,199,2023-12-10
2133,590,3,Fundamental attitude-oriented help-desk,366.26,301,2024-03-29
2134,228,6,Persistent eco-centric moratorium,479.11,400,2025-01-27
2135,105,4,Advanced motivating info-mediaries,775.09,481,2025-10-30
2136,109,9,Networked content-based artificial intelligence,640.99,189,2025-01-19
2137,27,11,Optional transitional forecast,443.21,134,2025-03-02
2138,573,6,Progressive responsive system engine,18.98,164,2025-09-25
2139,295,14,Robust static hierarchy,239.22,3,2024-02-02
2140,314,11,Seamless discrete Graphical User Interface,562.74,449,2025-11-15
2141,591,2,Focused incremental capability,834.05,57,2025-09-12
2142,496,3,Centralized dynamic monitoring,46.96,267,2024-11-14
2143,596,4,Organic exuding neural-net,245.86,19,2023-06-26
2144,373,4,Organized bandwidth-monitored info-mediaries,358.1,45,2024-10-28
2145,301,8,Function-based exuding hardware,101.22,423,2024-11-02
2146,208,2,Open-architected systematic pricing structure,198.84,88,2025-01-19
2147,220,14,Assimilated client-server approach,380.43,372,2025-12-10
2148,100,4,Balanced full-range database,719.92,229,2024-10-11
2149,47,1,Fully-configurable bifurcated interface,864.01,136,2023-11-03
2150,112,5,Horizontal 24/7 solution,855.59,405,2023-06-28
2151,37,13,Business-focused maximized orchestration,321.69,233,2025-02-23
2152,542,2,Triple-buffered human-resource hub,627.98,268,2025-08-26
2153,575,1,Profound non-volatile architecture,546.53,427,2023-09-27
2154,490,1,Implemented non-volatile knowledge user,248.15,66,2024-04-26
2155,527,9,Object-based high-level software,504.23,392,2024-12-14
2156,412,3,Configurable non-volatile ability,801.71,478,2024-11-08
2157,571,13,Universal bandwidth-monitored matrices,822.03,397,2025-05-26
2158,427,1,Grass-roots object-oriented policy,860.2,442,2026-04-10
2159,519,7,Sharable directional model,714.09,230,2026-01-08
2160,453,5,Ergonomic maximized paradigm,272.28,85,2023-10-11
2161,505,12,Organized motivating hardware,307.4,172,2024-07-26
2162,555,11,Phased systemic algorithm,308.87,301,2025-05-14
2163,373,13,Profit-focused empowering matrices,780.77,403,2026-06-10
2164,295,3,Centralized leadingedge open system,454.31,155,2026-06-12
2165,122,2,Organized local structure,732.1,219,2024-11-11
2166,27,3,Centralized 4thgeneration frame,839.64,3,2023-03-22
2167,44,3,Digitized heuristic secured line,722.44,190,2024-04-15
2168,238,2,Distributed maximized support,862.81,67,2023-08-26
2169,334,14,Multi-tiered regional hub,289.04,106,2023-01-12
2170,332,6,Reduced tangible throughput,435.06,267,2024-02-22
2171,436,9,Inverse discrete superstructure,665.64,349,2023-07-25
2172,291,5,Implemented solution-oriented strategy,259.49,266,2025-12-10
2173,393,7,Decentralized actuating Local Area Network,529.85,366,2025-10-01
2174,148,8,Visionary executive function,866.96,353,2024-03-30
2175,434,8,Face-to-face actuating core,809.48,403,2025-06-22
2176,300,11,Sharable context-sensitive adapter,374.88,382,2023-01-14
2177,133,6,Reactive bifurcated superstructure,762.13,378,2023-12-10
2178,378,5,Fundamental 4thgeneration artificial intelligence,192.18,490,2023-05-23
2179,539,4,Programmable even-keeled budgetary management,725.81,88,2026-01-17
2180,109,12,Realigned impactful strategy,124.67,428,2023-05-09
2181,130,4,Innovative contextually-based circuit,547.88,449,2023-01-15
2182,313,10,Exclusive holistic parallelism,87.87,193,2023-01-17
2183,93,9,Optimized 4thgeneration hardware,224.04,134,2025-09-29
2184,164,4,Expanded system-worthy secured line,647.19,237,2024-12-07
2185,25,9,Team-oriented non-volatile instruction set,152.72,241,2025-04-07
2186,532,12,Visionary system-worthy complexity,82.94,233,2023-12-29
2187,186,15,Innovative multimedia process improvement,318.32,237,2024-10-19
2188,267,12,Pre-emptive fresh-thinking forecast,876.09,287,2024-06-28
2189,496,3,Profound composite pricing structure,344.11,441,2026-03-15
2190,34,6,Implemented multi-state intranet,132.48,46,2025-11-12
2191,465,7,Customizable coherent instruction set,810.18,283,2024-05-08
2192,105,7,Vision-oriented disintermediate toolset,52.51,444,2024-01-08
2193,451,2,Horizontal cohesive task-force,582.64,89,2023-05-10
2194,469,11,Operative logistical circuit,197.48,226,2024-03-20
2195,579,11,Future-proofed didactic matrices,526.38,95,2023-03-01
2196,334,3,Cross-group stable frame,159.42,295,2026-03-06
2197,220,12,Assimilated multimedia contingency,373.68,87,2023-07-26
2198,438,13,Realigned tertiary installation,297.61,437,2026-04-13
2199,78,11,Open-architected dynamic software,276.35,283,2026-02-01
2200,148,4,Cross-group neutral parallelism,807.54,166,2025-01-14
2201,251,13,Diverse optimal ability,521.95,457,2026-01-11
2202,209,6,Customer-focused fresh-thinking time-frame,502.56,157,2024-06-30
2203,428,2,Function-based explicit website,442.74,330,2025-08-06
2204,505,4,Assimilated asymmetric support,149.59,201,2024-08-16
2205,254,1,Innovative 24/7 benchmark,516.07,133,2024-06-03
2206,592,13,Managed client-driven solution,857.99,255,2026-06-05
2207,120,3,Upgradable fresh-thinking solution,804.47,309,2026-04-07
2208,450,1,Centralized didactic analyzer,172.17,89,2025-06-20
2209,72,3,Synergistic actuating success,54.61,126,2026-05-05
2210,480,13,Object-based responsive firmware,476.66,254,2023-08-19
2211,220,8,Networked eco-centric standardization,638.58,418,2024-10-31
2212,142,10,Cross-platform modular encryption,856.35,484,2025-11-28
2213,249,3,Cross-platform static customer loyalty,138.56,415,2023-07-21
2214,138,13,Mandatory needs-based alliance,331.05,373,2023-04-22
2215,562,4,Right-sized reciprocal forecast,160.06,452,2023-04-02
2216,272,13,Triple-buffered system-worthy Graphical User Interface,501.01,310,2025-08-11
2217,532,9,Visionary tangible info-mediaries,457.78,291,2025-06-16
2218,358,11,Phased scalable complexity,193.46,378,2025-02-01
2219,527,6,Up-sized homogeneous moderator,170.26,326,2025-12-31
2220,404,15,Configurable asymmetric solution,59.48,428,2023-03-24
2221,207,1,Cross-platform 4thgeneration frame,253.92,154,2024-04-28
2222,398,11,Compatible eco-centric Graphical User Interface,78.39,293,2026-03-21
2223,329,2,Total asynchronous knowledge user,416.88,177,2023-11-30
2224,216,14,Integrated optimizing approach,656.51,460,2023-07-11
2225,24,13,Open-source empowering time-frame,138.54,295,2023-12-09
2226,357,11,Switchable intermediate customer loyalty,26.5,155,2024-02-12
2227,490,5,Multi-channeled upward-trending superstructure,590.1,376,2025-11-13
2228,198,1,Configurable attitude-oriented forecast,552.8,100,2023-01-11
2229,591,7,Up-sized system-worthy access,892.99,42,2024-03-06
2230,512,2,Cross-platform radical application,549.77,58,2023-10-25
2231,408,1,Programmable exuding open architecture,571.79,374,2023-11-07
2232,119,4,Multi-channeled didactic process improvement,145.87,443,2025-07-31
2233,420,8,Fully-configurable asymmetric data-warehouse,678.62,71,2023-04-20
2234,118,10,Stand-alone next generation paradigm,695.37,344,2023-07-02
2235,119,2,Intuitive holistic intranet,347.4,53,2023-09-23
2236,186,1,Configurable systemic Local Area Network,113.25,369,2023-03-07
2237,458,3,Streamlined radical standardization,652.07,338,2025-12-19
2238,449,15,Innovative disintermediate installation,227.55,473,2026-06-29
2239,220,1,Mandatory fresh-thinking definition,267.77,98,2025-06-02
2240,390,6,Devolved dynamic collaboration,191.51,6,2024-01-02
2241,467,11,Organic discrete core,789.79,415,2024-09-09
2242,534,2,Persevering radical capability,138.91,401,2024-07-31
2243,181,2,Progressive 24/7 contingency,85.63,11,2026-02-17
2244,405,11,Mandatory 6thgeneration product,474.7,472,2024-11-21
2245,9,10,De-engineered upward-trending secured line,600.1,68,2023-11-04
2246,294,7,Distributed interactive infrastructure,120.27,430,2026-04-26
2247,199,12,Multi-lateral client-server moratorium,762.94,495,2024-12-17
2248,390,14,Streamlined zero-defect concept,712.91,414,2023-01-03
2249,220,12,Open-architected executive moratorium,601.91,305,2024-12-08
2250,132,13,Customer-focused dynamic protocol,626.62,254,2023-02-04
2251,100,4,Decentralized coherent circuit,872.14,60,2023-10-18
2252,283,4,Function-based didactic access,384.35,183,2026-01-30
2253,335,9,Versatile responsive firmware,333.18,157,2023-09-24
2254,218,14,Re-engineered tangible productivity,29.19,482,2023-06-03
2255,160,1,Multi-tiered motivating functionalities,131.05,246,2023-04-21
2256,433,2,Optional systematic framework,328.82,82,2025-09-08
2257,237,9,Self-enabling executive secured line,447.89,30,2023-12-07
2258,63,8,Triple-buffered attitude-oriented strategy,648.35,493,2023-06-24
2259,442,7,Ergonomic clear-thinking conglomeration,776.45,11,2025-04-24
2260,234,3,Up-sized analyzing matrices,118.19,144,2025-12-23
2261,110,6,Compatible 6thgeneration moratorium,290.88,487,2023-11-21
2262,8,4,Visionary eco-centric circuit,632.56,443,2024-08-07
2263,34,4,Multi-channeled homogeneous help-desk,57.48,8,2026-06-15
2264,372,15,Realigned optimal collaboration,815.05,489,2025-10-13
2265,578,15,Quality-focused executive time-frame,692.72,231,2025-01-24
2266,434,15,Profit-focused multi-state strategy,709.21,318,2023-05-13
2267,380,8,Customizable heuristic portal,533.15,398,2024-12-13
2268,381,5,Centralized intermediate success,385.52,88,2024-05-19
2269,258,8,Cloned optimal capacity,758.2,70,2024-05-29
2270,473,7,Reduced uniform collaboration,7.44,22,2026-02-10
2271,61,13,Versatile context-sensitive archive,111.06,401,2025-11-19
2272,126,1,Fundamental composite infrastructure,190.45,412,2025-04-24
2273,568,4,Integrated multi-state focus group,94.83,204,2024-07-19
2274,93,8,Team-oriented maximized solution,149.87,264,2023-03-29
2275,558,1,Virtual intangible firmware,467.57,415,2025-01-20
2276,459,2,Cloned maximized encoding,137.57,15,2023-08-10
2277,351,12,Configurable encompassing attitude,59.41,43,2024-02-05
2278,521,1,Centralized motivating product,370.68,52,2024-05-19
2279,56,8,Progressive secondary matrix,642.79,170,2023-06-13
2280,49,14,Public-key directional function,783.85,184,2025-12-22
2281,283,8,Open-architected bandwidth-monitored neural-net,273.7,410,2025-03-31
2282,180,2,Profound fault-tolerant hardware,635.13,12,2023-02-05
2283,579,7,Enterprise-wide eco-centric encryption,167.63,272,2025-12-17
2284,364,8,Horizontal systemic service-desk,386.18,219,2026-05-05
2285,260,8,Intuitive client-server framework,31.56,61,2026-02-23
2286,6,6,Focused impactful migration,183.06,343,2024-02-15
2287,413,3,Adaptive attitude-oriented matrix,741.2,470,2025-06-19
2288,261,14,Centralized neutral database,396.53,201,2025-06-13
2289,153,2,Quality-focused maximized paradigm,321.13,32,2025-12-10
2290,247,14,Phased web-enabled access,128.7,437,2025-08-30
2291,20,1,Automated encompassing solution,56.52,136,2025-04-05
2292,425,7,Advanced needs-based groupware,94.64,494,2024-11-07
2293,26,13,Ergonomic contextually-based budgetary management,65.68,59,2023-04-14
2294,458,10,User-centric methodical help-desk,439.65,239,2023-09-12
2295,259,1,Persistent heuristic architecture,22.57,335,2024-06-21
2296,600,4,Horizontal systemic initiative,491.76,482,2026-02-04
2297,70,14,Seamless holistic focus group,644.83,387,2024-07-06
2298,588,1,Multi-tiered 24/7 methodology,286.96,341,2023-05-15
2299,325,13,Open-architected solution-oriented synergy,159.04,130,2026-06-04
2300,514,1,Public-key client-server customer loyalty,728.0,152,2026-05-09
2301,509,15,Customer-focused scalable frame,821.75,401,2026-05-26
2302,542,8,Vision-oriented high-level knowledge user,576.79,331,2023-05-14
2303,204,8,Optional bottom-line budgetary management,533.32,350,2023-09-04
2304,425,7,Business-focused coherent contingency,544.66,383,2024-08-22
2305,105,7,Multi-channeled attitude-oriented frame,817.72,489,2023-07-23
2306,153,4,Implemented impactful focus group,439.03,487,2023-04-11
2307,497,8,Quality-focused exuding array,516.05,127,2024-04-22
2308,179,13,Face-to-face value-added concept,293.47,93,2024-03-07
2309,528,11,Optimized real-time knowledge user,533.91,148,2026-04-08
2310,583,15,Stand-alone asymmetric matrices,106.96,312,2025-07-02
2311,16,2,Switchable static process improvement,641.77,466,2024-06-24
2312,170,15,Front-line context-sensitive monitoring,390.54,489,2023-10-13
2313,27,4,Visionary holistic migration,423.2,263,2025-08-01
2314,554,14,Open-architected encompassing contingency,158.51,45,2025-04-21
2315,57,14,Pre-emptive asymmetric projection,146.72,340,2023-02-26
2316,266,2,Inverse local alliance,765.4,461,2026-01-22
2317,86,4,Customizable homogeneous projection,335.58,359,2026-06-13
2318,586,9,Front-line real-time frame,537.94,453,2026-04-12
2319,460,15,Face-to-face hybrid initiative,136.2,57,2023-06-21
2320,456,1,Intuitive bi-directional artificial intelligence,659.2,275,2025-10-28
2321,297,15,De-engineered static capacity,597.02,15,2023-05-25
2322,560,15,Phased fault-tolerant knowledge user,362.1,133,2024-09-14
2323,548,3,Expanded asymmetric portal,148.83,61,2025-07-13
2324,365,9,Progressive mission-critical forecast,464.26,474,2024-04-22
2325,585,8,Assimilated impactful challenge,875.39,191,2025-06-15
2326,12,9,Customer-focused grid-enabled challenge,159.44,415,2023-02-22
2327,266,9,Synergized modular encryption,46.9,242,2024-10-17
2328,485,11,Versatile transitional moratorium,88.85,431,2024-01-04
2329,194,7,Cross-group needs-based hierarchy,509.26,153,2026-05-04
2330,413,2,Mandatory impactful open system,689.32,342,2023-06-22
2331,162,9,Managed well-modulated function,802.43,345,2026-04-24
2332,277,13,Multi-layered local success,152.98,343,2025-05-17
2333,574,15,Cross-platform zero administration methodology,456.68,237,2025-03-14
2334,593,11,Multi-lateral composite initiative,837.53,244,2023-04-13
2335,274,1,Cross-group encompassing complexity,532.0,117,2023-08-30
2336,265,15,Enterprise-wide 6thgeneration intranet,712.46,404,2026-04-04
2337,434,2,Right-sized motivating conglomeration,322.37,22,2025-10-09
2338,566,11,Pre-emptive directional alliance,227.05,249,2024-08-04
2339,567,9,Persistent coherent circuit,205.59,370,2025-02-11
2340,363,2,Universal 5thgeneration knowledgebase,702.22,235,2026-04-04
2341,408,3,Ameliorated heuristic customer loyalty,267.09,23,2026-05-23
2342,432,12,Function-based context-sensitive ability,577.48,427,2026-06-02
2343,386,7,Team-oriented coherent interface,494.37,368,2024-06-26
2344,440,1,Focused executive product,242.74,261,2024-10-01
2345,156,2,Seamless homogeneous analyzer,402.32,78,2026-02-22
2346,347,2,Pre-emptive 3rdgeneration software,350.4,81,2024-12-29
2347,594,13,Programmable secondary groupware,222.62,322,2025-04-12
2348,282,9,Cross-platform optimizing framework,494.3,0,2025-10-26
2349,588,13,Sharable attitude-oriented concept,701.9,136,2025-12-30
2350,410,9,Cross-group well-modulated alliance,628.53,116,2026-06-11
2351,43,15,Vision-oriented directional capability,395.13,132,2025-03-20
2352,492,3,Intuitive fresh-thinking database,891.57,385,2025-12-15
2353,456,10,Reactive content-based budgetary management,520.29,217,2023-02-15
2354,65,2,Multi-tiered bottom-line help-desk,273.4,109,2023-08-20
2355,255,6,Front-line zero administration open system,596.75,307,2023-12-01
2356,210,12,Balanced multi-state customer loyalty,369.59,119,2024-03-12
2357,487,12,Business-focused cohesive workforce,369.82,0,2024-11-30
2358,192,4,Diverse demand-driven intranet,44.18,130,2024-10-19
2359,570,9,Vision-oriented system-worthy matrices,89.47,170,2023-02-14
2360,170,6,Robust incremental function,816.24,142,2024-09-10
2361,508,3,Future-proofed zero tolerance customer loyalty,239.64,315,2023-07-19
2362,440,6,Secured systemic product,587.0,446,2024-01-31
2363,297,5,Cross-group context-sensitive ability,30.28,290,2025-05-02
2364,412,14,Up-sized optimizing success,61.54,386,2025-09-18
2365,67,13,Stand-alone clear-thinking emulation,466.62,358,2024-06-13
2366,552,10,Synergistic local toolset,678.93,322,2023-03-27
2367,560,9,Customizable mobile application,860.99,373,2023-01-06
2368,411,8,Face-to-face high-level forecast,750.82,74,2023-07-18
2369,279,2,Profound 24hour matrices,401.34,211,2025-11-24
2370,108,13,Compatible optimal process improvement,207.68,167,2026-06-28
2371,190,15,Reverse-engineered disintermediate capability,358.09,192,2024-06-26
2372,560,7,Secured hybrid website,556.73,275,2026-06-18
2373,255,12,Function-based analyzing matrices,877.84,202,2026-06-20
2374,563,8,Networked 4thgeneration archive,283.89,259,2025-02-19
2375,581,5,Intuitive systematic analyzer,621.37,443,2023-07-04
2376,336,6,Ameliorated fault-tolerant task-force,531.57,160,2023-04-11
2377,114,2,Upgradable solution-oriented definition,554.25,369,2026-05-11
2378,185,1,Progressive high-level strategy,761.1,399,2025-09-05
2379,370,4,Enterprise-wide multi-state instruction set,628.8,195,2023-04-02
2380,360,2,Reduced background firmware,67.98,40,2025-05-15
2381,64,4,Customizable demand-driven challenge,750.1,275,2026-02-11
2382,405,4,Team-oriented systemic matrices,382.01,127,2025-04-21
2383,129,2,Assimilated exuding encryption,465.62,133,2024-11-02
2384,382,10,Virtual zero administration policy,54.94,248,2023-01-16
2385,51,1,Customer-focused leadingedge paradigm,536.73,333,2026-03-18
2386,309,13,Reactive content-based alliance,126.61,271,2026-04-03
2387,257,3,Ergonomic clear-thinking database,47.02,471,2025-02-09
2388,385,11,Versatile bi-directional capability,779.33,402,2026-02-14
2389,446,7,Business-focused regional database,450.26,25,2024-10-31
2390,447,5,Profound methodical monitoring,149.83,419,2024-09-28
2391,323,7,Realigned background toolset,779.32,250,2025-06-26
2392,349,9,Enterprise-wide tertiary orchestration,803.74,292,2025-07-11
2393,316,13,Multi-lateral human-resource functionalities,290.43,113,2024-01-29
2394,519,13,Team-oriented human-resource customer loyalty,549.7,217,2023-09-25
2395,249,14,Multi-lateral optimal matrix,705.09,132,2025-04-08
2396,391,13,Distributed optimal data-warehouse,122.06,324,2024-01-13
2397,429,6,Synergized asynchronous contingency,632.03,27,2023-08-11
2398,407,11,Switchable content-based interface,303.92,311,2024-12-11
2399,235,15,Profit-focused optimizing contingency,53.05,355,2025-05-21
2400,165,14,Secured mission-critical projection,172.12,89,2023-11-08
2401,302,3,Managed intermediate paradigm,867.12,408,2025-07-14
2402,439,15,Versatile multi-state moratorium,433.13,336,2025-08-28
2403,319,7,Open-architected executive matrix,125.22,161,2026-06-09
2404,69,7,User-friendly asynchronous productivity,29.83,40,2023-12-29
2405,288,12,Horizontal secondary policy,885.22,47,2025-02-01
2406,516,14,Function-based real-time intranet,861.1,273,2025-11-24
2407,398,1,Grass-roots web-enabled infrastructure,10.47,463,2026-01-04
2408,16,2,Re-contextualized value-added concept,429.74,264,2025-03-22
2409,493,12,Fully-configurable logistical throughput,447.6,286,2023-09-19
2410,201,14,Object-based zero administration algorithm,75.81,295,2026-05-04
2411,367,8,Cross-group modular pricing structure,837.99,459,2023-01-28
2412,280,8,Integrated dynamic firmware,125.73,367,2025-04-16
2413,270,14,Face-to-face zero administration database,151.87,415,2025-05-20
2414,78,3,Proactive national structure,658.74,470,2023-12-04
2415,55,4,Advanced encompassing monitoring,478.23,117,2025-09-07
2416,351,4,Reduced 24hour knowledge user,389.91,356,2026-04-20
2417,396,14,Synergized client-server policy,678.53,24,2025-08-02
2418,568,6,Visionary uniform database,876.45,325,2023-12-12
2419,378,5,Customer-focused upward-trending circuit,853.44,89,2024-09-26
2420,131,2,Distributed motivating task-force,606.21,355,2024-04-21
2421,516,6,Networked next generation data-warehouse,791.38,185,2024-07-03
2422,49,1,Intuitive background utilization,609.85,219,2024-06-05
2423,313,11,Digitized 24hour project,333.84,333,2025-08-14
2424,347,12,Function-based user-facing utilization,135.34,100,2023-06-07
2425,115,3,Synergistic cohesive hub,850.29,78,2025-07-05
2426,293,13,Operative dynamic framework,485.84,391,2025-10-03
2427,87,8,Innovative content-based time-frame,397.35,396,2025-03-26
2428,212,4,Cloned contextually-based capability,599.72,330,2023-12-07
2429,502,3,Triple-buffered interactive strategy,32.47,444,2026-02-10
2430,552,7,Reduced 4thgeneration parallelism,618.14,419,2023-05-30
2431,487,6,Centralized maximized paradigm,644.21,335,2026-01-16
2432,63,13,Exclusive optimal secured line,762.87,310,2025-03-03
2433,253,14,Networked non-volatile project,42.31,168,2024-02-03
2434,34,7,Assimilated hybrid solution,549.94,405,2024-04-15
2435,333,12,Sharable needs-based protocol,493.05,424,2023-10-24
2436,274,10,Distributed neutral knowledgebase,804.94,169,2024-04-15
2437,313,1,Ameliorated 3rdgeneration solution,37.0,471,2023-08-01
2438,528,2,Polarized hybrid conglomeration,645.05,202,2025-06-21
2439,486,9,Managed object-oriented pricing structure,261.5,463,2023-05-18
2440,436,6,Visionary incremental conglomeration,890.05,142,2024-06-04
2441,261,15,Customer-focused even-keeled policy,604.66,184,2024-06-19
2442,269,7,Enterprise-wide human-resource artificial intelligence,52.86,272,2024-03-06
2443,548,15,Team-oriented executive complexity,328.65,33,2025-08-31
2444,223,8,Multi-channeled asymmetric portal,635.59,282,2023-08-08
2445,16,11,Horizontal solution-oriented migration,619.18,386,2024-10-18
2446,247,11,Open-source system-worthy methodology,538.19,75,2026-01-04
2447,468,9,Mandatory homogeneous success,463.67,130,2026-01-08
2448,396,13,Synergistic needs-based data-warehouse,561.77,296,2025-05-21
2449,541,9,Object-based demand-driven customer loyalty,699.88,453,2026-05-11
2450,63,5,Fully-configurable attitude-oriented policy,893.91,161,2025-09-12
2451,593,12,Total systemic encryption,123.89,245,2023-08-03
2452,281,14,Exclusive disintermediate utilization,407.22,70,2024-06-03
2453,386,4,Quality-focused context-sensitive toolset,37.59,45,2026-05-10
2454,554,12,Synchronized exuding implementation,867.33,363,2024-06-01
2455,180,5,Networked 4thgeneration portal,123.31,104,2026-02-14
2456,232,10,Up-sized content-based matrix,407.32,266,2024-04-27
2457,244,10,Fully-configurable zero-defect challenge,714.14,77,2023-08-19
2458,563,8,Reactive cohesive approach,31.91,471,2023-11-18
2459,581,4,Switchable bifurcated functionalities,885.14,264,2025-11-20
2460,51,12,Monitored system-worthy application,522.37,473,2024-03-10
2461,172,3,Optional modular help-desk,113.4,417,2023-08-28
2462,16,3,Streamlined composite adapter,210.86,455,2023-01-05
2463,17,2,Decentralized transitional toolset,624.03,197,2025-08-02
2464,445,7,Progressive intangible alliance,107.57,465,2023-03-03
2465,521,14,Front-line solution-oriented circuit,570.07,343,2026-02-17
2466,493,12,Customizable fault-tolerant function,350.67,5,2026-01-26
2467,86,14,User-centric impactful functionalities,269.44,190,2025-02-24
2468,96,5,Function-based executive portal,60.22,370,2024-04-26
2469,567,5,Right-sized multi-tasking strategy,836.05,332,2024-05-14
2470,88,10,Object-based optimizing alliance,461.74,24,2025-09-15
2471,283,7,Team-oriented hybrid Graphical User Interface,705.81,392,2026-02-01
2472,142,4,Down-sized composite leverage,286.79,209,2026-04-20
2473,324,14,Diverse analyzing framework,610.26,50,2023-03-13
2474,4,4,Fully-configurable multi-tasking secured line,661.33,8,2025-07-25
2475,414,15,Compatible explicit array,168.22,189,2024-07-25
2476,338,12,Distributed asymmetric focus group,531.54,224,2023-06-02
2477,340,1,Multi-lateral full-range instruction set,813.12,23,2025-06-11
2478,444,15,Operative explicit focus group,603.25,216,2024-07-04
2479,95,2,Up-sized high-level leverage,16.66,331,2025-03-15
2480,380,5,Synchronized logistical collaboration,781.41,362,2023-07-04
2481,231,5,Business-focused 24hour open architecture,6.41,228,2026-01-14
2482,332,2,Ameliorated holistic adapter,361.94,418,2026-04-26
2483,276,13,Synchronized multimedia analyzer,558.65,21,2025-12-06
2484,16,6,Fundamental heuristic monitoring,696.83,389,2024-02-03
2485,441,7,Secured heuristic focus group,495.66,150,2026-02-08
2486,145,7,Distributed motivating groupware,483.18,290,2026-03-02
2487,415,3,Enterprise-wide didactic array,352.62,235,2023-02-01
2488,541,4,Inverse national parallelism,488.23,285,2026-02-11
2489,533,15,Robust multi-state core,573.56,60,2025-08-25
2490,542,11,Synergistic clear-thinking circuit,596.06,248,2026-06-12
2491,75,6,Innovative cohesive neural-net,32.41,411,2026-04-26
2492,440,3,Fundamental optimizing intranet,329.89,432,2023-06-08
2493,584,8,Expanded national info-mediaries,807.62,11,2026-05-02
2494,243,3,Operative hybrid architecture,24.93,44,2023-09-29
2495,442,15,Operative zero administration algorithm,632.87,183,2025-07-19
2496,535,10,Compatible 5thgeneration Local Area Network,505.36,446,2024-01-18
2497,390,1,Secured fault-tolerant service-desk,275.93,40,2026-02-07
2498,6,13,Up-sized grid-enabled access,849.52,459,2026-03-16
2499,378,15,Seamless secondary moratorium,129.57,37,2025-08-02
2500,370,6,Multi-channeled empowering process improvement,461.88,497,2023-08-30
2501,472,8,Reverse-engineered background hierarchy,413.93,361,2023-07-04
2502,142,8,Phased reciprocal superstructure,270.62,308,2024-01-14
2503,77,2,Multi-channeled impactful website,489.91,408,2026-02-03
2504,149,5,Cloned non-volatile Graphic Interface,87.24,364,2026-04-27
2505,413,3,Phased contextually-based benchmark,394.98,90,2023-11-30
2506,145,10,Virtual tangible throughput,849.0,171,2025-11-15
2507,77,8,Polarized multi-state task-force,52.78,362,2024-06-25
2508,376,5,Robust encompassing ability,825.03,53,2026-02-07
2509,355,11,Vision-oriented coherent strategy,267.81,248,2023-04-03
2510,327,7,Multi-tiered system-worthy initiative,702.64,64,2023-01-06
2511,592,3,Switchable zero-defect matrix,118.05,445,2025-01-21
2512,509,14,Synergized impactful functionalities,5.04,294,2023-02-06
2513,51,2,Grass-roots directional moderator,570.74,112,2024-12-01
2514,420,5,Profit-focused fresh-thinking core,855.81,235,2023-12-18
2515,217,14,Profit-focused 5thgeneration Graphic Interface,126.72,433,2025-08-20
2516,182,9,Exclusive dedicated firmware,150.83,286,2026-06-05
2517,336,15,Extended coherent implementation,650.39,403,2024-07-27
2518,6,1,Mandatory secondary middleware,84.61,266,2025-11-24
2519,188,3,Reactive contextually-based leverage,621.51,367,2025-07-15
2520,247,2,Open-source motivating monitoring,126.93,214,2023-05-29
2521,399,15,Decentralized grid-enabled access,490.3,476,2025-02-03
2522,7,8,Vision-oriented responsive monitoring,63.98,402,2024-12-20
2523,576,11,Profit-focused heuristic application,629.71,485,2023-05-01
2524,94,2,Business-focused composite workforce,519.04,499,2023-01-03
2525,183,14,Right-sized regional process improvement,420.11,413,2023-08-12
2526,89,6,Business-focused mobile knowledge user,171.4,41,2023-03-31
2527,372,4,Operative heuristic moratorium,852.56,441,2025-06-21
2528,55,14,Devolved national application,514.7,102,2023-03-31
2529,34,8,Stand-alone logistical synergy,68.43,220,2026-04-30
2530,322,11,Digitized modular encoding,18.15,489,2025-09-17
2531,263,15,Multi-layered needs-based Internet solution,632.08,334,2023-06-27
2532,517,10,Organic exuding circuit,707.75,287,2024-11-01
2533,301,4,Programmable 5thgeneration success,730.59,72,2026-03-08
2534,535,8,Mandatory multi-state moderator,374.81,284,2026-03-19
2535,219,14,Optional non-volatile benchmark,772.42,176,2023-09-27
2536,264,5,Managed 5thgeneration workforce,861.1,392,2023-08-25
2537,424,14,Ergonomic 24hour open system,660.76,491,2025-11-20
2538,145,8,Cross-group responsive encoding,185.95,159,2026-01-07
2539,85,4,Phased attitude-oriented superstructure,812.01,371,2023-05-25
2540,37,5,Down-sized national encoding,302.39,78,2024-12-21
2541,575,11,Proactive real-time alliance,551.63,113,2024-01-11
2542,71,8,Balanced 3rdgeneration collaboration,803.69,109,2025-01-07
2543,449,5,Pre-emptive content-based success,473.99,451,2024-05-10
2544,346,14,Optimized directional toolset,826.95,215,2025-12-21
2545,62,7,Persevering scalable parallelism,776.52,279,2025-06-10
2546,40,12,Face-to-face global solution,389.18,99,2026-04-19
2547,562,4,Quality-focused well-modulated paradigm,890.8,128,2024-09-05
2548,555,9,Horizontal eco-centric service-desk,179.72,155,2023-12-29
2549,326,13,Cross-group empowering encoding,208.92,471,2024-09-02
2550,416,15,Persistent coherent Graphical User Interface,128.41,24,2024-11-08
2551,343,1,Right-sized motivating extranet,403.73,227,2024-07-20
2552,52,7,Reduced even-keeled time-frame,327.28,317,2024-11-18
2553,361,2,Team-oriented bi-directional parallelism,330.97,203,2023-11-23
2554,211,10,Devolved client-driven migration,168.57,422,2023-01-20
2555,35,9,Re-contextualized client-server throughput,843.53,461,2024-10-26
2556,110,1,Quality-focused static groupware,446.57,358,2024-09-25
2557,29,11,User-centric 5thgeneration conglomeration,891.14,52,2024-04-23
2558,103,2,Polarized even-keeled superstructure,897.11,236,2025-11-05
2559,398,2,Team-oriented radical workforce,542.91,351,2023-02-09
2560,146,6,Fundamental actuating installation,725.86,360,2025-06-30
2561,399,1,Triple-buffered user-facing alliance,619.62,90,2023-12-11
2562,25,7,Object-based local time-frame,646.78,189,2024-04-23
2563,323,14,Programmable disintermediate Local Area Network,828.32,137,2023-06-20
2564,182,1,Balanced discrete process improvement,804.2,341,2023-10-04
2565,187,8,Exclusive real-time info-mediaries,811.49,401,2026-03-04
2566,366,14,Universal next generation methodology,865.96,5,2023-11-20
2567,428,13,Up-sized intangible knowledgebase,732.14,470,2023-04-14
2568,81,6,Cross-platform context-sensitive circuit,104.33,109,2024-01-10
2569,356,13,Ergonomic logistical definition,590.93,351,2026-04-19
2570,266,8,Re-engineered client-driven complexity,572.17,316,2024-11-26
2571,33,8,Automated demand-driven productivity,257.84,489,2025-10-05
2572,103,13,Centralized maximized hub,401.42,97,2023-09-22
2573,475,10,Ameliorated uniform project,497.91,476,2024-12-25
2574,375,11,Multi-lateral uniform leverage,30.1,118,2023-05-15
2575,50,1,Centralized client-driven interface,884.39,147,2026-06-27
2576,222,5,Optimized 6thgeneration leverage,696.7,6,2024-02-21
2577,593,2,Re-contextualized 5thgeneration conglomeration,7.68,178,2023-09-16
2578,33,15,Seamless multi-state analyzer,196.98,23,2025-11-03
2579,292,2,Persevering neutral artificial intelligence,69.44,153,2026-06-10
2580,97,4,Diverse user-facing secured line,891.47,172,2026-06-14
2581,179,9,Configurable impactful algorithm,326.45,389,2024-05-13
2582,383,11,Integrated transitional paradigm,512.53,75,2023-04-04
2583,371,7,Automated bottom-line utilization,68.23,30,2025-04-14
2584,499,10,Realigned solution-oriented task-force,846.8,6,2023-02-09
2585,408,10,Reverse-engineered cohesive throughput,388.47,467,2026-01-26
2586,61,2,Operative global application,494.32,367,2025-06-18
2587,489,5,Automated discrete process improvement,44.45,356,2024-05-09
2588,491,9,Re-contextualized asymmetric hierarchy,244.01,348,2023-09-14
2589,224,11,Multi-tiered needs-based customer loyalty,178.48,434,2024-08-14
2590,315,10,Integrated demand-driven focus group,630.5,191,2024-04-05
2591,22,1,Organized bandwidth-monitored workforce,356.39,234,2025-02-11
2592,161,6,Switchable bottom-line database,298.63,111,2023-11-26
2593,357,14,Intuitive solution-oriented benchmark,14.88,252,2024-03-11
2594,389,6,Ergonomic optimizing help-desk,233.31,460,2025-03-12
2595,189,5,Triple-buffered real-time circuit,99.65,275,2024-06-05
2596,189,10,Proactive value-added toolset,59.72,95,2026-03-18
2597,154,4,Fundamental human-resource neural-net,711.39,157,2024-11-08
2598,98,2,Cross-platform interactive collaboration,18.62,403,2023-03-07
2599,586,1,Adaptive coherent Internet solution,580.61,456,2025-05-13
2600,48,6,Programmable motivating strategy,223.63,326,2026-01-12
2601,570,15,Extended leadingedge array,375.52,129,2024-05-12
2602,15,3,Monitored mission-critical toolset,798.32,59,2023-07-01
2603,394,7,Cross-group encompassing adapter,402.43,406,2023-10-06
2604,7,5,Open-architected real-time concept,807.25,171,2025-07-23
2605,343,13,Virtual exuding methodology,789.42,288,2026-02-13
2606,557,8,Decentralized bifurcated circuit,294.32,289,2024-01-17
2607,90,3,Fully-configurable global attitude,536.1,303,2025-05-17
2608,320,3,Persistent discrete Graphical User Interface,358.73,118,2024-05-07
2609,430,11,Re-engineered full-range matrix,724.67,91,2023-01-18
2610,145,8,Distributed fault-tolerant task-force,336.18,266,2024-01-18
2611,80,5,Horizontal web-enabled portal,418.43,237,2023-02-20
2612,130,1,Ergonomic logistical info-mediaries,817.05,58,2023-07-06
2613,353,14,Stand-alone content-based architecture,150.07,365,2026-02-01
2614,7,3,Up-sized dedicated archive,174.19,358,2023-12-11
2615,102,11,Centralized needs-based hub,716.75,371,2023-12-17
2616,70,6,Sharable grid-enabled Internet solution,816.67,268,2023-09-12
2617,535,10,Balanced fault-tolerant paradigm,819.32,370,2023-01-09
2618,375,10,Reduced attitude-oriented methodology,89.53,54,2023-08-18
2619,516,7,Object-based grid-enabled frame,194.23,190,2024-11-11
2620,564,9,Switchable secondary process improvement,77.98,301,2024-10-02
2621,583,12,Innovative asymmetric knowledge user,420.05,498,2025-08-21
2622,172,12,Phased leadingedge hub,623.2,195,2026-02-12
2623,530,1,Public-key client-driven emulation,639.39,384,2024-11-26
2624,243,8,Cross-platform interactive groupware,483.8,413,2026-05-21
2625,222,2,Public-key intangible flexibility,494.99,192,2026-05-31
2626,159,9,Persevering 6thgeneration conglomeration,818.2,245,2023-12-20
2627,522,5,Optimized 4thgeneration artificial intelligence,301.86,451,2024-09-28
2628,55,11,Vision-oriented intermediate neural-net,90.89,263,2023-10-10
2629,173,12,Balanced eco-centric leverage,679.81,83,2023-01-03
2630,56,3,Future-proofed dedicated installation,498.31,314,2024-08-26
2631,550,3,Reduced secondary forecast,564.61,429,2024-04-13
2632,139,11,Team-oriented homogeneous open architecture,851.23,30,2024-05-31
2633,91,5,Centralized high-level forecast,254.47,142,2024-03-08
2634,135,15,Versatile secondary service-desk,675.62,268,2023-08-13
2635,68,7,Open-architected discrete Graphical User Interface,876.66,489,2025-01-07
2636,592,10,Triple-buffered even-keeled toolset,640.92,358,2023-01-21
2637,130,12,Configurable fresh-thinking encryption,566.43,6,2023-09-19
2638,37,11,Balanced foreground core,191.02,25,2024-07-21
2639,153,4,Switchable multi-tasking Internet solution,767.87,66,2025-06-17
2640,510,6,Front-line mission-critical Local Area Network,766.18,65,2023-07-31
2641,250,6,Down-sized holistic data-warehouse,647.47,21,2023-09-25
2642,516,2,User-friendly radical project,379.04,453,2023-04-07
2643,417,5,Diverse transitional open system,359.3,1,2023-04-28
2644,353,12,Cloned static framework,714.77,118,2025-06-20
2645,468,8,Optional reciprocal interface,323.48,462,2026-04-12
2646,99,10,Progressive grid-enabled archive,485.85,67,2023-05-26
2647,24,11,Digitized impactful time-frame,149.89,306,2023-07-03
2648,426,11,Pre-emptive directional parallelism,795.69,351,2023-06-01
2649,481,5,Ameliorated upward-trending moderator,343.41,311,2023-03-25
2650,163,10,Self-enabling intermediate parallelism,675.41,271,2024-03-22
2651,123,13,Streamlined eco-centric secured line,31.1,126,2026-01-13
2652,283,2,Focused solution-oriented moderator,559.97,200,2023-11-29
2653,155,10,Ergonomic mobile extranet,77.63,444,2024-02-20
2654,122,7,Balanced transitional complexity,440.72,256,2023-04-25
2655,376,7,Multi-lateral system-worthy Graphic Interface,503.67,188,2025-05-05
2656,403,8,Enhanced well-modulated toolset,858.86,449,2023-03-25
2657,393,4,Public-key encompassing strategy,631.87,476,2023-11-10
2658,87,10,Automated stable approach,463.36,201,2025-01-11
2659,371,1,Face-to-face responsive hierarchy,276.35,146,2024-06-05
2660,308,11,Extended client-server flexibility,37.37,494,2025-06-02
2661,401,4,Horizontal foreground intranet,617.94,309,2024-01-22
2662,231,10,Open-source motivating monitoring,378.05,4,2024-09-11
2663,386,3,User-friendly dynamic database,410.98,66,2023-12-12
2664,395,3,Inverse background infrastructure,393.28,427,2023-08-29
2665,91,5,Object-based 5thgeneration methodology,871.94,130,2024-03-19
2666,421,11,Polarized content-based model,128.0,424,2024-12-04
2667,569,12,Optimized hybrid knowledgebase,291.89,344,2023-11-06
2668,104,11,Ergonomic maximized migration,465.63,262,2023-03-22
2669,547,12,Public-key incremental structure,446.22,304,2026-06-19
2670,101,12,Triple-buffered needs-based strategy,562.37,208,2023-10-30
2671,246,12,Networked local benchmark,283.46,420,2023-06-23
2672,585,11,Robust transitional knowledgebase,345.33,112,2024-02-16
2673,574,6,Customer-focused uniform core,725.46,454,2023-10-02
2674,289,8,Enterprise-wide 24/7 portal,876.82,95,2025-01-18
2675,59,6,Streamlined client-server emulation,480.8,115,2024-05-17
2676,267,4,Visionary zero administration toolset,854.67,17,2024-05-08
2677,80,2,Enterprise-wide transitional installation,637.22,187,2025-12-19
2678,512,7,Pre-emptive methodical conglomeration,30.04,368,2024-06-30
2679,379,14,Diverse mission-critical service-desk,422.87,372,2025-03-10
2680,578,11,Open-architected modular circuit,245.35,169,2025-07-17
2681,412,10,Face-to-face cohesive data-warehouse,642.33,368,2024-07-03
2682,344,4,Down-sized object-oriented productivity,327.63,122,2025-06-13
2683,380,10,Adaptive maximized Graphical User Interface,427.6,438,2024-07-08
2684,403,7,Synergistic upward-trending Internet solution,838.41,304,2025-10-26
2685,392,13,Progressive bifurcated open architecture,61.9,106,2024-07-28
2686,130,2,Realigned well-modulated archive,163.48,146,2025-01-27
2687,23,9,Re-contextualized heuristic Graphic Interface,629.47,4,2026-03-18
2688,341,15,Phased local forecast,755.69,316,2024-09-19
2689,521,2,Fundamental leadingedge info-mediaries,734.21,94,2025-03-28
2690,147,6,Total real-time installation,708.93,190,2026-03-25
2691,391,7,Cross-platform value-added process improvement,275.36,228,2024-01-08
2692,116,14,Automated bi-directional instruction set,830.75,6,2025-07-17
2693,283,3,Robust context-sensitive archive,219.43,397,2026-04-20
2694,122,5,Assimilated reciprocal project,167.52,62,2024-08-08
2695,54,11,Public-key disintermediate success,858.51,333,2026-01-20
2696,598,4,Centralized radical circuit,226.78,459,2023-11-19
2697,426,14,Implemented heuristic analyzer,109.12,397,2024-10-10
2698,317,4,Adaptive fault-tolerant process improvement,647.95,28,2025-07-16
2699,581,7,Open-architected national matrix,201.9,394,2025-07-26
2700,232,2,Stand-alone user-facing application,865.13,348,2023-02-07
2701,31,9,Programmable object-oriented emulation,582.82,374,2023-09-07
2702,508,9,Optional system-worthy attitude,740.64,470,2023-12-09
2703,146,15,Object-based well-modulated capacity,112.61,188,2026-01-29
2704,458,2,Diverse composite knowledge user,824.94,285,2024-07-29
2705,326,3,Sharable actuating analyzer,192.15,417,2024-07-26
2706,181,7,User-centric context-sensitive initiative,800.81,258,2025-08-01
2707,266,5,Cross-group intermediate Internet solution,760.5,333,2025-10-17
2708,50,2,Re-engineered grid-enabled data-warehouse,450.0,329,2023-12-02
2709,26,12,Virtual exuding definition,478.48,407,2024-11-30
2710,152,4,Enterprise-wide regional Graphical User Interface,814.91,236,2025-07-16
2711,136,10,Centralized transitional info-mediaries,389.82,349,2024-10-25
2712,417,4,Switchable empowering infrastructure,179.5,1,2023-08-17
2713,286,15,Assimilated 4thgeneration workforce,60.43,423,2023-04-06
2714,366,14,Cross-group holistic website,141.48,224,2026-01-04
2715,65,1,Multi-channeled bottom-line infrastructure,835.17,188,2024-10-28
2716,532,11,Optional 24hour leverage,885.74,18,2023-02-21
2717,156,8,Enhanced national open system,771.41,91,2023-09-20
2718,68,5,Switchable national project,171.74,237,2024-02-04
2719,123,7,Networked fresh-thinking migration,28.68,154,2024-04-09
2720,588,12,Focused actuating parallelism,713.62,393,2024-03-21
2721,408,9,Profound directional Internet solution,726.47,355,2023-06-27
2722,507,3,Operative solution-oriented framework,818.04,101,2023-09-07
2723,203,7,User-centric background instruction set,562.07,179,2023-11-12
2724,531,13,Multi-layered 3rdgeneration workforce,354.73,464,2023-02-24
2725,191,10,Phased transitional info-mediaries,654.99,438,2025-09-19
2726,253,6,Multi-lateral hybrid matrices,119.39,191,2026-06-14
2727,361,14,Front-line national time-frame,804.45,337,2024-03-12
2728,241,3,Monitored logistical hub,156.22,327,2025-06-25
2729,233,12,Cloned local array,556.26,457,2025-12-05
2730,179,1,Horizontal heuristic concept,262.15,436,2025-08-28
2731,228,13,Down-sized fault-tolerant architecture,321.85,66,2024-04-09
2732,434,7,Future-proofed value-added secured line,82.95,179,2023-03-13
2733,481,7,Reverse-engineered bifurcated project,87.01,25,2026-02-02
2734,471,1,Up-sized analyzing orchestration,462.74,199,2026-05-28
2735,510,13,Ameliorated responsive Graphic Interface,863.84,391,2025-11-01
2736,163,14,Extended object-oriented adapter,768.91,195,2023-03-21
2737,102,1,Horizontal 6thgeneration approach,444.79,79,2025-03-22
2738,103,6,Future-proofed upward-trending frame,582.09,487,2026-02-07
2739,228,15,Fundamental bi-directional neural-net,866.65,347,2026-02-21
2740,188,12,Customizable zero tolerance Local Area Network,85.22,439,2025-10-06
2741,446,15,Optimized non-volatile emulation,638.16,134,2025-12-29
2742,265,13,Mandatory analyzing neural-net,365.26,102,2024-10-26
2743,454,13,Visionary didactic strategy,240.07,74,2024-03-05
2744,222,12,Phased scalable alliance,884.3,72,2023-11-27
2745,521,1,Business-focused zero tolerance infrastructure,573.08,386,2026-05-29
2746,300,5,Intuitive multimedia interface,897.43,177,2026-02-21
2747,580,3,Team-oriented multimedia software,647.02,340,2024-01-13
2748,183,12,Stand-alone optimizing contingency,862.72,207,2023-04-28
2749,387,3,Expanded upward-trending toolset,739.83,316,2024-11-22
2750,217,6,Face-to-face mobile portal,592.19,460,2025-03-08
2751,249,14,Digitized 3rdgeneration initiative,807.88,404,2025-09-07
2752,251,2,Exclusive national algorithm,770.29,58,2025-12-24
2753,57,5,Polarized hybrid paradigm,360.14,406,2025-10-04
2754,283,2,Open-source regional methodology,745.76,3,2025-09-21
2755,323,4,Distributed radical alliance,771.8,486,2024-09-16
2756,125,11,Centralized homogeneous flexibility,507.7,76,2023-01-28
2757,74,4,Front-line systematic productivity,698.41,89,2025-04-01
2758,59,9,Vision-oriented next generation secured line,707.16,339,2025-03-28
2759,235,10,Integrated coherent model,746.2,242,2025-01-18
2760,396,2,Distributed dynamic parallelism,285.87,141,2025-09-02
2761,47,6,Optimized discrete parallelism,289.98,291,2023-05-29
2762,179,15,Decentralized impactful structure,565.45,34,2025-01-24
2763,89,7,Front-line zero administration moratorium,879.72,137,2023-05-28
2764,80,10,Profound value-added middleware,690.94,344,2024-12-01
2765,338,7,Sharable multimedia intranet,248.09,291,2023-07-07
2766,591,12,Ameliorated foreground capacity,341.49,108,2026-04-25
2767,329,8,Polarized hybrid middleware,494.66,183,2024-01-14
2768,62,8,Exclusive local product,724.06,415,2023-10-08
2769,19,5,Fully-configurable full-range firmware,156.0,499,2023-11-21
2770,16,2,Programmable secondary workforce,562.35,333,2025-10-13
2771,99,3,Networked impactful orchestration,657.41,45,2023-11-03
2772,315,2,Cross-platform executive toolset,847.01,292,2024-05-13
2773,441,15,Devolved foreground utilization,852.23,206,2025-08-05
2774,545,10,Managed fault-tolerant circuit,584.29,207,2023-03-16
2775,580,9,Inverse solution-oriented toolset,429.73,37,2023-12-04
2776,437,8,Inverse grid-enabled service-desk,804.4,118,2023-06-13
2777,190,3,Right-sized optimal collaboration,396.86,199,2023-02-27
2778,472,6,Team-oriented multi-state website,627.42,493,2025-12-22
2779,548,10,Mandatory systematic encoding,430.25,278,2025-05-10
2780,361,4,Exclusive systematic open architecture,757.38,479,2024-03-01
2781,586,15,Proactive impactful Graphic Interface,824.67,354,2024-09-24
2782,208,2,Sharable mission-critical hub,544.33,322,2025-02-21
2783,337,5,Realigned client-server extranet,173.59,488,2025-11-15
2784,593,11,Assimilated neutral emulation,304.7,119,2023-09-13
2785,149,1,Fundamental bandwidth-monitored help-desk,146.88,300,2023-05-22
2786,361,14,Profound system-worthy Graphical User Interface,26.04,178,2025-09-22
2787,388,5,Realigned demand-driven paradigm,893.89,288,2025-07-23
2788,291,8,Ergonomic human-resource initiative,11.15,25,2023-01-03
2789,144,7,Business-focused full-range hub,871.5,237,2025-03-21
2790,314,5,Switchable scalable core,492.55,390,2025-06-10
2791,509,7,Organic upward-trending migration,271.47,229,2026-04-29
2792,461,15,Diverse object-oriented benchmark,282.0,481,2023-07-02
2793,430,14,Inverse non-volatile help-desk,185.16,455,2024-12-12
2794,437,12,Ameliorated maximized synergy,891.58,131,2024-11-08
2795,34,1,Cross-platform interactive capacity,368.99,180,2024-10-06
2796,226,8,Persevering motivating time-frame,183.26,301,2025-03-01
2797,279,10,Multi-layered explicit matrix,386.82,95,2025-08-09
2798,452,2,Future-proofed client-server orchestration,103.36,325,2026-03-04
2799,367,3,Balanced holistic matrices,514.52,194,2024-04-01
2800,329,4,Progressive optimal help-desk,49.33,189,2026-04-30
2801,478,12,Streamlined multi-state projection,12.11,188,2024-12-17
2802,113,3,Upgradable empowering collaboration,478.46,236,2025-04-26
2803,212,7,Virtual regional groupware,273.23,40,2024-10-05
2804,297,15,Enhanced executive pricing structure,474.44,435,2026-02-20
2805,584,13,Open-source logistical complexity,305.17,201,2024-12-15
2806,289,7,Multi-tiered optimal info-mediaries,593.42,126,2024-09-03
2807,339,13,Cross-group radical product,239.23,461,2024-08-21
2808,227,5,Cross-platform context-sensitive core,639.58,402,2023-05-30
2809,313,10,Visionary needs-based access,113.56,291,2026-05-20
2810,251,13,Managed 6thgeneration model,548.67,426,2024-06-13
2811,283,10,Vision-oriented systematic strategy,408.54,115,2026-03-23
2812,277,15,Fully-configurable directional functionalities,371.87,8,2025-12-12
2813,575,3,Ameliorated fault-tolerant concept,135.75,24,2026-04-30
2814,337,9,Monitored multi-tasking task-force,381.0,309,2025-09-03
2815,224,10,Synergized zero tolerance help-desk,603.75,272,2025-12-05
2816,597,14,Total web-enabled database,840.7,51,2024-05-25
2817,162,2,Self-enabling stable neural-net,870.76,457,2026-03-15
2818,457,3,Upgradable hybrid middleware,59.77,88,2023-08-24
2819,491,13,Ergonomic global capability,43.79,167,2024-09-09
2820,532,6,Cloned regional approach,177.47,322,2025-04-25
2821,380,6,Upgradable demand-driven projection,427.98,299,2023-09-28
2822,129,1,Multi-channeled non-volatile customer loyalty,223.76,21,2024-09-10
2823,285,10,Organized tertiary hierarchy,392.38,155,2025-02-20
2824,66,3,Open-architected disintermediate migration,652.55,114,2026-03-06
2825,56,14,Reactive grid-enabled info-mediaries,29.5,459,2024-12-29
2826,110,3,Quality-focused grid-enabled encoding,702.0,104,2025-08-03
2827,342,14,Synergistic background support,357.16,182,2025-12-18
2828,402,4,Robust system-worthy encoding,301.03,172,2025-08-23
2829,3,9,Monitored heuristic projection,846.22,497,2023-06-11
2830,588,10,Optimized solution-oriented framework,200.46,35,2024-06-18
2831,370,9,User-centric composite process improvement,272.01,132,2024-11-01
2832,407,7,Devolved methodical toolset,203.04,37,2024-04-01
2833,556,9,Switchable logistical monitoring,337.02,453,2024-02-24
2834,304,15,Enhanced dedicated initiative,169.28,424,2025-04-14
2835,162,15,Reactive asymmetric encoding,605.31,69,2023-03-10
2836,255,4,Configurable encompassing encryption,282.46,149,2024-01-11
2837,272,7,Integrated clear-thinking ability,191.07,55,2023-02-08
2838,309,4,Function-based composite website,598.63,365,2026-04-01
2839,426,9,Integrated reciprocal system engine,668.59,345,2025-03-22
2840,554,14,Face-to-face upward-trending portal,30.07,282,2024-10-04
2841,145,10,Persevering intermediate moderator,775.01,195,2026-04-08
2842,52,3,Fundamental static protocol,798.07,334,2023-07-03
2843,499,8,Programmable eco-centric pricing structure,800.89,32,2025-08-11
2844,270,4,Assimilated 6thgeneration access,894.21,154,2024-03-01
2845,327,1,Multi-tiered systematic analyzer,143.86,274,2025-01-20
2846,49,3,Self-enabling content-based circuit,149.97,286,2026-06-02
2847,288,7,Upgradable contextually-based pricing structure,354.79,92,2025-07-07
2848,345,12,Multi-tiered optimal open architecture,785.56,472,2023-11-23
2849,204,4,Seamless demand-driven time-frame,124.45,78,2026-07-01
2850,240,1,Customizable system-worthy throughput,126.97,68,2024-11-07
2851,411,10,User-centric fault-tolerant Graphic Interface,892.39,110,2024-02-23
2852,11,4,Multi-tiered tangible interface,24.65,101,2024-06-03
2853,419,8,Distributed fresh-thinking contingency,399.66,375,2023-09-09
2854,439,13,Progressive context-sensitive productivity,413.37,477,2023-01-22
2855,449,14,Multi-channeled bi-directional product,387.04,397,2025-09-06
2856,356,13,Multi-tiered exuding synergy,733.37,127,2023-04-27
2857,178,5,Multi-tiered uniform groupware,579.36,107,2023-04-25
2858,81,15,Face-to-face secondary ability,159.86,118,2026-04-06
2859,570,13,Cross-group reciprocal core,236.18,249,2023-12-16
2860,241,1,Public-key exuding service-desk,199.01,366,2023-09-27
2861,48,3,Function-based 4thgeneration function,488.45,234,2023-05-20
2862,596,13,Organized tertiary success,668.54,469,2023-02-03
2863,94,8,Organized tertiary help-desk,647.33,490,2023-12-01
2864,136,5,Cross-group high-level concept,51.64,191,2023-04-30
2865,450,14,Universal foreground installation,791.4,211,2024-06-14
2866,560,8,Networked contextually-based neural-net,658.02,490,2023-07-28
2867,488,11,Programmable foreground collaboration,574.27,253,2024-10-19
2868,267,7,Multi-channeled directional throughput,99.74,402,2026-05-15
2869,188,15,Balanced context-sensitive array,241.01,197,2025-01-06
2870,555,4,Open-source mission-critical core,485.45,471,2025-06-21
2871,158,13,Public-key 24hour framework,611.48,322,2023-10-31
2872,348,9,Organized incremental knowledge user,785.62,32,2024-01-04
2873,160,6,User-centric methodical website,540.91,410,2026-04-12
2874,352,7,Quality-focused solution-oriented encryption,357.8,273,2024-07-31
2875,261,15,Robust analyzing artificial intelligence,458.87,378,2023-10-29
2876,254,8,Profit-focused demand-driven standardization,227.94,96,2025-07-13
2877,588,13,Progressive executive synergy,846.73,406,2024-01-17
2878,103,3,Grass-roots analyzing emulation,80.65,24,2023-09-02
2879,544,8,Team-oriented zero tolerance process improvement,869.57,21,2024-04-27
2880,355,12,Centralized bandwidth-monitored application,499.75,413,2026-06-11
2881,52,11,Exclusive responsive frame,825.11,499,2023-06-01
2882,466,14,Seamless actuating contingency,49.28,422,2025-09-19
2883,299,12,Enhanced full-range groupware,37.26,322,2024-04-06
2884,155,6,Right-sized analyzing synergy,97.68,497,2026-06-22
2885,258,12,Open-architected asymmetric moderator,322.68,306,2024-10-13
2886,113,8,Realigned tertiary leverage,96.3,89,2023-10-19
2887,505,7,Devolved clear-thinking data-warehouse,674.84,127,2024-03-27
2888,571,8,Sharable responsive help-desk,167.69,10,2025-01-08
2889,297,3,Streamlined discrete support,134.18,192,2023-12-27
2890,386,11,Business-focused directional definition,291.84,415,2024-06-17
2891,392,14,Open-source mission-critical paradigm,862.5,465,2024-02-04
2892,2,12,Reactive dynamic concept,487.91,100,2024-02-19
2893,297,5,Profound systematic open system,275.32,449,2023-02-07
2894,313,9,Cross-platform human-resource instruction set,757.34,255,2025-11-07
2895,595,15,Versatile attitude-oriented capacity,300.87,138,2025-08-09
2896,22,13,Networked secondary model,153.75,440,2025-02-05
2897,387,13,Customer-focused bifurcated product,459.19,178,2023-05-27
2898,321,4,User-friendly national contingency,710.27,229,2025-10-14
2899,264,10,Streamlined fault-tolerant orchestration,633.27,93,2025-03-24
2900,438,11,Total uniform core,593.84,81,2026-05-09
2901,325,7,Up-sized coherent neural-net,213.68,94,2025-07-15
2902,510,8,User-friendly systematic data-warehouse,290.41,87,2023-11-24
2903,368,10,Diverse full-range Graphic Interface,142.47,214,2023-06-14
2904,409,6,Persevering solution-oriented frame,490.74,72,2026-05-23
2905,138,1,Implemented fault-tolerant groupware,590.43,293,2023-11-19
2906,155,10,Self-enabling intangible paradigm,260.81,36,2024-10-22
2907,421,4,Front-line holistic monitoring,42.62,302,2024-10-12
2908,324,13,Face-to-face holistic extranet,600.02,297,2025-04-03
2909,239,7,Compatible analyzing strategy,223.7,342,2023-11-12
2910,419,3,Exclusive composite superstructure,744.86,370,2024-08-30
2911,185,1,Optional maximized neural-net,391.15,38,2024-11-17
2912,266,10,Reactive logistical policy,465.35,330,2026-02-02
2913,348,2,Optimized tertiary instruction set,179.1,370,2023-08-08
2914,229,11,Decentralized bottom-line encoding,486.78,435,2023-03-24
2915,45,5,Adaptive bandwidth-monitored workforce,518.63,436,2024-04-04
2916,161,2,Function-based executive framework,737.93,42,2023-12-29
2917,156,2,Implemented bifurcated application,855.02,88,2023-06-06
2918,382,12,Integrated next generation synergy,269.97,339,2023-08-19
2919,382,9,Operative multi-tasking process improvement,142.51,222,2026-01-17
2920,428,9,Ameliorated interactive definition,452.05,205,2024-09-02
2921,9,2,Persevering hybrid infrastructure,688.39,56,2025-12-23
2922,335,5,Cloned upward-trending firmware,502.85,29,2025-03-08
2923,317,5,Function-based tangible moderator,676.31,428,2023-01-02
2924,44,13,Reverse-engineered actuating info-mediaries,352.49,291,2025-10-26
2925,510,8,Intuitive optimal emulation,576.25,245,2024-05-15
2926,322,9,Persevering regional definition,297.92,377,2025-03-05
2927,412,5,Adaptive asymmetric data-warehouse,851.42,204,2024-09-28
2928,122,10,Synergized systematic attitude,394.62,66,2024-03-21
2929,304,11,Centralized full-range structure,166.35,312,2023-10-16
2930,447,13,Persevering bi-directional Internet solution,134.61,38,2024-01-31
2931,188,1,Virtual non-volatile superstructure,278.54,32,2023-04-04
2932,292,3,Robust exuding definition,552.49,272,2024-03-20
2933,116,5,Re-contextualized background strategy,660.79,480,2025-11-12
2934,582,13,Progressive zero tolerance superstructure,776.37,443,2023-08-18
2935,93,8,Inverse zero administration system engine,777.11,228,2023-11-11
2936,417,10,Networked next generation Internet solution,550.41,500,2026-06-09
2937,285,10,Versatile methodical framework,623.13,49,2023-11-26
2938,527,12,Streamlined needs-based projection,183.24,376,2026-01-30
2939,21,1,Horizontal local groupware,201.3,221,2025-05-14
2940,420,1,Programmable hybrid superstructure,665.05,381,2023-12-11
2941,3,1,Digitized web-enabled array,9.81,479,2024-02-07
2942,166,9,Progressive mobile groupware,306.3,278,2025-03-22
2943,194,14,Horizontal systemic toolset,91.23,164,2023-04-06
2944,335,13,Ameliorated scalable Internet solution,165.61,125,2025-12-20
2945,241,9,Versatile foreground matrix,640.25,478,2024-12-28
2946,567,12,Adaptive tertiary collaboration,149.84,213,2026-06-15
2947,176,11,Distributed explicit groupware,701.62,392,2026-06-06
2948,64,1,Realigned grid-enabled collaboration,408.73,273,2025-06-04
2949,168,14,Persevering modular time-frame,414.35,223,2024-05-14
2950,233,3,Decentralized disintermediate access,760.22,455,2024-02-28
2951,514,10,Streamlined grid-enabled pricing structure,804.19,344,2024-02-22
2952,220,14,Versatile methodical interface,437.86,460,2023-06-20
2953,518,6,Customer-focused needs-based projection,573.31,452,2026-01-15
2954,413,3,User-friendly 5thgeneration budgetary management,360.89,53,2024-05-22
2955,445,9,Multi-lateral stable hub,277.7,397,2023-08-11
2956,1,2,Decentralized demand-driven core,174.93,339,2025-11-01
2957,161,4,Implemented bandwidth-monitored concept,810.55,367,2026-05-31
2958,157,2,Exclusive uniform solution,607.35,434,2025-11-06
2959,230,6,Cloned heuristic application,808.44,236,2026-05-13
2960,65,9,Synergistic demand-driven encryption,431.79,362,2023-02-10
2961,416,15,Phased secondary matrix,436.63,197,2023-07-14
2962,45,7,Polarized static software,681.18,370,2025-01-28
2963,596,3,Function-based upward-trending utilization,10.61,460,2026-01-07
2964,536,2,Phased exuding website,771.38,416,2024-06-29
2965,254,13,Optional methodical encoding,72.17,65,2025-08-14
2966,456,7,User-centric multi-state portal,109.51,470,2025-10-27
2967,114,6,Operative uniform adapter,873.08,214,2026-04-01
2968,547,11,Advanced actuating core,226.01,354,2024-09-04
2969,359,11,Vision-oriented clear-thinking alliance,450.23,376,2023-02-04
2970,155,12,Multi-tiered hybrid emulation,354.75,188,2025-03-28
2971,547,7,Compatible responsive workforce,688.52,313,2024-12-25
2972,589,14,Total methodical website,89.3,165,2025-07-06
2973,210,5,Synergized maximized budgetary management,556.97,303,2026-03-04
2974,167,6,Synergized clear-thinking toolset,296.89,308,2024-07-12
2975,446,11,Distributed zero tolerance neural-net,574.62,391,2025-06-29
2976,306,15,Business-focused exuding strategy,127.16,441,2026-05-29
2977,24,8,Horizontal clear-thinking focus group,244.95,243,2023-10-20
2978,422,7,Decentralized homogeneous instruction set,533.28,155,2023-05-09
2979,449,10,Balanced web-enabled workforce,558.76,248,2023-02-14
2980,576,1,Pre-emptive composite policy,500.14,304,2025-07-25
2981,315,11,Universal regional migration,613.34,130,2026-02-19
2982,361,11,Reverse-engineered heuristic Graphical User Interface,557.93,292,2024-08-05
2983,416,5,Ergonomic well-modulated forecast,72.35,260,2024-02-01
2984,517,14,Managed mobile hardware,275.52,210,2025-08-04
2985,249,5,Object-based multi-tasking utilization,755.8,265,2024-12-04
2986,212,7,Face-to-face explicit moderator,661.09,274,2025-12-28
2987,110,7,Enterprise-wide secondary circuit,267.2,299,2025-12-29
2988,29,5,Organized mission-critical moderator,264.55,5,2026-05-23
2989,171,11,Right-sized dedicated firmware,577.8,412,2025-03-18
2990,11,6,Progressive eco-centric productivity,868.53,60,2023-03-06
2991,168,7,Focused dedicated data-warehouse,129.88,234,2023-03-22
2992,407,7,Ergonomic impactful circuit,264.43,308,2023-05-06
2993,19,14,Future-proofed zero administration migration,492.2,138,2025-12-30
2994,259,6,Re-engineered actuating utilization,470.46,394,2024-03-29
2995,1,9,Adaptive 3rdgeneration attitude,790.14,293,2026-02-11
2996,195,14,Right-sized 4thgeneration orchestration,600.81,21,2024-11-06
2997,495,5,Expanded next generation leverage,601.74,276,2026-02-02
2998,243,10,Streamlined incremental service-desk,537.52,242,2024-06-20
2999,109,9,Switchable solution-oriented artificial intelligence,316.12,443,2024-04-29
3000,15,3,Self-enabling stable system engine,833.27,228,2025-01-28
3001,14,1,Integrated maximized core,5.56,23,2024-12-07
3002,400,13,Expanded contextually-based standardization,612.54,52,2026-04-27
3003,365,11,De-engineered analyzing secured line,186.95,466,2025-01-02
3004,397,5,Open-architected value-added secured line,91.89,133,2026-03-03
3005,197,14,Exclusive scalable definition,397.25,277,2024-08-25
3006,443,8,Re-engineered reciprocal hub,514.68,257,2025-09-09
3007,20,11,Switchable directional focus group,110.88,241,2023-11-28
3008,425,15,Customer-focused 24hour encoding,580.24,17,2023-03-05
3009,116,11,Vision-oriented value-added synergy,676.35,218,2025-02-01
3010,126,1,Fundamental uniform help-desk,211.67,470,2024-08-28
3011,311,5,Monitored system-worthy success,122.71,304,2023-03-30
3012,403,8,Monitored analyzing benchmark,250.45,175,2025-05-14
3013,573,15,Fundamental global database,836.56,419,2025-02-05
3014,169,5,Centralized systematic website,846.29,193,2023-10-18
3015,130,2,Pre-emptive stable system engine,294.62,176,2026-06-05
3016,447,14,Streamlined responsive data-warehouse,432.52,161,2025-05-21
3017,183,3,Versatile actuating algorithm,845.34,92,2023-09-13
3018,9,6,Enhanced client-driven website,216.13,477,2024-08-26
3019,451,13,Reverse-engineered 24hour application,31.3,255,2024-09-21
3020,492,15,Synchronized leadingedge intranet,352.96,277,2024-08-13
3021,334,6,Fully-configurable mission-critical protocol,539.56,307,2025-06-14
3022,335,3,Switchable intermediate Graphic Interface,91.26,421,2024-04-19
3023,548,4,Multi-layered holistic alliance,284.71,250,2023-06-17
3024,141,5,Virtual executive function,303.04,178,2024-03-22
3025,105,3,Upgradable hybrid task-force,632.85,441,2026-05-05
3026,58,1,Enterprise-wide context-sensitive access,668.2,201,2023-09-19
3027,190,2,Virtual systematic core,837.8,34,2025-08-25
3028,243,15,Open-architected real-time policy,702.02,73,2025-08-06
3029,507,3,Reverse-engineered full-range leverage,385.9,138,2026-01-02
3030,559,12,Universal grid-enabled encryption,225.5,177,2026-02-12
3031,329,12,Programmable 6thgeneration project,609.21,283,2024-10-27
3032,176,3,Enhanced real-time paradigm,528.08,156,2023-12-15
3033,355,3,Reverse-engineered bi-directional success,642.95,160,2023-07-27
3034,416,2,Triple-buffered contextually-based productivity,879.85,167,2025-09-28
3035,378,10,Ameliorated clear-thinking model,80.2,34,2023-04-23
3036,345,15,Business-focused cohesive archive,51.73,436,2023-04-07
3037,372,5,Focused context-sensitive software,541.35,132,2025-07-06
3038,466,5,Open-architected even-keeled strategy,245.96,117,2025-01-19
3039,220,6,Adaptive attitude-oriented success,696.27,152,2025-06-16
3040,542,12,Customer-focused hybrid instruction set,670.29,374,2024-08-28
3041,115,14,Devolved multimedia process improvement,711.57,236,2023-09-01
3042,365,10,Vision-oriented coherent intranet,273.74,412,2026-03-15
3043,471,4,Re-engineered secondary software,237.65,433,2026-05-20
3044,209,1,Front-line tertiary approach,303.36,250,2025-11-11
3045,548,1,Quality-focused background utilization,203.9,63,2025-12-21
3046,223,7,Synergistic heuristic Graphic Interface,79.41,403,2023-05-21
3047,206,4,Multi-channeled 5thgeneration Local Area Network,743.81,266,2026-05-15
3048,187,7,Realigned zero administration interface,843.01,262,2025-08-29
3049,519,9,Cross-platform zero tolerance structure,801.2,415,2026-02-14
3050,70,6,Fully-configurable systematic application,715.98,245,2026-01-17
3051,487,4,Progressive fresh-thinking migration,13.62,423,2026-02-10
3052,446,3,Triple-buffered value-added support,287.78,32,2024-10-03
3053,186,2,Multi-lateral 3rdgeneration service-desk,403.42,156,2025-04-16
3054,335,14,Business-focused bifurcated software,596.49,474,2024-11-01
3055,232,8,Organized interactive success,731.88,401,2025-11-14
3056,52,2,Re-engineered composite alliance,463.13,442,2023-08-08
3057,365,7,Team-oriented optimal process improvement,618.57,96,2024-08-22
3058,286,14,User-friendly 6thgeneration Local Area Network,346.45,44,2025-09-08
3059,454,12,Diverse web-enabled knowledgebase,344.11,83,2026-04-28
3060,408,10,Quality-focused 24hour process improvement,839.26,158,2024-04-04
3061,215,14,Upgradable 24/7 project,359.46,300,2026-05-23
3062,590,5,Profound high-level circuit,800.34,322,2025-05-30
3063,269,15,Mandatory zero-defect open system,310.59,312,2026-04-18
3064,589,10,Horizontal incremental customer loyalty,712.31,353,2023-03-17
3065,115,1,Automated upward-trending moderator,481.37,283,2024-11-27
3066,492,4,Re-engineered interactive function,521.8,272,2024-04-24
3067,349,3,Optional object-oriented implementation,90.19,43,2026-01-11
3068,420,11,Enterprise-wide executive core,472.24,463,2024-08-11
3069,175,11,Virtual even-keeled budgetary management,268.84,141,2025-11-19
3070,530,5,Front-line empowering process improvement,559.22,480,2026-06-13
3071,469,10,Re-contextualized real-time synergy,336.78,87,2026-02-23
3072,380,14,Digitized full-range help-desk,698.73,251,2024-11-03
3073,585,6,Implemented optimizing help-desk,680.03,64,2025-11-27
3074,114,14,Re-engineered holistic conglomeration,535.13,91,2023-10-21
3075,74,8,Realigned reciprocal utilization,671.94,236,2026-01-08
3076,76,14,Distributed background Internet solution,128.19,270,2026-01-11
3077,193,11,Up-sized mobile challenge,549.54,440,2025-07-14
3078,84,8,De-engineered tangible synergy,17.87,168,2026-04-04
3079,542,5,Fully-configurable exuding algorithm,824.72,134,2024-11-04
3080,102,13,Enhanced neutral knowledgebase,242.95,474,2024-02-27
3081,436,8,Reverse-engineered stable hierarchy,685.68,81,2025-12-07
3082,401,9,Persevering content-based interface,98.8,93,2024-03-21
3083,31,4,Front-line scalable knowledgebase,477.7,174,2025-06-08
3084,550,2,Intuitive real-time open system,698.94,295,2024-05-18
3085,504,14,Inverse directional challenge,487.19,140,2024-11-20
3086,591,1,Future-proofed web-enabled support,799.31,11,2026-06-18
3087,587,11,Multi-tiered human-resource neural-net,762.09,426,2023-08-04
3088,456,8,Reverse-engineered impactful methodology,521.49,189,2024-10-08
3089,152,9,Multi-tiered system-worthy task-force,775.98,473,2025-05-16
3090,600,4,Compatible didactic installation,202.79,404,2025-02-04
3091,92,11,Configurable logistical emulation,747.0,160,2025-10-30
3092,552,13,Open-source zero administration open system,23.49,369,2025-08-09
3093,13,13,Triple-buffered incremental Graphical User Interface,753.33,163,2024-02-04
3094,130,11,Function-based analyzing product,358.12,382,2023-09-06
3095,125,10,Exclusive fresh-thinking Internet solution,220.8,299,2023-06-13
3096,11,4,Virtual multimedia knowledgebase,862.87,272,2023-09-15
3097,588,8,Versatile exuding structure,280.09,330,2024-10-07
3098,358,2,Devolved reciprocal archive,222.79,218,2023-03-28
3099,588,1,Devolved optimal structure,622.62,167,2025-12-31
3100,104,14,Visionary dedicated adapter,454.54,62,2023-03-29
3101,291,6,Implemented dedicated array,59.58,69,2024-09-05
3102,218,12,Configurable systematic solution,417.62,205,2023-05-23
3103,352,15,Focused 5thgeneration array,628.95,402,2025-12-23
3104,509,4,Digitized zero administration archive,344.3,205,2023-10-14
3105,451,2,Multi-channeled high-level analyzer,199.23,178,2025-11-09
3106,411,10,Automated bifurcated leverage,224.57,180,2024-05-10
3107,62,12,Self-enabling zero-defect orchestration,11.36,170,2026-01-20
3108,330,14,Diverse client-driven Graphic Interface,879.02,430,2025-05-31
3109,93,6,Vision-oriented user-facing interface,571.41,149,2025-07-11
3110,253,2,Open-source solution-oriented flexibility,587.33,440,2025-03-01
3111,385,4,Compatible multi-tasking matrices,528.37,290,2024-01-16
3112,366,6,Fundamental coherent portal,711.91,59,2023-07-27
3113,389,5,Grass-roots transitional workforce,225.25,489,2026-06-10
3114,44,11,Reactive zero tolerance workforce,124.94,260,2024-05-06
3115,483,8,Reactive 5thgeneration implementation,167.62,14,2023-11-21
3116,558,10,Grass-roots scalable task-force,382.52,392,2025-02-13
3117,420,1,Virtual systematic time-frame,312.08,127,2024-08-27
3118,182,9,Balanced hybrid model,78.57,413,2024-06-06
3119,263,2,Virtual fresh-thinking moratorium,736.21,349,2025-04-24
3120,79,1,Advanced stable product,804.49,319,2025-08-03
3121,332,11,Networked system-worthy policy,803.01,171,2026-01-01
3122,307,7,Realigned well-modulated flexibility,746.26,21,2025-02-03
3123,128,1,Front-line exuding productivity,174.06,286,2026-01-24
3124,2,3,Reverse-engineered high-level portal,443.91,109,2023-01-17
3125,271,3,Polarized radical help-desk,440.5,106,2025-05-14
3126,138,15,Programmable zero administration concept,772.2,446,2023-07-29
3127,270,11,Synergistic disintermediate collaboration,236.94,138,2025-07-17
3128,119,9,Innovative methodical architecture,680.7,117,2026-04-27
3129,325,13,Cross-group encompassing Internet solution,194.21,11,2026-03-24
3130,422,10,De-engineered responsive knowledge user,718.56,214,2025-10-11
3131,412,5,Phased client-server ability,627.17,440,2026-05-27
3132,4,10,Quality-focused systematic application,160.45,258,2026-01-03
3133,285,10,Persevering secondary parallelism,460.68,391,2024-07-06
3134,328,13,Innovative needs-based website,865.01,57,2024-04-30
3135,337,9,Exclusive foreground hub,675.0,232,2023-10-06
3136,503,2,Ergonomic needs-based artificial intelligence,410.88,454,2024-02-07
3137,22,11,Advanced hybrid Internet solution,871.2,412,2026-02-06
3138,574,2,Object-based background conglomeration,711.0,387,2025-02-24
3139,278,13,Reactive bi-directional implementation,650.14,424,2023-03-13
3140,208,5,Grass-roots bottom-line definition,852.65,302,2025-10-28
3141,536,15,Enterprise-wide system-worthy algorithm,63.17,252,2024-02-25
3142,562,8,Re-contextualized tangible software,401.64,382,2025-01-05
3143,525,4,Object-based demand-driven productivity,660.4,109,2025-04-08
3144,291,13,Vision-oriented foreground moratorium,430.02,7,2024-05-29
3145,97,4,Team-oriented well-modulated knowledgebase,647.12,309,2023-01-26
3146,116,6,Visionary object-oriented collaboration,177.73,422,2025-05-08
3147,24,3,Compatible client-server process improvement,492.72,202,2023-09-30
3148,358,5,Managed reciprocal array,709.82,496,2023-03-22
3149,269,2,Optimized 24/7 emulation,591.4,87,2024-04-21
3150,88,10,Re-contextualized radical neural-net,36.18,334,2024-12-30
3151,462,8,Right-sized static moratorium,124.88,137,2024-07-26
3152,68,1,Right-sized 4thgeneration hierarchy,55.64,353,2025-10-10
3153,279,2,Stand-alone composite attitude,510.69,81,2024-07-08
3154,381,13,Mandatory client-driven hub,219.97,282,2023-06-04
3155,61,10,Up-sized methodical frame,437.03,315,2024-09-25
3156,102,11,Customizable reciprocal contingency,831.61,73,2024-07-21
3157,558,8,Distributed zero tolerance throughput,30.19,373,2026-02-16
3158,487,3,Reduced attitude-oriented functionalities,671.24,130,2026-03-22
3159,417,4,Exclusive encompassing product,169.07,191,2023-06-10
3160,508,14,Optional attitude-oriented pricing structure,272.19,73,2024-01-15
3161,297,1,Cross-group radical utilization,242.18,455,2024-03-14
3162,177,7,Public-key local moderator,94.2,273,2026-06-27
3163,53,1,Persevering full-range open architecture,177.2,195,2025-12-12
3164,442,2,De-engineered local core,620.34,110,2023-04-13
3165,487,1,Managed systemic installation,138.62,204,2025-07-07
3166,174,1,Enhanced demand-driven conglomeration,841.14,77,2023-03-13
3167,33,10,Networked bifurcated alliance,305.01,405,2024-04-29
3168,401,15,Advanced contextually-based leverage,723.31,369,2023-10-05
3169,72,10,Automated dedicated capability,327.54,209,2026-01-18
3170,598,1,Team-oriented fault-tolerant system engine,13.92,238,2025-09-01
3171,321,1,Innovative value-added complexity,58.63,253,2024-05-13
3172,140,6,Monitored well-modulated strategy,860.0,288,2023-01-26
3173,27,13,Customizable analyzing support,417.94,315,2025-08-03
3174,92,4,Customizable systematic array,678.6,17,2025-07-13
3175,176,3,Balanced radical system engine,88.69,104,2026-01-12
3176,390,10,Advanced zero administration ability,41.91,260,2025-08-25
3177,78,11,Multi-lateral demand-driven product,353.9,72,2024-01-16
3178,123,1,Organic actuating website,724.81,129,2024-10-09
3179,287,12,Switchable value-added open system,369.71,57,2025-10-12
3180,114,10,Profound static implementation,154.62,413,2023-05-21
3181,486,14,Synergistic stable capability,10.62,131,2024-09-19
3182,251,7,Visionary mission-critical capacity,53.14,500,2023-10-24
3183,231,13,Universal real-time conglomeration,274.86,438,2023-09-27
3184,189,6,Vision-oriented needs-based model,134.07,331,2025-03-24
3185,16,3,Extended client-driven capacity,311.37,109,2026-04-18
3186,277,13,Streamlined optimal moderator,78.63,488,2023-02-04
3187,598,5,Fully-configurable well-modulated matrix,278.05,421,2025-07-02
3188,486,15,Implemented intangible archive,166.35,315,2023-02-16
3189,214,11,Enhanced composite algorithm,168.45,328,2024-12-24
3190,324,2,Persistent actuating knowledge user,206.05,66,2025-08-21
3191,419,2,Expanded asynchronous process improvement,588.12,308,2024-09-06
3192,571,1,Pre-emptive asymmetric matrices,873.6,346,2023-10-02
3193,277,6,Inverse tertiary Local Area Network,745.3,183,2026-04-11
3194,554,6,Object-based contextually-based migration,105.18,18,2023-09-27
3195,109,2,Extended leadingedge portal,519.59,56,2024-10-16
3196,550,10,Multi-tiered modular hierarchy,830.35,46,2023-12-16
3197,441,9,Multi-tiered impactful definition,793.34,387,2024-08-07
3198,549,15,Total logistical infrastructure,375.18,245,2026-02-12
3199,439,13,Front-line user-facing knowledge user,791.52,263,2025-05-12
3200,130,4,Exclusive zero-defect core,419.92,30,2023-01-20
3201,513,9,Managed eco-centric Local Area Network,245.95,233,2024-06-14
3202,25,9,Digitized well-modulated support,675.53,224,2026-02-15
3203,91,10,Grass-roots 4thgeneration architecture,103.02,16,2025-10-01
3204,299,10,Progressive radical architecture,762.49,66,2023-06-25
3205,448,5,Multi-lateral regional strategy,44.02,206,2026-03-15
3206,542,15,Secured bandwidth-monitored access,742.36,457,2024-02-17
3207,403,10,Realigned systemic Graphical User Interface,865.93,320,2023-09-19
3208,203,13,Operative value-added synergy,296.79,117,2024-07-24
3209,554,5,Sharable national time-frame,461.32,138,2025-07-08
3210,41,9,Programmable homogeneous budgetary management,146.15,114,2026-03-21
3211,541,7,Managed holistic hub,290.1,221,2024-01-19
3212,152,12,Ergonomic foreground archive,770.83,86,2023-05-16
3213,171,4,User-friendly disintermediate Graphic Interface,670.4,251,2023-10-31
3214,15,6,Synergistic upward-trending orchestration,812.87,0,2024-03-02
3215,224,1,Diverse analyzing knowledgebase,59.55,9,2026-01-28
3216,532,7,Object-based intangible matrix,227.55,149,2025-04-05
3217,465,4,Right-sized multi-state solution,536.39,313,2023-01-10
3218,4,9,Programmable regional parallelism,471.37,393,2026-03-09
3219,93,2,Open-source multimedia extranet,230.64,207,2023-01-06
3220,24,10,Devolved modular groupware,859.67,435,2023-07-09
3221,394,10,User-friendly next generation toolset,678.9,321,2023-11-08
3222,241,3,Implemented systematic product,618.52,103,2025-07-24
3223,596,11,Networked zero-defect infrastructure,481.07,395,2026-03-28
3224,471,12,Sharable clear-thinking customer loyalty,646.13,22,2025-03-06
3225,10,9,Innovative encompassing policy,716.66,172,2024-09-06
3226,557,14,Object-based contextually-based challenge,856.09,482,2026-01-26
3227,436,8,Persevering needs-based leverage,899.97,198,2024-05-16
3228,42,1,Networked attitude-oriented throughput,25.63,305,2026-04-22
3229,528,5,Programmable tangible matrices,617.44,127,2025-06-08
3230,122,15,Adaptive grid-enabled matrices,91.61,427,2024-05-15
3231,457,2,Assimilated multi-tasking capability,836.95,267,2023-06-24
3232,326,2,Centralized optimal archive,597.62,284,2025-01-26
3233,266,6,Expanded exuding utilization,453.61,388,2026-03-20
3234,317,3,Exclusive exuding circuit,875.63,96,2024-06-16
3235,13,2,Reduced intangible instruction set,329.89,165,2024-05-04
3236,285,7,Integrated didactic attitude,372.94,228,2024-10-20
3237,385,10,Distributed bifurcated middleware,548.44,128,2024-08-03
3238,596,15,Sharable needs-based Graphic Interface,635.12,441,2025-04-08
3239,443,8,Customizable multi-tasking collaboration,137.69,27,2023-07-15
3240,60,9,Cross-group user-facing protocol,128.45,451,2023-02-02
3241,143,12,Open-architected empowering throughput,694.13,466,2023-07-07
3242,520,3,Digitized actuating access,828.97,334,2024-03-31
3243,526,8,Business-focused real-time ability,538.82,392,2024-08-14
3244,2,3,Reverse-engineered national knowledge user,865.06,200,2023-10-16
3245,35,9,Synergistic systematic monitoring,315.24,454,2023-05-24
3246,509,5,Multi-tiered radical intranet,621.49,463,2023-10-06
3247,479,4,Diverse national website,711.74,183,2024-01-30
3248,422,5,Adaptive reciprocal policy,147.98,476,2024-03-31
3249,353,8,Multi-layered local moderator,20.56,150,2023-06-28
3250,164,10,Synergized bifurcated time-frame,89.75,395,2026-02-20
3251,143,9,User-centric 3rdgeneration attitude,632.58,54,2026-01-29
3252,119,11,Adaptive disintermediate hub,379.7,35,2023-12-28
3253,336,6,Fully-configurable analyzing firmware,510.18,146,2025-03-25
3254,118,15,Progressive empowering matrices,33.37,237,2026-05-17
3255,178,4,Open-source optimizing methodology,54.56,218,2025-04-16
3256,25,1,Triple-buffered content-based policy,81.29,287,2024-05-11
3257,535,3,Polarized bottom-line initiative,415.15,15,2023-07-03
3258,180,4,Implemented mobile process improvement,885.32,65,2026-03-08
3259,438,2,Up-sized reciprocal access,319.0,64,2023-03-02
3260,271,9,Secured modular forecast,645.21,5,2025-10-16
3261,440,7,Digitized tangible strategy,677.52,114,2024-06-13
3262,320,7,Digitized dynamic hierarchy,654.23,496,2024-09-17
3263,182,15,Automated composite open system,134.16,225,2025-05-08
3264,225,14,Decentralized content-based product,572.43,196,2023-02-21
3265,110,10,Secured directional projection,83.85,121,2023-01-15
3266,375,8,Synergized analyzing contingency,648.65,408,2024-02-24
3267,317,8,Visionary didactic paradigm,761.57,132,2024-04-26
3268,359,9,Diverse tertiary open system,865.18,42,2025-10-02
3269,420,9,Cloned exuding open system,156.31,481,2024-10-12
3270,104,12,Optimized maximized encoding,613.04,422,2025-07-28
3271,188,7,Extended background analyzer,410.48,1,2025-11-09
3272,402,14,Open-architected 3rdgeneration access,379.37,414,2025-03-04
3273,360,15,Reduced hybrid collaboration,630.41,204,2023-11-09
3274,134,5,Cross-group high-level paradigm,885.28,489,2026-06-26
3275,453,15,Streamlined scalable flexibility,898.01,436,2026-01-22
3276,453,9,Versatile needs-based alliance,771.34,138,2026-07-01
3277,301,8,Inverse multi-state Internet solution,423.03,41,2023-11-23
3278,593,1,Universal systemic parallelism,577.0,185,2023-01-31
3279,38,7,Customer-focused solution-oriented pricing structure,877.59,55,2025-11-11
3280,311,9,Inverse homogeneous encoding,511.22,154,2023-10-26
3281,129,4,Re-engineered well-modulated website,285.31,139,2024-03-05
3282,315,1,Exclusive scalable middleware,279.97,214,2025-02-13
3283,561,3,Streamlined incremental Graphical User Interface,852.98,77,2023-06-27
3284,345,13,Customer-focused hybrid alliance,575.28,431,2024-06-01
3285,365,3,Function-based national product,324.43,294,2023-12-19
3286,18,7,Open-architected object-oriented system engine,595.62,141,2024-08-02
3287,91,13,Customizable cohesive pricing structure,115.72,343,2026-06-08
3288,505,13,Business-focused interactive groupware,180.02,281,2023-06-14
3289,544,3,Total national conglomeration,419.91,1,2025-05-28
3290,240,5,Quality-focused contextually-based budgetary management,206.68,346,2026-04-16
3291,295,9,Cross-platform directional help-desk,787.61,257,2024-01-02
3292,67,9,Secured bottom-line product,467.54,300,2025-05-09
3293,550,1,Object-based bi-directional core,893.79,207,2024-06-15
3294,19,6,Open-architected zero administration hardware,762.82,418,2023-07-26
3295,45,3,Pre-emptive 24/7 Graphic Interface,86.53,417,2025-01-29
3296,319,4,Virtual optimal frame,592.57,142,2023-06-18
3297,191,4,Total neutral concept,777.54,60,2025-04-02
3298,53,5,Team-oriented zero tolerance policy,552.1,486,2025-12-17
3299,435,1,Down-sized reciprocal model,742.29,122,2025-10-14
3300,146,2,Function-based logistical neural-net,643.6,328,2025-10-31
3301,395,1,Ergonomic global access,888.76,103,2023-12-01
3302,64,12,Customer-focused incremental parallelism,185.46,304,2025-07-03
3303,564,14,Face-to-face real-time service-desk,535.03,309,2023-04-12
3304,83,2,Front-line dedicated website,727.78,16,2023-01-28
3305,215,5,Stand-alone intermediate attitude,827.48,243,2023-08-28
3306,247,2,Inverse non-volatile analyzer,676.43,254,2023-07-22
3307,478,13,Persevering contextually-based Internet solution,588.74,212,2023-04-04
3308,108,15,Optimized secondary project,569.15,198,2023-11-15
3309,364,11,Triple-buffered static support,645.17,500,2023-04-15
3310,520,5,Up-sized mission-critical architecture,93.17,331,2024-08-06
3311,478,14,Open-source client-driven secured line,473.87,444,2025-01-16
3312,10,11,Intuitive human-resource collaboration,112.82,105,2025-06-15
3313,349,4,Multi-tiered intermediate synergy,307.23,84,2023-09-02
3314,24,8,Multi-channeled mission-critical monitoring,830.74,285,2025-12-18
3315,455,9,Customer-focused human-resource hub,671.48,241,2023-10-09
3316,480,10,Persevering zero tolerance forecast,685.6,366,2024-04-09
3317,480,2,Multi-layered multimedia adapter,851.21,54,2025-05-23
3318,29,9,Digitized motivating project,622.77,56,2026-06-14
3319,482,14,De-engineered even-keeled analyzer,143.38,457,2024-02-20
3320,394,5,Upgradable scalable challenge,435.59,396,2023-09-05
3321,549,4,Synergized upward-trending attitude,439.21,428,2024-04-09
3322,42,8,Automated attitude-oriented parallelism,791.07,286,2023-08-06
3323,8,3,Visionary systematic conglomeration,719.44,280,2023-01-31
3324,563,6,Ergonomic uniform Local Area Network,707.01,238,2025-10-22
3325,33,1,Business-focused coherent instruction set,156.89,131,2024-08-23
3326,199,13,Object-based object-oriented service-desk,692.38,109,2025-03-20
3327,191,3,Customer-focused radical budgetary management,873.39,62,2025-03-11
3328,600,1,Multi-lateral mobile concept,711.45,196,2026-05-18
3329,392,9,Networked global complexity,320.4,233,2024-06-15
3330,408,11,Switchable scalable success,427.57,199,2025-06-25
3331,366,2,Cross-platform system-worthy database,396.04,353,2023-08-31
3332,252,10,Optional grid-enabled software,765.48,468,2025-01-16
3333,146,2,Total cohesive support,293.05,376,2023-08-25
3334,417,15,Fundamental demand-driven open system,271.87,74,2025-03-06
3335,75,1,Innovative demand-driven toolset,434.9,4,2024-03-21
3336,203,6,Managed interactive project,46.54,481,2025-12-06
3337,265,15,Quality-focused solution-oriented extranet,704.67,144,2024-03-09
3338,116,10,Triple-buffered 3rdgeneration alliance,486.67,113,2026-03-29
3339,141,5,Open-architected well-modulated strategy,489.93,149,2025-10-27
3340,68,4,Visionary grid-enabled strategy,26.1,154,2023-08-08
3341,436,10,Public-key homogeneous archive,729.38,38,2023-02-01
3342,324,14,Mandatory motivating extranet,209.62,75,2023-07-26
3343,378,15,Visionary discrete Graphical User Interface,68.78,243,2025-01-16
3344,564,7,Realigned solution-oriented software,629.96,206,2024-05-16
3345,237,11,Decentralized fault-tolerant process improvement,781.61,314,2024-11-06
3346,239,5,Cloned systemic middleware,497.2,47,2023-01-07
3347,334,1,Progressive scalable circuit,739.06,450,2024-07-19
3348,511,7,Implemented demand-driven Internet solution,237.31,79,2025-10-01
3349,518,14,User-centric tertiary matrix,728.49,403,2025-05-19
3350,126,6,Multi-channeled system-worthy service-desk,427.84,282,2024-11-21
3351,329,12,Realigned 5thgeneration analyzer,689.59,442,2023-08-16
3352,141,9,Networked incremental complexity,694.52,463,2025-07-08
3353,505,6,Down-sized mobile methodology,727.42,68,2024-04-24
3354,382,13,Configurable system-worthy collaboration,508.68,259,2023-07-21
3355,350,6,Customer-focused 24/7 concept,237.33,192,2023-04-04
3356,473,3,Business-focused secondary matrix,208.23,196,2023-02-08
3357,158,5,Innovative dynamic strategy,709.15,222,2025-01-27
3358,287,7,De-engineered zero tolerance array,696.97,239,2023-10-17
3359,38,6,Centralized global Internet solution,62.86,52,2023-02-25
3360,472,4,Seamless tertiary alliance,59.72,256,2025-08-07
3361,126,6,Decentralized zero-defect intranet,348.92,134,2025-09-11
3362,545,11,Customer-focused impactful flexibility,678.6,246,2023-05-06
3363,222,2,Multi-layered encompassing frame,440.57,157,2024-04-12
3364,543,1,Decentralized bandwidth-monitored strategy,699.79,454,2025-06-24
3365,304,14,Enhanced well-modulated Graphical User Interface,70.23,154,2025-10-27
3366,333,12,Compatible local data-warehouse,415.81,92,2025-02-24
3367,52,3,Versatile transitional throughput,508.54,170,2024-06-15
3368,404,11,Programmable secondary focus group,477.62,75,2025-07-12
3369,191,9,Configurable secondary matrix,466.98,153,2023-04-04
3370,460,7,Multi-layered 4thgeneration protocol,388.6,69,2023-01-22
3371,457,11,Enterprise-wide client-server matrices,803.66,349,2024-02-28
3372,148,8,Quality-focused directional secured line,851.3,440,2024-02-27
3373,347,4,Customer-focused bottom-line info-mediaries,655.32,495,2025-04-01
3374,488,7,Re-engineered global circuit,624.0,183,2026-05-21
3375,129,4,Fully-configurable high-level superstructure,804.33,220,2025-10-29
3376,487,10,Triple-buffered real-time superstructure,51.64,458,2023-03-03
3377,270,9,Triple-buffered content-based open system,827.07,267,2025-03-16
3378,240,3,Down-sized solution-oriented concept,56.48,171,2025-01-28
3379,241,5,Centralized optimal approach,10.38,403,2023-02-22
3380,538,14,Face-to-face cohesive focus group,545.56,74,2025-08-29
3381,205,10,Centralized user-facing algorithm,379.21,42,2024-11-01
3382,461,7,Organized composite software,856.62,397,2023-01-19
3383,322,4,Virtual static benchmark,615.21,377,2024-10-20
3384,422,8,Devolved bi-directional model,56.7,242,2025-10-21
3385,475,8,Organized neutral synergy,641.05,176,2024-06-05
3386,163,7,Universal fresh-thinking frame,766.22,300,2023-02-26
3387,248,14,Stand-alone context-sensitive matrices,704.21,132,2023-10-29
3388,186,8,Adaptive context-sensitive adapter,192.99,206,2023-09-24
3389,467,12,Reverse-engineered exuding Graphic Interface,189.58,30,2023-12-27
3390,180,11,Mandatory logistical extranet,136.76,52,2023-08-06
3391,77,14,Total interactive customer loyalty,420.98,189,2025-09-30
3392,437,10,Secured non-volatile adapter,113.01,251,2023-08-07
3393,434,3,Virtual explicit task-force,56.19,150,2023-11-19
3394,557,6,Front-line uniform definition,107.04,137,2026-02-05
3395,414,10,Customizable systematic interface,500.34,16,2025-02-06
3396,180,2,Realigned client-server algorithm,752.8,489,2026-03-30
3397,9,4,Persevering leadingedge model,528.13,412,2024-01-02
3398,192,1,Multi-layered composite website,809.14,382,2025-04-26
3399,583,13,Organized full-range encryption,496.88,48,2024-06-29
3400,189,11,Devolved value-added alliance,360.77,253,2023-06-08
3401,63,7,Object-based secondary attitude,493.99,444,2023-05-27
3402,462,8,Ergonomic exuding capability,795.76,388,2023-02-09
3403,222,13,Versatile real-time concept,898.01,204,2024-02-02
3404,457,15,Triple-buffered logistical benchmark,701.78,454,2024-12-02
3405,12,1,Ergonomic directional open system,265.62,101,2024-03-03
3406,190,7,Persevering stable firmware,752.43,93,2024-06-03
3407,287,7,Mandatory 5thgeneration complexity,521.92,436,2023-08-20
3408,452,3,Decentralized explicit hierarchy,509.06,400,2025-06-27
3409,444,4,Front-line bi-directional array,824.7,2,2026-01-10
3410,228,10,Multi-layered non-volatile leverage,34.09,203,2024-10-27
3411,267,1,Innovative reciprocal leverage,144.86,179,2026-06-15
3412,564,6,Realigned scalable Internet solution,102.3,309,2024-03-24
3413,231,3,Team-oriented scalable instruction set,418.5,80,2025-10-07
3414,185,9,Horizontal dedicated pricing structure,775.75,81,2026-03-18
3415,121,14,Customer-focused didactic contingency,351.91,178,2023-04-08
3416,306,13,Open-architected asynchronous forecast,509.06,219,2023-05-02
3417,129,14,Multi-lateral global approach,390.24,214,2025-07-15
3418,405,11,Right-sized composite functionalities,301.35,87,2025-07-18
3419,171,9,Grass-roots 24hour moderator,581.84,182,2024-02-25
3420,501,5,Focused exuding hardware,562.96,320,2026-04-15
3421,383,1,Compatible client-server open system,410.11,0,2025-11-01
3422,560,7,Cross-platform solution-oriented process improvement,274.7,1,2025-05-07
3423,508,6,Inverse needs-based productivity,679.41,433,2023-02-14
3424,174,1,Phased 6thgeneration portal,493.34,340,2023-07-31
3425,579,14,Mandatory context-sensitive Internet solution,760.77,304,2023-04-06
3426,170,3,Expanded homogeneous time-frame,695.61,462,2025-01-30
3427,307,15,Stand-alone contextually-based intranet,733.38,317,2023-03-08
3428,287,5,Future-proofed context-sensitive challenge,490.27,467,2023-03-12
3429,599,4,Inverse next generation functionalities,160.14,80,2024-12-14
3430,198,4,Extended object-oriented instruction set,189.62,3,2023-12-10
3431,251,6,Front-line global algorithm,65.17,78,2025-02-05
3432,340,6,Distributed optimal orchestration,768.88,30,2023-08-21
3433,232,6,Progressive didactic software,258.88,407,2023-03-10
3434,232,14,Synchronized global groupware,367.3,258,2026-02-09
3435,574,5,Polarized 24hour product,627.14,106,2026-07-01
3436,199,13,Progressive static knowledge user,699.3,98,2023-11-29
3437,302,14,Fundamental local installation,225.42,470,2023-12-01
3438,437,3,Inverse client-driven moderator,11.47,275,2023-02-24
3439,356,10,Open-architected next generation database,673.22,275,2024-04-17
3440,126,3,Synergized needs-based firmware,749.32,403,2024-07-05
3441,277,2,Exclusive cohesive focus group,149.7,296,2023-04-28
3442,455,13,Polarized secondary utilization,303.33,306,2025-03-15
3443,321,15,Optimized background architecture,787.73,307,2026-06-13
3444,138,1,Integrated directional firmware,110.51,124,2025-10-13
3445,412,4,Face-to-face multimedia definition,72.34,235,2024-09-24
3446,381,5,Front-line holistic algorithm,148.24,464,2023-01-31
3447,394,3,Open-source multi-tasking open system,537.78,443,2024-07-03
3448,96,10,Polarized systematic projection,186.81,229,2024-12-01
3449,101,10,Grass-roots explicit service-desk,123.52,202,2025-07-03
3450,78,12,Function-based interactive open architecture,210.02,246,2025-02-01
3451,238,12,Synchronized zero administration knowledgebase,363.69,483,2025-05-17
3452,281,8,Decentralized local focus group,290.05,341,2025-11-07
3453,409,5,Robust 24hour pricing structure,347.86,459,2023-10-18
3454,27,15,Synchronized fresh-thinking functionalities,560.62,61,2025-07-07
3455,235,1,Diverse reciprocal throughput,9.03,303,2023-11-21
3456,546,15,Quality-focused 24hour knowledge user,245.37,447,2023-10-09
3457,277,1,Cross-group mobile process improvement,175.98,361,2023-08-05
3458,65,6,Optimized tertiary hierarchy,623.51,440,2024-11-10
3459,364,1,Expanded contextually-based architecture,289.42,138,2024-03-05
3460,143,2,Organic scalable ability,525.78,53,2024-09-05
3461,244,11,Reverse-engineered bifurcated benchmark,757.97,264,2025-06-23
3462,497,15,Proactive zero tolerance leverage,534.19,326,2023-10-14
3463,268,8,Stand-alone needs-based installation,546.88,64,2025-02-05
3464,258,14,User-friendly static forecast,122.5,497,2023-07-11
3465,514,9,Robust system-worthy structure,216.45,419,2024-06-04
3466,330,12,Object-based fault-tolerant superstructure,838.92,405,2023-08-13
3467,185,12,Multi-tiered user-facing Graphic Interface,835.26,3,2024-09-11
3468,556,8,Programmable stable migration,445.9,220,2025-10-06
3469,392,14,Seamless zero tolerance success,519.24,492,2024-03-03
3470,241,13,Innovative real-time circuit,157.28,301,2026-02-17
3471,441,6,Compatible systematic function,90.26,446,2026-06-18
3472,59,3,Proactive holistic monitoring,309.55,366,2026-01-16
3473,297,7,Inverse leadingedge approach,251.06,452,2025-11-30
3474,342,11,Upgradable eco-centric algorithm,455.58,401,2025-01-05
3475,540,9,Re-engineered zero administration policy,176.92,378,2026-01-13
3476,176,13,Synchronized user-facing superstructure,291.96,223,2025-09-05
3477,139,7,Diverse hybrid focus group,710.73,9,2025-11-06
3478,273,7,Sharable demand-driven infrastructure,436.61,337,2026-04-12
3479,173,6,Seamless solution-oriented alliance,278.09,110,2024-10-15
3480,383,2,De-engineered transitional hub,708.22,200,2023-12-12
3481,569,3,Programmable foreground time-frame,159.48,445,2024-12-18
3482,9,13,Managed well-modulated contingency,100.12,93,2024-12-23
3483,416,3,Monitored asymmetric installation,682.44,153,2025-07-04
3484,177,9,Decentralized client-server paradigm,373.0,301,2024-05-30
3485,185,11,Inverse executive algorithm,16.37,435,2023-12-14
3486,167,4,Cross-group local portal,830.23,44,2024-08-11
3487,584,10,Triple-buffered holistic hierarchy,161.62,5,2023-01-28
3488,428,7,Re-contextualized multi-state productivity,157.36,355,2025-06-27
3489,41,3,User-centric real-time open architecture,371.86,0,2024-06-21
3490,351,14,Front-line eco-centric core,756.02,492,2026-04-04
3491,370,7,Polarized 6thgeneration concept,178.8,34,2025-09-04
3492,292,11,Horizontal asymmetric analyzer,40.2,367,2024-04-19
3493,77,1,Monitored composite middleware,664.89,43,2026-03-23
3494,225,4,Front-line high-level pricing structure,336.8,102,2026-01-08
3495,182,3,Open-source uniform encryption,148.48,428,2025-08-07
3496,96,2,Exclusive analyzing application,854.92,113,2025-02-21
3497,6,12,Focused leadingedge firmware,46.86,494,2023-02-13
3498,542,3,Decentralized modular conglomeration,417.95,337,2023-03-18
3499,329,7,Polarized asynchronous extranet,256.47,56,2025-05-06
3500,57,8,Virtual mission-critical knowledgebase,878.17,445,2023-09-23
3501,401,5,Reactive 4thgeneration process improvement,200.45,269,2024-12-25
3502,11,1,Object-based 24/7 contingency,517.33,116,2025-08-06
3503,178,4,Total zero administration application,247.87,46,2025-06-29
3504,436,11,Compatible heuristic open architecture,136.21,114,2023-08-16
3505,211,14,Customer-focused zero-defect contingency,798.01,402,2025-04-20
3506,118,1,Self-enabling multi-state workforce,580.4,405,2026-06-18
3507,266,5,Phased actuating frame,642.72,494,2025-06-10
3508,307,3,Organized object-oriented strategy,845.12,366,2023-07-23
3509,399,6,Synergistic content-based capacity,252.03,418,2024-08-12
3510,120,15,Ameliorated system-worthy adapter,675.22,235,2024-01-01
3511,476,8,De-engineered upward-trending focus group,594.34,198,2025-12-07
3512,371,8,Distributed interactive productivity,856.15,457,2023-03-06
3513,433,14,Vision-oriented tangible database,624.82,404,2024-05-29
3514,300,3,Object-based dynamic contingency,563.18,23,2024-07-22
3515,439,13,Object-based asynchronous model,67.16,167,2024-11-27
3516,103,9,Grass-roots logistical Internet solution,497.67,10,2023-06-27
3517,507,10,User-friendly zero tolerance access,555.86,96,2023-12-20
3518,307,12,Multi-tiered radical website,168.55,451,2023-12-12
3519,294,9,Switchable disintermediate methodology,201.17,157,2024-06-30
3520,274,2,Customer-focused system-worthy success,692.87,86,2024-03-24
3521,276,6,Synchronized composite benchmark,388.41,171,2024-02-07
3522,514,14,Reactive directional functionalities,352.9,130,2025-07-07
3523,584,13,Upgradable zero administration superstructure,897.69,84,2025-01-05
3524,301,13,Expanded needs-based focus group,484.77,381,2024-04-06
3525,388,14,Customizable context-sensitive intranet,686.14,214,2026-02-19
3526,582,1,Face-to-face bottom-line algorithm,256.37,239,2023-12-21
3527,203,9,Operative value-added core,393.31,361,2024-06-29
3528,65,11,Realigned bandwidth-monitored throughput,15.81,490,2023-01-07
3529,348,4,Managed bottom-line model,453.26,172,2024-10-02
3530,494,12,Vision-oriented 24hour strategy,849.52,89,2023-07-07
3531,401,12,Visionary even-keeled parallelism,254.27,164,2026-04-23
3532,17,14,Synergistic intermediate data-warehouse,719.27,297,2024-03-27
3533,489,9,Phased mission-critical analyzer,74.49,344,2025-05-25
3534,52,5,Synchronized composite methodology,442.4,331,2025-04-20
3535,97,5,Business-focused 4thgeneration product,203.8,258,2025-12-06
3536,269,5,Enhanced bottom-line time-frame,194.98,26,2025-03-22
3537,385,2,Adaptive 4thgeneration protocol,490.29,231,2024-12-20
3538,426,5,Versatile global neural-net,807.0,434,2025-08-15
3539,135,11,Assimilated optimal portal,789.76,386,2024-04-23
3540,414,9,Progressive upward-trending concept,832.52,461,2023-05-18
3541,377,11,Networked value-added complexity,270.75,355,2023-06-28
3542,532,6,Optimized incremental system engine,735.74,382,2026-06-01
3543,585,1,Intuitive intangible open architecture,844.84,76,2025-07-16
3544,487,15,Automated executive circuit,627.71,295,2023-08-14
3545,12,13,Quality-focused heuristic access,467.73,171,2023-03-25
3546,466,11,Exclusive national moratorium,757.92,287,2025-02-27
3547,21,5,Upgradable holistic toolset,878.77,186,2025-04-23
3548,439,1,Face-to-face intermediate leverage,307.02,18,2024-04-11
3549,254,8,Compatible logistical info-mediaries,243.96,217,2026-04-27
3550,522,4,Intuitive demand-driven flexibility,194.08,202,2025-09-16
3551,451,11,Phased discrete model,193.83,418,2025-04-08
3552,483,12,Fully-configurable high-level conglomeration,713.35,463,2023-09-04
3553,562,15,Streamlined bi-directional system engine,126.39,376,2024-01-11
3554,431,7,Implemented scalable architecture,799.62,243,2026-03-22
3555,288,13,Progressive secondary alliance,77.74,8,2025-11-14
3556,463,9,Streamlined empowering solution,584.09,220,2024-11-04
3557,224,9,Persistent bi-directional migration,685.13,346,2026-05-09
3558,48,7,Quality-focused discrete algorithm,426.29,105,2026-03-18
3559,425,4,Focused tertiary solution,277.68,416,2023-12-13
3560,528,12,Customer-focused 5thgeneration benchmark,558.03,434,2025-10-28
3561,494,7,Configurable zero-defect throughput,26.53,432,2024-10-06
3562,331,14,Down-sized maximized firmware,24.6,343,2024-09-11
3563,585,3,Proactive 5thgeneration protocol,129.39,60,2025-07-21
3564,61,5,Intuitive explicit approach,584.87,287,2025-05-15
3565,80,9,Synchronized real-time workforce,778.56,349,2025-06-25
3566,31,7,Progressive fresh-thinking product,354.71,95,2023-05-06
3567,72,7,Upgradable hybrid knowledgebase,687.88,295,2023-01-31
3568,486,4,Balanced homogeneous support,849.43,297,2026-04-05
3569,182,13,Enterprise-wide attitude-oriented hub,754.09,429,2026-06-14
3570,83,11,Function-based eco-centric infrastructure,895.69,417,2026-01-03
3571,164,8,Upgradable explicit throughput,112.39,78,2025-05-07
3572,331,15,Polarized real-time task-force,693.66,395,2024-04-22
3573,475,2,Persistent impactful benchmark,414.49,468,2023-01-13
3574,547,7,Quality-focused foreground matrices,741.0,157,2026-06-04
3575,269,3,Self-enabling explicit encoding,367.67,149,2023-11-20
3576,31,4,Profit-focused intermediate installation,647.57,302,2026-01-01
3577,241,15,De-engineered heuristic application,82.94,394,2024-05-01
3578,335,5,Down-sized well-modulated throughput,619.93,327,2026-05-16
3579,20,2,Profit-focused even-keeled task-force,257.63,396,2026-03-04
3580,429,8,Inverse background moratorium,28.96,194,2026-05-11
3581,184,2,Stand-alone web-enabled artificial intelligence,557.14,419,2026-01-08
3582,450,4,Profit-focused global encoding,6.77,132,2026-05-28
3583,544,3,Profound asymmetric projection,862.93,139,2024-04-20
3584,575,15,Enhanced empowering encryption,463.79,397,2024-07-23
3585,252,13,Realigned systemic customer loyalty,53.59,75,2023-06-04
3586,478,12,Cross-group bi-directional flexibility,487.2,212,2025-08-23
3587,515,14,Customer-focused 24hour analyzer,835.03,197,2025-02-10
3588,278,11,Right-sized system-worthy hardware,203.5,58,2024-12-04
3589,541,10,Persistent multi-tasking complexity,778.0,388,2023-04-17
3590,106,7,Up-sized optimal flexibility,587.18,129,2026-04-04
3591,146,15,User-friendly systematic array,765.67,261,2023-07-10
3592,337,1,Team-oriented well-modulated standardization,183.73,229,2023-04-05
3593,118,8,Secured real-time leverage,53.68,306,2023-11-16
3594,423,11,Open-architected foreground solution,272.01,228,2023-04-09
3595,209,1,Front-line actuating protocol,464.28,276,2023-03-06
3596,531,11,Fundamental multi-tasking complexity,808.93,492,2023-05-15
3597,466,3,Persevering system-worthy challenge,364.88,270,2023-12-06
3598,425,9,Cross-group global hardware,160.59,445,2024-08-29
3599,307,14,Balanced well-modulated core,476.28,385,2023-03-03
3600,20,8,Reverse-engineered scalable Internet solution,136.83,259,2026-04-01
3601,348,10,Total motivating structure,169.54,331,2025-08-14
3602,283,2,Assimilated bottom-line architecture,72.35,276,2023-01-05
3603,434,15,Open-source next generation circuit,535.13,57,2026-05-13
3604,395,14,Compatible needs-based knowledgebase,103.6,409,2025-08-25
3605,416,7,Function-based 5thgeneration info-mediaries,123.52,285,2023-03-09
3606,544,3,User-centric eco-centric open system,757.39,122,2023-09-03
3607,468,1,Distributed uniform concept,573.85,411,2023-12-25
3608,432,4,Balanced local encryption,606.89,451,2024-06-25
3609,288,5,Multi-layered stable product,200.41,411,2026-05-03
3610,391,11,Multi-layered hybrid capacity,587.6,328,2024-06-02
3611,343,9,Automated clear-thinking software,614.01,448,2025-09-19
3612,7,2,Streamlined clear-thinking paradigm,164.88,376,2024-08-27
3613,147,5,Function-based object-oriented forecast,150.25,448,2025-02-04
3614,221,7,Multi-layered bandwidth-monitored core,539.01,299,2023-07-04
3615,160,4,Self-enabling asynchronous policy,415.37,127,2023-01-19
3616,188,9,Quality-focused optimal focus group,818.97,291,2025-07-13
3617,415,14,Synchronized scalable protocol,735.63,360,2023-05-01
3618,256,10,Progressive web-enabled function,342.16,389,2025-07-08
3619,1,3,Versatile mission-critical product,826.86,150,2024-05-11
3620,385,6,Total systematic secured line,123.99,391,2024-09-23
3621,44,6,Balanced tertiary leverage,322.59,357,2025-05-20
3622,262,9,Cloned tertiary methodology,679.73,358,2025-12-27
3623,451,13,Front-line 3rdgeneration secured line,333.65,482,2024-07-24
3624,17,4,Enterprise-wide attitude-oriented help-desk,786.96,423,2024-07-11
3625,523,9,Open-architected uniform algorithm,136.44,180,2026-03-13
3626,463,8,Customer-focused demand-driven synergy,227.64,189,2024-07-20
3627,410,7,Reverse-engineered optimizing extranet,141.27,101,2023-09-18
3628,237,7,User-friendly methodical initiative,39.39,206,2025-08-07
3629,542,7,Mandatory reciprocal migration,258.9,37,2023-09-22
3630,382,10,Grass-roots grid-enabled knowledgebase,282.81,418,2025-09-19
3631,179,3,Open-architected cohesive architecture,674.89,487,2024-06-09
3632,191,10,Total responsive analyzer,474.36,94,2023-12-06
3633,421,10,Streamlined foreground complexity,559.78,5,2025-02-25
3634,427,7,Assimilated intermediate monitoring,70.03,232,2026-03-11
3635,598,7,Decentralized 24/7 toolset,163.33,456,2024-12-07
3636,387,10,Universal intangible parallelism,886.8,465,2026-05-15
3637,159,10,Operative bi-directional core,823.75,308,2026-01-27
3638,254,4,Reactive leadingedge throughput,291.94,283,2025-09-04
3639,410,9,Fully-configurable systematic success,465.71,363,2025-10-11
3640,462,10,Streamlined executive definition,172.62,469,2025-06-07
3641,13,5,Inverse zero tolerance matrices,113.66,130,2025-12-11
3642,177,1,Compatible tangible array,473.31,443,2024-05-30
3643,253,2,Ameliorated transitional capacity,297.99,308,2025-12-17
3644,195,13,User-friendly discrete function,541.53,79,2023-09-16
3645,413,1,Organic logistical solution,31.24,459,2023-05-17
3646,297,5,Business-focused even-keeled leverage,49.44,337,2025-08-13
3647,409,3,Up-sized client-driven secured line,756.86,370,2023-05-18
3648,313,12,Re-engineered actuating website,588.59,116,2023-03-11
3649,292,12,Diverse content-based toolset,842.52,36,2024-03-21
3650,308,2,Programmable needs-based attitude,19.92,264,2026-03-23
3651,508,6,Streamlined didactic open system,141.3,325,2026-01-18
3652,482,3,Universal didactic knowledge user,34.68,313,2026-01-11
3653,446,11,Devolved non-volatile policy,297.86,343,2025-02-24
3654,305,3,Quality-focused bifurcated open architecture,669.33,341,2023-10-05
3655,304,15,Pre-emptive hybrid encryption,15.15,317,2023-11-06
3656,57,9,Down-sized coherent projection,168.46,172,2024-04-20
3657,32,10,Cross-platform actuating moderator,839.57,218,2025-05-26
3658,105,10,User-friendly background superstructure,849.22,286,2026-06-24
3659,411,3,Grass-roots empowering analyzer,824.25,291,2026-01-21
3660,35,11,Right-sized didactic adapter,889.01,189,2025-04-03
3661,547,3,Open-source zero tolerance open system,792.01,43,2025-08-28
3662,374,4,Synergized encompassing moratorium,567.0,1,2025-07-07
3663,419,7,Enhanced zero tolerance matrices,94.94,269,2025-05-31
3664,586,6,Virtual clear-thinking secured line,880.45,78,2024-08-17
3665,7,5,Configurable eco-centric middleware,226.87,480,2024-09-21
3666,503,5,Horizontal human-resource encoding,112.85,83,2024-10-13
3667,231,2,Implemented hybrid conglomeration,592.69,246,2026-06-21
3668,324,14,Organized zero tolerance leverage,367.2,6,2023-04-17
3669,509,8,Cross-group eco-centric time-frame,448.79,328,2023-12-14
3670,76,8,Diverse grid-enabled framework,891.56,179,2023-05-08
3671,232,7,Visionary human-resource software,82.1,294,2024-01-03
3672,47,3,Fully-configurable discrete application,627.02,426,2026-06-27
3673,598,10,Proactive clear-thinking leverage,651.39,302,2024-02-11
3674,529,8,Streamlined didactic architecture,178.06,235,2023-03-24
3675,195,5,Devolved user-facing toolset,659.92,414,2024-08-24
3676,318,5,Mandatory intermediate open system,762.72,146,2026-01-31
3677,1,13,Vision-oriented human-resource info-mediaries,247.48,220,2023-02-22
3678,455,12,Cross-platform transitional forecast,863.09,212,2023-09-21
3679,231,6,Object-based real-time help-desk,887.86,472,2023-01-11
3680,482,7,Object-based bifurcated extranet,292.6,398,2026-05-30
3681,74,13,Down-sized systematic infrastructure,426.73,17,2026-02-15
3682,366,2,Operative secondary superstructure,437.56,122,2023-12-07
3683,552,10,Sharable secondary approach,315.66,137,2024-12-21
3684,393,4,Intuitive discrete core,874.57,18,2026-05-24
3685,76,9,User-friendly non-volatile concept,716.32,260,2023-01-03
3686,353,6,Up-sized 24/7 database,492.42,40,2023-07-15
3687,329,15,Face-to-face uniform ability,752.47,133,2024-07-09
3688,402,11,Ameliorated radical monitoring,332.33,308,2023-08-28
3689,408,1,Right-sized zero tolerance time-frame,583.71,420,2025-08-26
3690,3,1,Public-key reciprocal database,260.12,300,2024-05-18
3691,13,12,Reverse-engineered impactful utilization,283.77,457,2024-09-30
3692,121,9,Customizable full-range matrix,252.27,9,2024-05-24
3693,560,3,Integrated explicit definition,164.49,411,2026-01-10
3694,25,11,User-centric empowering capacity,192.05,195,2025-03-17
3695,165,13,Reactive multi-tasking attitude,846.09,374,2023-03-23
3696,245,9,Stand-alone zero-defect capability,337.7,420,2026-01-19
3697,568,7,Profound fault-tolerant initiative,617.61,142,2023-02-13
3698,456,9,Team-oriented systemic contingency,488.72,77,2025-03-13
3699,330,3,Reduced motivating standardization,549.22,173,2023-07-05
3700,392,5,Upgradable solution-oriented conglomeration,624.37,363,2026-05-14
3701,212,14,Advanced bifurcated application,187.32,121,2024-12-02
3702,428,3,Pre-emptive clear-thinking conglomeration,184.07,477,2024-01-24
3703,480,5,Switchable national Local Area Network,240.95,10,2025-10-27
3704,520,15,Customizable value-added time-frame,52.8,393,2025-06-03
3705,500,1,Configurable incremental forecast,457.49,494,2026-05-24
3706,572,8,Progressive multi-state projection,893.19,21,2026-05-06
3707,173,1,Virtual mobile neural-net,881.24,366,2023-08-29
3708,95,9,Synergistic real-time monitoring,755.98,421,2024-07-31
3709,228,2,Focused directional project,87.22,348,2023-10-25
3710,400,7,Pre-emptive discrete throughput,94.72,171,2026-01-05
3711,283,9,Enterprise-wide 4thgeneration workforce,307.95,24,2024-12-03
3712,167,13,Enterprise-wide heuristic database,362.4,95,2023-09-02
3713,115,10,Managed discrete pricing structure,592.29,16,2024-08-27
3714,466,13,Operative foreground system engine,616.94,81,2023-10-28
3715,19,6,Synchronized executive ability,207.16,463,2025-08-21
3716,8,8,Enhanced tangible Local Area Network,432.27,139,2025-01-14
3717,286,5,Public-key incremental groupware,434.81,357,2023-04-27
3718,545,11,Synergized well-modulated instruction set,803.07,395,2023-10-09
3719,202,2,Balanced modular focus group,402.18,32,2024-08-15
3720,400,12,Compatible intangible monitoring,70.71,316,2026-03-18
3721,348,12,Programmable attitude-oriented product,223.26,139,2025-05-12
3722,498,13,Compatible discrete workforce,351.79,208,2023-09-28
3723,418,3,Horizontal incremental open system,227.13,359,2026-03-26
3724,385,15,Programmable even-keeled array,7.47,118,2023-01-28
3725,142,12,Secured well-modulated neural-net,349.0,378,2025-12-30
3726,309,1,Mandatory holistic customer loyalty,121.11,248,2026-02-11
3727,460,1,Progressive object-oriented emulation,198.38,198,2025-11-24
3728,411,1,Cross-platform systematic workforce,300.92,416,2023-04-17
3729,403,4,Streamlined mobile Graphical User Interface,42.16,202,2024-05-03
3730,445,14,Sharable analyzing product,12.48,22,2023-09-22
3731,544,15,Advanced user-facing paradigm,578.75,331,2025-05-28
3732,273,14,Managed incremental product,12.16,279,2026-04-18
3733,124,1,Configurable empowering open architecture,774.32,300,2023-03-31
3734,122,3,Public-key 3rdgeneration protocol,57.53,379,2024-04-30
3735,30,3,Compatible optimizing data-warehouse,331.52,11,2026-05-30
3736,269,6,Secured even-keeled customer loyalty,146.47,102,2025-07-31
3737,380,10,Implemented radical encoding,423.39,305,2025-01-20
3738,237,14,Progressive value-added support,105.33,332,2024-01-18
3739,402,1,Polarized attitude-oriented emulation,49.33,366,2025-12-28
3740,441,1,Versatile eco-centric framework,124.07,495,2025-08-07
3741,358,15,Front-line non-volatile budgetary management,734.17,252,2024-08-27
3742,330,5,Mandatory stable time-frame,731.12,322,2026-04-24
3743,141,1,Right-sized didactic project,290.52,382,2026-02-14
3744,289,12,Open-source modular help-desk,260.35,168,2024-04-06
3745,527,2,Focused heuristic process improvement,116.29,8,2026-02-23
3746,124,12,Fundamental intermediate function,495.47,199,2024-12-13
3747,359,9,Intuitive mission-critical help-desk,194.16,453,2024-08-02
3748,339,7,Enterprise-wide tertiary interface,882.4,80,2023-12-10
3749,380,3,Up-sized cohesive website,115.39,315,2025-10-10
3750,54,6,Vision-oriented bottom-line system engine,630.96,194,2023-01-25
3751,241,13,Sharable responsive core,370.5,415,2025-05-10
3752,143,5,Extended well-modulated neural-net,489.87,15,2025-07-05
3753,11,5,Synchronized mission-critical system engine,406.76,327,2023-11-12
3754,432,15,Secured impactful ability,829.74,8,2023-09-26
3755,202,6,Digitized 24/7 function,720.79,32,2025-01-19
3756,517,6,Customizable fresh-thinking Graphical User Interface,29.31,191,2024-02-12
3757,5,2,Stand-alone multi-tasking encryption,399.88,347,2023-07-04
3758,434,8,Versatile actuating budgetary management,729.01,161,2025-05-16
3759,56,6,Synchronized radical attitude,476.26,292,2023-05-07
3760,383,3,Total zero tolerance installation,165.41,154,2023-06-03
3761,215,4,Implemented web-enabled Internet solution,533.69,157,2025-06-24
3762,581,5,Face-to-face bottom-line contingency,55.66,192,2024-06-25
3763,375,4,Cloned user-facing collaboration,91.87,415,2024-10-17
3764,479,10,Public-key dynamic projection,53.69,370,2025-07-31
3765,127,10,Face-to-face uniform artificial intelligence,840.54,40,2025-12-10
3766,590,9,Adaptive tertiary pricing structure,361.07,493,2024-09-07
3767,415,10,Business-focused secondary infrastructure,197.24,169,2025-03-06
3768,127,9,Reverse-engineered client-server parallelism,215.36,451,2024-10-22
3769,507,5,Intuitive bifurcated challenge,566.34,286,2025-07-31
3770,406,9,Sharable encompassing software,859.58,191,2025-08-17
3771,51,13,Streamlined reciprocal access,171.22,124,2025-09-06
3772,486,13,Reverse-engineered context-sensitive productivity,659.27,277,2024-06-27
3773,251,14,Synergistic asymmetric model,10.34,328,2023-07-25
3774,578,3,Robust zero-defect toolset,151.72,308,2025-01-07
3775,443,8,Balanced analyzing secured line,221.49,97,2023-10-22
3776,491,4,Assimilated optimal architecture,708.58,68,2024-03-06
3777,580,14,Fully-configurable zero administration capacity,367.35,132,2023-03-23
3778,191,14,Multi-layered content-based archive,506.79,68,2024-10-21
3779,246,13,Customer-focused coherent parallelism,151.65,202,2025-07-31
3780,386,10,Up-sized actuating solution,774.21,334,2024-01-18
3781,265,3,Function-based maximized solution,398.16,470,2024-04-29
3782,164,4,Down-sized zero-defect Local Area Network,650.22,444,2024-11-23
3783,145,1,Up-sized 24/7 access,127.3,351,2024-01-09
3784,23,10,Front-line system-worthy projection,89.05,352,2023-01-01
3785,67,7,Customer-focused zero tolerance system engine,557.07,116,2023-12-25
3786,529,5,Profit-focused heuristic archive,267.52,108,2024-08-31
3787,507,11,Ergonomic composite hierarchy,68.18,302,2025-12-11
3788,153,15,Synchronized 4thgeneration hierarchy,549.25,409,2025-09-16
3789,340,14,Front-line 4thgeneration definition,292.36,43,2024-11-03
3790,276,12,Fundamental impactful Graphical User Interface,311.17,459,2025-03-07
3791,59,15,Profound fresh-thinking hierarchy,833.74,165,2025-06-12
3792,583,12,Multi-lateral value-added algorithm,550.36,35,2024-02-18
3793,565,4,Virtual context-sensitive forecast,116.25,1,2025-03-16
3794,292,4,Focused upward-trending Internet solution,196.02,79,2024-01-13
3795,443,11,Automated fault-tolerant benchmark,653.6,77,2023-09-20
3796,505,8,Customer-focused 5thgeneration encryption,423.35,111,2024-02-22
3797,78,7,Organic static extranet,798.59,259,2023-03-11
3798,408,7,Balanced next generation interface,836.07,373,2025-09-06
3799,29,15,Vision-oriented zero tolerance application,723.37,1,2024-02-29
3800,572,6,Visionary actuating frame,51.85,193,2023-03-12
3801,344,10,Sharable fresh-thinking capability,285.3,319,2025-10-28
3802,312,3,Devolved human-resource strategy,569.0,43,2023-03-18
3803,485,13,Optimized encompassing policy,638.7,372,2023-04-20
3804,136,15,Polarized next generation strategy,448.96,9,2025-06-08
3805,485,13,Future-proofed exuding service-desk,683.95,259,2023-12-09
3806,439,8,Face-to-face mission-critical success,381.11,190,2026-03-11
3807,3,14,Networked bifurcated alliance,833.71,425,2023-11-24
3808,15,14,Reduced zero-defect collaboration,40.8,361,2025-04-09
3809,196,13,Multi-lateral zero-defect open system,459.97,182,2025-04-06
3810,269,7,Grass-roots executive hub,657.38,144,2026-03-20
3811,459,5,Diverse national workforce,286.97,248,2026-04-15
3812,214,2,Organic optimizing service-desk,472.82,111,2026-04-17
3813,585,11,Sharable bi-directional flexibility,438.53,294,2026-01-14
3814,285,14,Programmable multi-state archive,897.53,404,2023-06-08
3815,264,10,Switchable transitional support,822.93,259,2025-05-25
3816,36,10,Expanded exuding toolset,667.37,455,2024-10-07
3817,322,1,Cross-platform holistic matrix,780.75,305,2024-03-01
3818,147,14,Up-sized optimizing attitude,378.16,446,2025-06-12
3819,304,4,Seamless client-driven parallelism,119.16,381,2024-03-31
3820,264,15,Configurable context-sensitive interface,345.99,66,2023-07-26
3821,161,12,Realigned encompassing matrix,495.5,360,2025-12-28
3822,77,11,Total bifurcated info-mediaries,780.98,53,2024-11-05
3823,296,9,Self-enabling mobile benchmark,839.83,116,2024-05-30
3824,17,1,Compatible 5thgeneration analyzer,631.31,93,2025-07-11
3825,448,12,Organized reciprocal open architecture,630.61,470,2023-12-01
3826,141,15,Multi-channeled asynchronous orchestration,177.82,302,2025-12-23
3827,312,8,Enhanced zero administration project,273.64,423,2023-11-27
3828,350,7,Customer-focused national approach,645.03,382,2025-10-29
3829,504,2,Future-proofed disintermediate paradigm,763.27,396,2025-10-23
3830,539,3,Reverse-engineered intermediate paradigm,818.54,65,2024-02-24
3831,462,9,Diverse responsive matrix,580.44,332,2025-09-16
3832,60,6,Decentralized local Internet solution,593.24,497,2024-08-17
3833,70,7,Reduced dedicated extranet,472.32,196,2023-06-07
3834,205,12,Extended bifurcated matrices,652.38,294,2025-01-27
3835,411,5,Multi-layered client-server definition,423.44,294,2026-05-12
3836,550,14,Automated dedicated superstructure,871.83,200,2023-02-20
3837,333,9,Multi-layered static collaboration,388.39,227,2026-06-30
3838,276,10,Operative tangible access,698.65,198,2024-01-30
3839,555,4,Enterprise-wide zero tolerance focus group,874.09,438,2026-06-25
3840,456,3,Profit-focused intermediate portal,185.18,411,2023-09-02
3841,52,14,Multi-tiered incremental encoding,490.98,293,2023-10-16
3842,428,2,Switchable grid-enabled methodology,348.84,67,2023-01-16
3843,102,7,Exclusive web-enabled function,293.76,461,2024-10-14
3844,461,11,Vision-oriented upward-trending instruction set,458.37,486,2024-07-22
3845,339,8,Digitized discrete contingency,600.62,267,2025-03-27
3846,331,6,Synergistic value-added array,677.68,183,2025-10-07
3847,361,2,Object-based multi-tasking toolset,892.11,88,2024-06-05
3848,482,7,Down-sized executive throughput,250.75,3,2023-04-18
3849,396,9,Cross-platform optimal intranet,404.53,266,2025-04-29
3850,544,14,Managed dynamic data-warehouse,123.84,349,2023-04-28
3851,366,2,Devolved next generation toolset,376.17,180,2024-06-06
3852,333,2,Grass-roots 5thgeneration paradigm,142.74,456,2024-06-09
3853,310,5,Face-to-face real-time success,66.49,262,2026-04-20
3854,484,15,Function-based client-server toolset,270.0,73,2024-02-18
3855,207,9,Fully-configurable high-level algorithm,368.84,273,2025-05-22
3856,18,9,Expanded discrete core,699.09,428,2024-10-13
3857,482,14,Optimized fresh-thinking installation,42.49,32,2025-07-15
3858,21,4,Grass-roots background moratorium,370.34,23,2026-06-28
3859,306,13,Decentralized human-resource collaboration,843.26,78,2024-03-10
3860,525,11,Expanded 24hour policy,373.02,88,2023-04-03
3861,341,12,Down-sized local analyzer,48.41,313,2025-12-31
3862,229,1,Proactive multimedia productivity,884.88,397,2024-07-23
3863,71,4,Synergistic solution-oriented info-mediaries,245.85,296,2023-01-25
3864,598,13,Public-key radical artificial intelligence,392.76,33,2026-05-28
3865,488,10,Balanced zero-defect software,438.88,432,2026-03-25
3866,499,3,Advanced next generation toolset,757.42,172,2023-11-10
3867,569,5,Persistent cohesive portal,103.01,185,2025-03-08
3868,277,9,Virtual contextually-based extranet,16.79,162,2023-03-28
3869,476,4,Devolved optimal orchestration,321.76,394,2025-02-12
3870,504,5,Reduced transitional application,889.12,498,2023-01-30
3871,587,6,Multi-tiered dedicated success,450.94,327,2024-04-01
3872,587,5,Re-engineered intangible matrix,610.75,454,2024-11-20
3873,599,14,Organized directional policy,566.99,280,2023-04-03
3874,144,11,Enhanced zero tolerance projection,884.41,0,2023-12-12
3875,257,5,Face-to-face solution-oriented contingency,136.68,446,2023-04-01
3876,239,2,Sharable full-range capability,321.62,271,2026-05-14
3877,144,6,Decentralized composite instruction set,470.91,312,2023-02-05
3878,480,4,Vision-oriented motivating service-desk,760.71,78,2023-03-25
3879,233,2,Extended disintermediate toolset,509.34,225,2025-07-30
3880,483,5,Cross-group leadingedge website,481.66,235,2025-01-12
3881,375,2,Total executive emulation,592.38,34,2025-11-17
3882,436,12,Balanced background matrix,244.23,465,2025-12-06
3883,163,4,Compatible non-volatile policy,8.3,267,2023-09-22
3884,328,13,Up-sized asymmetric analyzer,579.03,447,2025-03-22
3885,527,13,Open-source fresh-thinking architecture,844.11,54,2026-03-14
3886,431,3,User-centric tangible leverage,223.99,392,2024-03-26
3887,173,15,Upgradable exuding Graphical User Interface,389.27,377,2025-01-08
3888,562,7,Reactive 6thgeneration pricing structure,646.2,387,2024-07-27
3889,170,8,Robust methodical framework,380.88,246,2024-08-22
3890,529,4,Configurable interactive forecast,93.29,227,2024-01-30
3891,3,7,User-centric reciprocal conglomeration,365.55,431,2026-04-24
3892,219,11,Organized discrete algorithm,870.1,468,2023-06-27
3893,381,2,Mandatory grid-enabled paradigm,883.63,271,2023-07-04
3894,480,9,Expanded bifurcated pricing structure,453.07,150,2023-10-28
3895,391,14,Horizontal clear-thinking installation,328.81,174,2026-02-27
3896,320,7,Centralized scalable circuit,562.45,303,2023-02-17
3897,431,15,Customer-focused neutral attitude,141.71,68,2025-07-31
3898,148,4,Up-sized context-sensitive parallelism,590.11,60,2025-07-11
3899,515,10,Reverse-engineered high-level projection,29.13,77,2023-12-17
3900,234,8,Persistent multimedia help-desk,612.97,293,2023-04-26
3901,37,12,Reactive reciprocal ability,732.22,390,2025-05-27
3902,324,14,Automated systemic archive,249.09,409,2026-01-15
3903,459,1,Operative local open architecture,605.62,282,2024-07-28
3904,478,8,Ameliorated leadingedge database,524.92,360,2024-06-15
3905,73,11,Robust global initiative,712.99,215,2025-10-13
3906,322,6,Sharable web-enabled circuit,186.25,268,2023-06-08
3907,558,9,Face-to-face web-enabled throughput,563.75,20,2025-07-15
3908,216,8,Quality-focused bandwidth-monitored time-frame,465.19,180,2026-04-09
3909,67,6,Down-sized methodical system engine,447.22,29,2026-02-16
3910,595,5,Synergized modular moratorium,335.78,311,2025-03-10
3911,172,7,Future-proofed actuating budgetary management,744.95,107,2025-11-01
3912,270,9,Object-based zero administration support,462.99,210,2024-02-25
3913,538,1,Realigned motivating standardization,775.8,491,2023-02-04
3914,491,7,Seamless mission-critical circuit,75.94,121,2026-04-30
3915,409,11,Synergized zero-defect knowledge user,102.34,58,2026-05-19
3916,29,11,Integrated national help-desk,765.49,377,2023-06-30
3917,561,15,Multi-tiered attitude-oriented definition,727.51,51,2023-11-13
3918,581,11,Networked human-resource complexity,711.24,267,2025-03-03
3919,101,9,Open-source context-sensitive open architecture,691.47,417,2023-02-24
3920,501,1,Organic content-based frame,824.28,198,2026-05-05
3921,38,14,Horizontal needs-based Local Area Network,110.98,232,2026-04-15
3922,136,4,Object-based zero tolerance capacity,435.53,75,2026-04-22
3923,569,3,Cross-group non-volatile service-desk,351.91,310,2024-04-18
3924,230,5,Programmable clear-thinking throughput,815.22,261,2025-06-13
3925,312,10,Compatible attitude-oriented service-desk,812.39,471,2023-04-05
3926,249,12,Distributed bandwidth-monitored methodology,287.97,215,2025-10-02
3927,336,8,Profit-focused global parallelism,462.36,211,2025-11-28
3928,231,4,Universal 24/7 secured line,307.79,353,2025-07-02
3929,14,13,Total bandwidth-monitored challenge,440.71,120,2023-07-27
3930,175,14,Open-architected stable access,725.82,460,2024-03-22
3931,103,6,Digitized foreground data-warehouse,299.69,323,2023-03-29
3932,326,8,Diverse encompassing neural-net,610.12,16,2025-01-02
3933,131,11,Implemented 3rdgeneration hardware,88.77,244,2026-06-19
3934,228,9,Reduced web-enabled parallelism,250.08,420,2024-07-27
3935,270,1,Decentralized eco-centric methodology,283.5,260,2026-01-05
3936,215,2,Assimilated optimizing task-force,874.8,159,2023-05-11
3937,316,15,Distributed value-added infrastructure,437.63,26,2023-07-29
3938,157,15,Multi-layered analyzing implementation,208.0,331,2024-10-22
3939,51,4,Grass-roots zero administration moratorium,363.52,227,2023-08-22
3940,333,11,Distributed dedicated service-desk,676.29,419,2025-12-29
3941,77,12,Proactive real-time implementation,38.53,327,2025-06-15
3942,462,10,Cross-platform system-worthy definition,404.53,27,2023-10-19
3943,238,11,Multi-layered mobile model,876.29,411,2024-06-30
3944,366,7,Enterprise-wide incremental support,463.57,134,2025-04-23
3945,485,10,Configurable system-worthy open architecture,730.12,12,2024-04-19
3946,434,12,Ergonomic cohesive orchestration,771.31,488,2024-09-02
3947,23,2,Horizontal attitude-oriented archive,391.64,480,2023-10-03
3948,327,8,Cross-group transitional throughput,200.66,255,2025-11-02
3949,214,14,User-centric incremental moderator,111.52,298,2025-10-17
3950,375,8,Optimized human-resource productivity,637.23,82,2026-05-16
3951,151,11,Seamless multi-tasking success,398.06,53,2025-11-08
3952,403,9,Robust 4thgeneration open system,697.74,106,2023-03-19
3953,140,10,Integrated radical hardware,747.72,169,2026-02-19
3954,378,15,Triple-buffered asynchronous Internet solution,636.16,155,2023-12-02
3955,233,4,Profound upward-trending application,161.66,46,2025-02-08
3956,382,2,Innovative 3rdgeneration hardware,497.23,320,2024-06-04
3957,551,4,Balanced tertiary pricing structure,526.84,408,2025-03-07
3958,25,8,Down-sized tertiary complexity,819.78,153,2024-08-20
3959,394,14,Pre-emptive local concept,426.48,130,2025-03-07
3960,181,12,Public-key hybrid Internet solution,114.48,380,2026-03-18
3961,366,9,Fully-configurable zero-defect forecast,258.66,42,2025-09-24
3962,275,12,Multi-channeled scalable emulation,839.03,475,2026-06-02
3963,118,7,Automated 24/7 focus group,61.95,1,2024-11-20
3964,14,3,Proactive 6thgeneration definition,808.31,39,2025-11-17
3965,97,7,Decentralized transitional orchestration,510.26,36,2024-08-10
3966,102,4,Horizontal system-worthy benchmark,710.01,153,2024-07-14
3967,492,7,Multi-tiered exuding success,630.64,29,2026-04-24
3968,262,14,Up-sized encompassing firmware,508.39,355,2025-09-24
3969,461,5,Ergonomic discrete Graphic Interface,28.11,65,2026-04-26
3970,129,9,Reactive zero administration framework,367.53,340,2024-05-09
3971,207,13,Enterprise-wide exuding Internet solution,841.13,415,2023-11-07
3972,435,14,Organic user-facing approach,572.79,496,2023-03-02
3973,589,12,Reactive even-keeled strategy,582.99,196,2024-01-19
3974,120,9,Intuitive 24/7 focus group,802.16,212,2025-02-11
3975,464,8,Front-line mobile workforce,115.18,382,2025-02-12
3976,426,7,Exclusive mission-critical architecture,394.77,39,2023-01-04
3977,143,6,Switchable clear-thinking Graphic Interface,673.2,468,2024-05-07
3978,285,3,Object-based object-oriented success,731.11,471,2023-03-07
3979,138,13,Quality-focused attitude-oriented attitude,764.87,65,2023-10-01
3980,226,5,Advanced tertiary extranet,554.27,278,2023-03-23
3981,75,15,Phased scalable frame,889.76,371,2025-06-15
3982,434,9,Public-key global encoding,202.52,215,2025-09-26
3983,367,10,Visionary bi-directional migration,667.62,48,2025-08-29
3984,464,10,De-engineered exuding standardization,69.58,76,2024-09-15
3985,283,14,Operative tangible leverage,366.22,140,2024-08-24
3986,28,10,Centralized bi-directional knowledgebase,151.95,125,2024-12-18
3987,65,8,Profit-focused next generation attitude,277.11,202,2025-01-08
3988,445,15,Focused heuristic product,279.91,444,2025-02-10
3989,54,2,Fundamental didactic challenge,496.87,126,2025-09-29
3990,132,7,Configurable national throughput,200.27,290,2026-04-12
3991,366,12,Compatible clear-thinking instruction set,814.6,195,2026-06-08
3992,343,6,Implemented bifurcated hardware,526.46,80,2024-01-10
3993,498,11,Balanced logistical pricing structure,397.6,435,2024-06-22
3994,95,5,Managed incremental matrix,549.02,13,2024-03-19
3995,561,6,Virtual high-level productivity,7.21,91,2024-11-16
3996,352,2,Sharable maximized interface,657.09,106,2024-07-09
3997,296,15,Re-contextualized zero-defect architecture,616.58,448,2026-01-30
3998,409,8,Team-oriented context-sensitive analyzer,130.9,273,2026-01-02
3999,235,10,Customer-focused directional groupware,5.7,240,2024-05-08
4000,240,2,Profound didactic frame,231.15,184,2024-07-19
4001,388,12,Diverse client-server orchestration,666.34,42,2025-02-04
4002,494,5,Profound client-server implementation,524.32,101,2023-11-01
4003,367,2,Synergized radical installation,107.43,356,2026-04-19
4004,469,9,Cross-platform optimizing projection,467.76,301,2024-10-10
4005,219,2,Inverse responsive concept,124.93,352,2023-01-17
4006,297,1,Managed eco-centric hub,526.92,146,2024-05-14
4007,452,8,Progressive leadingedge challenge,587.31,217,2023-07-14
4008,527,4,Profit-focused bandwidth-monitored core,51.32,270,2025-02-04
4009,515,1,Optional clear-thinking circuit,58.49,370,2026-01-02
4010,492,4,Organic interactive Local Area Network,81.76,105,2026-04-07
4011,87,6,Re-engineered composite knowledge user,87.42,33,2024-05-27
4012,235,7,Universal object-oriented analyzer,435.83,211,2023-12-16
4013,107,13,Synchronized global extranet,18.22,408,2026-01-28
4014,80,9,Compatible didactic core,413.21,23,2026-06-13
4015,416,11,Customizable leadingedge parallelism,474.42,216,2024-09-08
4016,132,6,User-centric executive synergy,686.07,429,2023-04-19
4017,417,11,Optimized coherent encryption,495.37,428,2023-01-05
4018,147,14,Progressive disintermediate software,387.88,296,2024-02-10
4019,251,15,Open-source responsive database,728.72,36,2025-02-01
4020,270,3,Open-source object-oriented ability,637.51,100,2023-01-26
4021,414,1,Mandatory 24hour matrix,52.24,99,2023-04-22
4022,190,9,Face-to-face asymmetric function,391.39,171,2024-11-17
4023,20,11,Future-proofed user-facing attitude,297.15,425,2023-10-10
4024,173,5,Digitized 4thgeneration frame,668.1,49,2024-08-15
4025,158,1,Organic exuding initiative,366.32,245,2023-03-17
4026,106,6,Fully-configurable radical groupware,72.46,163,2026-04-20
4027,580,3,Enterprise-wide eco-centric initiative,22.08,440,2025-04-02
4028,435,15,Self-enabling solution-oriented info-mediaries,228.6,434,2025-11-29
4029,145,3,Ergonomic uniform circuit,126.43,69,2024-07-23
4030,39,1,Configurable zero administration info-mediaries,892.13,118,2026-04-17
4031,134,3,Ameliorated demand-driven middleware,600.02,24,2025-02-01
4032,387,3,Adaptive multi-state ability,591.23,48,2026-06-11
4033,48,14,Organized didactic website,72.59,388,2024-03-01
4034,263,9,Object-based secondary protocol,279.53,114,2026-03-25
4035,104,4,Inverse bandwidth-monitored artificial intelligence,208.89,89,2025-01-14
4036,186,9,Expanded dedicated complexity,344.05,498,2023-08-28
4037,220,3,Persevering encompassing firmware,222.7,306,2024-06-04
4038,344,14,Robust methodical productivity,774.62,347,2024-08-03
4039,342,3,Multi-layered 6thgeneration capability,198.83,95,2025-10-22
4040,410,5,Integrated multi-tasking contingency,696.39,152,2026-06-02
4041,454,7,Versatile background synergy,714.77,88,2024-06-24
4042,598,9,Profit-focused national analyzer,389.88,98,2024-07-02
4043,179,12,Total zero tolerance open system,53.78,414,2026-04-09
4044,366,4,Organic reciprocal alliance,396.34,232,2025-08-27
4045,249,5,Sharable asymmetric flexibility,597.36,281,2025-01-08
4046,182,10,Fully-configurable modular encryption,427.34,118,2024-12-30
4047,415,14,Upgradable zero administration hierarchy,698.08,171,2023-12-30
4048,393,7,Organized encompassing access,336.97,170,2026-02-26
4049,68,5,Advanced scalable attitude,441.68,459,2025-03-09
4050,162,6,Devolved coherent interface,709.83,446,2025-11-12
4051,63,10,Face-to-face discrete utilization,824.92,213,2024-09-06
4052,108,5,Synchronized actuating algorithm,428.09,189,2024-03-24
4053,256,7,Versatile asynchronous portal,764.84,357,2025-01-29
4054,164,5,Vision-oriented uniform concept,790.94,398,2024-07-08
4055,404,7,Reverse-engineered user-facing structure,649.1,341,2024-04-22
4056,347,4,Realigned multi-tasking analyzer,507.26,357,2025-04-15
4057,131,13,Secured client-server neural-net,572.23,392,2026-03-26
4058,565,15,Profound system-worthy capacity,308.47,127,2023-11-12
4059,297,4,Automated 6thgeneration help-desk,790.29,362,2025-03-06
4060,506,15,Managed 4thgeneration moratorium,535.18,152,2023-07-31
4061,347,8,Multi-channeled hybrid pricing structure,78.2,328,2025-07-26
4062,429,4,Cross-group motivating intranet,671.72,280,2024-04-04
4063,332,5,Total systematic hub,195.18,337,2024-08-09
4064,421,9,Virtual reciprocal productivity,299.02,383,2025-05-28
4065,253,11,Fundamental homogeneous contingency,522.08,211,2023-07-27
4066,403,12,Operative asynchronous data-warehouse,486.86,151,2026-03-04
4067,482,10,Down-sized coherent benchmark,576.82,315,2026-05-31
4068,560,13,Optional multi-tasking contingency,593.25,212,2023-07-16
4069,363,14,Public-key 24/7 service-desk,206.01,484,2025-10-21
4070,86,2,Realigned attitude-oriented implementation,357.31,400,2025-11-21
4071,202,12,Enhanced bandwidth-monitored leverage,418.39,14,2024-05-16
4072,24,8,Front-line uniform adapter,726.72,242,2023-09-25
4073,389,1,Adaptive cohesive knowledgebase,427.01,85,2023-01-09
4074,98,5,Cloned disintermediate forecast,484.98,216,2025-09-14
4075,568,15,Versatile intermediate capacity,641.85,284,2023-10-14
4076,396,12,Upgradable full-range encryption,251.2,106,2023-08-30
4077,135,2,Public-key even-keeled forecast,881.24,203,2024-02-07
4078,305,13,Face-to-face intermediate Internet solution,697.06,203,2024-01-12
4079,332,11,Managed client-server synergy,253.77,73,2026-03-30
4080,169,7,Centralized eco-centric benchmark,758.98,151,2024-12-06
4081,416,4,Adaptive web-enabled conglomeration,825.85,97,2026-05-09
4082,112,8,Open-architected multi-state adapter,129.12,476,2026-04-13
4083,308,1,Face-to-face dynamic alliance,197.62,420,2026-03-18
4084,269,9,Sharable logistical system engine,762.59,40,2023-08-13
4085,186,11,Multi-tiered uniform pricing structure,375.17,466,2025-02-23
4086,300,10,Multi-channeled 6thgeneration adapter,416.84,317,2025-04-19
4087,463,11,Realigned maximized concept,27.88,349,2026-02-01
4088,230,4,Universal disintermediate database,299.12,307,2023-08-16
4089,34,2,Team-oriented non-volatile hub,860.55,55,2023-12-14
4090,359,13,Customer-focused methodical monitoring,697.14,14,2023-08-21
4091,411,13,Triple-buffered secondary open architecture,647.97,290,2026-05-17
4092,279,12,Ameliorated user-facing architecture,528.66,389,2023-06-16
4093,200,4,Fundamental demand-driven archive,212.29,497,2024-07-10
4094,221,8,Enhanced system-worthy collaboration,826.28,214,2025-09-14
4095,211,11,Devolved national middleware,249.89,406,2023-07-25
4096,289,1,Customizable real-time neural-net,743.83,279,2024-06-27
4097,91,12,De-engineered zero-defect infrastructure,60.55,36,2025-06-08
4098,506,10,Horizontal tertiary capacity,198.77,37,2024-05-29
4099,558,2,Monitored multi-tasking collaboration,97.83,5,2024-08-02
4100,593,11,Optimized coherent focus group,640.78,339,2023-06-20
4101,26,1,Grass-roots stable time-frame,764.33,335,2023-11-27
4102,40,3,Progressive hybrid core,479.01,425,2025-05-04
4103,428,15,Right-sized responsive migration,111.56,468,2026-01-19
4104,34,12,Triple-buffered transitional intranet,868.5,448,2026-06-25
4105,41,4,Phased transitional attitude,266.31,62,2024-02-15
4106,265,9,Intuitive homogeneous groupware,806.3,478,2024-11-05
4107,310,9,Decentralized analyzing task-force,238.7,79,2023-05-03
4108,215,6,Balanced bottom-line model,181.74,217,2023-05-06
4109,490,10,Adaptive zero administration superstructure,886.0,49,2025-09-21
4110,103,4,Focused foreground interface,829.09,195,2023-05-01
4111,82,6,Phased system-worthy success,709.54,50,2023-06-26
4112,508,2,User-centric coherent array,186.92,69,2023-07-20
4113,597,11,Managed contextually-based focus group,281.94,433,2023-02-03
4114,139,5,Ameliorated object-oriented definition,816.05,342,2023-01-09
4115,166,15,Triple-buffered national encoding,471.07,411,2023-06-30
4116,297,2,Multi-channeled client-driven methodology,111.7,430,2025-12-28
4117,471,14,Intuitive impactful artificial intelligence,570.63,162,2023-10-07
4118,497,15,Organized attitude-oriented protocol,628.98,395,2026-05-29
4119,219,7,Exclusive object-oriented knowledgebase,431.4,261,2025-01-24
4120,503,7,Synergized reciprocal solution,268.62,219,2024-01-20
4121,74,4,Multi-tiered mobile capacity,500.92,493,2023-06-13
4122,39,15,Versatile maximized knowledge user,575.24,154,2026-06-12
4123,114,11,Advanced encompassing artificial intelligence,887.35,62,2026-03-28
4124,294,3,Enterprise-wide fresh-thinking initiative,228.3,77,2023-09-01
4125,357,5,Distributed well-modulated firmware,789.89,38,2024-05-01
4126,85,15,Profound zero administration knowledge user,305.28,169,2023-04-16
4127,421,10,Programmable asynchronous policy,598.79,494,2024-01-15
4128,398,2,Robust dedicated help-desk,368.83,129,2024-12-06
4129,346,3,Vision-oriented methodical concept,898.5,89,2025-10-14
4130,320,15,Multi-channeled incremental protocol,72.16,71,2025-01-14
4131,290,8,Fully-configurable mobile workforce,649.98,33,2025-08-13
4132,598,9,Advanced 6thgeneration middleware,539.49,314,2024-07-19
4133,534,9,Distributed foreground capability,823.83,183,2025-05-22
4134,400,10,Diverse content-based monitoring,257.67,291,2026-05-09
4135,227,1,Cloned value-added parallelism,32.4,54,2026-04-25
4136,349,7,Object-based contextually-based utilization,409.01,480,2025-04-03
4137,214,6,Optimized upward-trending customer loyalty,330.83,258,2024-08-29
4138,150,14,Streamlined discrete interface,891.51,229,2023-06-26
4139,467,3,Monitored zero-defect success,353.79,68,2025-01-10
4140,415,6,Visionary didactic service-desk,28.16,195,2023-01-17
4141,488,1,Programmable zero-defect focus group,598.68,42,2024-08-25
4142,282,2,Pre-emptive maximized knowledge user,755.74,2,2025-02-13
4143,522,11,Front-line disintermediate projection,860.36,215,2024-01-04
4144,267,1,Networked cohesive database,709.76,262,2025-06-30
4145,106,15,Horizontal context-sensitive product,9.6,495,2025-04-23
4146,419,9,Monitored stable throughput,541.55,344,2024-07-10
4147,103,8,Distributed national policy,126.33,72,2023-01-16
4148,484,7,Optimized interactive support,155.8,256,2023-08-16
4149,125,6,Adaptive impactful firmware,783.8,337,2023-11-27
4150,144,4,Organized upward-trending Graphical User Interface,132.82,75,2024-01-06
4151,180,9,Extended coherent hardware,143.74,6,2026-01-02
4152,285,8,Synergized heuristic throughput,297.42,79,2025-12-13
4153,198,6,Persevering demand-driven open architecture,899.92,302,2026-05-04
4154,305,1,De-engineered executive adapter,6.14,47,2023-03-21
4155,568,5,Organized optimizing standardization,409.86,410,2023-08-26
4156,234,6,Ergonomic homogeneous groupware,801.46,52,2023-08-25
4157,253,6,Enterprise-wide well-modulated website,601.97,422,2024-10-05
4158,199,6,Profit-focused radical paradigm,870.62,483,2025-06-26
4159,150,3,Profit-focused needs-based standardization,690.69,271,2026-04-27
4160,135,15,Multi-lateral scalable Graphic Interface,743.94,405,2025-06-13
4161,297,2,Balanced high-level task-force,577.39,479,2025-01-06
4162,502,9,Reduced cohesive software,882.58,306,2025-08-09
4163,537,4,Balanced hybrid structure,31.13,474,2026-01-11
4164,18,14,Expanded dynamic matrix,70.14,458,2024-09-06
4165,105,10,Centralized human-resource project,262.48,443,2024-11-05
4166,249,5,Persevering regional budgetary management,74.09,170,2023-09-16
4167,523,13,Assimilated even-keeled challenge,816.21,476,2024-06-21
4168,295,8,Realigned fresh-thinking functionalities,502.31,409,2025-07-19
4169,295,12,Pre-emptive reciprocal open architecture,795.98,65,2026-02-01
4170,38,3,Polarized dedicated structure,81.07,261,2026-02-11
4171,229,1,Distributed bottom-line structure,350.04,387,2024-12-06
4172,510,15,Open-architected coherent task-force,505.51,363,2023-02-21
4173,233,8,Realigned context-sensitive data-warehouse,504.68,395,2023-08-25
4174,150,2,Assimilated zero tolerance monitoring,203.61,338,2026-06-24
4175,456,5,Public-key static alliance,838.38,462,2024-05-05
4176,413,10,Triple-buffered discrete hierarchy,520.25,163,2024-11-10
4177,566,6,Multi-layered reciprocal neural-net,862.24,468,2025-10-06
4178,382,10,Realigned local array,517.08,357,2023-02-12
4179,558,13,Fundamental zero-defect concept,254.03,294,2023-01-02
4180,430,10,Decentralized reciprocal concept,868.44,290,2023-04-11
4181,306,6,Focused upward-trending website,805.0,266,2026-05-29
4182,557,7,Versatile interactive firmware,18.21,34,2023-04-10
4183,398,6,Networked hybrid initiative,381.23,123,2024-04-23
4184,464,13,Centralized executive solution,249.65,227,2023-03-30
4185,85,7,Multi-layered neutral policy,289.91,227,2025-04-28
4186,96,15,Function-based full-range encryption,204.28,339,2026-02-21
4187,71,5,Distributed needs-based flexibility,531.02,282,2023-04-30
4188,144,6,Up-sized upward-trending website,201.85,10,2025-11-14
4189,288,4,Face-to-face high-level knowledge user,433.62,204,2026-06-15
4190,165,11,Profound zero tolerance standardization,553.51,203,2024-08-28
4191,276,5,Progressive empowering knowledgebase,416.54,428,2025-10-18
4192,185,6,Visionary value-added budgetary management,723.41,415,2023-01-19
4193,545,5,Multi-layered system-worthy task-force,609.39,123,2023-10-16
4194,257,3,Grass-roots bifurcated hierarchy,195.26,262,2023-01-10
4195,33,5,Robust modular ability,76.6,363,2023-09-16
4196,316,2,Streamlined heuristic extranet,649.52,175,2024-05-20
4197,408,10,Vision-oriented attitude-oriented definition,101.66,273,2024-11-23
4198,323,8,Integrated grid-enabled emulation,257.19,489,2026-04-12
4199,30,7,Automated exuding success,160.82,255,2026-02-27
4200,388,1,Multi-channeled secondary emulation,150.12,84,2025-01-25
4201,464,1,Front-line tangible functionalities,219.04,390,2024-03-12
4202,227,11,Optional intangible strategy,134.23,406,2024-11-23
4203,299,6,Multi-layered logistical time-frame,167.24,113,2023-06-19
4204,330,11,Digitized interactive utilization,486.34,414,2023-10-13
4205,538,7,Synergized contextually-based help-desk,207.58,143,2023-02-11
4206,144,10,Virtual incremental concept,394.39,94,2026-06-18
4207,93,8,Object-based zero tolerance help-desk,146.34,248,2024-08-28
4208,161,10,Public-key full-range orchestration,129.25,67,2023-02-24
4209,310,2,Networked client-server protocol,369.5,277,2023-12-29
4210,123,6,Managed hybrid protocol,617.61,302,2023-12-27
4211,416,7,Balanced multimedia array,545.68,243,2023-01-11
4212,406,4,Adaptive next generation Graphic Interface,887.64,419,2024-12-27
4213,34,4,Organic neutral middleware,113.38,118,2026-04-15
4214,161,9,Business-focused 24/7 function,45.41,272,2025-01-03
4215,8,3,Multi-channeled optimizing middleware,140.34,214,2023-07-15
4216,600,1,User-centric multimedia paradigm,100.08,122,2024-05-13
4217,217,6,Exclusive even-keeled artificial intelligence,558.99,250,2026-05-22
4218,499,2,Right-sized radical infrastructure,545.3,1,2023-04-30
4219,23,3,Cloned local secured line,639.31,331,2024-11-30
4220,441,2,Open-source executive flexibility,342.21,94,2024-11-28
4221,386,12,Front-line clear-thinking portal,647.55,143,2025-10-05
4222,66,9,Adaptive methodical installation,667.26,181,2026-05-13
4223,317,1,Inverse next generation capacity,655.74,296,2026-06-27
4224,147,4,Function-based tertiary forecast,5.41,406,2024-12-05
4225,223,3,User-centric national parallelism,669.89,42,2025-02-27
4226,480,8,Profound mobile Local Area Network,824.85,273,2023-06-04
4227,292,6,Upgradable encompassing open system,342.27,225,2024-08-12
4228,251,8,Realigned zero tolerance Graphical User Interface,16.49,378,2023-08-31
4229,303,13,Function-based value-added monitoring,320.7,346,2026-06-12
4230,107,15,Multi-channeled analyzing initiative,76.84,231,2025-10-18
4231,439,7,Persistent static migration,641.78,174,2023-04-30
4232,353,3,Cloned eco-centric frame,594.65,331,2025-05-06
4233,69,3,Optional encompassing service-desk,28.71,294,2023-11-24
4234,568,2,Reduced explicit project,740.11,331,2024-10-19
4235,489,9,Multi-channeled optimizing policy,54.16,339,2023-06-01
4236,62,3,Distributed empowering neural-net,123.17,35,2023-08-22
4237,401,8,Stand-alone grid-enabled policy,565.32,348,2025-06-23
4238,25,7,Versatile transitional secured line,568.12,244,2025-05-25
4239,210,6,Synchronized bottom-line analyzer,225.23,77,2024-02-11
4240,498,2,Optional attitude-oriented hardware,487.53,299,2023-11-15
4241,74,14,Switchable discrete workforce,128.55,419,2025-11-24
4242,292,11,Grass-roots directional emulation,463.79,212,2024-03-27
4243,510,2,Open-architected human-resource leverage,79.39,433,2023-11-08
4244,320,4,Customer-focused static conglomeration,24.3,14,2024-05-16
4245,465,14,Reactive upward-trending superstructure,306.29,465,2024-05-18
4246,584,13,Progressive attitude-oriented application,486.39,464,2023-11-01
4247,250,12,Synergized leadingedge orchestration,629.07,106,2023-10-21
4248,266,7,Compatible 3rdgeneration website,313.39,337,2025-10-25
4249,390,7,Programmable eco-centric migration,553.27,64,2025-09-07
4250,549,12,Devolved exuding benchmark,235.77,251,2026-02-08
4251,207,13,Proactive non-volatile forecast,616.29,211,2024-12-02
4252,584,2,Multi-tiered systemic system engine,794.72,174,2024-03-06
4253,537,3,Multi-layered contextually-based utilization,41.9,50,2024-07-16
4254,32,14,Enterprise-wide grid-enabled info-mediaries,352.1,180,2023-12-02
4255,439,7,Object-based composite pricing structure,267.08,220,2025-06-30
4256,226,14,Multi-lateral context-sensitive service-desk,799.29,32,2023-10-23
4257,500,3,Expanded web-enabled ability,894.1,161,2024-12-08
4258,226,13,Team-oriented high-level definition,819.07,250,2025-01-18
4259,402,6,Adaptive grid-enabled artificial intelligence,837.66,197,2026-06-10
4260,481,7,Focused context-sensitive methodology,237.85,225,2025-11-13
4261,301,10,Advanced motivating matrix,386.14,84,2024-07-24
4262,592,5,Enterprise-wide fresh-thinking service-desk,638.79,425,2023-09-04
4263,23,5,Synergized exuding initiative,369.07,70,2024-10-06
4264,6,7,Object-based coherent concept,522.83,496,2026-03-08
4265,429,6,Focused 6thgeneration moratorium,347.84,475,2024-11-14
4266,113,3,Profound human-resource toolset,737.48,27,2025-05-13
4267,130,13,Customizable full-range model,405.33,213,2025-10-05
4268,184,10,Re-contextualized cohesive groupware,850.46,378,2024-10-16
4269,23,10,Business-focused methodical array,399.55,398,2024-03-17
4270,264,11,Ergonomic content-based customer loyalty,790.21,443,2023-10-11
4271,75,3,Right-sized web-enabled Graphical User Interface,520.09,154,2025-06-14
4272,381,15,Right-sized systemic Local Area Network,8.9,75,2024-02-06
4273,300,15,Intuitive clear-thinking data-warehouse,446.61,281,2023-01-13
4274,294,15,Multi-lateral well-modulated knowledgebase,313.67,252,2026-03-07
4275,475,14,Reduced human-resource hub,790.1,191,2023-08-27
4276,533,5,Reduced demand-driven artificial intelligence,629.8,26,2025-07-28
4277,25,4,Integrated real-time array,211.0,312,2025-12-20
4278,138,2,User-friendly logistical application,266.87,284,2023-10-22
4279,249,4,Persistent methodical help-desk,403.0,374,2023-11-16
4280,58,15,Stand-alone maximized superstructure,512.8,360,2024-07-06
4281,325,2,Grass-roots 5thgeneration process improvement,647.39,202,2025-09-26
4282,410,13,Face-to-face human-resource strategy,658.2,6,2025-03-20
4283,202,7,Adaptive contextually-based framework,568.97,343,2023-10-15
4284,533,7,Digitized 5thgeneration archive,184.4,57,2023-05-18
4285,142,15,Cross-group optimizing intranet,715.42,77,2023-02-25
4286,51,15,Synergistic 5thgeneration challenge,799.85,346,2025-11-26
4287,300,9,Intuitive web-enabled info-mediaries,826.69,64,2025-03-05
4288,260,13,Digitized didactic implementation,868.39,278,2024-02-21
4289,210,13,Integrated 6thgeneration installation,195.19,434,2025-07-13
4290,591,7,User-centric demand-driven migration,25.52,404,2025-11-09
4291,171,12,Open-source demand-driven interface,488.52,207,2025-10-18
4292,88,12,Advanced holistic matrices,190.12,4,2024-11-18
4293,260,10,Innovative methodical analyzer,826.02,456,2025-06-09
4294,137,1,Visionary leadingedge installation,508.24,189,2025-05-08
4295,287,10,Phased actuating encryption,645.09,26,2023-08-21
4296,193,3,Configurable 6thgeneration analyzer,239.08,189,2023-07-11
4297,578,15,Total full-range capability,197.55,25,2023-01-02
4298,80,2,Customizable attitude-oriented secured line,809.53,149,2025-03-12
4299,113,8,Down-sized mobile success,313.75,460,2025-12-22
4300,62,9,Persevering intermediate throughput,790.6,110,2025-12-08
4301,522,10,Customer-focused dedicated migration,576.83,372,2023-03-15
4302,293,5,Open-architected zero-defect knowledgebase,576.05,31,2024-07-31
4303,63,5,Digitized optimal definition,221.57,178,2025-04-10
4304,395,15,Sharable next generation projection,460.52,38,2024-03-13
4305,339,4,User-centric dedicated software,472.57,335,2023-07-31
4306,282,9,Synchronized heuristic neural-net,582.91,244,2024-09-27
4307,470,6,Optional global hierarchy,320.27,25,2024-02-08
4308,44,10,Public-key tertiary architecture,577.04,52,2025-04-05
4309,529,15,De-engineered motivating flexibility,289.39,144,2025-07-05
4310,113,8,Public-key static Graphic Interface,757.5,230,2026-01-29
4311,269,1,Universal full-range alliance,86.62,474,2026-05-30
4312,39,3,Inverse intermediate encryption,800.27,404,2023-07-30
4313,415,15,Multi-layered tertiary definition,547.64,355,2026-02-18
4314,210,8,Adaptive system-worthy installation,633.04,223,2023-07-11
4315,110,6,Organic multi-state intranet,466.77,199,2025-05-18
4316,530,7,Face-to-face next generation frame,105.97,291,2026-03-15
4317,482,14,Compatible asynchronous algorithm,749.28,224,2024-12-30
4318,594,12,Sharable leadingedge customer loyalty,642.95,103,2024-02-12
4319,164,7,Switchable fault-tolerant circuit,63.77,445,2023-03-27
4320,329,14,Reverse-engineered even-keeled toolset,30.13,496,2026-01-03
4321,213,6,Multi-tiered zero administration forecast,174.67,182,2026-01-09
4322,69,10,Versatile asynchronous support,316.25,167,2025-06-19
4323,154,9,Cross-group mobile budgetary management,335.8,186,2024-05-05
4324,254,10,Focused non-volatile core,592.23,394,2025-11-08
4325,168,5,Quality-focused hybrid data-warehouse,147.49,204,2023-10-18
4326,97,8,Centralized zero administration middleware,815.34,358,2025-09-14
4327,344,9,Synergistic high-level middleware,43.76,348,2024-11-07
4328,553,14,Devolved value-added website,244.57,217,2025-05-26
4329,562,8,Monitored object-oriented circuit,546.24,106,2023-01-09
4330,208,1,Secured multi-state circuit,140.69,263,2024-11-29
4331,210,3,Programmable bottom-line complexity,811.34,236,2024-01-02
4332,491,13,Digitized multi-state architecture,348.89,303,2026-02-21
4333,228,5,Optimized user-facing budgetary management,288.4,326,2025-01-29
4334,63,3,Synergistic national concept,291.33,447,2025-11-26
4335,380,5,Switchable didactic database,386.68,495,2024-05-03
4336,5,13,Vision-oriented composite open system,492.2,418,2024-01-26
4337,8,9,Function-based stable budgetary management,824.9,473,2025-08-24
4338,129,15,Re-engineered even-keeled info-mediaries,651.23,4,2025-07-24
4339,230,9,Adaptive tangible ability,779.19,432,2023-12-08
4340,496,13,Polarized neutral projection,430.22,233,2023-08-26
4341,124,15,Managed bi-directional model,685.15,149,2023-10-15
4342,327,3,Versatile well-modulated benchmark,625.49,246,2025-10-29
4343,400,4,Inverse transitional knowledgebase,5.97,308,2023-05-06
4344,9,8,Up-sized mobile hierarchy,817.11,74,2023-05-30
4345,50,14,Automated encompassing array,131.68,439,2024-07-24
4346,145,4,Customer-focused regional access,269.2,148,2025-09-28
4347,222,15,Inverse 24hour methodology,611.63,26,2024-12-15
4348,496,14,Programmable didactic budgetary management,740.37,339,2025-07-04
4349,481,2,Down-sized hybrid portal,682.86,427,2025-05-24
4350,124,11,Down-sized client-driven success,523.75,323,2025-08-30
4351,111,7,Exclusive object-oriented interface,331.45,312,2025-06-08
4352,359,13,Open-source needs-based matrices,361.88,394,2025-07-21
4353,417,5,Synchronized clear-thinking paradigm,41.41,312,2025-02-12
4354,537,14,Expanded incremental encryption,214.89,147,2024-06-28
4355,17,1,Versatile bottom-line superstructure,555.41,187,2023-11-08
4356,166,15,Polarized multimedia Internet solution,742.58,144,2023-10-11
4357,389,11,Quality-focused analyzing neural-net,642.81,100,2025-07-28
4358,206,12,Switchable motivating standardization,168.15,428,2023-06-30
4359,594,2,Programmable next generation capacity,685.4,124,2026-07-01
4360,14,8,Streamlined didactic pricing structure,24.01,354,2024-08-05
4361,490,11,Centralized uniform application,222.7,25,2023-08-22
4362,343,8,Multi-channeled client-server complexity,710.78,300,2023-08-23
4363,85,15,Front-line multimedia orchestration,850.48,19,2023-07-16
4364,45,2,Diverse explicit archive,360.27,424,2023-11-07
4365,430,1,User-centric cohesive productivity,32.49,16,2023-10-03
4366,411,6,Multi-layered well-modulated instruction set,506.66,367,2024-03-03
4367,268,14,Ergonomic logistical extranet,424.5,172,2026-05-09
4368,467,14,Polarized impactful circuit,502.88,437,2024-02-21
4369,226,6,Optional intangible architecture,263.67,256,2024-02-28
4370,367,8,Profound exuding success,805.51,307,2024-01-18
4371,111,5,Balanced value-added productivity,515.55,241,2026-03-13
4372,94,14,Proactive tangible application,230.66,124,2025-10-31
4373,424,11,Public-key upward-trending methodology,351.66,145,2024-05-06
4374,160,1,Synchronized content-based knowledgebase,789.54,46,2025-10-10
4375,143,14,Cloned bandwidth-monitored implementation,593.36,216,2025-01-17
4376,150,13,Compatible mobile extranet,469.0,158,2025-03-15
4377,552,6,Decentralized dynamic hierarchy,241.15,455,2026-04-27
4378,171,12,Team-oriented secondary collaboration,450.75,65,2024-08-17
4379,3,1,Organized 24hour adapter,730.7,352,2023-10-17
4380,22,9,Progressive web-enabled leverage,355.05,25,2023-06-26
4381,312,11,Profound 24/7 data-warehouse,672.91,404,2023-02-05
4382,328,2,Enterprise-wide executive ability,532.35,286,2024-11-23
4383,287,4,Synergized zero-defect paradigm,742.38,253,2023-08-23
4384,411,11,Polarized bi-directional instruction set,186.6,29,2024-02-10
4385,241,6,Enterprise-wide multi-tasking encoding,809.24,432,2024-03-20
4386,391,10,Grass-roots modular Graphical User Interface,642.92,426,2024-02-16
4387,14,2,Integrated national adapter,816.82,29,2023-03-19
4388,54,9,Adaptive client-server pricing structure,739.57,301,2024-04-25
4389,68,9,Cross-group encompassing workforce,401.8,58,2023-01-08
4390,318,14,Optional modular concept,742.42,495,2023-04-02
4391,178,9,Open-source 24/7 moratorium,581.1,485,2024-04-17
4392,344,12,Realigned intangible approach,856.89,33,2024-11-17
4393,557,15,Compatible human-resource algorithm,849.27,387,2024-01-04
4394,52,10,Polarized client-driven contingency,666.93,25,2024-06-21
4395,226,11,Expanded multimedia throughput,401.91,217,2023-07-01
4396,249,13,Visionary radical knowledge user,378.64,87,2025-12-29
4397,26,9,Automated needs-based utilization,711.03,42,2023-10-15
4398,141,11,Secured upward-trending toolset,573.48,266,2023-05-17
4399,358,14,Mandatory client-server success,885.8,389,2026-03-17
4400,311,13,Balanced responsive service-desk,415.67,357,2024-06-09
4401,469,14,Seamless tertiary migration,8.34,177,2024-03-27
4402,76,14,Customer-focused value-added budgetary management,777.52,45,2023-03-16
4403,358,11,Sharable zero-defect function,495.88,108,2024-05-15
4404,9,14,Secured actuating project,553.51,254,2024-02-20
4405,459,10,Balanced background success,455.93,71,2023-07-13
4406,572,10,Reactive local time-frame,888.74,382,2024-09-23
4407,144,11,Cross-group analyzing workforce,382.85,119,2025-08-29
4408,418,12,Robust bifurcated contingency,777.84,331,2023-02-28
4409,107,7,Sharable intangible superstructure,731.99,218,2025-09-07
4410,101,9,Streamlined leadingedge infrastructure,448.23,203,2023-09-14
4411,544,9,Compatible needs-based budgetary management,730.38,110,2025-04-17
4412,242,7,Realigned composite moderator,492.54,463,2025-01-02
4413,26,2,Team-oriented system-worthy core,657.19,203,2023-11-27
4414,471,15,Synchronized background access,364.35,303,2023-11-22
4415,189,7,Team-oriented demand-driven attitude,391.86,227,2025-11-20
4416,528,1,Re-engineered demand-driven policy,515.03,352,2024-02-03
4417,459,11,User-centric next generation product,360.38,486,2025-03-20
4418,333,3,Streamlined asynchronous access,172.59,469,2026-05-18
4419,551,10,Synergized disintermediate Graphic Interface,5.59,149,2026-04-04
4420,598,4,Polarized fault-tolerant budgetary management,728.53,289,2026-01-01
4421,109,3,Enterprise-wide didactic architecture,294.49,318,2025-09-03
4422,492,8,Managed stable methodology,141.29,165,2026-05-20
4423,508,7,Organized 24hour matrix,270.26,281,2024-01-20
4424,571,6,Face-to-face discrete ability,863.82,272,2023-02-20
4425,325,1,Compatible scalable process improvement,832.22,470,2024-08-18
4426,128,13,Enterprise-wide neutral matrix,399.52,456,2025-03-04
4427,338,8,Self-enabling secondary challenge,498.53,96,2026-03-16
4428,72,14,Seamless asynchronous encryption,129.46,490,2024-12-22
4429,406,6,Customizable upward-trending analyzer,722.27,273,2025-12-27
4430,452,2,Face-to-face background info-mediaries,585.21,430,2024-09-23
4431,539,7,Ergonomic 4thgeneration product,40.23,446,2025-01-09
4432,45,1,Right-sized needs-based forecast,647.96,94,2024-06-20
4433,277,10,User-centric actuating middleware,635.08,92,2025-12-06
4434,458,9,Optimized demand-driven analyzer,752.56,251,2024-12-16
4435,475,1,User-centric tangible software,565.67,328,2023-02-04
4436,145,10,Right-sized responsive encryption,180.57,63,2023-07-28
4437,154,6,Open-architected zero administration forecast,572.08,32,2025-11-04
4438,401,14,Synchronized foreground open architecture,564.87,252,2024-07-17
4439,176,10,Versatile neutral Graphical User Interface,680.03,11,2025-04-02
4440,353,3,Optimized optimizing core,895.93,82,2024-04-10
4441,194,7,Grass-roots empowering alliance,546.22,420,2023-09-01
4442,575,1,Organic motivating monitoring,349.07,453,2023-03-27
4443,14,13,Inverse national instruction set,857.23,327,2024-02-05
4444,21,3,Synchronized bi-directional standardization,732.08,402,2023-12-20
4445,395,11,Triple-buffered national policy,640.96,71,2024-06-15
4446,588,8,Fully-configurable bottom-line open system,330.3,240,2024-08-13
4447,26,12,Distributed optimal customer loyalty,729.02,253,2023-07-08
4448,284,5,Configurable optimal solution,354.96,339,2026-05-08
4449,377,15,Profound clear-thinking interface,370.16,397,2025-10-12
4450,262,1,Streamlined demand-driven analyzer,649.71,277,2025-10-06
4451,214,6,Ergonomic global policy,583.11,129,2025-02-02
4452,225,5,Re-contextualized empowering software,300.61,33,2024-07-28
4453,390,11,Adaptive systemic benchmark,389.07,281,2026-01-03
4454,429,6,Distributed discrete Internet solution,835.08,263,2024-02-11
4455,275,9,Cross-platform interactive infrastructure,182.47,151,2026-02-24
4456,235,11,Automated demand-driven definition,846.09,180,2026-01-25
4457,440,11,Fully-configurable non-volatile knowledge user,148.21,213,2025-10-09
4458,222,7,Synergistic optimal software,880.87,424,2024-09-05
4459,531,6,Advanced zero administration standardization,220.09,15,2025-08-01
4460,485,6,Intuitive systematic moderator,474.44,2,2025-11-06
4461,298,4,Profit-focused incremental array,147.36,452,2025-04-16
4462,575,4,Mandatory intangible strategy,592.9,332,2024-05-30
4463,308,4,Triple-buffered full-range customer loyalty,784.77,373,2025-05-31
4464,346,14,Streamlined bandwidth-monitored challenge,484.33,182,2023-02-18
4465,313,6,Expanded explicit archive,720.73,184,2023-03-07
4466,180,9,Managed mobile matrices,245.87,237,2023-12-05
4467,9,1,Mandatory value-added ability,414.8,143,2023-12-19
4468,201,10,Customizable eco-centric service-desk,45.87,239,2025-07-04
4469,233,15,Team-oriented secondary standardization,665.77,464,2023-10-18
4470,323,5,Future-proofed bottom-line installation,573.26,472,2024-12-08
4471,5,4,Re-contextualized system-worthy open system,508.18,14,2023-05-10
4472,432,3,Face-to-face 5thgeneration knowledge user,304.89,179,2023-08-14
4473,363,1,Virtual modular standardization,610.53,352,2023-01-10
4474,308,6,Configurable composite customer loyalty,25.72,94,2026-02-25
4475,97,5,Enhanced bottom-line concept,192.69,116,2023-05-13
4476,143,15,Organic high-level product,420.27,135,2024-04-21
4477,230,13,Automated object-oriented task-force,444.86,439,2024-11-08
4478,193,2,Triple-buffered client-driven flexibility,718.74,371,2023-07-25
4479,115,3,Implemented motivating methodology,218.9,180,2026-03-25
4480,30,5,Stand-alone systemic secured line,894.4,85,2025-04-01
4481,367,3,Expanded mission-critical contingency,796.99,418,2024-06-25
4482,153,9,Digitized logistical leverage,393.54,345,2025-02-17
4483,188,13,Stand-alone 6thgeneration project,602.7,56,2023-04-15
4484,537,6,Cross-group fresh-thinking hierarchy,448.83,270,2024-01-30
4485,568,12,Secured 5thgeneration application,610.81,178,2024-08-22
4486,351,2,Synergized fresh-thinking customer loyalty,237.28,387,2025-06-02
4487,42,13,Virtual mobile interface,545.24,465,2023-06-15
4488,599,4,Stand-alone bandwidth-monitored emulation,295.13,40,2025-09-03
4489,312,6,Automated user-facing standardization,746.76,160,2024-03-26
4490,465,12,Realigned bi-directional Internet solution,32.96,391,2025-05-05
4491,139,8,Organic mobile secured line,171.89,432,2023-08-09
4492,426,8,De-engineered transitional standardization,183.81,226,2024-05-27
4493,395,2,Assimilated tertiary middleware,897.92,71,2023-06-27
4494,326,14,Adaptive regional info-mediaries,430.68,493,2025-05-16
4495,171,13,Future-proofed object-oriented complexity,385.72,452,2023-07-27
4496,178,13,Synergized mission-critical attitude,384.75,263,2024-06-11
4497,539,2,Multi-tiered maximized collaboration,462.48,401,2025-06-24
4498,402,3,Triple-buffered real-time instruction set,17.62,318,2023-05-02
4499,435,10,Re-engineered bottom-line definition,214.46,308,2025-06-02
4500,247,1,Virtual human-resource application,712.13,120,2026-06-20
4501,345,2,Re-contextualized foreground product,395.05,252,2023-05-02
4502,319,6,Expanded reciprocal database,34.07,168,2026-06-14
4503,553,3,Future-proofed real-time contingency,826.32,64,2025-05-07
4504,452,4,Extended 24hour infrastructure,610.64,51,2023-12-21
4505,221,5,Phased radical frame,704.56,423,2025-12-23
4506,570,9,Operative local data-warehouse,861.75,157,2025-10-25
4507,353,14,Exclusive asymmetric info-mediaries,842.5,336,2024-08-20
4508,156,1,Polarized asynchronous productivity,134.99,311,2024-05-11
4509,411,5,Re-engineered national task-force,332.8,439,2023-10-24
4510,567,3,Quality-focused fault-tolerant infrastructure,707.95,121,2023-08-08
4511,253,5,Operative bifurcated emulation,123.59,185,2025-01-29
4512,453,7,Front-line user-facing orchestration,422.56,310,2026-06-02
4513,66,2,Devolved zero tolerance instruction set,647.9,149,2026-04-24
4514,25,12,Distributed multi-state policy,260.28,132,2024-02-02
4515,88,9,Decentralized transitional service-desk,766.49,103,2024-09-04
4516,255,7,Programmable dedicated superstructure,795.21,190,2024-04-05
4517,87,15,Polarized needs-based superstructure,39.12,334,2023-11-18
4518,600,8,Secured transitional Graphical User Interface,437.85,347,2023-08-08
4519,329,1,Enterprise-wide homogeneous focus group,370.15,349,2026-04-12
4520,118,11,Seamless client-driven project,842.82,309,2023-09-17
4521,400,15,Universal upward-trending task-force,705.11,173,2023-05-12
4522,463,4,Multi-layered static extranet,772.21,260,2023-08-17
4523,438,3,Multi-layered user-facing contingency,618.34,42,2023-04-20
4524,516,8,Total heuristic challenge,209.58,316,2023-11-15
4525,161,2,Function-based asynchronous implementation,536.36,126,2025-03-24
4526,581,15,Compatible human-resource time-frame,72.58,164,2025-06-25
4527,224,11,Networked well-modulated encryption,417.15,398,2025-09-18
4528,117,13,Profit-focused mobile contingency,29.07,70,2026-03-02
4529,527,11,Front-line non-volatile help-desk,408.83,0,2025-06-24
4530,300,6,Configurable mission-critical solution,766.14,379,2026-06-21
4531,83,6,Future-proofed foreground product,777.72,28,2024-06-04
4532,281,6,Cloned national flexibility,50.74,414,2023-12-30
4533,7,3,Progressive asynchronous encoding,699.61,193,2025-12-02
4534,250,9,Digitized value-added service-desk,447.45,313,2023-03-12
4535,219,12,Optional maximized project,846.41,326,2024-12-10
4536,57,3,Exclusive demand-driven extranet,537.02,257,2025-03-29
4537,464,13,Horizontal bottom-line instruction set,359.95,121,2023-04-08
4538,279,1,Quality-focused demand-driven intranet,546.1,368,2024-02-26
4539,280,7,Realigned scalable parallelism,617.93,235,2024-12-13
4540,305,11,Digitized hybrid hierarchy,66.57,364,2023-10-27
4541,246,13,Horizontal real-time hierarchy,384.44,258,2023-07-17
4542,46,2,Diverse mobile utilization,800.35,425,2026-01-30
4543,136,8,Reduced mobile budgetary management,159.4,24,2024-10-04
4544,103,4,Synergized scalable superstructure,223.88,192,2023-05-04
4545,103,9,Exclusive context-sensitive algorithm,282.89,76,2023-01-06
4546,101,4,Synergized dedicated architecture,484.19,280,2023-12-13
4547,371,13,Face-to-face discrete budgetary management,216.25,16,2026-01-31
4548,202,11,Adaptive dynamic database,659.42,451,2025-03-03
4549,536,2,Organized dynamic success,652.67,326,2025-04-21
4550,228,7,User-centric discrete throughput,757.77,121,2026-01-05
4551,579,11,Networked background parallelism,602.46,44,2025-09-07
4552,252,12,Compatible didactic function,345.43,6,2025-08-12
4553,523,10,Synergized discrete capability,637.25,331,2025-09-22
4554,439,8,Optional radical budgetary management,169.84,21,2023-02-17
4555,363,3,Universal mission-critical website,77.3,357,2023-07-24
4556,52,8,Extended content-based paradigm,822.42,233,2023-08-22
4557,445,4,Public-key national encoding,245.74,186,2023-02-26
4558,546,14,Down-sized grid-enabled Graphic Interface,547.95,53,2024-01-05
4559,222,8,Business-focused bandwidth-monitored archive,10.74,190,2023-06-15
4560,113,15,Reactive zero-defect secured line,704.06,385,2023-06-14
4561,272,13,Multi-layered coherent moratorium,580.1,185,2024-06-15
4562,373,7,Persevering mobile info-mediaries,546.92,72,2026-06-17
4563,405,6,Synergistic disintermediate middleware,307.89,421,2023-08-24
4564,191,8,Devolved full-range customer loyalty,387.86,40,2024-04-28
4565,450,8,Vision-oriented 5thgeneration leverage,662.24,415,2023-08-27
4566,514,9,Vision-oriented maximized software,376.66,72,2025-05-21
4567,247,10,Triple-buffered user-facing interface,322.16,54,2023-10-03
4568,412,13,Adaptive bandwidth-monitored emulation,747.11,472,2025-06-21
4569,557,4,Down-sized intangible success,846.25,190,2025-01-14
4570,507,4,Public-key encompassing emulation,415.59,100,2026-01-20
4571,538,8,Customer-focused attitude-oriented product,673.95,421,2023-04-06
4572,170,12,Grass-roots radical access,130.1,351,2024-08-14
4573,390,2,Operative zero tolerance analyzer,275.21,403,2025-03-11
4574,391,3,Future-proofed homogeneous Local Area Network,447.33,104,2024-03-23
4575,1,5,Secured dynamic conglomeration,856.52,56,2023-05-27
4576,469,7,Ergonomic incremental leverage,702.32,350,2024-09-02
4577,179,11,Ameliorated holistic encryption,605.48,191,2024-01-16
4578,303,9,Operative transitional productivity,207.94,307,2025-03-23
4579,545,12,Customer-focused system-worthy adapter,382.23,454,2025-05-01
4580,269,8,Managed bifurcated project,29.35,128,2025-03-06
4581,321,7,Self-enabling holistic array,487.08,289,2025-03-04
4582,523,15,Upgradable dedicated firmware,437.31,11,2024-03-19
4583,387,9,Seamless analyzing knowledgebase,505.06,492,2024-04-18
4584,4,1,Universal client-server moderator,254.07,112,2025-09-23
4585,234,7,Down-sized heuristic groupware,657.39,353,2023-06-11
4586,353,10,Synergistic attitude-oriented function,878.09,382,2023-10-24
4587,117,11,Networked scalable open system,581.23,247,2023-04-29
4588,393,6,Balanced upward-trending installation,540.48,143,2023-05-12
4589,45,15,Cross-group full-range secured line,241.47,193,2023-10-25
4590,593,2,Visionary disintermediate core,78.34,231,2023-12-15
4591,132,9,Up-sized regional website,145.4,245,2023-09-12
4592,532,4,Secured hybrid budgetary management,23.27,274,2023-08-22
4593,458,12,Ergonomic discrete attitude,527.12,484,2025-03-31
4594,55,14,Persevering contextually-based groupware,745.5,171,2025-07-06
4595,539,10,Exclusive demand-driven pricing structure,657.53,428,2025-12-02
4596,259,14,Proactive scalable budgetary management,521.0,457,2024-08-06
4597,596,10,Re-contextualized analyzing collaboration,406.66,307,2023-04-27
4598,324,3,Total client-driven website,837.21,69,2023-08-07
4599,503,2,Streamlined didactic customer loyalty,103.78,279,2025-04-18
4600,344,7,Ergonomic even-keeled moratorium,323.56,377,2023-07-14
4601,567,10,Fundamental secondary Internet solution,483.4,52,2023-01-20
4602,444,2,Ameliorated analyzing interface,445.79,323,2024-10-03
4603,417,14,Balanced demand-driven ability,222.7,208,2024-02-14
4604,97,3,Advanced national info-mediaries,538.75,489,2025-01-20
4605,361,8,Face-to-face multimedia instruction set,737.08,381,2025-04-28
4606,106,7,Fundamental optimizing productivity,539.02,311,2025-04-20
4607,224,8,Seamless optimal throughput,822.89,259,2023-05-26
4608,91,10,Down-sized modular pricing structure,756.06,108,2025-12-12
4609,595,15,Digitized empowering capacity,528.79,200,2025-12-22
4610,171,12,Stand-alone multi-tasking software,47.38,390,2024-02-29
4611,14,8,Robust tangible structure,73.78,252,2024-12-13
4612,194,13,Reactive bi-directional middleware,616.51,87,2023-08-24
4613,399,4,Multi-layered zero administration software,723.21,353,2024-02-03
4614,432,15,Networked actuating portal,112.87,428,2024-05-10
4615,79,8,Customer-focused systemic moratorium,554.45,269,2024-11-05
4616,275,10,Robust encompassing firmware,37.77,434,2023-04-03
4617,318,12,Enhanced 4thgeneration infrastructure,543.83,28,2024-05-11
4618,488,11,Re-contextualized client-driven productivity,151.18,182,2024-08-28
4619,381,9,Upgradable high-level info-mediaries,699.98,257,2024-04-05
4620,350,12,Multi-lateral clear-thinking portal,381.87,495,2024-04-25
4621,562,13,Customer-focused optimal customer loyalty,748.61,78,2025-09-13
4622,286,12,Adaptive holistic standardization,199.95,323,2023-11-12
4623,149,15,Multi-tiered mission-critical software,293.32,492,2024-12-01
4624,109,8,Managed bi-directional firmware,728.8,35,2026-05-14
4625,189,6,Universal logistical conglomeration,504.09,449,2023-05-17
4626,261,14,Virtual interactive software,446.7,215,2024-01-03
4627,109,14,Proactive needs-based structure,634.37,93,2024-01-20
4628,416,13,Re-contextualized analyzing focus group,38.39,356,2026-01-15
4629,405,4,Function-based composite collaboration,516.44,133,2025-01-03
4630,265,2,Advanced regional intranet,743.2,370,2026-02-10
4631,258,6,Visionary hybrid open architecture,214.2,160,2025-03-08
4632,223,13,Realigned eco-centric migration,52.18,124,2023-01-18
4633,482,10,Cross-platform optimal standardization,362.94,338,2024-11-22
4634,48,11,Ameliorated content-based data-warehouse,530.48,356,2024-09-18
4635,372,15,Cloned maximized standardization,710.48,275,2025-08-09
4636,139,11,Customer-focused multi-state superstructure,253.41,373,2023-03-07
4637,576,12,Balanced content-based software,552.08,443,2023-12-27
4638,111,8,Multi-lateral value-added website,437.68,397,2024-01-21
4639,337,11,Customer-focused interactive firmware,851.4,473,2023-07-10
4640,429,7,Multi-lateral eco-centric infrastructure,459.85,34,2024-02-27
4641,221,10,Inverse zero tolerance definition,426.06,478,2025-05-28
4642,464,1,Face-to-face reciprocal service-desk,433.0,69,2023-09-05
4643,491,11,Stand-alone solution-oriented parallelism,207.58,150,2023-01-23
4644,185,5,Compatible hybrid algorithm,123.67,87,2023-12-16
4645,277,2,Extended maximized project,621.06,268,2024-04-15
4646,63,7,Team-oriented demand-driven solution,607.96,125,2024-01-14
4647,241,7,Customer-focused 24/7 conglomeration,284.83,461,2023-01-30
4648,97,15,Multi-layered stable capability,492.12,332,2024-09-26
4649,298,5,Configurable system-worthy knowledge user,155.53,389,2026-02-06
4650,278,3,Vision-oriented demand-driven functionalities,604.1,342,2023-03-05
4651,162,12,Exclusive methodical methodology,255.15,413,2025-01-23
4652,8,12,Polarized tertiary artificial intelligence,542.82,224,2025-04-22
4653,360,12,Enterprise-wide fault-tolerant system engine,805.52,46,2023-08-30
4654,528,7,Seamless clear-thinking alliance,593.34,172,2025-05-03
4655,281,1,Universal multimedia Graphic Interface,553.35,294,2024-08-06
4656,106,5,Intuitive global function,448.01,98,2026-06-25
4657,553,10,Multi-channeled reciprocal hierarchy,637.47,459,2024-01-30
4658,479,1,Advanced explicit artificial intelligence,291.32,425,2023-10-02
4659,308,14,Realigned background analyzer,295.68,47,2026-07-01
4660,58,9,Switchable static matrix,818.81,91,2025-02-28
4661,78,11,Multi-layered even-keeled utilization,812.12,399,2023-05-25
4662,28,11,Fully-configurable national project,183.66,196,2024-10-16
4663,274,3,Persistent system-worthy access,675.66,303,2023-12-26
4664,37,11,Reduced motivating protocol,861.34,123,2025-09-10
4665,392,12,Exclusive modular neural-net,346.53,298,2025-05-17
4666,178,13,Extended coherent array,155.24,177,2024-04-23
4667,238,9,Re-engineered needs-based adapter,348.42,291,2024-05-27
4668,96,14,Ameliorated real-time definition,63.55,421,2026-01-14
4669,197,10,Organic directional migration,610.73,427,2026-06-26
4670,237,13,Synchronized responsive utilization,715.61,64,2024-07-28
4671,153,5,Centralized disintermediate encryption,6.96,217,2023-12-30
4672,525,12,Visionary next generation protocol,173.09,209,2024-01-27
4673,207,13,Focused methodical capability,273.41,264,2026-01-08
4674,236,4,Exclusive contextually-based matrix,235.32,241,2025-01-29
4675,105,12,Re-contextualized 6thgeneration database,476.49,223,2026-06-07
4676,261,12,Total systemic emulation,38.36,222,2025-01-11
4677,295,3,Down-sized composite Graphical User Interface,259.42,372,2026-02-25
4678,181,7,Synergized didactic product,849.67,483,2023-10-01
4679,568,6,Balanced exuding portal,312.45,230,2024-07-04
4680,210,6,Cloned 5thgeneration adapter,739.96,11,2026-03-28
4681,356,3,Public-key real-time budgetary management,876.79,436,2026-02-19
4682,536,13,Horizontal static throughput,561.2,191,2026-05-31
4683,279,15,Multi-lateral multimedia solution,887.02,245,2023-01-17
4684,255,10,Diverse dedicated algorithm,387.08,463,2026-05-24
4685,433,5,Synchronized static neural-net,297.44,165,2026-05-15
4686,99,14,Networked web-enabled adapter,776.38,207,2024-11-03
4687,46,5,Networked exuding synergy,414.82,410,2026-01-30
4688,536,4,Team-oriented coherent knowledge user,9.04,390,2026-04-27
4689,349,5,Polarized client-server hub,127.04,260,2025-07-21
4690,218,15,Re-engineered even-keeled matrix,250.91,145,2026-06-04
4691,412,11,Enterprise-wide asynchronous frame,342.67,492,2025-06-07
4692,441,8,Customer-focused contextually-based system engine,532.18,312,2026-04-01
4693,265,8,Pre-emptive 4thgeneration concept,19.67,358,2023-08-07
4694,469,12,Self-enabling client-server open system,768.74,328,2023-02-15
4695,444,10,Synergistic grid-enabled protocol,51.07,433,2024-06-18
4696,451,15,Switchable maximized project,78.41,13,2024-03-16
4697,537,5,Devolved needs-based implementation,717.52,486,2025-07-06
4698,106,6,Managed full-range pricing structure,356.0,424,2025-01-04
4699,429,7,Assimilated composite knowledge user,656.46,0,2024-11-24
4700,79,9,Triple-buffered well-modulated infrastructure,656.52,216,2023-02-10
4701,99,7,Organized bifurcated support,444.79,149,2024-06-18
4702,577,15,Streamlined zero-defect installation,652.26,92,2024-02-23
4703,291,12,Profit-focused fresh-thinking model,190.69,494,2025-01-23
4704,446,10,Centralized next generation forecast,467.82,9,2024-07-23
4705,332,13,Team-oriented multi-state portal,818.84,330,2024-11-17
4706,419,7,Customizable methodical circuit,771.89,295,2024-04-14
4707,497,6,Profound hybrid flexibility,283.22,69,2024-06-25
4708,183,13,Multi-layered grid-enabled artificial intelligence,507.08,36,2025-08-23
4709,550,10,Profound multi-state architecture,155.19,169,2025-07-01
4710,128,5,Horizontal systematic database,863.26,432,2023-09-24
4711,339,1,Team-oriented asymmetric customer loyalty,882.39,349,2024-05-07
4712,552,6,Front-line cohesive throughput,784.8,251,2025-05-26
4713,177,13,Reactive coherent process improvement,341.86,425,2024-09-08
4714,527,13,Cross-group tangible superstructure,68.84,210,2024-05-25
4715,530,11,Self-enabling asynchronous product,262.32,125,2025-04-13
4716,573,14,Phased asynchronous approach,51.32,197,2024-02-06
4717,331,9,Organized content-based approach,318.95,9,2023-06-23
4718,23,13,Versatile foreground Graphical User Interface,76.11,391,2023-10-17
4719,450,9,Switchable holistic framework,522.39,307,2024-11-13
4720,87,13,Customer-focused scalable encryption,551.29,106,2023-01-04
4721,302,11,Reduced next generation artificial intelligence,828.98,440,2025-01-25
4722,151,15,Pre-emptive bandwidth-monitored flexibility,782.05,362,2025-09-29
4723,471,6,Optimized encompassing concept,474.13,388,2025-08-30
4724,50,15,Cross-group transitional core,198.52,167,2025-04-29
4725,151,1,Robust logistical time-frame,851.08,382,2025-05-15
4726,221,5,Innovative client-driven extranet,277.11,144,2024-03-08
4727,265,7,Monitored motivating monitoring,460.25,306,2025-02-12
4728,251,4,Synergistic multi-state circuit,98.92,36,2023-11-05
4729,201,4,De-engineered leadingedge synergy,336.84,347,2025-05-13
4730,91,8,Synergistic analyzing support,644.08,380,2023-04-08
4731,460,15,Synchronized modular definition,201.75,63,2025-07-03
4732,309,5,Fundamental dedicated definition,780.41,236,2025-08-03
4733,439,3,Enhanced mobile service-desk,609.3,455,2023-10-06
4734,398,4,Versatile coherent capacity,849.15,227,2026-01-07
4735,321,12,De-engineered 5thgeneration encryption,41.81,314,2026-02-09
4736,501,14,Seamless actuating protocol,448.82,401,2025-10-12
4737,384,10,Progressive user-facing Local Area Network,248.98,146,2024-05-05
4738,293,14,Multi-tiered stable knowledge user,454.67,171,2023-10-11
4739,363,14,Diverse fresh-thinking forecast,175.27,383,2025-07-30
4740,260,15,Synergistic value-added function,744.11,14,2024-05-06
4741,488,7,Reduced bi-directional intranet,421.82,285,2025-08-31
4742,289,1,Reverse-engineered composite challenge,242.29,76,2023-02-16
4743,492,7,Public-key analyzing data-warehouse,423.18,41,2024-09-23
4744,456,6,Multi-layered value-added benchmark,183.74,45,2023-06-05
4745,325,13,Grass-roots heuristic neural-net,426.7,106,2024-03-01
4746,61,10,Object-based clear-thinking forecast,531.57,403,2023-03-08
4747,48,10,Persevering fresh-thinking synergy,766.73,378,2023-03-10
4748,419,6,Persevering empowering algorithm,361.58,371,2025-11-02
4749,154,4,Seamless intermediate utilization,671.64,369,2024-06-23
4750,352,4,Customizable intangible middleware,475.16,490,2024-11-14
4751,433,6,Multi-tiered contextually-based strategy,225.16,488,2024-01-05
4752,206,14,Organic secondary knowledgebase,610.76,482,2025-04-22
4753,441,1,Multi-layered responsive interface,570.0,468,2023-01-28
4754,38,5,Horizontal disintermediate focus group,422.43,437,2026-03-14
4755,81,2,Networked next generation capacity,58.63,125,2024-09-22
4756,599,13,Assimilated leadingedge synergy,600.77,422,2025-05-13
4757,80,2,Diverse high-level array,542.0,391,2026-05-09
4758,514,10,Advanced empowering data-warehouse,534.44,204,2024-10-05
4759,83,2,Function-based zero tolerance project,495.11,349,2024-10-13
4760,515,4,Optional national firmware,675.23,229,2024-07-20
4761,412,7,Multi-channeled incremental utilization,73.46,373,2024-09-19
4762,482,8,Virtual next generation infrastructure,385.41,47,2025-11-11
4763,419,9,Ameliorated stable secured line,440.73,0,2024-07-28
4764,473,12,Adaptive well-modulated framework,527.27,204,2025-02-24
4765,561,15,Devolved local firmware,136.79,314,2023-02-02
4766,382,12,Secured non-volatile open architecture,124.17,206,2024-12-03
4767,384,1,Open-source background encoding,476.43,316,2023-05-19
4768,283,12,Sharable directional system engine,151.83,119,2024-04-19
4769,4,12,Persistent 4thgeneration migration,166.52,360,2024-01-16
4770,509,7,Realigned system-worthy workforce,817.89,437,2023-02-05
4771,324,5,Assimilated empowering utilization,755.16,348,2024-05-10
4772,548,7,Self-enabling 5thgeneration flexibility,161.38,79,2023-05-18
4773,260,1,Vision-oriented high-level application,322.32,110,2023-06-30
4774,545,7,Open-architected systematic matrices,341.6,157,2025-09-19
4775,315,8,Focused incremental customer loyalty,781.51,109,2026-02-04
4776,93,5,Down-sized uniform service-desk,411.13,379,2025-10-21
4777,348,3,Integrated transitional contingency,238.72,153,2024-09-11
4778,132,1,Advanced demand-driven Internet solution,173.23,310,2024-06-21
4779,289,2,Networked local budgetary management,19.92,459,2023-12-07
4780,232,13,Fundamental multi-state circuit,456.56,330,2024-04-07
4781,366,2,Automated asymmetric support,485.85,382,2025-04-12
4782,424,5,Optimized secondary groupware,833.47,442,2025-10-14
4783,491,5,Polarized interactive conglomeration,90.47,46,2024-02-21
4784,376,2,Profit-focused tangible functionalities,457.4,96,2023-01-18
4785,145,6,Pre-emptive value-added methodology,465.12,100,2024-07-01
4786,429,13,Organized tertiary customer loyalty,289.85,417,2023-06-10
4787,358,4,Realigned tertiary archive,856.02,479,2025-12-15
4788,551,6,Switchable directional toolset,575.73,355,2023-09-01
4789,501,9,Horizontal bottom-line installation,544.06,175,2026-06-29
4790,60,13,Horizontal contextually-based methodology,521.71,155,2023-06-05
4791,175,9,Decentralized incremental throughput,881.38,169,2025-01-09
4792,532,14,Monitored secondary matrices,798.94,443,2023-08-15
4793,386,8,Compatible reciprocal core,313.91,317,2023-12-31
4794,221,9,Self-enabling cohesive workforce,188.94,437,2023-07-18
4795,226,5,Public-key static utilization,481.57,488,2026-03-17
4796,94,9,Total user-facing support,802.91,391,2023-03-26
4797,57,4,Vision-oriented eco-centric frame,864.65,33,2024-06-12
4798,395,4,Exclusive needs-based challenge,236.9,360,2026-05-27
4799,178,5,Organized needs-based hierarchy,823.67,52,2026-05-30
4800,379,10,Synchronized reciprocal implementation,419.65,430,2024-05-10
4801,54,14,Profound discrete archive,530.92,472,2023-07-28
4802,178,2,Phased even-keeled moratorium,465.92,79,2025-08-25
4803,198,5,Diverse modular implementation,86.15,44,2024-08-28
4804,412,2,Team-oriented neutral throughput,180.98,42,2024-11-11
4805,365,6,Decentralized zero-defect approach,180.21,27,2023-05-09
4806,329,4,Compatible explicit process improvement,39.89,30,2024-09-21
4807,304,1,Quality-focused zero tolerance system engine,407.54,272,2023-06-30
4808,103,15,De-engineered 24hour circuit,47.46,454,2025-04-14
4809,370,10,Enterprise-wide global product,496.37,339,2024-10-02
4810,328,8,Adaptive leadingedge moderator,369.06,429,2025-06-04
4811,244,12,Team-oriented system-worthy policy,721.19,166,2024-09-13
4812,123,13,Managed incremental help-desk,504.72,498,2024-01-12
4813,101,3,Customer-focused national workforce,368.91,314,2026-05-09
4814,274,6,Multi-layered asynchronous instruction set,141.66,213,2024-09-20
4815,85,15,Multi-tiered systematic customer loyalty,558.21,375,2023-07-30
4816,24,7,Function-based stable collaboration,874.66,469,2025-02-22
4817,390,12,Multi-lateral fresh-thinking firmware,556.18,8,2023-05-01
4818,540,11,Ergonomic optimal service-desk,123.5,340,2024-05-27
4819,138,13,Horizontal asynchronous matrix,667.34,207,2026-01-01
4820,145,7,Versatile 24hour workforce,742.67,473,2023-09-15
4821,156,11,Mandatory contextually-based moderator,79.92,415,2025-10-19
4822,365,15,Proactive demand-driven throughput,576.03,87,2025-02-19
4823,583,13,Ameliorated attitude-oriented workforce,346.4,74,2023-03-04
4824,542,4,Future-proofed uniform info-mediaries,570.12,254,2026-03-19
4825,89,12,Reactive cohesive architecture,8.46,176,2026-03-10
4826,236,3,Digitized executive productivity,597.52,324,2024-12-21
4827,505,3,Streamlined demand-driven protocol,685.25,282,2025-07-22
4828,51,12,User-friendly coherent adapter,185.1,74,2023-03-04
4829,48,11,Reverse-engineered dynamic architecture,596.59,467,2024-07-01
4830,573,6,Total stable Local Area Network,556.03,376,2023-09-21
4831,261,13,Extended needs-based structure,176.27,237,2023-09-08
4832,149,10,Reactive 4thgeneration challenge,317.93,151,2024-11-16
4833,191,15,Switchable clear-thinking circuit,646.9,22,2024-11-09
4834,525,15,Proactive multimedia initiative,833.32,328,2023-02-17
4835,151,15,Re-contextualized clear-thinking collaboration,570.41,264,2025-03-29
4836,17,13,Robust cohesive emulation,345.18,147,2026-02-05
4837,30,3,Synchronized 5thgeneration analyzer,713.2,425,2024-01-08
4838,269,1,Fully-configurable systemic support,379.56,183,2024-09-07
4839,489,5,Cross-platform real-time artificial intelligence,408.77,411,2025-03-28
4840,350,1,Advanced cohesive interface,647.62,11,2024-06-10
4841,86,11,Streamlined high-level forecast,454.89,373,2026-04-11
4842,518,6,De-engineered asymmetric framework,394.9,493,2024-06-15
4843,210,1,Multi-tiered modular throughput,88.91,199,2024-11-05
4844,363,7,Optimized bi-directional info-mediaries,725.7,112,2025-11-20
4845,573,8,Streamlined eco-centric matrices,480.09,474,2025-11-11
4846,454,12,Digitized regional Graphical User Interface,792.66,177,2025-05-21
4847,244,2,Fully-configurable regional encoding,189.36,337,2023-04-18
4848,427,11,Realigned secondary extranet,119.53,474,2023-10-10
4849,24,15,Enhanced homogeneous forecast,83.91,50,2024-02-01
4850,570,7,Centralized 5thgeneration middleware,13.15,143,2025-09-14
4851,284,11,Programmable zero-defect matrices,679.14,462,2023-06-13
4852,592,10,Synergized reciprocal artificial intelligence,18.79,260,2023-02-04
4853,213,6,Organized exuding contingency,113.51,369,2024-06-09
4854,534,10,Adaptive methodical hierarchy,718.88,391,2024-10-22
4855,252,9,Enhanced fresh-thinking implementation,155.79,367,2026-03-12
4856,297,5,Up-sized well-modulated encryption,70.7,364,2023-09-07
4857,266,8,Object-based dedicated strategy,728.94,374,2023-04-08
4858,371,4,Progressive static access,280.31,65,2026-02-22
4859,246,10,Ergonomic asymmetric adapter,325.76,47,2025-04-17
4860,486,4,Operative contextually-based array,577.44,419,2026-03-01
4861,340,12,Face-to-face tangible solution,202.84,336,2025-03-17
4862,506,1,Self-enabling analyzing open system,728.0,130,2025-11-11
4863,530,7,Robust scalable utilization,734.14,270,2025-04-27
4864,340,7,Operative hybrid complexity,621.44,76,2026-04-29
4865,171,6,Down-sized optimizing ability,697.99,480,2025-12-31
4866,191,14,Operative discrete secured line,797.88,269,2023-12-04
4867,550,15,Innovative well-modulated matrices,6.43,391,2023-08-15
4868,540,4,Total 24hour capability,143.05,191,2024-03-05
4869,43,7,Switchable upward-trending task-force,808.95,263,2024-12-03
4870,438,9,Front-line impactful emulation,656.1,348,2025-05-15
4871,497,15,Vision-oriented grid-enabled complexity,371.5,253,2025-10-25
4872,19,10,Proactive static leverage,854.43,142,2024-10-25
4873,565,4,Open-source even-keeled contingency,434.26,137,2024-07-28
4874,589,6,Optional even-keeled time-frame,748.69,243,2024-11-16
4875,151,2,Right-sized dedicated open system,211.78,325,2024-02-15
4876,84,8,Centralized secondary intranet,293.52,176,2024-11-06
4877,163,15,Cloned directional capacity,455.13,318,2025-09-27
4878,282,9,Robust uniform service-desk,639.13,494,2024-07-20
4879,90,11,Polarized global structure,62.6,325,2024-08-19
4880,540,7,Front-line upward-trending synergy,617.08,475,2023-11-17
4881,439,8,Focused global matrix,294.28,61,2023-08-30
4882,505,7,Expanded systematic implementation,235.16,114,2024-07-03
4883,417,6,Decentralized actuating hub,709.47,36,2025-01-03
4884,447,5,Virtual 24hour monitoring,798.6,313,2025-04-05
4885,452,9,Innovative tangible firmware,540.96,121,2023-01-17
4886,52,10,Business-focused homogeneous model,860.08,179,2025-10-29
4887,189,1,Integrated fault-tolerant database,752.38,202,2024-01-28
4888,39,2,Monitored background alliance,683.94,167,2026-03-24
4889,487,11,Realigned intangible software,577.16,88,2024-07-29
4890,149,3,Reactive dynamic secured line,474.26,388,2026-01-13
4891,221,5,Public-key grid-enabled neural-net,696.19,307,2023-12-09
4892,492,7,Multi-layered bandwidth-monitored complexity,372.13,24,2026-03-08
4893,533,13,Stand-alone real-time pricing structure,232.36,335,2023-04-11
4894,85,13,Ameliorated intangible help-desk,572.21,259,2023-03-10
4895,282,1,Balanced 6thgeneration array,715.29,100,2024-09-06
4896,567,1,Managed scalable portal,69.42,437,2024-11-14
4897,225,8,Managed next generation portal,674.23,191,2025-12-15
4898,409,7,Down-sized responsive neural-net,888.14,248,2023-08-02
4899,355,6,Progressive intermediate Internet solution,238.78,213,2023-02-02
4900,354,4,Team-oriented analyzing policy,529.25,456,2025-03-15
4901,42,10,Mandatory homogeneous conglomeration,802.02,248,2024-07-01
4902,413,11,Multi-channeled non-volatile model,631.95,253,2023-10-06
4903,50,11,Extended solution-oriented forecast,302.81,105,2025-03-20
4904,307,10,User-centric object-oriented throughput,518.17,54,2026-05-12
4905,157,12,Secured systematic hierarchy,479.98,178,2025-04-17
4906,456,12,Open-architected intangible installation,565.74,349,2023-11-11
4907,514,6,Extended mission-critical conglomeration,665.38,87,2023-06-25
4908,366,6,Horizontal discrete moratorium,651.77,435,2024-03-21
4909,571,4,Business-focused uniform Graphic Interface,775.49,344,2025-10-15
4910,465,6,Switchable static middleware,787.89,281,2023-10-12
4911,92,15,Automated secondary core,147.04,93,2025-05-03
4912,267,4,Organized incremental Internet solution,848.43,189,2025-03-25
4913,490,11,Multi-layered scalable algorithm,463.23,147,2025-03-20
4914,3,8,Polarized multimedia emulation,507.24,397,2023-02-15
4915,493,14,Synergistic fault-tolerant encryption,312.33,341,2026-02-26
4916,584,2,Function-based next generation customer loyalty,548.39,33,2025-07-23
4917,495,6,Programmable value-added database,336.43,78,2026-03-18
4918,284,5,Grass-roots value-added structure,90.89,157,2026-05-22
4919,170,6,Progressive didactic ability,189.37,51,2025-05-29
4920,283,10,Face-to-face leadingedge benchmark,489.63,266,2024-05-15
4921,530,13,Down-sized full-range toolset,581.45,339,2026-03-14
4922,488,5,Team-oriented next generation system engine,398.77,222,2024-12-18
4923,389,13,User-friendly executive solution,290.71,459,2023-03-17
4924,493,1,Multi-channeled user-facing frame,328.66,155,2026-06-08
4925,270,11,Up-sized disintermediate archive,715.43,107,2024-09-18
4926,228,13,Vision-oriented tangible data-warehouse,391.55,241,2025-10-05
4927,105,6,Pre-emptive zero administration focus group,774.53,409,2026-02-28
4928,179,3,Enterprise-wide analyzing capacity,654.69,424,2026-04-07
4929,273,13,Synchronized zero administration project,553.17,459,2023-04-21
4930,499,7,Vision-oriented needs-based capacity,852.21,355,2024-05-08
4931,306,14,Profound attitude-oriented product,105.73,107,2025-01-07
4932,475,8,Up-sized 5thgeneration migration,116.86,26,2023-04-08
4933,113,2,Synergized neutral productivity,855.01,329,2024-05-31
4934,474,8,Versatile zero tolerance function,773.62,392,2024-08-12
4935,270,4,Front-line national encryption,598.57,419,2024-06-21
4936,550,8,Enhanced transitional software,124.47,180,2025-01-18
4937,480,9,Self-enabling background throughput,306.4,130,2023-08-01
4938,229,6,Triple-buffered content-based circuit,246.97,494,2025-09-26
4939,317,2,Configurable dynamic projection,357.18,168,2025-02-05
4940,479,4,Cross-group object-oriented architecture,559.51,160,2023-11-07
4941,244,14,Ameliorated scalable task-force,134.38,187,2025-02-02
4942,358,9,Persistent high-level contingency,20.79,396,2026-04-07
4943,353,8,Team-oriented mission-critical open architecture,673.41,154,2025-09-26
4944,371,15,Secured web-enabled infrastructure,453.91,334,2025-04-17
4945,413,1,Digitized multi-tasking moratorium,144.06,459,2025-12-23
4946,269,11,Horizontal mission-critical middleware,578.04,397,2024-02-01
4947,421,3,Synergized bottom-line standardization,218.3,379,2024-09-10
4948,455,1,Mandatory multi-tasking parallelism,274.01,238,2023-07-28
4949,258,7,Open-architected next generation hardware,727.13,499,2025-06-29
4950,99,5,Robust eco-centric collaboration,657.92,252,2026-04-23
4951,501,12,Cross-group mobile standardization,729.36,420,2024-05-17
4952,298,2,Self-enabling cohesive instruction set,502.58,365,2024-10-16
4953,586,6,Triple-buffered responsive alliance,895.24,265,2024-03-19
4954,512,5,Profound cohesive attitude,338.7,392,2025-04-04
4955,38,2,Expanded responsive functionalities,418.01,97,2026-05-31
4956,398,2,Robust attitude-oriented concept,22.26,235,2024-12-13
4957,32,11,Re-contextualized upward-trending synergy,762.5,388,2023-08-03
4958,449,12,Diverse system-worthy throughput,36.55,196,2025-07-31
4959,587,13,Focused bottom-line access,583.34,294,2023-03-10
4960,501,9,Persevering motivating forecast,392.06,305,2023-12-31
4961,542,6,Open-source intermediate standardization,285.86,50,2025-03-25
4962,160,2,Robust scalable Graphical User Interface,675.58,186,2026-03-30
4963,243,11,Multi-tiered tertiary benchmark,496.95,405,2026-04-13
4964,435,8,Organic transitional array,364.6,127,2024-12-23
4965,203,13,Public-key cohesive data-warehouse,388.44,122,2025-01-23
4966,365,12,Down-sized modular database,476.82,208,2023-04-04
4967,501,1,Reactive next generation capacity,411.73,68,2025-12-29
4968,552,4,Streamlined methodical strategy,246.72,43,2024-03-13
4969,237,13,Re-contextualized methodical support,314.13,54,2024-02-02
4970,8,2,Grass-roots attitude-oriented encryption,248.52,24,2026-05-21
4971,480,15,Re-contextualized solution-oriented protocol,772.25,84,2025-10-05
4972,318,10,Organic discrete archive,207.9,207,2024-04-05
4973,322,8,Self-enabling modular methodology,642.47,372,2026-03-08
4974,424,8,Adaptive homogeneous intranet,692.91,452,2023-05-09
4975,275,9,Inverse interactive benchmark,867.11,100,2023-01-23
4976,53,15,Integrated object-oriented service-desk,413.36,369,2024-04-12
4977,373,13,Automated executive service-desk,567.85,431,2025-01-17
4978,575,14,Profound foreground moratorium,142.25,422,2023-02-21
4979,526,3,Implemented high-level protocol,877.0,175,2024-01-07
4980,426,4,Devolved bifurcated architecture,807.74,241,2026-04-25
4981,271,12,Diverse regional function,701.66,34,2023-10-17
4982,519,14,Grass-roots demand-driven hardware,688.4,199,2025-05-28
4983,598,2,Future-proofed 4thgeneration approach,84.16,64,2023-09-21
4984,201,13,Optional cohesive strategy,723.02,38,2024-06-24
4985,171,6,Cross-group scalable solution,780.72,412,2025-02-12
4986,85,15,Proactive even-keeled task-force,101.83,250,2026-01-24
4987,582,13,Public-key multi-tasking array,880.7,431,2024-11-13
4988,314,7,Right-sized 3rdgeneration workforce,879.18,388,2024-10-14
4989,463,5,Seamless human-resource algorithm,568.1,139,2025-02-12
4990,382,12,Pre-emptive hybrid throughput,197.21,191,2024-10-11
4991,287,5,User-centric analyzing superstructure,832.45,56,2025-12-02
4992,100,13,Implemented solution-oriented help-desk,696.35,272,2024-12-02
4993,88,4,Operative heuristic approach,346.92,230,2024-01-20
4994,524,1,Customizable human-resource encryption,619.99,73,2023-04-29
4995,212,9,Reactive user-facing secured line,743.84,329,2026-01-10
4996,103,12,Up-sized grid-enabled support,535.83,227,2025-05-28
4997,526,5,Phased dynamic architecture,703.38,274,2024-07-26
4998,509,2,Seamless responsive installation,237.84,343,2023-10-03
4999,170,1,Virtual zero tolerance monitoring,851.77,133,2025-12-05
5000,250,4,Virtual explicit knowledgebase,222.42,136,2023-05-03
5001,100,2,Team-oriented 3rdgeneration neural-net,170.19,86,2026-01-14
5002,213,15,Customer-focused encompassing software,353.29,100,2023-01-04
5003,521,8,Multi-channeled 5thgeneration middleware,791.2,202,2024-08-19
5004,480,15,Devolved static data-warehouse,437.19,374,2026-03-19
5005,11,7,Organized transitional moratorium,596.94,247,2025-06-10
5006,112,9,Front-line motivating hierarchy,217.32,238,2025-02-11
5007,148,12,Visionary composite toolset,545.3,1,2025-09-16
5008,432,11,Multi-tiered demand-driven solution,437.08,429,2023-05-15
5009,427,3,Multi-lateral tangible customer loyalty,862.81,255,2023-10-29
5010,43,5,Diverse grid-enabled Internet solution,493.3,432,2025-11-23
5011,405,9,Mandatory needs-based time-frame,49.14,153,2023-07-30
5012,514,7,Re-contextualized object-oriented data-warehouse,733.45,113,2023-04-02
5013,232,15,Vision-oriented systematic capability,745.25,82,2025-03-03
5014,305,11,Organic demand-driven workforce,299.0,205,2024-06-09
5015,440,8,Automated optimizing ability,272.16,301,2026-06-09
5016,86,7,Compatible tertiary process improvement,38.11,367,2024-04-17
5017,21,7,User-friendly asynchronous definition,707.23,128,2026-03-11
5018,34,10,Innovative intermediate moratorium,648.78,384,2025-09-23
5019,16,4,Synergistic 24/7 application,272.03,172,2023-08-23
5020,462,11,Synergized discrete installation,52.5,282,2023-05-22
5021,383,9,Secured background hierarchy,518.6,96,2025-03-24
5022,558,3,Mandatory even-keeled circuit,523.71,237,2023-01-23
5023,474,5,Vision-oriented interactive approach,161.75,491,2024-11-11
5024,253,2,Diverse intermediate matrix,540.52,326,2025-03-26
5025,142,13,Object-based responsive service-desk,787.78,487,2023-12-18
5026,412,13,Cloned global array,8.08,89,2023-08-20
5027,434,10,Realigned stable architecture,662.79,387,2023-02-21
5028,564,12,Reduced dynamic encryption,461.48,187,2024-07-19
5029,527,1,Cross-group static application,131.69,431,2026-05-20
5030,238,4,Future-proofed discrete website,696.56,188,2026-01-21
5031,237,13,Function-based logistical focus group,455.61,152,2024-01-29
5032,85,1,Networked fresh-thinking process improvement,370.38,229,2024-05-05
5033,335,14,Cross-group didactic array,80.58,159,2024-11-23
5034,260,7,Operative content-based migration,518.64,395,2024-12-07
5035,126,1,Cross-group context-sensitive neural-net,789.08,376,2023-06-16
5036,312,1,Switchable needs-based installation,817.06,391,2023-07-01
5037,155,15,Compatible zero-defect focus group,491.05,96,2023-06-27
5038,586,6,Reverse-engineered national ability,334.03,487,2026-04-08
5039,494,10,Reduced coherent framework,522.47,477,2024-03-27
5040,348,13,Reactive radical model,683.73,308,2025-07-18
5041,103,8,Mandatory empowering help-desk,836.4,41,2025-09-22
5042,28,4,Proactive fault-tolerant throughput,34.22,210,2025-10-21
5043,463,15,Re-engineered optimizing open architecture,55.99,293,2024-09-13
5044,76,3,Secured encompassing knowledgebase,232.01,477,2025-02-21
5045,5,6,User-friendly disintermediate neural-net,88.42,200,2024-06-02
5046,554,13,Profit-focused analyzing protocol,212.5,324,2026-02-11
5047,329,4,Visionary contextually-based help-desk,218.96,197,2026-02-18
5048,266,2,Innovative empowering flexibility,681.66,232,2025-04-06
5049,469,8,Ameliorated needs-based instruction set,779.76,223,2023-05-05
5050,10,7,Secured radical array,255.42,158,2024-10-26
5051,466,11,Robust mission-critical toolset,573.34,431,2024-04-22
5052,82,11,Organic transitional hardware,687.48,389,2024-04-29
5053,46,4,Multi-lateral static functionalities,207.08,135,2026-04-03
5054,431,12,Multi-tiered web-enabled matrices,746.69,371,2025-07-13
5055,342,15,Virtual methodical portal,680.65,255,2024-06-24
5056,349,2,Function-based client-driven algorithm,702.63,154,2026-01-16
5057,288,15,Future-proofed non-volatile algorithm,482.32,22,2026-04-16
5058,311,12,Reduced 24/7 process improvement,786.55,224,2024-03-20
5059,120,9,Multi-layered object-oriented frame,87.98,176,2025-03-03
5060,21,14,Stand-alone explicit extranet,310.1,148,2023-11-29
5061,496,1,Integrated zero tolerance approach,412.23,399,2026-04-10
5062,369,14,Multi-lateral intermediate hub,523.84,455,2024-09-04
5063,489,7,Multi-lateral systemic hardware,749.59,53,2023-08-09
5064,53,8,Visionary asymmetric pricing structure,858.25,294,2025-08-26
5065,402,5,Proactive bifurcated matrix,793.59,185,2024-08-16
5066,360,7,Cross-platform national task-force,310.56,76,2025-11-14
5067,579,13,Devolved discrete support,413.04,85,2025-03-04
5068,591,4,Decentralized content-based secured line,269.95,172,2024-07-03
5069,26,13,Ameliorated 6thgeneration matrix,186.87,5,2026-05-31
5070,520,5,Public-key bottom-line support,861.18,194,2025-12-18
5071,358,12,Multi-lateral tangible challenge,378.08,431,2025-06-07
5072,389,12,Pre-emptive leadingedge protocol,533.16,305,2024-01-08
5073,418,2,Quality-focused mobile time-frame,200.53,67,2025-04-19
5074,562,8,Business-focused composite capacity,35.21,392,2025-06-25
5075,452,15,Multi-tiered secondary success,413.3,305,2025-02-06
5076,480,1,User-centric multi-tasking projection,682.39,105,2026-03-12
5077,579,15,Multi-channeled even-keeled approach,743.74,73,2025-02-09
5078,229,8,De-engineered mobile leverage,424.24,94,2025-06-28
5079,72,11,De-engineered discrete flexibility,707.86,28,2025-06-15
5080,245,6,Profound tangible pricing structure,115.26,283,2026-05-07
5081,430,3,Up-sized analyzing standardization,172.74,406,2023-03-08
5082,417,9,Digitized homogeneous secured line,870.31,334,2023-12-10
5083,295,4,Distributed bi-directional open architecture,151.74,98,2024-05-10
5084,54,13,Compatible radical time-frame,133.06,315,2026-04-22
5085,236,5,Realigned optimizing complexity,255.52,11,2025-04-01
5086,29,14,Innovative 4thgeneration projection,764.1,485,2025-02-12
5087,580,5,Phased modular moratorium,638.4,348,2023-01-05
5088,409,10,Optimized fresh-thinking service-desk,312.68,66,2024-01-26
5089,350,8,Extended neutral toolset,486.22,200,2024-10-23
5090,144,10,Networked secondary encoding,278.43,69,2025-11-01
5091,352,4,Operative fault-tolerant functionalities,436.73,427,2023-04-10
5092,34,13,Public-key static workforce,347.36,481,2024-06-26
5093,260,9,Secured foreground flexibility,797.76,284,2024-11-19
5094,295,9,Secured zero tolerance superstructure,433.58,484,2024-11-28
5095,252,2,User-friendly interactive leverage,109.21,296,2025-12-01
5096,11,5,Customizable impactful adapter,154.2,179,2024-09-28
5097,147,9,Progressive regional adapter,722.92,165,2024-05-22
5098,455,7,Open-architected even-keeled leverage,685.31,154,2023-09-28
5099,374,6,Versatile coherent framework,721.63,245,2026-02-15
5100,435,9,Switchable client-server capacity,479.37,491,2025-07-03
5101,558,7,Team-oriented tertiary artificial intelligence,29.52,92,2023-03-28
5102,235,12,Versatile directional task-force,533.12,66,2023-12-12
5103,126,4,Decentralized tangible functionalities,799.49,469,2025-09-11
5104,36,15,Managed 4thgeneration solution,809.89,318,2024-10-29
5105,574,7,Re-contextualized actuating complexity,868.18,472,2024-03-03
5106,591,11,Ergonomic web-enabled ability,122.88,415,2025-08-24
5107,580,9,Organized zero administration support,700.17,81,2025-11-29
5108,509,4,Multi-channeled 24hour website,744.59,358,2023-06-06
5109,258,13,Fundamental system-worthy portal,145.96,158,2026-03-08
5110,371,13,Customizable incremental neural-net,370.77,295,2023-08-20
5111,486,15,Implemented client-server interface,601.54,200,2024-09-26
5112,308,2,Business-focused eco-centric ability,387.25,120,2024-02-03
5113,188,9,Public-key stable pricing structure,503.24,3,2025-08-22
5114,5,1,Upgradable reciprocal product,295.13,359,2023-03-26
5115,184,9,Persistent heuristic encoding,441.45,173,2023-06-12
5116,154,1,Front-line incremental hardware,136.68,81,2023-01-08
5117,85,12,Re-contextualized next generation pricing structure,799.26,184,2024-09-01
5118,376,5,Upgradable impactful framework,64.8,141,2025-12-21
5119,511,10,Team-oriented dynamic complexity,128.04,442,2023-05-20
5120,57,14,Down-sized zero administration framework,799.79,207,2025-04-30
5121,135,14,Re-contextualized actuating architecture,422.48,332,2023-02-06
5122,101,6,Persevering optimal database,158.14,348,2026-03-15
5123,459,5,Multi-tiered directional Graphical User Interface,251.81,422,2023-04-15
5124,236,14,Visionary zero administration framework,650.56,28,2025-09-12
5125,548,15,Persistent 6thgeneration frame,691.46,149,2026-01-16
5126,194,4,Centralized multi-state application,16.98,495,2025-02-01
5127,520,8,Open-source disintermediate parallelism,131.86,121,2026-02-11
5128,222,7,Devolved stable migration,483.73,329,2023-01-22
5129,437,1,Down-sized disintermediate monitoring,717.07,442,2024-06-15
5130,344,8,Enterprise-wide impactful Internet solution,880.14,78,2024-04-14
5131,138,7,Visionary even-keeled initiative,439.45,137,2025-12-24
5132,351,9,Diverse attitude-oriented workforce,634.8,317,2025-07-31
5133,8,2,Enterprise-wide regional toolset,331.65,369,2023-08-07
5134,580,7,Reduced responsive open system,449.22,433,2025-09-16
5135,136,1,Integrated empowering Graphic Interface,557.59,179,2023-05-31
5136,586,3,Business-focused methodical synergy,46.36,434,2026-02-25
5137,159,9,Realigned empowering protocol,652.81,180,2023-09-16
5138,244,4,Versatile radical website,635.99,496,2026-03-03
5139,461,14,Adaptive client-driven support,8.35,137,2026-03-24
5140,203,13,Secured impactful hierarchy,431.56,174,2025-11-01
5141,166,10,Robust attitude-oriented matrices,818.98,175,2026-01-01
5142,381,15,Operative attitude-oriented task-force,293.82,63,2023-06-08
5143,440,14,De-engineered bandwidth-monitored framework,193.85,309,2025-06-27
5144,86,5,Extended analyzing ability,543.37,498,2023-02-09
5145,478,6,Diverse motivating support,748.28,235,2024-09-11
5146,114,13,Extended upward-trending analyzer,867.03,468,2024-01-11
5147,307,9,Networked responsive info-mediaries,730.57,423,2024-05-02
5148,597,7,Sharable multi-state installation,146.8,66,2024-12-09
5149,82,9,Team-oriented composite solution,833.47,121,2023-05-24
5150,183,5,Front-line motivating benchmark,589.55,487,2025-08-20
5151,461,4,De-engineered local Local Area Network,684.94,330,2025-06-08
5152,473,8,Monitored national function,158.8,384,2024-06-12
5153,305,4,Extended 4thgeneration product,573.63,101,2024-12-02
5154,312,10,Programmable multi-state conglomeration,807.57,265,2025-10-11
5155,169,10,Future-proofed bifurcated focus group,877.16,192,2025-01-11
5156,488,2,Versatile bi-directional emulation,307.1,207,2024-09-21
5157,229,15,Optimized real-time orchestration,469.07,346,2023-03-30
5158,161,10,Profit-focused local parallelism,824.62,24,2024-04-08
5159,277,15,Assimilated stable extranet,482.87,9,2024-08-30
5160,129,5,Multi-lateral transitional function,426.45,442,2025-05-07
5161,52,11,Optimized explicit core,32.35,25,2026-03-08
5162,294,1,Proactive value-added encryption,543.25,214,2024-12-26
5163,495,4,Progressive tangible solution,432.69,65,2024-08-12
5164,172,7,Team-oriented background initiative,346.83,398,2023-10-11
5165,129,6,Pre-emptive executive methodology,239.21,78,2023-03-09
5166,227,7,Self-enabling fault-tolerant complexity,704.78,118,2023-04-19
5167,87,12,Proactive homogeneous moratorium,861.92,472,2023-05-01
5168,103,11,Multi-layered transitional groupware,302.21,238,2024-05-10
5169,112,12,Configurable exuding utilization,106.71,235,2024-01-13
5170,187,7,Multi-tiered transitional attitude,283.1,33,2024-06-13
5171,504,14,Distributed static support,298.78,292,2023-01-27
5172,12,11,Implemented explicit workforce,63.86,136,2023-09-15
5173,229,4,Object-based heuristic middleware,881.1,312,2025-12-16
5174,280,8,Adaptive motivating website,722.0,83,2023-11-20
5175,590,9,Optional neutral collaboration,575.44,427,2024-10-23
5176,428,11,Customizable hybrid product,376.81,355,2025-09-12
5177,489,13,Universal bifurcated core,841.13,180,2024-05-25
5178,21,13,Managed cohesive utilization,156.08,220,2023-12-01
5179,309,8,Synergistic human-resource function,657.08,120,2025-04-04
5180,333,1,Distributed heuristic pricing structure,43.21,103,2023-10-21
5181,577,1,Customer-focused full-range strategy,519.3,360,2023-04-24
5182,443,5,Switchable explicit customer loyalty,758.96,208,2023-05-19
5183,320,5,Exclusive optimal leverage,135.35,257,2025-09-28
5184,256,14,Fundamental national support,665.09,166,2024-10-13
5185,267,11,Total 4thgeneration monitoring,844.8,365,2024-08-04
5186,181,11,Triple-buffered tertiary superstructure,227.47,205,2026-06-22
5187,505,10,Proactive leadingedge ability,133.52,361,2023-05-06
5188,444,8,Team-oriented 5thgeneration initiative,855.57,415,2024-07-02
5189,585,4,Seamless asynchronous secured line,561.66,156,2024-04-18
5190,589,7,Profit-focused encompassing throughput,530.79,141,2024-10-16
5191,218,12,Face-to-face explicit Graphical User Interface,701.19,302,2024-01-11
5192,356,3,Cross-group mobile orchestration,464.47,285,2024-03-31
5193,343,8,Synchronized web-enabled conglomeration,182.31,423,2025-11-12
5194,101,15,Re-contextualized incremental monitoring,203.07,10,2025-09-12
5195,239,5,Pre-emptive leadingedge structure,309.64,322,2024-03-02
5196,52,3,Devolved non-volatile architecture,887.25,216,2024-09-27
5197,104,14,Reactive upward-trending moderator,164.94,150,2025-09-01
5198,260,1,Implemented empowering core,572.01,275,2025-02-05
5199,196,12,Organic human-resource implementation,737.93,80,2023-04-23
5200,248,4,Versatile coherent Local Area Network,315.41,165,2023-05-29
5201,410,1,Persistent client-server migration,117.32,420,2023-09-28
5202,335,2,Networked explicit success,737.86,249,2023-07-03
5203,375,6,Ameliorated scalable time-frame,295.21,439,2025-10-18
5204,56,13,Reduced didactic circuit,531.03,494,2024-06-30
5205,54,5,Diverse disintermediate function,140.93,458,2024-09-04
5206,350,7,Secured web-enabled circuit,278.46,40,2026-04-30
5207,161,6,Optimized motivating benchmark,732.64,438,2023-06-29
5208,135,6,Extended client-server complexity,213.14,410,2023-03-14
5209,498,13,Function-based background benchmark,467.59,300,2023-07-06
5210,256,14,Realigned systemic protocol,879.63,498,2024-12-08
5211,22,6,Profound systemic definition,645.36,114,2024-09-27
5212,261,15,Digitized explicit Graphical User Interface,687.06,35,2026-06-16
5213,482,2,Digitized scalable info-mediaries,303.19,254,2024-10-05
5214,367,8,Mandatory homogeneous workforce,854.7,457,2025-03-14
5215,443,13,Diverse multi-tasking function,211.39,490,2025-11-20
5216,135,5,Automated multi-tasking open architecture,371.56,8,2025-05-31
5217,124,12,Persevering interactive secured line,372.4,432,2023-06-02
5218,550,11,Horizontal mobile framework,331.38,485,2025-06-04
5219,244,6,Robust explicit interface,122.61,447,2023-01-02
5220,470,7,Mandatory radical toolset,845.89,160,2023-03-27
5221,297,3,Multi-channeled object-oriented synergy,53.98,310,2026-02-25
5222,395,9,Expanded analyzing application,728.75,341,2025-05-10
5223,457,8,Optional real-time moderator,790.14,156,2024-01-24
5224,221,12,Upgradable global open architecture,868.09,12,2025-10-31
5225,44,12,User-centric next generation success,690.08,19,2023-08-12
5226,46,2,Organic bottom-line data-warehouse,825.22,391,2025-05-05
5227,99,14,Programmable bifurcated benchmark,49.79,110,2026-05-13
5228,153,8,Cross-platform multi-tasking frame,748.79,268,2025-10-22
5229,571,2,Grass-roots radical solution,486.45,106,2023-03-20
5230,288,13,Self-enabling composite customer loyalty,876.55,200,2023-08-23
5231,396,4,Focused interactive Graphic Interface,501.59,58,2025-04-14
5232,521,8,Intuitive upward-trending alliance,638.4,375,2024-12-22
5233,91,9,Profound bifurcated hub,736.47,180,2025-05-11
5234,47,6,Fully-configurable eco-centric capability,566.79,338,2026-04-25
5235,391,6,Expanded 5thgeneration success,893.96,388,2026-02-14
5236,550,13,Customer-focused hybrid intranet,148.47,245,2023-12-27
5237,537,1,Down-sized full-range analyzer,15.76,486,2023-11-16
5238,500,3,Persistent directional productivity,742.58,370,2026-02-08
5239,115,11,Re-engineered dedicated archive,603.53,442,2024-08-17
5240,459,3,Triple-buffered multi-state utilization,570.87,234,2024-03-07
5241,361,7,Ergonomic intermediate Graphic Interface,258.02,238,2025-11-22
5242,229,12,Cross-platform value-added hardware,653.35,399,2023-02-28
5243,547,4,Upgradable interactive circuit,49.49,204,2026-05-21
5244,455,15,Expanded multi-tasking methodology,470.77,306,2026-04-11
5245,584,6,Business-focused system-worthy matrices,97.39,130,2024-12-10
5246,291,10,Synchronized zero tolerance ability,496.01,210,2025-08-03
5247,82,5,Extended demand-driven Internet solution,351.83,134,2026-03-01
5248,37,7,Re-contextualized cohesive complexity,344.12,263,2025-05-05
5249,461,6,Synergistic zero administration flexibility,66.19,287,2024-11-22
5250,504,15,Team-oriented object-oriented synergy,95.36,217,2024-09-15
5251,363,7,Integrated local solution,45.65,342,2026-05-29
5252,375,14,Distributed needs-based system engine,364.93,155,2024-05-24
5253,92,9,Synchronized homogeneous hierarchy,48.68,320,2025-06-17
5254,215,10,Versatile 24hour budgetary management,839.13,8,2023-03-08
5255,138,6,Streamlined multi-state moratorium,478.67,492,2024-12-09
5256,439,6,Mandatory 6thgeneration hub,683.78,109,2024-05-06
5257,481,12,Fully-configurable holistic flexibility,431.74,406,2024-05-10
5258,19,11,Multi-lateral composite hierarchy,184.05,193,2025-10-11
5259,571,8,Multi-lateral demand-driven initiative,101.89,400,2023-11-26
5260,426,2,Enhanced user-facing strategy,337.19,280,2025-09-11
5261,158,1,Down-sized next generation algorithm,767.63,73,2024-06-21
5262,59,3,Reverse-engineered didactic knowledgebase,858.76,489,2024-08-17
5263,346,6,Multi-lateral attitude-oriented firmware,26.27,29,2024-12-01
5264,303,10,Cross-platform 24/7 functionalities,893.32,259,2023-03-16
5265,578,10,Up-sized multi-tasking productivity,826.96,431,2024-03-03
5266,582,14,Sharable stable matrix,448.89,323,2025-07-27
5267,243,9,Diverse high-level flexibility,461.44,69,2024-09-26
5268,387,2,Enhanced optimal analyzer,355.59,6,2024-02-19
5269,289,4,Visionary maximized flexibility,475.9,395,2023-05-02
5270,29,1,Front-line directional support,524.33,149,2024-04-02
5271,321,3,Upgradable multi-state superstructure,555.49,316,2024-04-07
5272,19,8,Self-enabling radical capacity,624.01,365,2024-07-23
5273,109,8,Object-based foreground project,892.46,289,2025-04-25
5274,322,5,Multi-tiered context-sensitive core,374.9,198,2023-11-09
5275,525,10,Decentralized optimal customer loyalty,449.39,99,2025-01-05
5276,103,9,Reduced reciprocal collaboration,547.03,193,2023-11-18
5277,149,6,User-friendly 24hour architecture,143.9,398,2024-11-01
5278,414,1,Managed upward-trending success,8.73,65,2024-05-26
5279,39,3,Business-focused scalable standardization,205.88,488,2024-08-10
5280,40,6,Fundamental attitude-oriented challenge,347.1,239,2025-07-13
5281,105,3,Team-oriented background Graphical User Interface,326.68,337,2025-01-25
5282,532,10,Ameliorated incremental utilization,664.23,422,2024-06-21
5283,105,15,Quality-focused executive synergy,467.33,322,2023-12-06
5284,520,15,Re-engineered next generation complexity,817.84,172,2023-05-23
5285,423,7,Team-oriented transitional utilization,391.05,363,2026-01-15
5286,118,14,Stand-alone static attitude,165.82,296,2023-09-18
5287,500,9,Integrated optimal synergy,500.22,394,2024-07-18
5288,498,11,Multi-layered bottom-line contingency,554.71,298,2026-02-14
5289,391,13,Reverse-engineered empowering utilization,178.35,42,2024-10-30
5290,144,8,Universal upward-trending productivity,354.85,165,2026-02-03
5291,289,5,Enhanced coherent installation,276.11,7,2023-10-24
5292,164,13,Operative zero-defect orchestration,879.48,355,2026-02-11
5293,153,5,Synergized solution-oriented budgetary management,485.33,428,2025-03-15
5294,196,12,Reduced motivating initiative,68.08,444,2025-08-03
5295,241,8,Down-sized incremental extranet,73.73,187,2023-03-27
5296,232,2,Advanced full-range projection,754.64,446,2023-08-14
5297,546,1,Synergistic real-time challenge,627.42,194,2025-02-18
5298,125,15,Profound composite installation,240.89,62,2026-05-22
5299,255,11,Managed foreground synergy,518.5,3,2025-02-23
5300,88,1,Balanced stable open system,241.0,476,2023-07-09
5301,514,10,Front-line even-keeled model,750.8,63,2023-07-28
5302,595,13,Progressive client-server matrices,720.63,64,2024-10-07
5303,388,11,Customizable motivating function,610.49,73,2024-09-14
5304,498,7,Open-architected responsive methodology,506.37,342,2024-03-08
5305,297,2,Centralized modular protocol,872.09,112,2024-06-20
5306,81,5,Digitized local collaboration,88.44,386,2023-05-23
5307,529,2,Robust zero-defect success,104.21,439,2026-02-25
5308,107,5,Pre-emptive fault-tolerant projection,13.68,175,2023-06-25
5309,238,3,Implemented analyzing archive,286.79,59,2025-06-30
5310,3,5,Enhanced static architecture,284.07,19,2025-10-25
5311,370,7,Optional asymmetric access,6.21,381,2024-07-16
5312,49,13,Object-based 3rdgeneration service-desk,899.38,197,2025-07-17
5313,103,5,Optional global Graphical User Interface,596.21,257,2025-07-28
5314,540,4,Public-key optimizing software,66.93,101,2023-08-03
5315,269,13,Progressive multimedia superstructure,727.47,390,2025-03-09
5316,279,6,Universal even-keeled ability,429.04,484,2023-11-09
5317,469,6,User-friendly web-enabled info-mediaries,596.94,241,2026-05-13
5318,276,13,Re-engineered solution-oriented utilization,53.9,371,2024-07-02
5319,28,4,Grass-roots coherent success,197.23,479,2025-07-10
5320,272,5,Down-sized asynchronous monitoring,558.31,297,2026-06-10
5321,538,8,Configurable directional extranet,8.31,482,2024-04-15
5322,253,10,Cloned 24/7 Graphic Interface,100.35,117,2025-03-16
5323,296,2,Right-sized mobile algorithm,171.3,322,2025-04-08
5324,308,2,Progressive multi-tasking archive,8.84,197,2023-02-04
5325,230,3,Down-sized didactic productivity,386.82,414,2025-07-12
5326,360,4,Vision-oriented incremental contingency,846.56,359,2026-02-13
5327,47,6,Vision-oriented static frame,442.56,485,2025-03-23
5328,248,2,Multi-lateral clear-thinking knowledge user,618.46,18,2023-06-16
5329,28,9,User-friendly well-modulated Internet solution,544.28,329,2024-11-11
5330,303,7,Cloned 3rdgeneration infrastructure,709.18,84,2024-10-21
5331,232,7,Streamlined full-range algorithm,38.51,476,2024-08-14
5332,22,1,Synergistic multi-state methodology,256.39,148,2025-12-03
5333,410,8,Devolved multi-state approach,541.5,448,2026-02-23
5334,388,13,Adaptive next generation moderator,573.83,298,2025-11-28
5335,279,9,Total demand-driven parallelism,230.82,35,2025-08-15
5336,13,15,User-centric regional core,586.41,207,2023-08-07
5337,26,1,Implemented tertiary protocol,829.6,233,2025-08-17
5338,5,13,Implemented system-worthy matrices,69.27,248,2024-03-30
5339,493,6,Up-sized contextually-based policy,518.83,158,2026-05-04
5340,203,13,Team-oriented object-oriented process improvement,185.77,478,2023-03-17
5341,455,9,Distributed dedicated customer loyalty,97.41,476,2023-06-01
5342,453,2,Vision-oriented full-range customer loyalty,518.48,388,2025-05-16
5343,54,1,Networked empowering encoding,253.83,12,2023-12-15
5344,96,5,Programmable incremental array,261.51,44,2024-12-31
5345,343,14,Automated tertiary encoding,534.76,229,2024-07-26
5346,233,4,Diverse contextually-based Graphic Interface,213.79,338,2025-11-28
5347,311,11,Open-source web-enabled frame,510.35,208,2024-12-02
5348,384,3,Programmable tertiary database,209.78,55,2025-09-10
5349,28,14,Open-architected multi-tasking focus group,193.94,119,2025-01-07
5350,250,15,Extended mission-critical archive,6.12,479,2023-04-24
5351,319,10,Team-oriented interactive forecast,626.77,299,2026-04-10
5352,185,7,Automated hybrid projection,565.71,178,2024-03-15
5353,396,12,Compatible clear-thinking orchestration,104.93,378,2026-06-10
5354,490,11,Function-based zero-defect hardware,749.16,120,2023-08-01
5355,466,4,Customizable 24hour help-desk,865.56,444,2024-09-13
5356,438,12,Mandatory bandwidth-monitored Local Area Network,822.16,139,2025-11-03
5357,508,12,Upgradable mission-critical website,651.87,475,2024-02-06
5358,574,14,Stand-alone zero administration groupware,317.34,269,2025-02-09
5359,338,11,Pre-emptive full-range circuit,223.01,318,2023-11-11
5360,491,11,User-friendly heuristic budgetary management,731.79,283,2025-07-17
5361,95,5,Managed intermediate hub,632.65,473,2024-05-09
5362,281,10,Self-enabling interactive architecture,184.67,63,2025-09-13
5363,400,8,Progressive coherent collaboration,843.81,220,2023-01-13
5364,375,6,Down-sized systematic moratorium,505.49,51,2025-09-05
5365,235,14,Cross-platform 24/7 matrix,290.88,311,2023-09-14
5366,122,15,Face-to-face content-based interface,646.79,198,2023-10-07
5367,348,1,Proactive content-based success,356.91,415,2026-04-18
5368,571,10,Focused content-based policy,173.23,448,2025-01-29
5369,270,7,Compatible client-driven conglomeration,275.51,106,2026-04-28
5370,548,12,User-friendly context-sensitive framework,538.38,7,2023-07-28
5371,304,11,Multi-tiered well-modulated complexity,879.57,330,2024-11-02
5372,370,8,Phased bottom-line system engine,9.38,447,2024-04-17
5373,244,5,Quality-focused bottom-line benchmark,596.95,243,2023-07-22
5374,554,7,Adaptive analyzing utilization,360.78,382,2026-04-09
5375,155,6,Sharable methodical attitude,293.32,309,2023-04-23
5376,338,1,Team-oriented modular parallelism,560.91,88,2025-03-08
5377,55,1,Cross-group logistical algorithm,47.87,41,2023-08-16
5378,57,2,Polarized reciprocal hub,737.08,217,2023-06-01
5379,426,2,User-friendly scalable support,762.24,235,2024-01-30
5380,576,5,Total discrete strategy,710.05,495,2026-06-30
5381,527,2,Optimized next generation intranet,129.68,44,2024-04-18
5382,2,1,Virtual 3rdgeneration capacity,606.95,284,2025-11-14
5383,144,11,Up-sized multi-tasking success,688.57,271,2024-09-12
5384,385,14,Public-key optimizing matrix,517.79,26,2026-02-22
5385,415,8,Persistent mission-critical portal,119.42,345,2024-03-22
5386,76,1,Polarized scalable initiative,241.0,134,2025-12-19
5387,128,8,Phased high-level throughput,610.25,483,2025-08-12
5388,251,11,Business-focused transitional groupware,892.7,438,2025-01-13
5389,325,12,Optimized modular Graphic Interface,379.99,310,2023-10-11
5390,130,2,Total discrete productivity,696.02,271,2026-01-25
5391,140,15,Robust holistic capacity,130.03,210,2024-03-12
5392,84,9,Pre-emptive explicit Graphical User Interface,655.87,203,2024-08-11
5393,125,8,Adaptive content-based info-mediaries,349.03,326,2024-04-02
5394,30,3,Extended tertiary Graphical User Interface,174.67,134,2023-08-27
5395,447,10,Exclusive contextually-based frame,218.66,259,2024-01-23
5396,325,15,Exclusive next generation firmware,564.97,302,2023-05-16
5397,424,14,Intuitive logistical budgetary management,418.88,140,2023-01-31
5398,250,3,Cross-platform human-resource core,206.66,295,2023-05-19
5399,586,12,Phased solution-oriented approach,209.15,91,2024-12-04
5400,144,13,Stand-alone dynamic orchestration,810.22,76,2025-04-03
5401,466,15,Monitored eco-centric middleware,96.01,194,2026-05-18
5402,247,8,Exclusive context-sensitive productivity,526.93,309,2026-03-08
5403,329,14,Integrated object-oriented collaboration,774.76,479,2024-01-17
5404,321,3,Expanded interactive knowledge user,816.75,212,2024-06-10
5405,265,5,Re-engineered 24/7 monitoring,616.99,142,2024-05-23
5406,440,13,Diverse bandwidth-monitored archive,634.6,277,2025-06-09
5407,520,2,Enterprise-wide leadingedge collaboration,785.53,452,2023-08-26
5408,77,5,Reverse-engineered demand-driven orchestration,705.91,113,2024-03-28
5409,48,7,Function-based bottom-line framework,235.46,309,2025-11-30
5410,26,6,Multi-tiered well-modulated circuit,507.92,245,2023-06-24
5411,342,6,Organized incremental analyzer,633.71,304,2023-04-25
5412,398,12,Down-sized neutral ability,800.45,399,2025-09-13
5413,544,8,Synergized exuding customer loyalty,836.51,26,2023-12-18
5414,365,10,User-friendly 3rdgeneration infrastructure,92.67,77,2023-02-02
5415,273,7,User-centric impactful time-frame,858.57,239,2023-12-11
5416,120,7,Front-line multimedia architecture,164.82,370,2025-03-23
5417,405,12,Proactive logistical moratorium,25.12,74,2024-01-25
5418,332,9,Cloned methodical adapter,270.77,274,2023-01-14
5419,180,10,Expanded systemic array,290.92,336,2026-06-22
5420,582,8,Function-based high-level task-force,424.21,116,2025-07-21
5421,585,4,Compatible motivating productivity,543.46,183,2025-09-28
5422,593,6,Reduced background interface,688.45,34,2026-03-01
5423,150,5,Quality-focused intangible matrices,649.22,137,2023-06-24
5424,76,2,Synergized reciprocal implementation,434.13,110,2025-03-12
5425,467,1,Pre-emptive background support,200.47,270,2025-05-21
5426,152,6,Focused clear-thinking standardization,356.68,334,2025-08-06
5427,442,2,Multi-channeled impactful concept,97.54,186,2026-02-11
5428,299,12,Secured client-server solution,765.89,105,2024-03-01
5429,32,13,Progressive optimizing toolset,17.89,21,2025-01-10
5430,408,4,Devolved disintermediate protocol,33.7,485,2025-11-06
5431,150,10,Pre-emptive asymmetric projection,867.78,321,2024-06-01
5432,573,3,Balanced hybrid ability,462.58,114,2023-12-17
5433,114,1,Face-to-face real-time project,799.73,349,2025-12-04
5434,538,4,Team-oriented explicit policy,79.48,325,2025-06-22
5435,236,12,Diverse foreground neural-net,386.94,180,2024-08-18
5436,558,6,Extended object-oriented capability,138.65,1,2025-08-24
5437,137,1,Programmable 4thgeneration matrix,62.32,229,2023-02-16
5438,564,5,Focused client-driven application,128.26,240,2024-06-02
5439,72,7,Right-sized real-time open architecture,615.27,82,2025-09-30
5440,441,13,Assimilated secondary protocol,799.77,322,2025-03-21
5441,335,2,Persistent attitude-oriented extranet,145.51,374,2024-11-01
5442,362,6,Progressive national protocol,86.77,363,2023-02-09
5443,19,6,Integrated value-added software,797.07,16,2025-11-17
5444,118,10,Open-source interactive adapter,276.69,275,2024-06-08
5445,132,3,Optimized background workforce,389.19,88,2024-03-01
5446,49,1,Diverse encompassing strategy,192.76,5,2025-07-14
5447,138,3,Assimilated global initiative,220.35,19,2023-11-11
5448,542,4,Profit-focused maximized implementation,7.51,463,2024-01-25
5449,279,11,Assimilated reciprocal extranet,132.39,419,2024-07-16
5450,203,8,Phased fault-tolerant complexity,301.14,104,2026-03-22
5451,118,7,Expanded static ability,691.92,72,2026-02-21
5452,31,14,Multi-tiered grid-enabled extranet,547.49,446,2025-05-01
5453,406,4,Synergized static installation,115.94,430,2025-05-23
5454,395,14,Face-to-face value-added open system,504.54,372,2024-09-17
5455,10,4,Multi-tiered 24/7 software,189.67,0,2024-06-04
5456,383,5,Secured methodical orchestration,819.33,32,2023-02-08
5457,399,2,Mandatory coherent time-frame,395.12,135,2026-04-03
5458,476,1,Stand-alone high-level help-desk,32.4,279,2024-08-11
5459,298,13,Enterprise-wide asynchronous function,662.26,282,2023-02-26
5460,103,6,Down-sized value-added knowledgebase,657.33,48,2025-09-30
5461,417,5,Profound high-level capability,132.71,484,2025-04-25
5462,175,9,Distributed foreground portal,8.21,66,2024-08-28
5463,99,2,Adaptive 6thgeneration superstructure,325.99,162,2023-02-07
5464,418,10,Polarized bifurcated analyzer,517.96,361,2025-05-01
5465,102,12,Right-sized scalable methodology,648.35,99,2023-09-08
5466,338,14,Diverse multimedia extranet,150.36,169,2025-02-01
5467,164,12,Configurable modular emulation,223.86,83,2023-09-30
5468,566,15,Networked client-server middleware,47.94,257,2026-01-27
5469,198,8,Business-focused global data-warehouse,584.88,325,2024-09-14
5470,241,6,Synergized system-worthy workforce,829.49,378,2023-04-28
5471,314,8,User-friendly client-server framework,895.57,89,2024-11-27
5472,204,10,Ergonomic multimedia analyzer,330.89,395,2023-08-07
5473,90,2,Business-focused explicit initiative,823.59,397,2023-11-22
5474,333,6,Self-enabling 24/7 matrices,458.35,222,2024-01-07
5475,475,8,Monitored responsive methodology,635.18,282,2026-01-07
5476,182,7,Cross-platform optimizing infrastructure,41.13,42,2025-06-30
5477,283,9,Triple-buffered needs-based instruction set,530.86,496,2024-05-02
5478,21,5,Customizable local instruction set,818.08,183,2025-12-28
5479,520,1,Triple-buffered local alliance,637.49,303,2025-08-22
5480,121,14,Grass-roots discrete pricing structure,491.48,34,2024-09-25
5481,135,3,Self-enabling bandwidth-monitored data-warehouse,550.18,457,2024-03-26
5482,377,12,Devolved explicit utilization,298.98,354,2024-08-27
5483,374,10,Total transitional interface,791.95,23,2024-10-29
5484,362,10,Proactive zero tolerance initiative,369.04,164,2025-06-30
5485,508,10,Inverse motivating artificial intelligence,548.49,436,2023-06-30
5486,110,11,Persistent optimal orchestration,173.58,229,2026-04-28
5487,562,4,Horizontal motivating paradigm,21.39,156,2024-11-09
5488,479,7,Secured foreground firmware,874.54,226,2024-05-27
5489,333,13,Monitored responsive forecast,781.83,53,2023-06-29
5490,399,1,Programmable logistical strategy,496.79,456,2024-12-31
5491,544,10,Seamless zero administration collaboration,420.95,485,2023-03-21
5492,112,15,Up-sized full-range definition,317.01,475,2023-12-10
5493,186,2,Cross-group fault-tolerant archive,700.04,103,2025-02-15
5494,535,10,Synergized asymmetric challenge,700.27,31,2023-01-16
5495,527,4,Grass-roots local open architecture,248.69,221,2023-05-25
5496,134,11,Realigned local workforce,459.28,295,2025-11-23
5497,233,1,Future-proofed object-oriented hierarchy,619.73,471,2025-10-12
5498,288,7,Progressive human-resource intranet,812.73,379,2023-08-28
5499,253,12,Devolved responsive database,754.2,309,2025-09-08
5500,592,15,Polarized multi-tasking archive,774.96,304,2023-09-17
5501,478,2,Cross-platform executive architecture,571.88,475,2024-11-03
5502,404,15,Synergized web-enabled attitude,48.52,400,2024-03-27
5503,217,9,Cross-group grid-enabled capability,610.69,383,2026-01-12
5504,532,11,Profound even-keeled application,320.72,424,2023-10-26
5505,526,6,Multi-tiered demand-driven Graphic Interface,661.81,493,2026-02-22
5506,525,7,Vision-oriented tangible alliance,463.7,53,2026-01-23
5507,265,13,Self-enabling motivating leverage,215.18,294,2025-08-15
5508,406,12,Realigned upward-trending instruction set,222.22,364,2026-03-10
5509,9,11,Upgradable next generation intranet,8.64,121,2025-10-13
5510,292,10,Programmable uniform utilization,526.23,313,2024-08-31
5511,284,6,Optional multimedia process improvement,418.98,461,2024-06-01
5512,318,5,Monitored directional product,103.73,493,2023-03-30
5513,463,7,Monitored fresh-thinking Graphical User Interface,525.46,424,2023-12-15
5514,437,3,Pre-emptive 3rdgeneration projection,350.1,394,2024-12-04
5515,292,11,Intuitive radical task-force,212.86,393,2025-07-14
5516,364,10,Focused dedicated portal,102.66,200,2023-03-05
5517,266,4,Exclusive 24/7 parallelism,310.08,333,2025-11-21
5518,215,15,Ergonomic intangible knowledgebase,552.04,168,2026-03-08
5519,56,8,Operative 4thgeneration knowledge user,732.07,360,2026-03-18
5520,440,6,Quality-focused web-enabled encoding,458.11,160,2025-07-11
5521,520,13,Optional neutral system engine,204.55,344,2025-10-14
5522,338,7,Enhanced reciprocal workforce,601.05,408,2026-02-04
5523,74,7,Integrated 4thgeneration core,431.86,158,2024-03-22
5524,314,11,Open-architected systemic strategy,39.84,430,2024-03-07
5525,59,8,Reactive solution-oriented secured line,588.67,50,2025-08-12
5526,477,7,Sharable didactic framework,89.05,471,2024-01-31
5527,324,11,Open-architected static process improvement,27.85,320,2023-01-06
5528,504,9,Customer-focused incremental challenge,483.46,198,2026-04-10
5529,161,3,Organized directional service-desk,175.71,366,2025-10-23
5530,330,5,Automated neutral customer loyalty,17.21,462,2024-01-23
5531,419,10,Synergized background complexity,531.13,174,2023-09-24
5532,568,6,Stand-alone 3rdgeneration time-frame,615.49,22,2024-01-19
5533,230,2,Visionary regional initiative,689.65,492,2023-10-11
5534,403,6,Pre-emptive asymmetric firmware,180.02,234,2024-05-02
5535,322,12,Multi-channeled clear-thinking intranet,605.51,169,2023-09-01
5536,292,10,Focused clear-thinking secured line,408.18,134,2026-05-01
5537,55,4,Operative bi-directional pricing structure,129.98,65,2024-05-18
5538,275,8,Grass-roots attitude-oriented artificial intelligence,441.12,149,2025-05-18
5539,338,15,Team-oriented client-server encryption,34.86,124,2025-01-01
5540,322,6,Optional dedicated extranet,313.48,231,2023-03-27
5541,153,1,Profound tangible database,41.64,58,2025-08-21
5542,258,2,Horizontal fresh-thinking toolset,179.12,498,2024-09-25
5543,272,15,Distributed mission-critical application,840.34,184,2026-02-28
5544,281,13,User-friendly tertiary instruction set,425.74,200,2023-08-16
5545,164,2,Distributed value-added firmware,498.15,127,2026-05-07
5546,96,11,Synergized uniform encryption,136.98,346,2023-01-30
5547,429,6,Synergized dynamic initiative,31.54,376,2025-04-09
5548,106,15,Total grid-enabled encoding,142.66,445,2023-11-03
5549,555,11,Extended dynamic policy,216.98,363,2023-02-24
5550,374,7,Advanced systematic superstructure,269.95,214,2026-02-15
5551,362,4,Diverse radical time-frame,605.71,479,2024-06-09
5552,380,6,Open-architected holistic service-desk,294.83,481,2024-11-27
5553,595,6,Cross-group exuding Internet solution,50.68,496,2025-04-15
5554,218,12,Enterprise-wide bottom-line definition,302.87,3,2025-10-20
5555,511,8,Right-sized discrete info-mediaries,692.49,310,2024-09-30
5556,222,4,Diverse bifurcated workforce,583.31,249,2025-04-19
5557,197,10,Operative well-modulated open system,652.23,31,2024-06-22
5558,421,1,Monitored multi-state hub,31.15,91,2024-05-15
5559,410,10,Intuitive solution-oriented infrastructure,342.43,338,2023-10-19
5560,435,15,Focused non-volatile task-force,836.56,8,2024-01-12
5561,189,3,Advanced zero tolerance support,60.54,227,2025-02-06
5562,346,11,Face-to-face scalable database,25.9,53,2025-07-26
5563,39,7,Upgradable executive migration,580.76,468,2025-08-04
5564,25,15,Distributed incremental extranet,650.56,489,2024-11-28
5565,111,3,Managed context-sensitive focus group,39.6,106,2026-04-11
5566,214,5,Advanced 4thgeneration Graphical User Interface,281.85,16,2025-07-25
5567,447,10,Polarized didactic standardization,430.67,83,2023-08-23
5568,392,3,Multi-channeled mobile data-warehouse,656.65,282,2024-02-01
5569,244,13,Up-sized stable matrices,619.19,118,2026-04-19
5570,75,12,Re-contextualized fresh-thinking capacity,538.65,295,2025-02-12
5571,151,2,Persistent 4thgeneration Local Area Network,7.18,172,2024-04-04
5572,26,8,Secured global architecture,81.1,88,2025-05-05
5573,44,14,Inverse composite software,54.8,286,2023-09-15
5574,149,9,Persistent actuating software,213.68,237,2025-06-29
5575,287,3,Re-engineered multimedia concept,411.35,27,2024-10-08
5576,293,10,Self-enabling zero tolerance encoding,505.89,251,2026-01-13
5577,549,15,Progressive 24/7 knowledgebase,403.18,85,2026-01-26
5578,149,1,Polarized content-based hierarchy,363.2,77,2023-11-22
5579,531,14,Realigned encompassing success,625.85,380,2023-02-22
5580,82,3,Operative scalable leverage,382.13,295,2026-02-07
5581,55,15,Polarized system-worthy toolset,265.56,212,2025-05-08
5582,375,9,Multi-lateral maximized initiative,523.72,70,2024-07-08
5583,503,7,Automated web-enabled budgetary management,16.75,290,2025-05-03
5584,20,11,Programmable next generation installation,386.79,425,2024-06-27
5585,451,3,Synchronized modular open architecture,626.81,131,2024-12-02
5586,182,6,Enhanced systematic productivity,417.61,231,2026-01-31
5587,477,12,Open-source full-range archive,229.28,253,2026-01-26
5588,550,5,Multi-layered 24hour projection,17.6,1,2026-05-26
5589,280,7,Multi-channeled multimedia policy,289.67,239,2025-07-27
5590,55,7,Virtual dynamic hardware,82.33,463,2026-06-13
5591,527,9,Centralized optimal toolset,547.95,488,2023-11-10
5592,559,5,Sharable directional pricing structure,143.77,267,2023-05-06
5593,140,9,Persistent web-enabled time-frame,717.99,75,2025-04-01
5594,73,12,Customer-focused bi-directional toolset,581.28,193,2024-06-10
5595,123,8,Grass-roots local Local Area Network,29.02,174,2024-02-06
5596,505,2,Open-source scalable interface,582.69,482,2025-05-18
5597,35,6,Programmable explicit Graphical User Interface,351.53,367,2025-03-25
5598,556,9,Fundamental static productivity,14.45,103,2023-06-02
5599,412,7,Enhanced modular Local Area Network,278.51,241,2026-03-28
5600,377,11,Devolved tertiary contingency,62.36,238,2026-04-08
5601,537,4,Configurable eco-centric flexibility,808.31,450,2023-12-23
5602,269,3,Integrated systemic database,503.19,184,2024-05-02
5603,383,11,Quality-focused methodical function,618.67,42,2025-03-27
5604,19,2,Pre-emptive global secured line,521.23,43,2026-06-17
5605,570,11,Sharable background info-mediaries,239.2,10,2025-12-05
5606,451,1,Enhanced heuristic function,838.2,60,2025-08-23
5607,2,12,Persistent scalable benchmark,465.41,370,2025-03-30
5608,498,14,Digitized optimal task-force,809.07,187,2023-12-16
5609,41,8,Secured demand-driven capacity,423.26,52,2023-04-23
5610,483,14,Public-key regional open system,260.27,145,2024-04-08
5611,231,7,Reverse-engineered needs-based project,877.65,296,2025-02-02
5612,454,10,Cross-platform fault-tolerant parallelism,344.47,358,2023-11-07
5613,301,7,Monitored system-worthy conglomeration,79.49,27,2024-11-01
5614,69,2,Robust client-server focus group,36.3,424,2026-03-14
5615,1,1,Polarized bandwidth-monitored parallelism,610.27,26,2023-08-06
5616,509,9,Object-based 24hour success,664.52,14,2023-12-28
5617,13,6,Horizontal bottom-line knowledge user,48.01,178,2024-08-14
5618,579,8,Operative multi-state synergy,151.3,390,2024-04-15
5619,180,1,Implemented bi-directional groupware,78.3,345,2023-12-19
5620,482,6,Cloned local analyzer,814.49,404,2026-05-20
5621,485,5,Assimilated 3rdgeneration instruction set,585.33,345,2024-11-14
5622,236,14,Seamless web-enabled info-mediaries,541.23,164,2026-05-03
5623,463,12,Team-oriented cohesive interface,281.75,425,2023-12-09
5624,355,3,Profound global hardware,348.29,347,2026-06-14
5625,265,11,Ameliorated multimedia system engine,585.35,28,2024-07-30
5626,86,7,Integrated fault-tolerant architecture,259.36,178,2024-03-08
5627,452,5,Advanced bifurcated superstructure,40.21,406,2025-01-20
5628,96,15,Universal intermediate methodology,808.76,96,2024-05-03
5629,470,15,Down-sized cohesive workforce,703.96,313,2024-04-15
5630,455,13,De-engineered background interface,384.25,384,2025-03-20
5631,588,13,Optional global frame,706.1,311,2025-07-05
5632,389,9,Progressive maximized migration,108.1,346,2025-02-10
5633,5,14,Open-architected systemic flexibility,479.51,175,2025-10-13
5634,91,13,Self-enabling impactful Graphical User Interface,717.15,154,2026-05-11
5635,48,13,Quality-focused attitude-oriented project,330.03,152,2026-06-14
5636,401,9,Visionary zero tolerance help-desk,460.67,140,2024-07-12
5637,36,9,Seamless human-resource infrastructure,57.18,489,2024-11-22
5638,516,7,Realigned executive pricing structure,157.96,376,2023-04-03
5639,365,8,Diverse logistical adapter,233.66,169,2023-02-24
5640,579,10,Upgradable holistic info-mediaries,521.91,223,2024-03-04
5641,188,5,Down-sized cohesive functionalities,339.62,124,2024-10-11
5642,149,8,Innovative maximized alliance,664.28,55,2023-07-19
5643,120,2,Organized well-modulated standardization,623.86,29,2025-11-27
5644,381,13,Synergized high-level open system,625.21,36,2025-12-30
5645,257,7,Team-oriented web-enabled standardization,611.29,459,2025-11-13
5646,568,11,Profit-focused discrete Graphic Interface,895.93,164,2026-05-06
5647,228,14,De-engineered foreground Local Area Network,153.51,124,2025-01-01
5648,591,7,Public-key optimizing access,110.41,340,2024-03-05
5649,54,14,Open-architected intangible secured line,594.87,370,2024-02-11
5650,282,12,Down-sized full-range orchestration,843.6,272,2023-01-18
5651,41,15,Streamlined full-range model,144.79,336,2025-05-07
5652,272,3,Digitized solution-oriented array,314.81,495,2025-10-11
5653,138,1,Virtual eco-centric database,304.77,169,2024-08-30
5654,560,14,Balanced motivating synergy,151.74,294,2025-11-24
5655,496,15,Optional human-resource open system,713.55,442,2023-07-28
5656,145,2,Face-to-face exuding array,769.2,411,2024-07-31
5657,482,11,Pre-emptive even-keeled workforce,233.56,373,2026-01-10
5658,287,8,Versatile tertiary circuit,278.01,2,2024-08-26
5659,179,10,Persistent object-oriented matrix,226.87,233,2023-08-01
5660,494,12,Reduced system-worthy concept,495.13,129,2025-08-29
5661,185,2,Multi-channeled bi-directional pricing structure,239.7,40,2025-07-27
5662,188,8,Reactive systemic installation,305.66,24,2024-07-09
5663,353,13,Triple-buffered contextually-based Local Area Network,133.92,426,2024-01-06
5664,434,8,Realigned intangible conglomeration,778.51,429,2025-05-26
5665,516,9,Reverse-engineered background groupware,585.89,232,2026-04-22
5666,555,9,Quality-focused zero-defect architecture,417.61,240,2024-11-08
5667,301,5,Implemented modular framework,299.79,132,2025-07-14
5668,302,2,Intuitive logistical encryption,215.85,2,2023-08-25
5669,140,12,Polarized eco-centric forecast,842.37,354,2024-03-12
5670,426,15,Diverse local help-desk,825.65,353,2024-11-03
5671,446,3,Compatible demand-driven benchmark,627.35,170,2023-05-12
5672,596,4,Visionary 5thgeneration attitude,229.79,458,2024-05-25
5673,529,10,Advanced value-added budgetary management,29.35,78,2024-07-24
5674,541,5,Centralized 24/7 leverage,709.92,245,2026-05-22
5675,249,7,Customizable intangible definition,648.29,342,2024-12-16
5676,417,2,Configurable discrete archive,829.39,35,2025-01-07
5677,420,9,Customizable dedicated hardware,723.96,69,2023-09-28
5678,246,14,Virtual intangible knowledgebase,807.14,494,2025-08-11
5679,29,11,Persevering methodical architecture,379.89,314,2024-05-31
5680,531,1,Compatible transitional emulation,780.41,495,2024-04-20
5681,105,7,Face-to-face stable capacity,36.43,361,2023-09-25
5682,461,11,Centralized empowering collaboration,831.79,123,2024-05-23
5683,55,4,Realigned leadingedge access,754.1,491,2023-12-27
5684,504,2,Focused object-oriented info-mediaries,485.51,325,2023-11-28
5685,292,5,Streamlined homogeneous encryption,413.62,447,2024-12-22
5686,429,4,Focused coherent initiative,776.1,409,2023-08-04
5687,134,11,Open-source client-server adapter,73.46,278,2023-01-30
5688,504,9,Multi-layered client-server hierarchy,763.45,285,2025-09-26
5689,553,13,Multi-tiered coherent capacity,719.15,463,2025-03-20
5690,427,2,User-centric object-oriented infrastructure,290.45,451,2024-09-03
5691,356,10,Managed attitude-oriented Graphical User Interface,776.27,169,2025-11-17
5692,411,7,Front-line solution-oriented pricing structure,212.31,221,2024-10-29
5693,304,2,Pre-emptive client-server migration,472.97,14,2023-12-05
5694,565,11,Centralized intangible projection,472.41,173,2023-10-13
5695,78,3,Cross-group heuristic orchestration,823.8,267,2026-01-11
5696,391,7,User-friendly zero administration benchmark,527.67,466,2024-10-09
5697,280,7,Networked next generation interface,532.44,365,2026-05-25
5698,539,13,Operative bifurcated software,282.59,274,2025-10-24
5699,161,12,De-engineered national hardware,757.42,146,2025-07-08
5700,37,6,Synchronized holistic toolset,142.92,124,2023-06-12
5701,226,14,Synergized upward-trending approach,608.68,417,2026-06-17
5702,554,9,Diverse non-volatile frame,781.0,235,2023-07-06
5703,172,4,Automated incremental collaboration,672.47,469,2023-02-04
5704,213,14,Versatile responsive middleware,392.16,195,2025-12-07
5705,447,5,Robust systemic moderator,118.45,226,2025-09-11
5706,559,7,Devolved zero-defect firmware,126.87,483,2026-01-14
5707,347,3,Virtual 5thgeneration utilization,426.71,270,2025-08-05
5708,388,1,Future-proofed coherent hub,651.52,76,2023-01-13
5709,518,15,Universal bi-directional function,437.38,287,2024-04-08
5710,276,8,Robust mobile firmware,873.09,489,2023-01-15
5711,417,3,Open-source demand-driven task-force,600.92,116,2024-03-30
5712,273,11,Future-proofed object-oriented knowledgebase,571.79,416,2025-01-24
5713,492,4,Intuitive discrete groupware,311.19,217,2023-12-22
5714,198,11,Fully-configurable logistical forecast,120.5,411,2025-07-16
5715,512,11,Re-contextualized full-range capacity,643.87,18,2023-04-25
5716,261,6,Multi-layered contextually-based projection,195.59,271,2024-12-31
5717,599,8,Mandatory intermediate access,200.39,482,2023-09-15
5718,474,4,Profound multimedia frame,672.18,342,2023-09-17
5719,175,9,Pre-emptive systemic protocol,313.22,473,2025-07-06
5720,24,5,Adaptive mobile projection,639.71,403,2024-06-05
5721,43,13,Cross-group bifurcated Local Area Network,655.49,78,2024-11-09
5722,351,6,Object-based demand-driven utilization,264.86,210,2025-12-03
5723,229,10,Expanded intermediate synergy,717.2,456,2025-07-27
5724,40,5,Multi-tiered bandwidth-monitored neural-net,98.3,212,2025-09-03
5725,572,9,Switchable solution-oriented architecture,769.15,35,2025-01-06
5726,598,7,Multi-layered asymmetric Graphical User Interface,575.67,442,2024-08-07
5727,410,14,Reverse-engineered explicit matrices,582.2,119,2025-12-16
5728,401,14,Digitized neutral firmware,709.15,447,2024-12-04
5729,390,10,Cross-group contextually-based open system,14.08,493,2024-07-24
5730,528,11,Intuitive multi-state hierarchy,835.04,135,2025-06-02
5731,512,12,Managed well-modulated service-desk,209.29,95,2024-01-01
5732,73,12,Expanded 3rdgeneration adapter,150.91,278,2026-05-18
5733,339,6,Compatible non-volatile neural-net,483.51,470,2025-06-15
5734,30,1,Expanded impactful core,595.01,216,2023-11-28
5735,245,11,Organic hybrid algorithm,555.38,481,2024-10-02
5736,597,14,Automated global migration,535.57,431,2024-07-25
5737,164,7,Right-sized exuding hub,250.75,249,2025-04-24
5738,25,11,Monitored well-modulated archive,501.86,165,2024-02-27
5739,61,2,Open-source 4thgeneration orchestration,120.24,367,2023-04-07
5740,231,14,Cloned attitude-oriented Local Area Network,859.91,294,2025-11-13
5741,30,12,Triple-buffered reciprocal task-force,110.0,369,2025-10-30
5742,511,2,Grass-roots reciprocal synergy,781.08,192,2023-10-22
5743,558,4,Expanded multi-tasking conglomeration,226.73,217,2026-01-30
5744,55,6,Ergonomic cohesive strategy,802.52,280,2023-06-05
5745,40,9,Reactive local attitude,607.91,484,2023-08-28
5746,375,14,Monitored real-time support,200.51,234,2024-07-27
5747,203,6,User-centric grid-enabled help-desk,366.3,10,2023-09-22
5748,461,8,Function-based mission-critical budgetary management,153.29,392,2025-08-01
5749,73,6,Pre-emptive global monitoring,833.76,187,2026-05-30
5750,442,11,Innovative stable intranet,560.78,236,2026-04-05
5751,303,6,Business-focused asynchronous paradigm,864.83,174,2026-03-09
5752,352,10,Virtual mobile moderator,515.18,499,2025-01-23
5753,27,15,Reactive bi-directional array,311.62,459,2024-05-06
5754,397,3,Automated optimal algorithm,509.0,323,2023-06-19
5755,454,2,Triple-buffered radical access,273.81,186,2024-08-09
5756,77,9,Virtual static function,205.7,176,2023-11-25
5757,321,3,Exclusive dynamic methodology,666.46,339,2025-01-21
5758,147,13,Centralized homogeneous archive,840.05,482,2025-07-17
5759,543,11,Seamless local moratorium,878.97,83,2023-06-02
5760,404,11,Organized contextually-based open architecture,285.42,447,2023-05-18
5761,190,2,Team-oriented context-sensitive project,272.93,464,2025-02-05
5762,504,5,Cross-platform logistical forecast,640.92,163,2023-11-02
5763,62,13,Pre-emptive mission-critical process improvement,188.03,404,2023-10-05
5764,485,11,Front-line tertiary definition,350.21,318,2024-06-20
5765,475,4,Object-based leadingedge workforce,28.01,374,2026-01-25
5766,145,5,Optional background budgetary management,856.2,96,2025-01-12
5767,248,3,Synergistic modular parallelism,652.52,46,2023-12-12
5768,292,15,Total intangible budgetary management,892.19,4,2023-12-21
5769,597,4,Open-source tertiary success,898.8,223,2024-04-23
5770,297,11,Organic intermediate implementation,752.76,402,2023-02-15
5771,590,5,Phased system-worthy benchmark,85.77,408,2023-07-01
5772,565,15,Multi-channeled methodical benchmark,39.7,367,2023-12-04
5773,363,8,Programmable logistical capability,516.64,298,2026-03-09
5774,63,12,Realigned client-server analyzer,29.07,473,2025-09-06
5775,259,2,Decentralized leadingedge monitoring,126.97,466,2024-04-29
5776,158,6,Profound discrete matrix,275.72,4,2023-06-26
5777,567,15,Mandatory neutral matrix,536.93,488,2023-08-22
5778,209,13,Inverse exuding functionalities,275.82,493,2024-04-22
5779,269,13,Reverse-engineered homogeneous artificial intelligence,454.58,187,2025-08-26
5780,71,4,Synergistic non-volatile application,196.82,392,2026-06-30
5781,443,12,Diverse composite methodology,162.42,236,2025-05-25
5782,560,7,Right-sized dynamic framework,83.02,252,2024-05-04
5783,298,14,Triple-buffered interactive leverage,119.93,393,2023-08-27
5784,155,1,Innovative multi-state solution,697.07,317,2023-06-26
5785,209,9,Progressive fresh-thinking budgetary management,79.8,114,2023-03-22
5786,95,5,Quality-focused multimedia hardware,534.89,156,2026-02-21
5787,36,3,Cross-group content-based info-mediaries,558.16,486,2026-05-18
5788,52,9,Face-to-face intangible complexity,492.8,270,2023-05-24
5789,593,7,Compatible didactic matrix,611.29,154,2025-01-08
5790,162,4,Secured hybrid pricing structure,109.72,293,2023-08-09
5791,590,14,Exclusive bandwidth-monitored attitude,533.12,262,2023-11-12
5792,72,11,Pre-emptive mission-critical toolset,199.17,164,2025-03-14
5793,576,12,Exclusive foreground Graphical User Interface,735.88,105,2023-07-12
5794,453,3,Monitored intangible emulation,213.98,220,2025-03-27
5795,501,1,Multi-tiered non-volatile database,892.56,498,2023-05-22
5796,496,2,Function-based mission-critical strategy,15.14,335,2024-03-21
5797,562,15,Re-engineered systematic flexibility,509.04,316,2023-08-24
5798,519,13,Function-based actuating standardization,687.63,148,2023-03-15
5799,329,14,Ergonomic demand-driven encryption,780.78,57,2024-05-04
5800,211,13,Operative logistical analyzer,147.19,390,2024-05-24
5801,279,13,Down-sized human-resource benchmark,240.82,188,2025-05-30
5802,29,8,Total dedicated methodology,73.56,457,2025-11-29
5803,487,13,Object-based asymmetric approach,354.79,29,2025-10-12
5804,465,6,Face-to-face fresh-thinking contingency,677.25,78,2025-01-03
5805,471,3,Ergonomic responsive data-warehouse,207.34,422,2025-02-11
5806,214,2,Configurable radical access,357.95,427,2024-02-06
5807,510,11,Proactive tangible conglomeration,455.92,39,2023-07-10
5808,57,6,Reverse-engineered maximized ability,694.63,353,2025-06-19
5809,32,4,Customizable 5thgeneration encryption,684.91,293,2026-06-07
5810,389,14,Visionary static encoding,695.47,30,2025-05-19
5811,409,14,Profound non-volatile framework,418.17,6,2024-12-08
5812,288,7,Reactive 3rdgeneration encoding,823.02,441,2025-03-23
5813,407,11,Phased dedicated initiative,546.1,440,2023-10-08
5814,254,4,Cloned 24hour artificial intelligence,622.56,30,2023-03-01
5815,505,2,Quality-focused actuating budgetary management,669.25,162,2025-12-06
5816,10,13,Robust tangible interface,28.64,253,2023-05-15
5817,281,11,Digitized coherent installation,48.45,215,2024-02-10
5818,256,3,Advanced systematic synergy,198.49,110,2023-03-04
5819,416,6,Reactive attitude-oriented standardization,801.14,398,2025-10-02
5820,301,5,Reduced global solution,794.1,277,2025-12-13
5821,566,4,Triple-buffered optimizing support,562.62,333,2023-12-17
5822,250,8,Reactive high-level benchmark,304.86,374,2023-01-11
5823,592,8,Programmable intermediate utilization,171.91,268,2024-10-27
5824,555,14,Organized well-modulated info-mediaries,624.73,351,2025-02-04
5825,564,6,Open-architected mobile framework,669.7,182,2024-10-09
5826,116,4,Re-engineered scalable groupware,560.07,58,2026-03-25
5827,431,13,Customizable didactic flexibility,26.4,109,2024-09-28
5828,532,14,User-friendly real-time open architecture,152.75,384,2024-04-26
5829,439,8,Mandatory regional monitoring,490.67,465,2024-02-27
5830,561,12,Devolved logistical website,442.68,202,2026-02-26
5831,198,3,Sharable directional challenge,857.79,272,2023-02-04
5832,34,5,Expanded logistical knowledge user,626.89,210,2024-06-06
5833,450,6,Operative systematic standardization,469.39,211,2025-05-12
5834,281,9,Reactive directional concept,390.49,245,2024-06-28
5835,101,7,Team-oriented impactful monitoring,211.64,392,2023-06-30
5836,134,1,Reactive web-enabled initiative,363.28,54,2025-07-25
5837,341,6,Enhanced bottom-line structure,801.77,294,2025-06-24
5838,493,7,Re-engineered upward-trending focus group,38.39,133,2025-01-03
5839,526,5,Networked bottom-line synergy,9.35,52,2023-08-16
5840,276,5,Cloned 3rdgeneration info-mediaries,720.32,189,2025-06-18
5841,183,9,Up-sized zero tolerance Graphical User Interface,105.89,159,2024-03-14
5842,389,15,Advanced secondary strategy,66.25,212,2026-01-08
5843,391,2,Public-key context-sensitive hardware,96.26,197,2023-03-05
5844,204,15,Triple-buffered logistical concept,340.66,45,2025-11-23
5845,171,7,Synergistic hybrid pricing structure,674.91,11,2024-11-12
5846,350,6,Optimized maximized leverage,639.79,138,2025-02-15
5847,360,15,Horizontal full-range instruction set,236.08,379,2025-03-26
5848,513,4,Inverse systematic middleware,344.89,385,2024-06-07
5849,238,8,Reverse-engineered non-volatile installation,409.6,136,2023-02-25
5850,204,5,Versatile 24hour encryption,790.16,346,2024-07-12
5851,323,5,User-centric solution-oriented database,892.72,433,2026-03-06
5852,363,11,Monitored intermediate customer loyalty,372.18,217,2023-02-28
5853,10,4,Versatile eco-centric neural-net,893.26,435,2023-06-26
5854,95,10,Extended leadingedge task-force,859.97,329,2023-10-09
5855,156,8,Secured upward-trending hub,699.01,489,2024-03-27
5856,536,7,Down-sized discrete core,720.87,241,2024-06-30
5857,129,12,Optimized optimizing strategy,93.58,438,2025-06-30
5858,213,7,Robust local support,719.06,118,2025-12-31
5859,377,11,Cross-group local forecast,708.55,28,2026-04-04
5860,333,14,Multi-layered 24hour emulation,612.86,230,2023-02-13
5861,600,4,Face-to-face global matrix,236.47,399,2026-05-23
5862,588,2,Team-oriented attitude-oriented methodology,368.71,470,2025-01-08
5863,34,9,Persevering client-server installation,106.57,96,2025-04-23
5864,266,14,Multi-tiered reciprocal attitude,802.96,396,2023-02-09
5865,247,5,Object-based executive implementation,735.53,321,2024-05-30
5866,576,5,Enterprise-wide contextually-based approach,173.98,381,2025-08-28
5867,475,1,Mandatory responsive instruction set,18.95,215,2023-12-20
5868,499,15,Virtual bifurcated help-desk,515.51,364,2026-03-26
5869,344,15,Robust optimizing middleware,640.28,156,2024-01-07
5870,364,5,Synchronized web-enabled alliance,260.14,383,2025-03-03
5871,439,10,Stand-alone directional methodology,299.72,70,2023-06-23
5872,488,14,Multi-lateral zero-defect circuit,627.3,496,2024-12-25
5873,446,3,Face-to-face user-facing approach,429.8,86,2025-10-22
5874,8,1,Universal discrete product,105.45,495,2023-05-17
5875,458,4,Switchable regional database,247.45,236,2026-04-02
5876,292,12,Versatile asynchronous attitude,677.37,299,2024-01-13
5877,240,6,Assimilated client-server info-mediaries,608.36,417,2025-04-18
5878,218,9,Total eco-centric customer loyalty,209.01,83,2025-05-15
5879,286,15,Customer-focused mission-critical portal,660.38,310,2025-09-23
5880,94,11,Switchable holistic software,860.21,436,2023-04-05
5881,55,2,Public-key zero tolerance circuit,403.23,238,2026-02-13
5882,106,3,Universal well-modulated hardware,616.35,318,2024-08-04
5883,346,8,Digitized contextually-based complexity,367.5,38,2024-05-05
5884,42,14,Visionary real-time open system,247.16,398,2026-03-05
5885,309,9,Cloned user-facing budgetary management,257.24,357,2024-08-13
5886,178,11,Synchronized zero-defect monitoring,636.51,326,2024-05-17
5887,321,12,Synergized encompassing utilization,318.78,76,2026-01-14
5888,207,11,Business-focused 24hour workforce,195.86,86,2025-12-31
5889,484,12,Devolved high-level circuit,326.47,207,2025-10-04
5890,588,9,Automated modular flexibility,116.59,106,2023-04-09
5891,142,7,Ergonomic value-added forecast,797.3,193,2024-07-14
5892,468,12,Optional encompassing monitoring,427.75,423,2023-06-19
5893,350,9,Streamlined bottom-line middleware,506.52,452,2023-05-13
5894,538,14,Open-architected upward-trending moderator,889.17,239,2023-03-18
5895,535,13,Function-based clear-thinking help-desk,537.08,37,2023-01-05
5896,500,12,Object-based didactic intranet,521.28,59,2025-05-03
5897,123,2,Triple-buffered optimal parallelism,274.11,205,2024-06-11
5898,261,7,Persistent web-enabled task-force,642.73,41,2023-07-31
5899,597,14,Front-line national neural-net,456.82,30,2026-03-26
5900,469,6,Ameliorated heuristic concept,721.21,88,2024-09-10
5901,502,4,Reactive global ability,863.85,416,2025-11-23
5902,560,14,Seamless uniform time-frame,588.11,172,2024-01-14
5903,247,8,Open-source grid-enabled infrastructure,899.98,342,2025-09-15
5904,300,9,Quality-focused homogeneous functionalities,608.84,497,2025-10-11
5905,470,1,Customizable needs-based process improvement,55.56,286,2026-02-21
5906,124,11,Ameliorated clear-thinking time-frame,136.58,124,2023-12-20
5907,343,15,Synergistic system-worthy frame,89.84,44,2026-02-10
5908,32,9,Organic composite definition,872.17,386,2023-12-06
5909,416,8,Down-sized directional model,516.71,299,2023-05-04
5910,419,11,Public-key local knowledge user,368.24,372,2023-02-09
5911,152,9,Optimized object-oriented emulation,390.18,466,2024-02-21
5912,563,4,Reverse-engineered regional model,746.9,331,2025-01-09
5913,471,2,Centralized hybrid model,371.82,206,2025-12-20
5914,137,2,Devolved asymmetric data-warehouse,692.83,0,2023-01-29
5915,194,11,Digitized high-level groupware,893.75,241,2023-01-20
5916,22,8,Compatible logistical ability,46.74,125,2025-09-25
5917,533,13,Re-contextualized bottom-line hierarchy,59.38,323,2025-11-14
5918,427,15,Re-engineered static data-warehouse,643.66,391,2025-06-09
5919,594,4,Cloned human-resource frame,151.97,255,2023-03-13
5920,585,15,Robust scalable core,801.65,120,2024-07-13
5921,517,5,Up-sized maximized moratorium,536.5,344,2025-06-10
5922,504,12,Centralized multi-tasking help-desk,277.49,225,2025-04-18
5923,181,10,Assimilated methodical policy,371.8,30,2025-08-30
5924,294,11,Business-focused solution-oriented algorithm,777.81,415,2024-11-27
5925,405,6,Progressive responsive paradigm,400.26,218,2025-08-22
5926,405,6,Triple-buffered eco-centric synergy,610.89,45,2026-05-09
5927,523,3,Cloned fresh-thinking methodology,454.41,228,2026-04-15
5928,278,8,Enterprise-wide client-server attitude,431.57,179,2023-01-08
5929,42,4,Secured intangible pricing structure,280.05,391,2023-09-29
5930,153,1,Ergonomic next generation attitude,171.37,499,2024-01-03
5931,407,10,Synchronized 24/7 concept,892.56,115,2023-04-30
5932,222,3,Decentralized 4thgeneration complexity,761.41,199,2024-06-07
5933,354,3,Monitored background model,857.95,190,2025-06-26
5934,229,4,Intuitive multi-state complexity,14.04,466,2023-03-09
5935,473,13,User-friendly discrete leverage,698.86,132,2023-03-22
5936,391,4,Robust bandwidth-monitored neural-net,304.83,221,2025-11-20
5937,352,3,Multi-lateral next generation firmware,584.32,139,2025-08-10
5938,410,12,Optional logistical model,433.37,62,2023-09-14
5939,351,12,Future-proofed contextually-based throughput,504.38,246,2026-03-23
5940,26,1,Polarized cohesive artificial intelligence,649.5,183,2024-03-05
5941,410,12,Self-enabling local productivity,832.1,208,2026-05-14
5942,214,4,Robust motivating collaboration,126.71,222,2024-04-17
5943,223,5,Mandatory 6thgeneration Local Area Network,120.91,272,2024-12-27
5944,410,3,Managed directional concept,697.12,394,2025-11-30
5945,237,8,Advanced static throughput,130.12,402,2024-03-24
5946,510,11,Visionary tangible monitoring,163.15,172,2026-04-02
5947,213,2,Configurable foreground portal,36.62,414,2024-04-14
5948,483,14,Face-to-face scalable leverage,691.3,357,2023-04-19
5949,8,9,Expanded encompassing application,625.16,159,2023-10-19
5950,213,5,Decentralized stable customer loyalty,842.36,17,2024-02-23
5951,457,1,Up-sized discrete help-desk,244.04,97,2024-04-22
5952,202,11,Persistent executive project,115.78,320,2026-01-05
5953,527,4,Open-source full-range database,482.36,187,2025-03-27
5954,85,3,Operative holistic complexity,327.23,249,2026-01-26
5955,13,5,Triple-buffered actuating structure,420.93,225,2023-07-26
5956,537,13,Mandatory value-added encryption,641.21,320,2025-01-31
5957,117,8,Re-engineered 5thgeneration hub,854.77,292,2025-02-28
5958,554,1,Balanced encompassing secured line,804.8,334,2025-03-01
5959,303,6,Managed motivating access,760.5,182,2024-09-21
5960,310,12,Horizontal logistical algorithm,749.63,73,2023-07-16
5961,377,8,Re-engineered cohesive moratorium,600.78,276,2024-03-31
5962,475,10,Quality-focused optimal database,603.49,222,2024-08-15
5963,31,6,Business-focused foreground paradigm,189.59,74,2025-07-11
5964,203,11,Seamless leadingedge hierarchy,872.89,495,2026-05-18
5965,439,9,Intuitive optimizing help-desk,478.73,315,2024-02-23
5966,270,12,Virtual responsive architecture,865.58,269,2026-02-12
5967,219,11,De-engineered asynchronous time-frame,723.49,19,2024-03-28
5968,468,10,Down-sized motivating initiative,819.6,239,2025-11-26
5969,223,11,Synchronized optimal moratorium,194.04,355,2025-02-01
5970,24,4,Distributed upward-trending analyzer,152.65,304,2025-11-10
5971,384,13,Down-sized high-level frame,525.57,345,2025-05-11
5972,354,13,Diverse 6thgeneration adapter,329.7,41,2023-03-03
5973,131,6,Face-to-face attitude-oriented Graphical User Interface,15.45,223,2025-06-08
5974,537,7,Ameliorated modular middleware,575.91,392,2023-03-17
5975,413,11,Automated background task-force,414.67,152,2025-10-09
5976,428,8,Mandatory hybrid artificial intelligence,88.78,152,2026-03-09
5977,591,11,Open-architected uniform task-force,481.03,126,2023-10-19
5978,573,10,Function-based stable standardization,325.74,315,2023-07-02
5979,1,4,Decentralized demand-driven artificial intelligence,477.31,94,2024-09-27
5980,151,14,Switchable needs-based focus group,425.37,86,2023-11-09
5981,106,6,Profit-focused static alliance,320.45,388,2025-03-31
5982,248,15,Exclusive clear-thinking middleware,610.91,151,2024-02-26
5983,587,11,Digitized bottom-line support,887.27,116,2026-05-06
5984,264,10,Horizontal clear-thinking matrix,306.44,305,2024-08-14
5985,8,4,Pre-emptive needs-based artificial intelligence,502.91,178,2024-10-18
5986,293,7,Automated motivating forecast,329.24,398,2025-01-23
5987,204,2,Optimized needs-based extranet,425.58,262,2025-10-01
5988,223,1,Synchronized client-server groupware,52.94,378,2023-07-06
5989,17,11,Customer-focused human-resource moratorium,136.08,413,2025-08-15
5990,209,7,Extended user-facing attitude,605.97,113,2023-12-10
5991,360,12,Ameliorated neutral frame,354.51,406,2025-08-02
5992,210,12,Object-based grid-enabled implementation,635.5,95,2023-12-15
5993,210,5,Synergistic empowering product,826.71,231,2024-07-02
5994,578,4,Universal contextually-based core,540.55,33,2025-05-22
5995,401,1,Enhanced fault-tolerant superstructure,718.26,297,2023-09-11
5996,35,10,Multi-layered eco-centric Graphic Interface,14.28,280,2025-11-29
5997,442,7,Function-based background strategy,649.39,372,2023-02-16
5998,453,4,Robust attitude-oriented database,878.66,381,2023-11-12
5999,424,5,Mandatory zero tolerance frame,277.26,386,2025-07-05
6000,572,15,Multi-layered uniform function,516.05,353,2024-02-09
6001,481,9,Enterprise-wide contextually-based intranet,324.87,185,2024-07-26
6002,94,8,Digitized impactful budgetary management,892.58,407,2023-04-30
6003,24,10,Reactive dynamic circuit,182.05,49,2025-04-29
6004,300,15,Progressive fault-tolerant success,844.24,362,2025-01-19
6005,573,2,Reactive non-volatile customer loyalty,17.95,179,2025-10-02
6006,253,12,Multi-channeled non-volatile paradigm,248.34,222,2026-03-22
6007,308,5,Streamlined motivating hub,823.17,405,2024-03-13
6008,240,9,Customizable analyzing task-force,399.22,281,2023-04-27
6009,334,3,Cross-group logistical leverage,453.54,293,2023-03-03
6010,340,7,Cloned bottom-line focus group,395.88,470,2023-06-29
6011,567,4,Optional local circuit,401.03,409,2024-09-12
6012,461,8,Object-based foreground superstructure,86.05,270,2026-01-10
6013,515,4,Phased real-time core,879.1,140,2024-05-17
6014,271,6,Proactive context-sensitive structure,43.83,419,2025-04-05
6015,521,6,User-centric bi-directional neural-net,558.97,257,2023-03-25
6016,405,3,User-centric mission-critical support,673.47,29,2023-11-03
6017,246,1,Pre-emptive solution-oriented encryption,462.79,292,2026-04-26
6018,400,5,Monitored reciprocal hierarchy,356.98,311,2023-12-05
6019,272,15,Synergized 24/7 middleware,203.94,396,2024-04-20
6020,367,5,Grass-roots tertiary standardization,477.9,304,2024-11-06
6021,182,2,Right-sized directional implementation,172.05,52,2024-12-29
6022,399,1,Horizontal intermediate implementation,741.17,258,2025-07-14
6023,66,1,Seamless impactful alliance,471.39,23,2024-03-05
6024,339,14,Customizable mission-critical function,282.75,318,2024-08-18
6025,391,7,Adaptive non-volatile implementation,5.61,153,2026-04-18
6026,61,4,Multi-tiered interactive contingency,431.85,132,2025-06-22
6027,283,8,Distributed dynamic flexibility,390.12,467,2026-04-08
6028,126,11,Operative clear-thinking orchestration,668.79,41,2025-05-22
6029,84,3,User-centric systemic knowledge user,163.78,415,2024-11-23
6030,46,13,Right-sized bifurcated groupware,217.77,294,2025-04-09
6031,321,6,Decentralized tertiary success,498.36,209,2025-10-26
6032,72,11,Fundamental content-based algorithm,508.9,327,2023-04-01
6033,44,13,Robust user-facing archive,746.54,62,2024-10-04
6034,534,10,Proactive value-added support,203.33,110,2025-02-02
6035,135,14,Organized responsive neural-net,491.7,365,2025-04-01
6036,2,2,Reactive transitional synergy,734.35,263,2024-10-04
6037,324,12,Operative tertiary ability,5.28,441,2023-02-23
6038,172,10,Adaptive reciprocal database,308.16,437,2025-09-13
6039,198,13,Robust attitude-oriented product,469.19,54,2023-03-05
6040,71,3,Optimized bottom-line methodology,770.72,415,2024-12-25
6041,477,2,Quality-focused zero administration interface,866.97,47,2025-02-06
6042,573,1,Customer-focused 5thgeneration instruction set,349.36,468,2023-07-05
6043,303,10,Universal eco-centric parallelism,513.53,296,2023-08-26
6044,195,15,Multi-channeled exuding flexibility,364.04,401,2025-02-04
6045,38,15,Configurable interactive open system,323.83,61,2026-03-24
6046,98,11,Enterprise-wide dedicated protocol,732.61,415,2026-04-29
6047,228,14,Programmable asymmetric challenge,836.18,210,2025-12-26
6048,449,2,Right-sized systemic software,453.98,407,2025-10-05
6049,79,8,Vision-oriented actuating firmware,11.96,5,2024-09-29
6050,152,10,Devolved upward-trending attitude,766.36,362,2023-11-30
6051,572,15,Horizontal transitional approach,645.26,400,2025-01-18
6052,18,8,Progressive 3rdgeneration attitude,826.97,359,2023-07-27
6053,433,2,Persevering fault-tolerant migration,142.55,302,2024-03-26
6054,213,14,Expanded multi-tasking data-warehouse,130.73,390,2024-02-03
6055,287,10,Optimized background collaboration,320.94,492,2023-10-04
6056,44,10,Team-oriented multi-state capability,785.01,440,2024-06-27
6057,43,11,Face-to-face client-driven knowledgebase,51.68,423,2024-03-12
6058,490,14,Stand-alone executive product,610.21,479,2025-08-22
6059,508,6,Synergistic multi-state approach,472.31,178,2025-02-28
6060,159,12,Proactive didactic synergy,406.81,276,2023-01-15
6061,398,7,Synergized 24hour forecast,100.05,353,2024-01-07
6062,425,13,Operative tertiary definition,878.81,67,2023-03-09
6063,236,15,Polarized fault-tolerant knowledgebase,58.28,198,2026-04-27
6064,380,2,Monitored content-based firmware,389.24,251,2023-07-11
6065,173,2,Synchronized dedicated Graphic Interface,110.49,220,2023-04-09
6066,65,9,Proactive incremental ability,78.26,62,2023-09-27
6067,236,14,Multi-layered empowering approach,613.18,432,2026-05-31
6068,227,4,Vision-oriented background hub,58.05,166,2025-01-01
6069,598,14,Ameliorated demand-driven hierarchy,672.25,393,2025-10-11
6070,595,12,Fully-configurable radical extranet,824.16,30,2025-05-28
6071,155,4,Team-oriented value-added core,107.93,145,2024-11-29
6072,441,9,Vision-oriented content-based model,593.99,258,2026-05-24
6073,108,14,Visionary static task-force,23.04,298,2025-03-03
6074,111,10,Grass-roots bottom-line system engine,687.7,440,2026-01-26
6075,50,5,Reduced exuding paradigm,326.57,176,2023-12-01
6076,92,2,Inverse incremental data-warehouse,131.17,25,2024-03-20
6077,433,1,Versatile mobile neural-net,469.38,207,2024-07-15
6078,106,12,Centralized logistical forecast,801.5,393,2023-01-28
6079,260,5,Multi-lateral asymmetric hardware,673.69,413,2025-04-13
6080,44,15,Self-enabling regional open architecture,489.29,38,2026-06-05
6081,512,15,Open-architected static groupware,96.47,19,2026-02-04
6082,242,5,Visionary stable intranet,385.23,166,2024-06-23
6083,288,10,Focused attitude-oriented Local Area Network,788.37,15,2025-04-07
6084,12,10,Reverse-engineered non-volatile moratorium,613.68,435,2024-11-11
6085,514,1,Upgradable high-level task-force,375.49,67,2025-07-24
6086,269,6,Cross-platform explicit intranet,361.54,304,2026-02-15
6087,226,11,Optimized client-server attitude,558.31,279,2024-12-14
6088,586,11,Down-sized context-sensitive open architecture,41.35,132,2023-10-18
6089,281,2,Networked impactful Graphical User Interface,278.01,340,2026-06-21
6090,17,5,Compatible intermediate attitude,560.16,232,2025-06-26
6091,442,3,Open-source incremental approach,287.99,97,2025-12-28
6092,295,8,Cross-group scalable policy,368.57,199,2026-05-23
6093,88,15,Total content-based approach,542.5,176,2024-02-04
6094,46,2,Total human-resource encoding,354.71,438,2024-08-08
6095,508,3,Object-based 3rdgeneration core,474.36,322,2025-03-31
6096,127,8,Business-focused even-keeled moderator,890.35,344,2025-02-07
6097,532,6,De-engineered asymmetric utilization,526.28,7,2023-10-03
6098,397,3,Advanced client-driven definition,549.82,228,2025-03-05
6099,87,2,Multi-tiered multi-tasking productivity,683.9,198,2023-10-08
6100,554,7,Reverse-engineered radical array,394.66,393,2024-01-24
6101,316,10,Public-key object-oriented concept,472.26,138,2025-03-30
6102,562,10,Self-enabling methodical software,826.14,402,2025-04-25
6103,495,11,Pre-emptive heuristic intranet,46.14,202,2025-01-26
6104,388,3,Reverse-engineered 24/7 projection,756.06,381,2025-10-02
6105,303,1,Multi-tiered 24hour toolset,146.52,459,2025-01-15
6106,510,3,Ergonomic uniform circuit,189.61,367,2023-10-30
6107,331,3,Ameliorated non-volatile portal,249.79,492,2024-02-20
6108,349,3,Cross-group global workforce,310.7,380,2025-03-10
6109,35,1,Diverse attitude-oriented groupware,471.28,381,2025-12-06
6110,317,10,Re-engineered global implementation,354.47,32,2025-07-15
6111,185,2,Fundamental homogeneous alliance,328.95,434,2023-04-26
6112,348,13,Synergized optimal circuit,139.42,320,2025-01-07
6113,234,6,Front-line multi-tasking functionalities,183.29,44,2024-01-21
6114,122,9,Multi-channeled content-based contingency,248.6,470,2025-04-27
6115,18,6,Quality-focused systemic utilization,553.28,424,2026-07-01
6116,236,5,Diverse contextually-based middleware,599.16,124,2023-11-03
6117,130,12,Multi-tiered eco-centric firmware,647.45,63,2023-01-14
6118,88,15,Triple-buffered stable utilization,136.45,449,2026-03-31
6119,278,15,Customizable empowering attitude,236.03,381,2024-04-08
6120,112,13,Reactive dedicated open system,733.87,465,2023-06-03
6121,288,14,User-centric empowering initiative,32.71,462,2026-01-07
6122,498,9,Optional object-oriented groupware,204.08,355,2024-02-08
6123,477,15,Synergized 4thgeneration middleware,751.84,302,2026-01-19
6124,155,12,Horizontal bi-directional moratorium,787.1,23,2023-11-01
6125,99,15,Integrated secondary definition,107.7,476,2025-12-23
6126,151,4,Networked tertiary analyzer,87.98,251,2026-06-29
6127,580,14,Multi-tiered web-enabled framework,614.89,381,2025-11-24
6128,83,9,Ergonomic neutral alliance,102.59,7,2023-03-29
6129,581,7,Right-sized content-based capacity,139.78,159,2023-11-30
6130,419,6,Organic fault-tolerant database,894.06,265,2026-06-16
6131,446,13,Multi-lateral 4thgeneration moratorium,199.24,170,2025-01-10
6132,517,8,Expanded explicit adapter,409.22,144,2024-12-11
6133,131,7,Advanced well-modulated emulation,195.81,359,2024-09-07
6134,515,9,Versatile 4thgeneration moratorium,855.55,73,2024-02-05
6135,506,14,Fully-configurable 24/7 approach,565.68,161,2024-09-28
6136,303,12,Visionary explicit superstructure,171.17,327,2024-10-21
6137,208,6,Business-focused real-time moratorium,109.49,460,2025-08-12
6138,540,11,Right-sized value-added Graphical User Interface,503.59,95,2026-02-07
6139,26,6,Optimized client-driven groupware,46.22,127,2024-05-30
6140,345,6,Progressive regional extranet,211.2,376,2025-12-15
6141,192,9,Fundamental well-modulated framework,866.14,81,2023-01-15
6142,269,8,Total global Graphic Interface,360.05,222,2025-02-16
6143,388,12,Exclusive background process improvement,44.6,65,2026-01-11
6144,560,8,Balanced holistic hardware,272.8,361,2025-10-22
6145,458,2,Seamless systemic process improvement,652.04,66,2023-04-24
6146,484,6,Public-key attitude-oriented middleware,190.8,350,2024-03-16
6147,400,9,Profit-focused heuristic encryption,327.11,97,2023-07-30
6148,381,13,Universal fault-tolerant extranet,676.3,69,2025-03-22
6149,132,2,Up-sized explicit open architecture,592.71,17,2025-09-11
6150,303,12,Versatile holistic time-frame,809.13,42,2024-06-10
6151,270,4,Robust 4thgeneration algorithm,8.38,419,2023-09-07
6152,16,13,Persistent clear-thinking leverage,351.97,142,2024-08-09
6153,365,3,Sharable even-keeled orchestration,533.83,444,2026-05-08
6154,392,15,Monitored non-volatile archive,278.76,362,2025-08-02
6155,320,5,Open-source optimal Internet solution,838.75,109,2023-05-22
6156,491,2,Advanced secondary middleware,730.63,349,2025-01-12
6157,233,4,Integrated bandwidth-monitored archive,737.72,454,2024-07-20
6158,595,15,Customer-focused web-enabled framework,408.57,318,2025-06-04
6159,479,1,Grass-roots solution-oriented synergy,87.54,384,2023-04-04
6160,211,13,Business-focused systemic leverage,571.69,115,2024-08-26
6161,309,10,Integrated 4thgeneration groupware,541.68,186,2026-01-16
6162,365,14,Enhanced coherent help-desk,498.63,211,2023-05-21
6163,544,9,Organic clear-thinking help-desk,458.39,428,2025-09-02
6164,525,7,Reverse-engineered asynchronous support,53.04,363,2023-09-25
6165,119,6,Front-line zero tolerance adapter,517.55,78,2025-10-19
6166,262,4,Virtual 24/7 adapter,413.42,500,2024-03-25
6167,528,3,User-centric demand-driven protocol,444.47,147,2026-04-09
6168,47,15,Universal maximized groupware,193.53,60,2023-11-25
6169,172,3,Enhanced tangible orchestration,210.05,308,2024-10-20
6170,271,9,Robust explicit throughput,41.65,450,2025-06-18
6171,15,5,Inverse full-range moderator,408.16,351,2023-08-29
6172,320,12,Digitized local Graphic Interface,847.9,377,2025-12-11
6173,224,13,Focused client-server throughput,359.72,237,2024-09-26
6174,471,8,Optimized zero administration complexity,652.13,254,2024-06-07
6175,7,8,Face-to-face user-facing productivity,21.1,206,2025-02-27
6176,421,14,Persevering transitional utilization,898.22,390,2024-12-24
6177,412,1,Cloned contextually-based Local Area Network,8.33,495,2025-07-09
6178,387,12,Up-sized foreground capability,129.62,437,2026-01-30
6179,159,2,Robust user-facing paradigm,779.57,92,2026-01-08
6180,131,2,Secured systemic encoding,525.01,475,2024-03-11
6181,516,7,Optional reciprocal help-desk,779.35,275,2023-12-04
6182,493,9,Profit-focused system-worthy forecast,712.16,390,2025-06-20
6183,137,7,Cross-platform interactive time-frame,238.97,404,2024-03-17
6184,211,4,Expanded foreground orchestration,766.18,464,2024-09-05
6185,369,11,Open-source mission-critical paradigm,529.67,429,2025-06-01
6186,584,3,Multi-layered impactful archive,597.71,18,2025-04-03
6187,411,11,Monitored attitude-oriented analyzer,870.12,16,2024-07-13
6188,557,6,Robust 24/7 architecture,889.73,48,2024-01-08
6189,208,5,Automated client-server challenge,589.81,135,2024-02-26
6190,349,9,Visionary next generation extranet,731.17,141,2026-03-30
6191,576,2,Realigned leadingedge utilization,105.65,266,2024-09-25
6192,444,6,Seamless disintermediate algorithm,92.77,495,2024-06-19
6193,186,2,Polarized even-keeled monitoring,31.02,199,2024-04-26
6194,479,9,Extended mission-critical secured line,615.57,242,2023-02-08
6195,315,9,Vision-oriented logistical info-mediaries,640.73,480,2024-04-06
6196,386,5,Reactive bifurcated alliance,565.19,270,2023-07-14
6197,86,12,Front-line contextually-based focus group,372.63,173,2026-04-01
6198,359,15,Polarized background knowledge user,328.47,419,2026-02-05
6199,382,10,Face-to-face foreground initiative,839.18,85,2023-05-31
6200,253,8,Inverse national instruction set,518.55,101,2023-08-02
6201,214,13,Automated multi-state success,768.58,99,2025-03-17
6202,345,10,Reactive contextually-based circuit,449.4,250,2025-03-29
6203,473,7,Extended full-range budgetary management,470.09,243,2025-09-26
6204,375,10,Open-source modular application,192.58,403,2026-02-18
6205,436,2,Reverse-engineered cohesive help-desk,191.7,397,2024-09-24
6206,92,8,Stand-alone leadingedge intranet,234.86,304,2023-05-30
6207,599,6,Focused fault-tolerant methodology,201.94,416,2026-02-11
6208,25,9,Intuitive multi-tasking policy,588.85,409,2024-09-01
6209,184,7,Cross-group hybrid capability,709.02,437,2023-09-24
6210,197,4,Upgradable real-time methodology,548.98,6,2025-09-30
6211,416,2,Diverse dedicated project,330.16,14,2023-03-09
6212,97,2,Proactive attitude-oriented migration,78.38,312,2023-08-06
6213,343,5,Face-to-face demand-driven functionalities,475.48,0,2024-09-22
6214,290,3,Enterprise-wide multi-tasking adapter,675.69,211,2024-05-29
6215,512,10,Re-contextualized national leverage,144.86,38,2024-06-19
6216,600,10,Operative optimizing capability,16.42,1,2025-12-10
6217,404,2,Organic empowering policy,721.19,196,2024-05-27
6218,472,12,Organized zero tolerance access,547.0,159,2026-05-19
6219,585,2,Networked holistic conglomeration,311.64,463,2025-09-12
6220,230,9,Organic radical Internet solution,597.02,13,2025-02-20
6221,466,10,Customer-focused coherent extranet,845.04,195,2025-08-03
6222,237,7,Sharable web-enabled protocol,409.61,500,2023-03-16
6223,599,11,Down-sized client-server structure,357.98,23,2024-01-07
6224,199,8,Advanced dedicated structure,167.17,156,2024-04-03
6225,178,1,Robust client-driven array,330.62,408,2025-03-03
6226,582,10,Centralized bandwidth-monitored secured line,397.74,81,2024-06-30
6227,372,10,Multi-tiered background function,885.83,53,2025-01-15
6228,371,15,Profit-focused web-enabled artificial intelligence,615.4,316,2024-02-05
6229,161,13,Decentralized methodical initiative,789.41,239,2023-01-15
6230,122,2,Re-contextualized empowering functionalities,614.75,157,2026-06-20
6231,99,14,Synchronized composite methodology,868.72,346,2025-10-19
6232,211,11,Open-architected stable customer loyalty,728.49,373,2025-04-27
6233,5,14,Advanced reciprocal instruction set,869.93,217,2025-11-06
6234,349,7,Multi-layered 6thgeneration alliance,460.0,352,2026-01-02
6235,564,7,Innovative zero administration alliance,680.11,17,2025-12-08
6236,352,11,Customer-focused attitude-oriented Internet solution,546.42,102,2024-12-11
6237,513,7,Implemented grid-enabled moderator,887.74,245,2026-04-25
6238,301,14,Cross-platform local product,195.21,356,2024-02-03
6239,421,5,Upgradable regional knowledge user,248.02,254,2023-04-15
6240,173,7,Vision-oriented multi-state capacity,184.67,250,2025-03-21
6241,505,11,De-engineered optimizing flexibility,384.74,410,2024-12-19
6242,404,13,Triple-buffered bottom-line focus group,785.32,135,2024-11-16
6243,531,8,Ameliorated interactive artificial intelligence,591.95,198,2025-02-27
6244,266,14,Distributed transitional software,527.1,135,2025-06-25
6245,81,6,Expanded responsive artificial intelligence,321.45,321,2024-05-03
6246,282,14,Future-proofed tertiary collaboration,401.79,129,2024-10-16
6247,37,12,Fundamental background strategy,576.47,129,2023-02-18
6248,374,4,Front-line 3rdgeneration encoding,401.19,86,2026-05-14
6249,6,9,Programmable optimal matrices,653.84,347,2025-12-09
6250,408,6,Organic directional toolset,791.24,328,2026-07-01
6251,265,6,Customer-focused cohesive info-mediaries,790.38,121,2025-06-22
6252,358,5,Monitored 4thgeneration approach,500.79,482,2023-03-08
6253,494,9,Organized system-worthy groupware,11.52,117,2025-12-25
6254,222,4,Implemented 6thgeneration instruction set,657.8,190,2025-04-05
6255,595,4,Up-sized discrete benchmark,171.93,310,2023-09-05
6256,254,7,De-engineered coherent Graphic Interface,542.74,155,2025-12-10
6257,44,12,Monitored responsive groupware,827.32,415,2023-03-01
6258,487,4,Cross-platform bottom-line orchestration,415.44,28,2024-07-16
6259,90,6,Persistent composite instruction set,6.16,450,2025-03-02
6260,224,3,Extended bandwidth-monitored intranet,730.65,361,2024-06-11
6261,31,6,Synchronized context-sensitive standardization,97.5,410,2023-10-17
6262,418,6,Organic client-driven access,467.28,445,2025-12-27
6263,463,11,Networked high-level project,525.37,105,2024-02-18
6264,299,15,Monitored bottom-line superstructure,358.13,143,2025-05-24
6265,273,12,Secured explicit paradigm,885.18,403,2025-03-18
6266,443,12,Proactive demand-driven middleware,38.41,111,2023-10-07
6267,498,4,Open-source content-based interface,740.89,292,2026-06-22
6268,486,5,Digitized tertiary application,104.75,304,2023-10-28
6269,55,12,Diverse intermediate attitude,859.65,294,2024-08-03
6270,72,1,Exclusive next generation initiative,790.02,10,2024-01-02
6271,501,7,Phased solution-oriented standardization,45.19,411,2025-12-28
6272,113,11,Digitized fresh-thinking contingency,787.09,167,2023-08-24
6273,402,5,Switchable needs-based core,879.18,134,2026-04-27
6274,473,8,Customizable upward-trending neural-net,511.36,240,2024-02-19
6275,531,4,Organic well-modulated solution,896.27,441,2023-02-14
6276,438,2,Automated transitional forecast,240.9,110,2024-10-20
6277,458,14,Multi-layered analyzing strategy,591.48,138,2025-08-26
6278,541,10,Exclusive zero tolerance methodology,193.27,174,2023-02-16
6279,353,11,Total zero tolerance workforce,682.86,328,2024-01-11
6280,420,1,Implemented zero-defect application,171.22,239,2023-03-01
6281,414,14,Focused zero-defect extranet,477.42,171,2025-06-05
6282,482,1,Polarized homogeneous definition,435.38,325,2026-01-14
6283,123,3,Ergonomic value-added framework,541.73,122,2025-03-28
6284,98,14,Persevering grid-enabled strategy,200.48,56,2023-09-18
6285,193,8,Right-sized stable framework,418.23,186,2026-05-10
6286,534,5,Triple-buffered radical database,864.15,52,2024-02-29
6287,255,8,Expanded directional architecture,373.04,256,2025-07-02
6288,10,6,Optional real-time installation,825.41,258,2023-01-24
6289,502,10,Multi-lateral 4thgeneration time-frame,64.18,22,2025-04-08
6290,373,2,Focused next generation conglomeration,798.36,419,2025-05-25
6291,274,1,Switchable 3rdgeneration functionalities,448.87,494,2025-07-20
6292,541,4,Distributed modular approach,686.4,348,2024-09-09
6293,452,9,Advanced static analyzer,659.01,262,2024-02-06
6294,11,4,Quality-focused hybrid Local Area Network,232.59,430,2024-12-20
6295,474,4,Open-architected tangible function,392.4,443,2024-11-03
6296,292,12,Front-line incremental process improvement,612.15,444,2024-08-19
6297,269,10,Triple-buffered upward-trending focus group,120.71,94,2025-11-18
6298,60,10,Upgradable user-facing secured line,13.84,60,2025-07-14
6299,568,14,User-friendly multi-state task-force,738.15,125,2025-03-09
6300,263,4,Visionary multi-tasking contingency,666.71,42,2025-05-26
6301,505,12,Intuitive non-volatile hardware,469.73,382,2025-10-26
6302,274,5,Decentralized non-volatile benchmark,894.48,455,2023-03-27
6303,565,9,Synergized asynchronous access,594.79,461,2024-10-08
6304,221,1,Open-architected national projection,183.9,95,2023-03-10
6305,473,11,Re-engineered uniform capability,799.27,223,2023-01-11
6306,351,3,Customizable 6thgeneration service-desk,383.87,319,2023-04-21
6307,128,12,Managed object-oriented encryption,328.62,105,2023-03-19
6308,134,10,Business-focused methodical migration,853.07,337,2026-06-28
6309,412,7,Focused tangible algorithm,180.26,10,2026-05-14
6310,170,15,Customer-focused impactful conglomeration,225.06,435,2025-03-29
6311,362,5,Right-sized multimedia model,872.29,500,2024-05-16
6312,31,8,Inverse value-added knowledgebase,539.52,303,2023-08-29
6313,362,5,Polarized even-keeled framework,725.55,430,2023-05-04
6314,185,11,Public-key uniform data-warehouse,419.3,473,2023-12-01
6315,27,2,Ameliorated upward-trending Local Area Network,135.63,499,2026-06-01
6316,366,4,Multi-channeled system-worthy help-desk,88.6,499,2024-10-30
6317,5,1,Progressive zero tolerance standardization,266.51,102,2023-06-10
6318,545,3,Integrated stable middleware,631.3,388,2025-02-26
6319,530,3,Vision-oriented global open system,727.92,28,2024-09-08
6320,542,14,Enterprise-wide upward-trending data-warehouse,116.37,354,2023-03-08
6321,581,4,Decentralized disintermediate neural-net,819.48,28,2024-12-10
6322,305,9,Persistent 3rdgeneration firmware,262.65,229,2024-03-21
6323,529,6,Sharable contextually-based hub,401.89,422,2025-09-21
6324,458,15,Decentralized value-added Graphic Interface,188.08,415,2025-12-12
6325,154,5,Public-key mobile alliance,748.76,168,2024-11-01
6326,243,9,Universal radical intranet,747.72,191,2023-06-23
6327,549,3,Programmable leadingedge capacity,439.98,440,2024-01-20
6328,528,14,Synergistic coherent data-warehouse,128.57,477,2024-07-16
6329,135,10,Inverse motivating open system,322.75,489,2023-07-21
6330,517,6,Decentralized explicit software,170.27,185,2025-01-17
6331,479,11,Balanced regional complexity,379.82,270,2025-12-13
6332,82,6,Up-sized responsive installation,815.2,302,2023-03-26
6333,250,1,Monitored attitude-oriented archive,843.48,63,2026-03-23
6334,434,12,Triple-buffered reciprocal challenge,655.4,425,2026-06-24
6335,337,14,Assimilated fault-tolerant hierarchy,276.47,379,2025-10-24
6336,465,7,Extended background Graphical User Interface,97.46,409,2024-11-24
6337,16,14,Universal maximized project,639.19,150,2025-11-15
6338,568,5,Virtual 4thgeneration core,528.75,58,2024-10-28
6339,32,9,Visionary discrete paradigm,517.03,335,2024-06-06
6340,296,7,Team-oriented 3rdgeneration application,642.09,21,2024-05-01
6341,341,1,Future-proofed impactful success,402.03,435,2025-04-25
6342,370,6,Function-based global Internet solution,706.54,307,2024-03-06
6343,378,14,Vision-oriented mission-critical neural-net,302.7,261,2023-06-09
6344,64,9,Secured zero administration methodology,682.18,68,2023-11-09
6345,458,8,Multi-channeled explicit infrastructure,699.48,153,2025-07-04
6346,463,11,Innovative 24/7 data-warehouse,449.49,252,2024-07-10
6347,382,10,Switchable 3rdgeneration encryption,787.11,189,2024-08-04
6348,121,3,Persistent tertiary conglomeration,199.05,229,2023-10-31
6349,296,12,Organic incremental implementation,530.17,415,2024-05-23
6350,495,10,Extended optimal knowledge user,425.58,19,2023-02-04
6351,506,1,Mandatory reciprocal paradigm,641.06,447,2024-11-08
6352,373,10,Public-key fault-tolerant encryption,885.02,280,2024-09-27
6353,583,12,Enterprise-wide systemic project,664.79,236,2024-06-27
6354,109,7,Centralized intangible neural-net,386.59,101,2026-02-28
6355,350,13,Re-engineered executive knowledge user,382.48,432,2025-09-27
6356,121,3,Right-sized 6thgeneration moderator,300.24,300,2024-03-28
6357,352,15,Synergized explicit access,31.73,86,2025-07-11
6358,442,8,Intuitive national projection,240.83,375,2023-02-12
6359,385,5,Polarized maximized database,115.9,79,2023-11-10
6360,503,3,Persevering fault-tolerant secured line,613.18,203,2025-01-08
6361,203,13,Sharable full-range toolset,61.15,144,2025-01-23
6362,116,12,Secured bifurcated conglomeration,566.71,141,2023-07-31
6363,509,15,Automated stable utilization,836.35,419,2023-04-12
6364,58,6,Digitized background ability,258.2,186,2024-11-19
6365,570,4,Reduced bottom-line focus group,712.31,180,2024-12-29
6366,345,15,Robust asynchronous initiative,748.54,472,2025-06-10
6367,192,2,Universal secondary time-frame,384.44,285,2024-03-15
6368,209,6,Quality-focused zero administration methodology,715.92,475,2025-09-17
6369,425,7,Inverse responsive synergy,460.52,286,2026-06-08
6370,365,13,Organic empowering superstructure,11.95,411,2026-04-03
6371,94,1,Universal optimal concept,454.94,388,2023-04-15
6372,301,4,Distributed clear-thinking analyzer,76.1,45,2025-01-28
6373,338,11,Adaptive secondary moratorium,427.03,164,2023-11-21
6374,96,11,Fundamental empowering attitude,647.78,233,2026-04-09
6375,238,4,Multi-tiered next generation solution,354.91,196,2023-04-05
6376,249,14,Optimized encompassing hub,66.36,348,2025-05-10
6377,37,9,Persistent empowering projection,520.29,493,2025-11-26
6378,519,9,Multi-tiered intangible leverage,318.47,347,2023-02-20
6379,91,1,Diverse non-volatile architecture,334.85,404,2026-02-04
6380,202,10,Versatile fresh-thinking hierarchy,75.05,55,2025-01-26
6381,210,3,Grass-roots multimedia matrices,44.11,207,2024-08-06
6382,50,1,Devolved uniform moderator,551.91,97,2024-05-01
6383,223,10,Robust context-sensitive frame,392.91,255,2026-04-18
6384,44,3,Synchronized interactive matrices,819.12,340,2024-04-28
6385,557,9,Face-to-face uniform knowledge user,574.46,265,2023-12-14
6386,65,9,Multi-channeled value-added task-force,481.39,108,2025-12-17
6387,305,5,Open-source logistical policy,857.56,230,2025-11-30
6388,102,13,Versatile next generation flexibility,681.54,395,2025-07-16
6389,443,7,Proactive tangible groupware,227.37,451,2024-07-13
6390,139,12,Assimilated motivating model,12.06,119,2024-09-04
6391,525,12,Devolved encompassing implementation,87.96,150,2024-01-17
6392,415,7,Enterprise-wide bifurcated Internet solution,266.42,142,2023-11-01
6393,423,5,Managed responsive leverage,250.95,15,2024-06-11
6394,475,11,Automated actuating product,505.12,392,2023-12-07
6395,507,10,Public-key demand-driven attitude,739.28,208,2024-05-05
6396,453,10,Cloned neutral synergy,707.47,167,2025-11-27
6397,96,11,Focused contextually-based leverage,625.28,242,2025-06-27
6398,310,5,Down-sized contextually-based encoding,550.39,86,2024-09-29
6399,398,9,Cloned tertiary leverage,404.04,45,2024-09-18
6400,264,7,Managed global task-force,734.82,111,2026-03-11
6401,343,4,Stand-alone tertiary budgetary management,87.2,167,2024-11-07
6402,448,7,Face-to-face executive neural-net,283.29,73,2024-02-06
6403,286,1,Down-sized modular initiative,847.68,320,2025-02-14
6404,598,13,Visionary tertiary intranet,14.93,284,2026-03-03
6405,385,5,Switchable intermediate toolset,690.27,301,2025-03-06
6406,400,7,Re-engineered scalable paradigm,602.56,413,2025-11-29
6407,66,15,Innovative background throughput,113.94,275,2024-01-08
6408,143,10,Polarized 24/7 matrices,704.43,74,2024-05-12
6409,140,5,Business-focused radical interface,348.41,251,2023-10-09
6410,191,15,Extended optimizing knowledge user,51.94,239,2024-03-01
6411,236,8,Operative even-keeled access,637.76,396,2024-07-06
6412,55,7,Pre-emptive motivating challenge,609.55,32,2024-02-22
6413,528,7,Synergistic non-volatile parallelism,445.28,154,2025-12-02
6414,335,8,Front-line hybrid initiative,453.78,26,2024-06-27
6415,338,6,Persistent asymmetric encoding,527.78,351,2024-10-28
6416,461,11,Sharable fault-tolerant analyzer,362.45,419,2025-01-31
6417,472,9,Secured holistic analyzer,349.9,346,2023-01-05
6418,56,15,Digitized intangible focus group,320.53,34,2023-09-27
6419,406,11,Synergized asynchronous workforce,675.0,333,2025-05-19
6420,268,11,Visionary needs-based intranet,233.62,308,2024-06-24
6421,220,7,Enterprise-wide directional monitoring,824.35,84,2025-08-14
6422,38,6,Right-sized homogeneous standardization,372.91,130,2025-06-08
6423,364,4,Re-engineered interactive secured line,795.11,409,2024-06-02
6424,182,1,Progressive incremental archive,59.99,77,2023-06-29
6425,523,7,Monitored radical concept,401.54,233,2023-07-24
6426,378,3,Assimilated incremental success,50.37,166,2023-06-19
6427,589,2,Integrated composite core,516.62,270,2024-12-12
6428,23,13,Diverse bottom-line open architecture,309.59,191,2023-07-27
6429,242,4,Business-focused neutral budgetary management,288.35,436,2026-01-25
6430,328,1,Stand-alone uniform budgetary management,491.35,320,2024-06-22
6431,193,15,Open-architected interactive website,171.13,95,2026-02-26
6432,513,14,Public-key 4thgeneration pricing structure,836.56,460,2025-05-16
6433,421,12,Optional secondary function,895.61,95,2025-09-30
6434,49,13,Synergistic multi-state initiative,254.83,106,2024-02-23
6435,562,2,Advanced value-added encoding,6.39,20,2025-11-01
6436,80,12,Versatile reciprocal service-desk,742.0,22,2023-03-20
6437,373,3,Extended coherent collaboration,118.57,41,2025-12-18
6438,274,6,Ergonomic exuding orchestration,415.91,429,2024-08-28
6439,595,14,Vision-oriented local strategy,691.12,185,2026-06-19
6440,22,6,Down-sized local orchestration,763.27,242,2023-02-08
6441,185,6,Advanced multimedia time-frame,556.69,219,2023-07-15
6442,116,13,Universal dynamic extranet,264.48,162,2025-10-28
6443,199,1,Synergistic zero tolerance matrix,284.33,444,2023-01-13
6444,496,8,Balanced multi-tasking access,659.75,379,2025-01-20
6445,127,4,Horizontal contextually-based pricing structure,40.92,39,2023-01-23
6446,157,15,Quality-focused homogeneous analyzer,801.04,71,2023-08-11
6447,412,9,Enterprise-wide 5thgeneration encryption,530.96,147,2024-11-25
6448,206,14,Fundamental web-enabled policy,416.6,144,2025-07-04
6449,245,14,Fully-configurable explicit contingency,143.71,145,2024-05-18
6450,85,10,Fully-configurable upward-trending success,117.99,144,2024-05-24
6451,90,3,Extended 6thgeneration Graphic Interface,375.31,210,2024-12-20
6452,408,14,User-friendly human-resource middleware,43.69,113,2024-02-17
6453,412,2,Upgradable client-server capability,814.36,495,2024-12-29
6454,348,9,Sharable transitional capability,24.83,390,2023-10-26
6455,257,8,Centralized contextually-based database,296.64,173,2023-11-03
6456,432,8,Cloned 5thgeneration utilization,846.45,457,2023-04-21
6457,248,7,Front-line systemic moratorium,568.0,242,2023-04-28
6458,148,8,Adaptive motivating project,652.99,57,2023-01-16
6459,8,15,Networked real-time architecture,864.34,462,2025-06-13
6460,564,8,Robust dedicated interface,42.28,296,2023-01-06
6461,327,8,Horizontal optimal capability,861.44,395,2023-05-26
6462,183,2,Focused web-enabled core,629.54,46,2025-02-23
6463,465,14,User-friendly homogeneous framework,620.89,103,2024-01-05
6464,247,6,Business-focused system-worthy capacity,720.49,96,2026-03-22
6465,236,13,Diverse analyzing middleware,628.14,118,2023-02-04
6466,380,5,Diverse global matrix,479.09,375,2026-04-08
6467,328,2,Seamless background analyzer,784.42,214,2024-11-08
6468,485,14,Business-focused secondary complexity,55.17,226,2026-04-06
6469,304,4,Operative context-sensitive success,135.02,55,2025-12-17
6470,233,1,Front-line background capacity,137.37,90,2025-03-21
6471,272,7,Object-based modular toolset,676.13,401,2024-11-15
6472,339,12,Total fresh-thinking productivity,103.77,12,2023-10-20
6473,36,5,Front-line impactful challenge,66.59,396,2023-05-13
6474,331,12,Integrated multi-tasking software,277.77,258,2023-03-09
6475,324,2,Organic motivating flexibility,49.65,113,2024-01-25
6476,292,7,Profound high-level infrastructure,698.34,370,2024-05-22
6477,230,7,Decentralized cohesive open architecture,186.75,121,2023-01-14
6478,324,8,Organic explicit paradigm,639.25,188,2024-09-11
6479,199,8,Robust background leverage,631.99,27,2023-01-06
6480,592,14,Object-based 6thgeneration Internet solution,488.52,144,2023-09-02
6481,416,13,Optional content-based functionalities,891.8,119,2025-07-12
6482,460,1,Multi-channeled empowering conglomeration,577.6,75,2023-07-16
6483,474,1,Assimilated zero administration attitude,746.46,382,2024-07-06
6484,452,1,Customizable methodical secured line,104.62,94,2024-11-29
6485,174,9,Expanded needs-based policy,809.17,427,2024-04-03
6486,218,15,Robust clear-thinking array,820.48,419,2026-03-03
6487,482,2,Grass-roots intangible capability,406.92,430,2026-01-09
6488,384,7,Cross-group optimal capability,478.61,232,2025-02-14
6489,456,6,Re-engineered multimedia customer loyalty,37.94,309,2023-07-13
6490,506,12,Re-engineered bifurcated data-warehouse,216.89,352,2026-02-26
6491,245,1,Implemented composite protocol,688.3,35,2023-04-28
6492,356,12,Focused bottom-line Graphic Interface,329.95,422,2026-04-22
6493,86,13,Extended 5thgeneration interface,343.68,393,2026-01-27
6494,194,4,Cross-platform 24hour moderator,647.13,37,2025-09-26
6495,217,15,Future-proofed responsive synergy,341.32,329,2025-10-20
6496,29,9,Exclusive zero-defect complexity,543.92,418,2024-06-11
6497,308,1,Fully-configurable value-added protocol,350.2,360,2024-08-29
6498,364,14,Customizable static complexity,138.56,378,2024-11-15
6499,585,4,Business-focused attitude-oriented framework,838.59,188,2025-08-14
6500,22,11,Progressive maximized throughput,450.22,481,2025-02-21
6501,378,1,Focused grid-enabled frame,521.0,200,2024-01-04
6502,13,8,Horizontal human-resource circuit,486.49,331,2024-10-18
6503,436,3,Multi-layered reciprocal knowledge user,589.02,369,2024-01-09
6504,461,2,Synchronized even-keeled adapter,524.96,419,2023-11-24
6505,421,1,Decentralized system-worthy functionalities,685.27,500,2025-02-23
6506,67,2,Customer-focused mobile productivity,507.19,262,2023-02-10
6507,121,1,Decentralized explicit standardization,890.91,453,2024-03-27
6508,447,14,Extended heuristic infrastructure,7.88,332,2023-05-20
6509,286,14,Distributed motivating complexity,516.73,417,2026-02-12
6510,69,11,Monitored asymmetric hierarchy,423.27,25,2024-02-07
6511,140,8,Grass-roots 3rdgeneration open architecture,622.8,341,2023-12-11
6512,541,1,Front-line global Internet solution,313.52,432,2025-12-08
6513,473,8,Extended 6thgeneration synergy,741.83,435,2025-10-12
6514,51,2,Decentralized executive product,253.38,301,2025-08-08
6515,138,12,Sharable grid-enabled benchmark,350.19,66,2023-07-25
6516,108,10,Open-architected empowering pricing structure,305.58,331,2026-05-13
6517,411,5,Public-key static matrix,393.43,493,2025-10-02
6518,461,4,Operative logistical flexibility,573.98,492,2026-05-02
6519,371,7,Optional multimedia focus group,627.34,288,2023-08-18
6520,172,3,Persevering solution-oriented policy,38.03,443,2023-09-04
6521,210,6,Seamless actuating initiative,364.13,438,2026-03-11
6522,471,13,Visionary clear-thinking hub,257.66,271,2026-06-02
6523,179,6,Universal zero-defect archive,45.16,253,2024-12-31
6524,109,7,Implemented high-level policy,422.93,136,2025-12-11
6525,427,11,Extended user-facing algorithm,428.22,185,2026-01-13
6526,124,9,Secured asynchronous migration,121.98,57,2025-09-30
6527,509,5,Horizontal systematic monitoring,461.07,483,2024-07-31
6528,512,8,Profound cohesive extranet,548.45,191,2026-06-11
6529,342,11,Distributed asymmetric archive,497.3,110,2026-01-04
6530,241,6,User-centric 3rdgeneration methodology,351.02,296,2026-04-23
6531,481,13,Automated client-driven moratorium,116.15,179,2023-10-24
6532,37,14,Programmable disintermediate instruction set,76.82,102,2023-05-07
6533,390,15,Decentralized upward-trending paradigm,232.47,327,2026-03-29
6534,127,3,Intuitive human-resource customer loyalty,346.45,251,2023-08-18
6535,592,2,Face-to-face tangible implementation,513.88,492,2026-04-13
6536,590,4,Future-proofed fresh-thinking product,193.67,122,2023-03-18
6537,218,11,Fundamental regional toolset,73.28,391,2026-02-10
6538,490,9,Intuitive 3rdgeneration utilization,198.98,164,2025-03-16
6539,544,3,Re-contextualized client-driven frame,466.45,377,2025-09-04
6540,383,4,Expanded bandwidth-monitored function,215.69,431,2024-11-09
6541,183,7,Vision-oriented value-added monitoring,622.13,27,2023-10-06
6542,284,13,Configurable neutral Internet solution,496.22,251,2024-06-03
6543,492,9,Fundamental full-range product,115.87,95,2026-02-17
6544,162,7,Stand-alone systematic array,533.84,340,2026-04-21
6545,202,5,Switchable hybrid contingency,672.67,62,2025-07-14
6546,237,10,Multi-layered asymmetric algorithm,876.32,409,2023-09-19
6547,141,10,Fundamental asymmetric complexity,202.81,225,2025-07-31
6548,523,7,Digitized maximized leverage,305.39,477,2023-01-17
6549,251,10,Integrated bandwidth-monitored framework,587.66,351,2025-06-18
6550,383,14,Horizontal 24hour concept,683.43,331,2023-04-24
6551,324,6,Down-sized bifurcated benchmark,869.06,354,2025-10-10
6552,495,13,Synergized analyzing migration,761.29,40,2025-07-28
6553,308,4,Customer-focused bottom-line capability,71.37,64,2024-09-08
6554,217,5,Reduced client-driven solution,578.45,105,2024-12-17
6555,254,9,Customizable high-level collaboration,832.86,39,2023-05-21
6556,339,8,Automated 24hour access,319.78,438,2026-04-18
6557,145,15,Reverse-engineered bifurcated support,871.97,80,2023-04-13
6558,279,9,Re-contextualized intermediate hardware,35.99,403,2024-01-21
6559,390,10,Virtual interactive strategy,633.13,191,2025-07-12
6560,361,7,Profound fresh-thinking firmware,171.87,313,2024-06-09
6561,202,4,Multi-tiered upward-trending moderator,521.06,208,2026-01-02
6562,387,15,Exclusive fault-tolerant focus group,744.96,235,2023-01-10
6563,534,9,Phased multimedia support,287.29,8,2025-03-29
6564,587,13,Right-sized methodical capability,248.68,396,2026-04-01
6565,280,5,Enterprise-wide mission-critical intranet,722.66,30,2023-05-19
6566,17,5,Stand-alone hybrid Local Area Network,135.58,249,2026-04-29
6567,486,5,Enterprise-wide mission-critical architecture,561.89,178,2024-07-24
6568,599,3,Triple-buffered 5thgeneration product,107.68,490,2023-01-03
6569,110,14,Optimized local migration,474.48,36,2025-10-31
6570,559,15,Profit-focused global customer loyalty,578.13,212,2026-06-05
6571,117,4,Organic incremental moratorium,863.64,390,2026-04-15
6572,252,6,Ergonomic web-enabled initiative,406.22,488,2024-10-19
6573,216,9,Vision-oriented asynchronous info-mediaries,279.47,257,2023-06-08
6574,104,2,Progressive motivating function,295.82,255,2023-03-18
6575,194,5,Open-architected coherent contingency,414.95,202,2023-04-19
6576,95,14,Balanced methodical project,880.01,210,2024-08-09
6577,166,7,Open-source optimizing database,172.69,426,2024-11-15
6578,332,5,Up-sized methodical Local Area Network,377.51,83,2023-01-07
6579,183,2,Fundamental foreground frame,748.31,174,2024-05-28
6580,399,10,User-friendly client-server support,639.72,86,2023-10-23
6581,256,10,Assimilated optimizing orchestration,259.61,250,2023-06-20
6582,456,4,Switchable methodical conglomeration,601.43,117,2024-07-19
6583,395,7,Face-to-face static instruction set,822.19,470,2024-11-28
6584,266,8,User-centric foreground middleware,618.23,369,2023-04-14
6585,428,1,Organized needs-based focus group,717.51,127,2026-03-14
6586,539,14,Open-architected maximized monitoring,886.82,26,2025-06-23
6587,592,13,Open-architected uniform parallelism,324.93,200,2024-01-24
6588,346,3,Customer-focused dynamic firmware,71.72,323,2023-06-24
6589,182,1,Automated needs-based product,821.79,84,2024-08-19
6590,110,8,Diverse client-server framework,307.46,34,2025-02-23
6591,527,1,Cross-platform 4thgeneration orchestration,815.36,172,2025-06-12
6592,260,11,Ameliorated client-driven artificial intelligence,747.84,270,2024-11-18
6593,277,2,Compatible discrete Internet solution,176.6,345,2024-02-08
6594,446,7,Up-sized well-modulated service-desk,326.88,411,2023-01-26
6595,144,9,Automated analyzing Graphical User Interface,309.78,481,2026-05-08
6596,69,6,Triple-buffered local middleware,814.78,356,2024-10-16
6597,566,2,Programmable disintermediate structure,398.11,313,2023-07-22
6598,383,12,Synergistic next generation hub,428.72,87,2026-03-04
6599,61,12,Automated coherent intranet,299.62,377,2024-09-14
6600,183,3,Innovative stable ability,81.64,299,2023-08-26
6601,106,11,Re-engineered systemic framework,258.4,292,2026-04-08
6602,277,9,Advanced needs-based matrix,106.04,56,2024-08-05
6603,8,13,Distributed analyzing function,80.25,417,2025-11-17
6604,371,12,Pre-emptive web-enabled info-mediaries,634.42,461,2026-03-28
6605,596,4,Universal scalable hierarchy,524.53,145,2023-12-11
6606,423,6,Re-engineered 3rdgeneration open architecture,142.67,463,2023-09-05
6607,167,14,Realigned value-added neural-net,640.98,55,2025-07-11
6608,310,15,Enhanced grid-enabled approach,43.44,26,2026-06-22
6609,519,11,Optional impactful analyzer,275.93,157,2025-06-11
6610,516,9,Visionary radical interface,864.51,200,2025-04-05
6611,373,10,Horizontal impactful methodology,271.07,37,2026-01-15
6612,151,8,Quality-focused system-worthy collaboration,172.01,409,2026-05-13
6613,128,4,Open-architected motivating approach,597.55,234,2024-10-31
6614,105,15,Expanded tangible methodology,377.62,489,2024-07-13
6615,591,2,Versatile upward-trending parallelism,896.54,494,2024-10-03
6616,196,13,Grass-roots bandwidth-monitored intranet,138.82,58,2026-02-20
6617,27,15,Virtual empowering groupware,90.11,97,2023-05-07
6618,530,6,Multi-lateral didactic open system,794.98,111,2023-07-29
6619,368,7,Expanded system-worthy extranet,746.79,273,2023-12-16
6620,242,5,Multi-lateral motivating orchestration,168.8,128,2023-01-26
6621,129,3,Cross-group executive emulation,793.85,448,2024-05-30
6622,405,3,Extended maximized focus group,848.68,244,2023-06-17
6623,249,13,Cloned holistic project,146.49,71,2024-10-03
6624,253,15,Organized coherent moderator,752.34,387,2024-06-02
6625,163,4,Customer-focused context-sensitive circuit,485.51,225,2023-03-22
6626,459,8,Open-source empowering knowledgebase,349.44,159,2023-10-03
6627,203,11,Programmable leadingedge function,893.6,478,2026-04-23
6628,549,8,Progressive leadingedge implementation,577.6,465,2025-05-23
6629,405,15,Ergonomic client-server task-force,425.43,26,2026-01-09
6630,512,8,User-friendly reciprocal firmware,777.61,38,2023-03-23
6631,460,11,Vision-oriented client-server superstructure,307.54,406,2024-08-21
6632,54,1,Grass-roots mobile framework,220.78,111,2023-03-15
6633,380,14,Seamless disintermediate structure,70.36,352,2026-05-10
6634,505,15,Public-key next generation collaboration,134.44,408,2025-08-04
6635,141,6,Persistent object-oriented interface,252.47,221,2024-12-10
6636,297,15,Ergonomic asymmetric ability,62.92,381,2025-12-25
6637,213,10,Customizable cohesive definition,164.19,432,2025-06-08
6638,240,10,Horizontal didactic task-force,498.05,358,2024-01-15
6639,225,9,Multi-lateral fault-tolerant contingency,593.51,412,2026-02-03
6640,174,13,Function-based regional hardware,835.47,295,2024-01-26
6641,391,11,Monitored regional collaboration,176.57,343,2023-12-07
6642,471,9,Open-architected tertiary project,587.55,264,2023-02-13
6643,490,15,Reverse-engineered exuding instruction set,885.49,470,2023-03-23
6644,281,3,Reverse-engineered empowering instruction set,587.38,118,2024-12-22
6645,468,13,Quality-focused dynamic definition,587.13,40,2025-12-03
6646,377,10,Reduced modular support,215.55,420,2023-06-15
6647,437,11,Customizable dedicated benchmark,522.83,95,2023-06-15
6648,196,6,Cloned intangible portal,228.24,362,2025-08-15
6649,59,6,Cross-platform dynamic Graphical User Interface,11.11,240,2023-01-07
6650,508,8,Realigned neutral artificial intelligence,340.58,370,2026-02-17
6651,565,15,Optional incremental hardware,698.01,152,2026-03-05
6652,290,11,Secured needs-based array,522.18,313,2025-03-29
6653,203,13,Profit-focused explicit knowledgebase,315.11,193,2025-10-30
6654,427,12,Automated mobile archive,862.57,64,2023-05-25
6655,244,9,Business-focused zero-defect model,841.25,415,2024-10-28
6656,593,6,Multi-layered foreground help-desk,70.29,399,2024-06-10
6657,566,5,Fundamental analyzing toolset,667.15,142,2023-12-17
6658,167,15,Team-oriented static Local Area Network,336.84,170,2024-11-20
6659,104,4,Future-proofed content-based throughput,736.32,422,2024-01-22
6660,36,12,Implemented national interface,298.02,34,2024-12-19
6661,302,2,Persevering reciprocal architecture,525.73,106,2024-12-26
6662,113,15,Realigned dedicated process improvement,674.14,473,2023-07-23
6663,27,10,Object-based dynamic throughput,372.59,158,2024-12-02
6664,110,11,Streamlined user-facing extranet,211.19,440,2025-05-28
6665,235,7,Cloned impactful collaboration,681.89,375,2026-05-24
6666,11,14,Organized system-worthy implementation,304.97,15,2024-05-30
6667,67,8,Enterprise-wide coherent info-mediaries,217.42,452,2023-10-19
6668,145,4,Proactive user-facing paradigm,238.42,214,2025-09-24
6669,515,13,Seamless asynchronous benchmark,729.8,444,2023-03-22
6670,204,15,Sharable hybrid instruction set,860.47,347,2023-12-20
6671,222,11,Cross-group motivating secured line,743.85,57,2023-10-14
6672,529,2,Re-engineered needs-based encoding,400.0,454,2025-12-13
6673,584,13,Synergized background array,210.89,483,2024-09-21
6674,454,12,Organic scalable focus group,615.37,383,2024-10-17
6675,143,14,Customer-focused 4thgeneration protocol,112.39,462,2023-11-27
6676,452,12,Sharable fault-tolerant customer loyalty,288.86,297,2025-05-16
6677,251,13,Exclusive zero-defect orchestration,771.67,456,2024-03-21
6678,73,2,De-engineered incremental algorithm,278.69,430,2024-02-26
6679,245,2,Profit-focused incremental conglomeration,808.4,273,2025-10-28
6680,413,3,Distributed intangible protocol,876.71,27,2025-06-03
6681,343,13,Proactive needs-based moderator,874.11,454,2024-06-15
6682,27,1,Polarized 24/7 open system,215.2,475,2025-12-26
6683,98,9,Assimilated bottom-line structure,722.03,124,2025-05-05
6684,305,9,Team-oriented 5thgeneration neural-net,856.88,366,2023-07-09
6685,39,15,Configurable human-resource time-frame,44.85,34,2025-10-22
6686,157,5,Streamlined dynamic workforce,72.83,129,2023-02-18
6687,558,2,Vision-oriented interactive alliance,405.72,68,2025-11-26
6688,269,7,Ameliorated high-level conglomeration,61.09,324,2026-01-31
6689,482,9,Virtual exuding product,403.82,405,2024-01-28
6690,189,13,Synergistic object-oriented customer loyalty,62.48,290,2026-05-27
6691,588,8,Realigned dedicated hierarchy,776.37,437,2023-01-23
6692,215,11,Business-focused regional ability,119.87,10,2024-07-27
6693,193,11,Expanded motivating concept,283.68,253,2024-06-07
6694,219,12,Cross-group high-level moderator,188.4,156,2023-09-23
6695,107,1,User-centric interactive concept,373.16,33,2023-04-03
6696,22,5,Synchronized full-range benchmark,759.88,0,2023-05-15
6697,13,11,Centralized bottom-line emulation,266.59,102,2023-09-07
6698,241,6,Down-sized bandwidth-monitored service-desk,332.91,491,2025-07-21
6699,585,5,Up-sized heuristic Graphic Interface,124.17,369,2025-08-25
6700,151,11,Phased responsive customer loyalty,614.45,347,2024-04-20
6701,366,7,De-engineered zero tolerance leverage,680.73,354,2025-08-08
6702,134,11,Right-sized 6thgeneration solution,81.14,193,2023-06-07
6703,536,13,Self-enabling methodical application,689.01,456,2026-02-19
6704,597,9,Virtual local attitude,449.64,283,2025-07-18
6705,503,7,Grass-roots full-range success,431.12,224,2025-01-29
6706,66,4,Sharable multi-tasking throughput,452.58,237,2023-06-06
6707,132,13,Devolved context-sensitive database,195.7,274,2023-06-22
6708,546,10,Extended methodical analyzer,204.76,233,2023-11-26
6709,43,5,Expanded optimizing algorithm,458.47,115,2023-03-21
6710,282,6,Right-sized high-level approach,109.62,129,2024-10-15
6711,350,12,Triple-buffered needs-based ability,453.65,475,2025-11-10
6712,87,11,Synergized mobile website,664.2,233,2024-04-02
6713,288,2,Customer-focused systemic access,486.99,460,2023-03-04
6714,511,10,Decentralized heuristic portal,593.29,398,2024-09-30
6715,42,4,Managed fresh-thinking pricing structure,565.6,407,2023-08-08
6716,357,15,Cross-platform optimal neural-net,438.58,163,2025-11-10
6717,340,10,Visionary fresh-thinking open system,177.46,291,2023-08-06
6718,553,11,Phased analyzing structure,296.12,338,2025-03-12
6719,144,1,Extended maximized complexity,328.71,142,2024-09-18
6720,196,13,Decentralized solution-oriented project,215.8,93,2025-07-06
6721,84,11,Up-sized encompassing access,509.36,128,2023-03-05
6722,421,4,Programmable client-driven workforce,467.31,433,2025-05-11
6723,468,1,Seamless heuristic protocol,130.53,27,2025-08-16
6724,77,13,Right-sized executive instruction set,322.82,234,2026-02-18
6725,286,3,Advanced human-resource task-force,54.37,458,2024-12-10
6726,368,11,Horizontal bifurcated paradigm,585.74,368,2024-11-20
6727,225,11,User-centric user-facing encoding,291.04,144,2023-03-15
6728,461,13,Face-to-face zero administration knowledge user,845.45,264,2026-04-30
6729,424,8,User-friendly full-range groupware,423.84,495,2025-10-27
6730,539,9,Diverse asymmetric hierarchy,874.97,300,2023-12-04
6731,139,13,Multi-layered analyzing workforce,99.73,473,2023-03-06
6732,40,8,Streamlined composite intranet,702.76,347,2023-01-19
6733,284,1,Organized bifurcated core,693.27,316,2024-09-27
6734,507,13,Networked reciprocal project,873.05,63,2023-12-22
6735,303,7,Synchronized mission-critical architecture,99.55,227,2025-01-21
6736,504,9,Re-engineered motivating flexibility,625.09,456,2024-07-26
6737,98,15,Robust foreground archive,25.56,355,2024-09-28
6738,566,7,Extended encompassing array,370.92,41,2025-12-04
6739,429,5,Face-to-face 5thgeneration Internet solution,856.17,76,2025-06-06
6740,130,13,Extended didactic initiative,266.64,421,2025-10-16
6741,61,12,Visionary needs-based middleware,236.58,280,2025-04-28
6742,482,2,Exclusive scalable process improvement,107.9,8,2023-08-29
6743,515,8,Exclusive optimizing solution,422.24,7,2024-04-17
6744,249,3,Multi-tiered static emulation,297.03,397,2023-04-07
6745,293,11,Visionary 24/7 throughput,267.9,402,2023-03-01
6746,475,4,Function-based empowering solution,125.46,430,2025-02-09
6747,434,13,Multi-tiered asymmetric hub,479.44,314,2025-09-15
6748,263,10,Multi-layered responsive implementation,731.09,347,2023-05-03
6749,219,11,Extended modular superstructure,699.33,133,2024-04-11
6750,526,2,Centralized composite knowledgebase,723.5,226,2026-05-03
6751,513,15,Proactive 6thgeneration complexity,532.94,73,2024-06-18
6752,414,14,Inverse dynamic middleware,518.37,145,2025-08-14
6753,23,5,Cross-platform grid-enabled complexity,770.28,62,2023-08-04
6754,197,1,Public-key zero-defect open system,88.44,218,2024-08-13
6755,251,3,Persevering interactive benchmark,226.47,416,2024-06-25
6756,366,12,Programmable even-keeled leverage,344.16,190,2023-07-18
6757,523,13,Versatile explicit implementation,116.6,237,2025-01-22
6758,83,15,Configurable upward-trending conglomeration,736.1,29,2023-02-14
6759,252,5,Organic full-range ability,221.61,388,2025-07-31
6760,278,4,Mandatory 4thgeneration toolset,657.3,79,2024-12-26
6761,391,13,Self-enabling dedicated instruction set,615.94,151,2023-02-28
6762,339,4,Centralized real-time core,345.04,161,2023-07-07
6763,159,4,Networked bifurcated concept,115.5,420,2024-11-20
6764,265,2,Ergonomic 6thgeneration archive,575.09,58,2026-04-27
6765,28,11,Pre-emptive interactive hierarchy,128.06,194,2023-01-24
6766,501,2,Automated bottom-line website,226.81,205,2026-04-09
6767,209,1,Enhanced multi-tasking productivity,706.72,184,2023-09-21
6768,181,2,Business-focused scalable knowledgebase,880.09,158,2024-06-26
6769,168,11,Synergized tangible knowledgebase,778.82,401,2025-06-15
6770,251,12,Diverse background collaboration,679.93,417,2024-02-14
6771,574,5,Configurable client-server capacity,604.44,161,2025-05-19
6772,123,2,Phased intermediate focus group,750.09,55,2024-10-02
6773,585,12,Distributed global artificial intelligence,551.93,138,2023-10-18
6774,424,13,Enhanced fault-tolerant circuit,633.08,273,2024-07-17
6775,338,6,Optimized leadingedge structure,192.63,390,2024-10-10
6776,549,3,Fully-configurable non-volatile adapter,364.31,65,2025-01-25
6777,62,9,Synergized eco-centric toolset,100.28,435,2026-06-07
6778,595,14,Customizable didactic project,767.62,159,2023-03-06
6779,188,13,Decentralized context-sensitive challenge,176.39,99,2024-12-12
6780,569,6,Team-oriented even-keeled infrastructure,535.87,422,2024-12-13
6781,524,1,Cross-platform methodical forecast,625.82,485,2024-11-13
6782,176,9,Up-sized impactful superstructure,468.49,172,2023-02-27
6783,508,6,Seamless uniform solution,45.78,254,2025-11-07
6784,91,10,Optimized methodical array,619.07,456,2025-07-12
6785,217,6,Operative 24/7 database,237.02,404,2024-08-26
6786,135,6,Team-oriented full-range interface,166.84,360,2025-08-27
6787,505,8,Reduced intangible initiative,436.76,146,2024-07-14
6788,580,7,Configurable uniform Graphical User Interface,241.76,300,2024-05-17
6789,35,5,Implemented hybrid capacity,387.28,413,2023-04-19
6790,50,7,Down-sized multi-state monitoring,12.78,290,2025-12-25
6791,524,15,Mandatory system-worthy website,126.46,152,2026-01-23
6792,445,3,Decentralized fault-tolerant time-frame,864.44,343,2025-07-25
6793,373,13,Cross-platform composite portal,331.67,106,2025-10-14
6794,474,10,User-friendly coherent Local Area Network,208.93,453,2026-02-25
6795,361,15,Multi-lateral homogeneous hub,588.16,148,2025-02-16
6796,22,10,Organic bandwidth-monitored artificial intelligence,95.09,62,2023-02-15
6797,261,1,Secured real-time toolset,423.66,440,2025-01-08
6798,260,13,Multi-channeled national knowledgebase,880.09,374,2024-02-10
6799,446,1,Synchronized optimizing application,87.85,222,2023-05-04
6800,588,14,Configurable demand-driven customer loyalty,892.51,437,2024-03-31
6801,145,14,Self-enabling grid-enabled productivity,570.84,129,2025-08-17
6802,32,8,Centralized impactful leverage,509.47,203,2023-10-06
6803,370,11,Profit-focused tangible infrastructure,844.57,406,2023-08-02
6804,489,5,Grass-roots systemic secured line,185.15,351,2025-03-18
6805,59,4,Vision-oriented zero administration contingency,122.86,30,2024-04-18
6806,599,5,Ergonomic zero-defect hardware,225.63,324,2026-05-08
6807,521,15,Seamless asynchronous customer loyalty,480.38,485,2024-07-01
6808,159,8,Universal high-level initiative,503.34,183,2023-11-15
6809,249,7,Organic neutral leverage,86.26,435,2025-10-19
6810,271,10,Pre-emptive asynchronous framework,375.64,134,2024-11-19
6811,314,10,De-engineered maximized policy,630.28,458,2024-12-26
6812,363,14,Pre-emptive directional application,413.48,259,2023-08-26
6813,178,8,Polarized asymmetric functionalities,653.99,371,2023-08-12
6814,505,12,Phased encompassing capacity,787.29,348,2023-10-22
6815,450,12,Operative radical service-desk,100.28,117,2023-09-29
6816,149,15,Networked real-time customer loyalty,616.07,461,2023-02-18
6817,166,4,Fundamental exuding hardware,541.72,106,2025-03-18
6818,133,8,Switchable dedicated info-mediaries,351.77,236,2025-04-16
6819,278,12,Upgradable attitude-oriented algorithm,32.2,341,2024-07-20
6820,42,5,Intuitive attitude-oriented core,656.91,199,2024-11-19
6821,376,2,Quality-focused attitude-oriented algorithm,77.28,282,2025-02-12
6822,237,9,Customer-focused full-range success,76.1,62,2023-02-02
6823,359,1,Monitored bifurcated info-mediaries,844.25,362,2023-09-26
6824,545,12,Front-line fault-tolerant archive,544.77,19,2025-09-03
6825,299,11,Self-enabling full-range hardware,574.6,300,2024-12-31
6826,174,13,Managed bottom-line capacity,851.94,269,2023-10-04
6827,453,13,Exclusive zero administration forecast,838.46,215,2025-10-01
6828,494,13,Down-sized contextually-based website,249.24,105,2024-03-06
6829,326,12,Re-engineered tangible instruction set,242.16,466,2024-04-14
6830,468,4,Grass-roots cohesive moratorium,659.6,68,2025-06-21
6831,533,4,Right-sized composite capability,549.07,394,2026-03-30
6832,192,2,Operative full-range architecture,743.25,176,2023-09-03
6833,43,1,Optimized 3rdgeneration Graphical User Interface,128.46,0,2025-09-29
6834,452,13,Adaptive local firmware,152.78,131,2024-02-01
6835,258,12,Cross-group transitional hierarchy,472.11,489,2026-03-11
6836,392,13,Adaptive maximized conglomeration,834.16,175,2024-03-19
6837,509,2,Face-to-face multi-state projection,328.26,182,2025-09-02
6838,255,2,Streamlined optimizing Graphical User Interface,872.77,182,2024-01-07
6839,5,9,Implemented composite moratorium,513.17,99,2023-05-15
6840,570,8,Organic fresh-thinking synergy,203.66,340,2026-03-09
6841,371,1,Profit-focused client-driven open system,431.29,107,2024-04-22
6842,479,8,User-centric dynamic support,765.73,463,2024-04-11
6843,108,3,Ameliorated systemic workforce,553.0,98,2024-07-17
6844,88,12,Team-oriented executive solution,283.64,174,2023-04-16
6845,164,11,Distributed zero administration project,622.83,342,2025-02-03
6846,28,9,Automated modular strategy,138.68,278,2023-02-07
6847,1,10,Configurable 24/7 encryption,57.61,77,2023-12-20
6848,29,9,Decentralized encompassing collaboration,591.4,244,2023-06-24
6849,161,13,Decentralized 5thgeneration info-mediaries,113.5,299,2024-07-25
6850,356,3,Monitored directional time-frame,224.54,329,2024-10-24
6851,584,7,Secured 5thgeneration emulation,696.31,67,2024-04-25
6852,215,2,Right-sized asynchronous Graphic Interface,732.5,415,2026-06-25
6853,529,12,Right-sized full-range process improvement,420.77,179,2023-08-24
6854,472,6,Open-architected actuating productivity,403.69,317,2023-03-02
6855,203,3,Front-line well-modulated monitoring,180.96,419,2026-02-02
6856,539,9,Horizontal executive hardware,55.72,222,2023-01-07
6857,290,2,Pre-emptive stable alliance,421.04,6,2023-12-13
6858,287,2,Triple-buffered foreground functionalities,852.39,477,2023-02-19
6859,49,8,Progressive stable process improvement,464.34,279,2025-05-16
6860,506,11,User-centric responsive encryption,317.84,358,2025-09-19
6861,333,6,User-friendly heuristic archive,616.07,173,2023-01-11
6862,347,10,Optional maximized Graphical User Interface,678.98,155,2024-11-17
6863,45,5,Ameliorated actuating forecast,558.65,465,2025-06-15
6864,181,15,Multi-channeled incremental artificial intelligence,227.05,211,2026-06-27
6865,299,11,Multi-tiered homogeneous focus group,357.03,228,2023-12-31
6866,514,7,Realigned logistical data-warehouse,860.1,53,2026-01-11
6867,128,5,Synergized encompassing support,691.61,68,2023-03-22
6868,316,13,Extended client-driven secured line,871.03,115,2026-02-07
6869,277,13,Implemented real-time contingency,597.6,467,2023-04-05
6870,266,15,Universal dynamic moratorium,364.21,54,2025-09-24
6871,396,5,Programmable stable support,597.84,475,2024-08-28
6872,207,14,Right-sized composite help-desk,518.71,146,2023-08-07
6873,436,13,Advanced value-added adapter,791.53,485,2025-02-12
6874,460,5,Total 24/7 access,871.93,226,2026-02-12
6875,574,11,Innovative incremental data-warehouse,789.92,214,2026-02-28
6876,524,12,Open-source system-worthy Local Area Network,751.38,479,2025-01-07
6877,546,6,Configurable systemic flexibility,404.62,317,2023-06-04
6878,89,1,Mandatory solution-oriented methodology,358.78,415,2025-06-13
6879,469,11,Profound responsive paradigm,140.35,219,2024-08-16
6880,94,9,Object-based discrete complexity,405.59,120,2026-03-31
6881,461,9,Business-focused interactive knowledgebase,551.97,162,2024-03-19
6882,466,8,Polarized bandwidth-monitored hierarchy,51.87,495,2023-11-24
6883,286,10,Ameliorated even-keeled time-frame,195.41,431,2023-08-13
6884,442,12,Compatible intangible structure,243.03,346,2026-05-08
6885,535,3,Devolved hybrid portal,834.03,132,2024-05-20
6886,450,9,De-engineered composite complexity,18.05,225,2023-01-06
6887,300,1,Universal foreground Graphic Interface,436.8,301,2024-02-16
6888,399,6,Ergonomic reciprocal migration,66.09,260,2025-07-04
6889,383,7,Face-to-face asymmetric service-desk,708.79,91,2025-06-03
6890,143,13,Monitored 24/7 analyzer,49.9,497,2024-03-27
6891,163,8,Phased well-modulated product,857.77,493,2024-12-02
6892,509,2,Phased tertiary solution,131.17,199,2025-09-17
6893,190,2,Upgradable human-resource data-warehouse,143.09,127,2023-01-10
6894,28,9,Cross-platform cohesive algorithm,703.47,234,2025-11-02
6895,590,6,Function-based contextually-based implementation,709.96,58,2025-01-22
6896,240,3,Down-sized multi-tasking hardware,636.54,92,2024-11-28
6897,398,7,Persevering disintermediate knowledge user,22.64,297,2026-01-10
6898,1,15,Intuitive hybrid migration,785.72,469,2025-10-02
6899,551,4,Total encompassing installation,369.49,310,2023-04-05
6900,211,1,Robust impactful challenge,185.95,465,2024-07-04
6901,75,14,Multi-channeled attitude-oriented structure,819.63,125,2025-04-10
6902,347,11,Enterprise-wide asymmetric model,174.19,301,2025-11-21
6903,331,7,Stand-alone analyzing circuit,660.38,274,2024-06-30
6904,455,14,Implemented 24hour functionalities,649.5,225,2023-02-26
6905,511,13,Streamlined systemic archive,43.93,22,2023-02-20
6906,511,5,Optimized cohesive software,845.07,50,2024-07-23
6907,246,4,Horizontal disintermediate circuit,785.32,16,2023-04-15
6908,285,12,Persistent web-enabled attitude,534.16,373,2025-09-26
6909,317,15,Right-sized holistic portal,855.29,100,2025-03-04
6910,574,8,Exclusive clear-thinking neural-net,78.78,372,2025-02-20
6911,245,9,Decentralized object-oriented algorithm,819.82,234,2025-06-13
6912,191,14,Visionary encompassing infrastructure,76.0,183,2025-09-05
6913,502,13,Open-source system-worthy application,274.43,3,2024-10-27
6914,262,6,Distributed value-added superstructure,750.83,223,2025-05-28
6915,125,9,Profit-focused tertiary protocol,138.56,389,2026-01-09
6916,512,5,Phased optimal adapter,65.02,87,2025-09-28
6917,519,6,Digitized discrete capability,794.72,321,2023-05-11
6918,257,2,Fundamental object-oriented policy,654.57,309,2025-10-27
6919,513,8,Multi-layered bandwidth-monitored strategy,159.93,106,2024-06-12
6920,586,3,Persistent methodical help-desk,78.52,82,2023-10-07
6921,210,12,Team-oriented human-resource hub,200.82,445,2026-04-13
6922,537,15,Phased transitional algorithm,757.5,470,2023-11-23
6923,126,6,De-engineered disintermediate artificial intelligence,509.04,12,2023-01-30
6924,473,12,Object-based cohesive moratorium,740.86,108,2023-10-11
6925,7,5,Face-to-face systematic contingency,647.94,485,2025-11-13
6926,265,15,Secured national protocol,703.6,214,2025-07-17
6927,495,2,Focused bi-directional standardization,330.21,423,2024-06-28
6928,114,12,Enhanced dynamic Graphical User Interface,855.79,332,2025-02-16
6929,400,1,Vision-oriented neutral software,270.54,213,2026-01-27
6930,237,10,Multi-channeled client-driven throughput,80.63,50,2025-04-03
6931,318,6,Virtual actuating moratorium,398.94,205,2025-10-03
6932,461,13,Switchable asymmetric architecture,734.05,477,2025-02-01
6933,486,12,Reverse-engineered maximized pricing structure,392.55,205,2024-05-30
6934,493,7,Phased global adapter,46.94,180,2023-09-15
6935,9,9,Pre-emptive zero administration functionalities,605.73,475,2024-12-01
6936,144,10,Reactive zero-defect adapter,395.02,168,2024-10-18
6937,190,2,Profit-focused holistic portal,444.45,31,2024-08-11
6938,587,10,Synergized radical matrices,485.86,253,2025-12-19
6939,138,10,Front-line high-level open architecture,504.68,249,2023-10-22
6940,480,6,Programmable static challenge,272.67,141,2023-10-18
6941,171,1,Triple-buffered even-keeled productivity,390.85,351,2026-02-08
6942,371,12,Implemented secondary benchmark,41.32,455,2026-05-28
6943,175,10,Optional mission-critical synergy,745.04,239,2024-04-20
6944,539,7,De-engineered optimizing project,707.67,141,2023-03-13
6945,64,7,Profit-focused system-worthy architecture,721.35,71,2024-09-17
6946,425,14,Focused upward-trending synergy,864.27,103,2026-04-11
6947,39,4,Secured encompassing alliance,150.18,443,2023-06-29
6948,264,4,Managed discrete help-desk,54.76,45,2026-01-19
6949,195,10,Persistent contextually-based capacity,739.57,122,2024-05-10
6950,21,15,Inverse local website,75.68,471,2023-08-18
6951,521,5,Horizontal client-server customer loyalty,603.37,205,2024-12-25
6952,258,9,Object-based leadingedge hierarchy,480.93,175,2025-12-07
6953,511,6,Vision-oriented system-worthy workforce,337.51,356,2024-08-15
6954,365,3,Universal motivating protocol,514.7,53,2024-12-04
6955,77,5,Ameliorated heuristic functionalities,177.6,311,2025-07-25
6956,260,6,Down-sized 5thgeneration projection,412.06,488,2025-12-07
6957,217,6,Synergized eco-centric support,70.2,231,2026-03-17
6958,560,4,Triple-buffered bandwidth-monitored workforce,586.89,233,2023-07-02
6959,248,6,Reduced zero tolerance knowledgebase,317.43,203,2025-05-18
6960,443,15,Reduced well-modulated methodology,226.45,104,2026-01-16
6961,589,6,Intuitive maximized instruction set,640.97,381,2026-01-05
6962,448,11,Advanced bifurcated archive,229.04,237,2025-12-29
6963,145,6,Streamlined 24/7 middleware,850.36,198,2023-04-05
6964,126,10,Multi-lateral coherent moratorium,555.17,298,2023-08-16
6965,443,3,Cloned object-oriented support,241.03,217,2026-05-19
6966,314,11,Horizontal human-resource productivity,426.11,360,2023-12-11
6967,201,7,Intuitive radical function,722.52,350,2026-01-04
6968,291,3,Adaptive client-server superstructure,391.28,440,2025-01-11
6969,120,8,Cloned zero tolerance success,869.65,234,2024-01-27
6970,445,8,Multi-tiered asynchronous focus group,510.3,429,2026-05-26
6971,50,2,Self-enabling disintermediate structure,732.31,2,2023-09-26
6972,507,14,Phased 3rdgeneration orchestration,73.98,388,2023-04-30
6973,321,14,Cross-platform contextually-based hub,649.66,346,2023-09-18
6974,10,4,Networked optimizing projection,488.31,338,2025-07-19
6975,163,2,Multi-layered client-server functionalities,824.01,63,2025-01-18
6976,78,10,Secured interactive data-warehouse,42.1,140,2024-12-21
6977,392,3,Synergistic attitude-oriented methodology,744.49,417,2024-07-08
6978,428,12,Open-source bifurcated toolset,168.66,18,2023-07-12
6979,401,6,Object-based modular function,385.39,111,2024-04-27
6980,218,11,Cross-group value-added firmware,320.75,267,2023-11-15
6981,295,4,Programmable discrete attitude,659.94,196,2023-09-20
6982,331,4,Managed logistical middleware,607.86,46,2024-07-20
6983,15,4,Configurable transitional help-desk,53.01,253,2024-10-04
6984,321,14,Upgradable client-driven instruction set,537.78,269,2024-08-04
6985,68,11,Centralized hybrid function,249.91,81,2023-05-06
6986,145,15,Function-based real-time alliance,258.35,152,2024-01-24
6987,355,1,Balanced directional utilization,441.62,188,2023-01-30
6988,218,12,Reactive reciprocal budgetary management,781.06,482,2024-01-13
6989,528,1,Balanced local process improvement,770.19,327,2026-03-03
6990,477,1,Horizontal empowering implementation,130.03,138,2023-01-09
6991,310,15,Organized reciprocal hierarchy,710.01,44,2023-02-19
6992,13,8,Team-oriented reciprocal Internet solution,438.36,342,2026-02-15
6993,179,4,Configurable exuding matrix,611.51,359,2024-05-09
6994,133,13,Self-enabling maximized moratorium,783.5,243,2024-03-27
6995,502,7,Cross-group stable framework,322.36,131,2025-06-21
6996,408,2,Optional zero administration superstructure,396.62,227,2025-01-01
6997,488,4,Re-engineered solution-oriented ability,307.1,158,2026-02-15
6998,110,5,Distributed dynamic encryption,423.99,49,2024-01-04
6999,399,7,Advanced grid-enabled concept,388.04,173,2024-05-20
7000,595,4,Configurable mission-critical open system,719.77,295,2023-09-19
7001,273,3,Vision-oriented high-level productivity,419.08,26,2023-10-12
7002,71,6,Quality-focused demand-driven success,57.68,328,2023-07-21
7003,213,15,Distributed client-driven access,232.93,437,2024-03-31
7004,256,10,Persistent scalable matrices,50.22,80,2025-08-25
7005,553,10,Organized upward-trending forecast,581.4,169,2025-10-29
7006,186,15,Virtual multimedia protocol,262.77,228,2025-08-27
7007,194,4,De-engineered asynchronous service-desk,635.84,426,2026-03-03
7008,72,14,Devolved holistic methodology,122.77,442,2026-05-21
7009,45,4,User-centric 5thgeneration complexity,407.67,57,2026-05-14
7010,113,3,Networked heuristic open architecture,887.82,177,2026-05-12
7011,249,10,Ameliorated stable software,628.64,185,2024-10-07
7012,474,11,Customer-focused logistical function,828.47,485,2024-08-12
7013,186,2,Switchable neutral installation,711.83,45,2025-05-13
7014,192,3,Expanded multi-state intranet,35.06,474,2025-03-12
7015,334,10,Progressive global core,84.5,1,2024-07-19
7016,258,4,Right-sized needs-based product,357.51,448,2024-03-17
7017,402,5,Balanced hybrid Local Area Network,264.63,107,2023-11-25
7018,577,13,Re-engineered client-driven toolset,715.96,301,2023-07-10
7019,259,3,Function-based web-enabled moratorium,144.89,389,2023-01-16
7020,58,8,Customizable real-time instruction set,568.17,84,2025-06-23
7021,408,12,Open-source national function,452.69,163,2023-11-18
7022,473,9,Universal coherent policy,47.02,321,2025-11-04
7023,457,15,Digitized disintermediate open system,493.09,342,2025-09-14
7024,109,1,Visionary asynchronous conglomeration,543.41,111,2024-01-21
7025,554,13,Down-sized content-based groupware,338.05,20,2023-01-30
7026,45,10,Open-architected didactic approach,43.82,30,2025-05-16
7027,217,11,Secured methodical help-desk,878.04,175,2025-11-19
7028,435,11,Synchronized high-level policy,861.81,477,2025-07-02
7029,339,5,Pre-emptive optimizing algorithm,365.22,282,2025-04-26
7030,124,8,Object-based demand-driven migration,153.29,336,2024-09-24
7031,474,11,User-friendly 6thgeneration superstructure,29.88,148,2024-07-15
7032,432,11,Open-architected value-added archive,198.85,94,2024-08-10
7033,388,6,Organized discrete database,585.4,497,2025-04-26
7034,542,5,Re-engineered background budgetary management,844.75,394,2023-05-14
7035,343,5,Re-engineered multimedia secured line,674.96,376,2024-02-16
7036,341,2,User-centric dedicated definition,421.65,253,2024-02-22
7037,322,13,Enhanced exuding success,65.84,263,2025-01-20
7038,111,13,Stand-alone multi-state structure,657.52,255,2025-03-21
7039,583,11,Streamlined client-server definition,351.0,360,2026-03-05
7040,370,15,Optional web-enabled neural-net,524.01,167,2025-04-23
7041,13,1,Programmable zero tolerance database,708.14,327,2024-04-13
7042,225,8,Cloned client-server migration,670.83,78,2024-01-09
7043,584,14,Profit-focused context-sensitive secured line,358.66,139,2025-11-22
7044,263,11,Upgradable systematic paradigm,130.0,4,2026-02-28
7045,164,3,Progressive dynamic software,873.82,65,2024-10-29
7046,95,12,Digitized 24/7 flexibility,242.67,180,2025-09-09
7047,378,14,Fundamental 5thgeneration model,649.7,232,2023-09-25
7048,236,8,Expanded exuding function,359.86,23,2024-07-13
7049,72,5,Pre-emptive executive extranet,133.8,219,2024-09-20
7050,220,1,Public-key intermediate monitoring,170.46,433,2025-08-24
7051,48,9,Seamless solution-oriented interface,74.33,404,2025-09-23
7052,159,3,Reactive directional workforce,533.34,73,2023-09-07
7053,17,10,Robust composite orchestration,702.34,185,2023-11-01
7054,319,15,Digitized human-resource standardization,881.14,97,2026-05-26
7055,157,3,Pre-emptive bottom-line strategy,548.57,189,2023-03-09
7056,90,12,Ergonomic value-added firmware,890.37,341,2024-09-17
7057,582,7,Profit-focused neutral benchmark,808.49,285,2024-06-17
7058,27,8,Upgradable fault-tolerant time-frame,725.7,346,2026-04-26
7059,337,4,Programmable tertiary time-frame,545.08,471,2026-01-22
7060,480,9,Implemented even-keeled conglomeration,840.77,337,2024-08-25
7061,511,7,Extended empowering software,414.82,319,2023-02-19
7062,52,8,Down-sized client-server workforce,457.66,159,2024-09-13
7063,409,7,User-friendly didactic monitoring,882.58,193,2026-05-29
7064,317,12,Reverse-engineered dedicated instruction set,507.99,220,2023-01-10
7065,579,11,Polarized analyzing workforce,281.81,265,2025-04-16
7066,518,3,Adaptive content-based instruction set,791.51,380,2024-12-30
7067,17,9,Re-engineered 3rdgeneration extranet,297.64,296,2024-01-06
7068,343,13,Universal composite implementation,571.71,84,2026-03-15
7069,489,13,Centralized full-range alliance,169.99,194,2026-03-04
7070,150,4,Multi-lateral methodical concept,727.43,398,2023-10-20
7071,336,8,Managed attitude-oriented utilization,662.29,81,2025-09-26
7072,251,11,Open-source motivating focus group,851.19,367,2025-04-25
7073,554,14,Fundamental zero administration knowledgebase,647.25,364,2023-12-06
7074,485,1,Switchable dynamic archive,656.24,138,2025-08-15
7075,182,4,Function-based intangible open architecture,703.95,348,2024-05-08
7076,260,11,Down-sized zero administration hardware,230.0,449,2025-05-31
7077,427,7,Proactive zero-defect software,99.28,180,2023-07-25
7078,306,10,Business-focused interactive Graphic Interface,657.33,197,2023-06-28
7079,560,1,Operative dynamic conglomeration,882.38,445,2025-11-17
7080,406,3,Assimilated 4thgeneration data-warehouse,454.42,281,2025-03-01
7081,533,12,Persevering explicit help-desk,471.98,241,2026-06-15
7082,174,5,Digitized zero-defect approach,874.81,309,2024-06-05
7083,20,13,Synergized regional productivity,224.99,478,2026-06-29
7084,369,2,Cross-platform zero administration focus group,470.52,218,2026-06-27
7085,332,7,Pre-emptive optimizing time-frame,720.99,117,2024-09-05
7086,280,1,Business-focused next generation artificial intelligence,765.82,499,2026-01-11
7087,234,12,Monitored multimedia task-force,591.91,444,2023-07-27
7088,558,4,Self-enabling real-time throughput,492.28,62,2025-03-20
7089,594,12,Extended non-volatile challenge,175.59,240,2025-05-11
7090,600,2,Synergistic 5thgeneration policy,725.02,330,2024-02-21
7091,506,8,Down-sized cohesive synergy,544.2,401,2024-05-22
7092,565,13,Up-sized logistical artificial intelligence,7.1,397,2023-11-20
7093,164,15,Organic composite framework,720.81,39,2025-02-28
7094,221,2,Function-based coherent challenge,453.54,187,2024-01-05
7095,32,1,Front-line clear-thinking protocol,566.32,123,2026-04-02
7096,102,6,Upgradable dynamic hub,140.94,37,2024-02-04
7097,249,14,Self-enabling regional concept,744.23,326,2024-03-20
7098,69,5,Organized object-oriented architecture,692.37,303,2026-02-07
7099,182,2,Networked 5thgeneration application,155.32,23,2024-01-11
7100,251,2,Monitored didactic core,496.58,468,2025-05-23
7101,496,3,Centralized user-facing adapter,36.28,57,2024-01-10
7102,357,10,Multi-lateral global protocol,21.25,434,2024-05-16
7103,101,11,Open-architected discrete service-desk,697.08,248,2024-10-17
7104,409,15,Centralized contextually-based core,519.88,352,2023-01-29
7105,8,12,Progressive zero administration standardization,10.09,53,2026-04-06
7106,82,8,Virtual foreground protocol,341.71,175,2024-03-11
7107,179,5,Automated optimizing paradigm,765.68,271,2024-05-03
7108,264,4,Devolved object-oriented ability,706.81,261,2025-09-12
7109,117,6,Compatible 24hour standardization,822.26,160,2024-08-06
7110,505,5,Managed optimal Internet solution,394.64,59,2023-08-21
7111,477,11,Synergized stable task-force,57.42,366,2026-02-05
7112,464,1,Versatile logistical monitoring,124.36,72,2025-12-27
7113,191,15,Realigned actuating Internet solution,34.68,130,2023-04-20
7114,48,10,Digitized foreground conglomeration,217.48,375,2025-11-30
7115,10,14,Re-contextualized background middleware,783.26,477,2024-02-18
7116,290,11,Organic tangible intranet,643.48,328,2023-08-22
7117,184,14,Expanded empowering complexity,188.37,57,2025-02-18
7118,13,1,Digitized actuating data-warehouse,340.31,307,2024-03-15
7119,183,5,Polarized modular throughput,629.61,279,2024-04-23
7120,143,11,Automated dynamic circuit,663.73,179,2024-01-18
7121,462,7,Re-engineered heuristic array,148.35,75,2023-03-29
7122,168,2,Phased 24/7 structure,202.11,50,2025-06-13
7123,479,10,Phased static installation,314.95,148,2023-12-06
7124,542,15,Organic tertiary knowledgebase,671.87,85,2025-03-02
7125,506,11,Monitored object-oriented hub,28.77,383,2023-06-20
7126,411,8,Proactive maximized ability,457.45,57,2025-06-05
7127,480,13,Integrated multi-tasking secured line,747.25,274,2025-04-22
7128,139,10,Front-line composite attitude,11.31,163,2023-07-16
7129,342,4,Multi-lateral responsive interface,458.93,447,2024-06-09
7130,174,7,Ergonomic client-driven structure,400.96,399,2023-02-02
7131,175,3,Fully-configurable leadingedge encryption,41.5,293,2024-09-04
7132,86,8,Synchronized reciprocal architecture,618.75,476,2024-11-23
7133,214,11,Enhanced uniform initiative,772.12,144,2023-01-25
7134,370,13,Optional coherent info-mediaries,181.65,311,2025-12-04
7135,288,13,Sharable radical analyzer,71.45,340,2024-12-02
7136,29,8,Polarized composite implementation,293.49,163,2023-01-06
7137,541,5,Vision-oriented content-based budgetary management,454.1,83,2026-01-26
7138,299,7,Centralized scalable interface,836.52,228,2023-05-08
7139,239,13,Profit-focused bottom-line protocol,449.42,128,2025-06-12
7140,463,10,Inverse value-added function,445.45,375,2023-01-15
7141,573,11,Function-based static forecast,654.83,12,2025-07-09
7142,403,5,Switchable zero-defect focus group,595.58,425,2023-03-24
7143,348,15,User-centric encompassing protocol,461.38,164,2024-11-02
7144,8,2,Monitored stable circuit,450.3,83,2025-06-23
7145,172,8,Streamlined responsive time-frame,578.9,226,2024-05-11
7146,141,9,User-friendly solution-oriented synergy,172.71,13,2023-08-30
7147,561,15,Ergonomic leadingedge product,216.44,5,2025-01-09
7148,111,2,Optimized fault-tolerant infrastructure,677.5,32,2024-01-31
7149,262,1,Realigned discrete benchmark,387.31,100,2025-02-24
7150,547,1,Realigned optimizing methodology,70.32,316,2026-05-06
7151,41,6,Decentralized client-server hardware,31.37,155,2023-03-26
7152,411,6,Customer-focused hybrid hub,62.46,345,2025-08-18
7153,280,14,Optimized grid-enabled emulation,856.1,410,2023-06-09
7154,91,8,Innovative value-added extranet,48.87,201,2024-07-10
7155,554,6,Fundamental 6thgeneration paradigm,845.54,439,2025-06-19
7156,581,7,Distributed zero tolerance database,821.55,284,2025-04-10
7157,200,11,Advanced bottom-line time-frame,593.33,83,2024-06-05
7158,58,8,Focused composite strategy,665.75,309,2023-02-21
7159,316,11,Synchronized transitional matrix,271.49,350,2023-06-14
7160,253,9,Advanced motivating superstructure,884.47,266,2023-09-04
7161,592,1,Reduced uniform productivity,822.94,51,2024-07-15
7162,344,12,Extended 5thgeneration success,369.14,407,2025-04-03
7163,476,8,Balanced local artificial intelligence,377.39,36,2026-04-11
7164,347,3,Horizontal client-server frame,244.83,204,2023-03-01
7165,99,8,Integrated zero-defect protocol,39.9,78,2023-07-13
7166,461,7,Persevering hybrid attitude,279.24,38,2025-09-16
7167,478,13,Persevering maximized adapter,719.68,66,2023-11-09
7168,211,9,Up-sized eco-centric functionalities,8.75,360,2024-12-17
7169,236,5,Public-key intangible hub,409.63,447,2023-11-29
7170,451,8,Secured scalable support,593.11,165,2024-01-24
7171,153,1,Enhanced eco-centric product,557.45,180,2026-04-19
7172,187,9,Function-based human-resource application,244.65,288,2026-02-11
7173,486,13,Digitized impactful algorithm,215.96,362,2025-10-25
7174,511,3,Reverse-engineered well-modulated database,880.72,490,2023-12-18
7175,195,4,Adaptive encompassing moderator,567.61,173,2025-08-25
7176,17,3,Down-sized background core,631.51,130,2023-03-03
7177,249,10,Expanded eco-centric leverage,455.2,340,2025-05-17
7178,201,12,Adaptive needs-based forecast,547.74,270,2024-09-23
7179,394,5,Polarized even-keeled open architecture,482.67,136,2023-10-05
7180,466,4,Virtual dynamic framework,529.04,119,2024-10-15
7181,403,13,Re-contextualized bifurcated migration,610.94,67,2024-05-06
7182,80,9,Realigned methodical extranet,661.06,213,2025-07-18
7183,415,3,Up-sized local focus group,711.18,79,2025-08-27
7184,255,6,Vision-oriented maximized flexibility,876.1,443,2024-04-07
7185,241,14,Re-engineered context-sensitive Internet solution,284.0,1,2025-03-10
7186,162,1,Total local budgetary management,767.62,210,2025-05-18
7187,200,4,Stand-alone dynamic conglomeration,246.79,30,2023-08-27
7188,269,12,Secured actuating moderator,790.38,47,2025-02-05
7189,408,12,Re-engineered uniform moratorium,180.63,451,2024-12-04
7190,182,14,Up-sized empowering capability,376.95,205,2023-12-17
7191,541,9,Multi-lateral mission-critical archive,380.52,454,2024-03-20
7192,200,6,Up-sized multimedia website,416.13,145,2024-07-19
7193,273,6,Face-to-face fault-tolerant concept,329.94,366,2023-08-29
7194,314,4,Integrated background architecture,247.44,148,2023-10-29
7195,87,2,Balanced zero tolerance time-frame,99.19,173,2024-06-27
7196,590,5,Multi-layered neutral moderator,267.25,290,2024-11-11
7197,490,11,Quality-focused national conglomeration,263.48,391,2023-06-15
7198,568,9,Profound neutral toolset,648.13,91,2024-09-06
7199,388,4,Phased client-server firmware,457.56,460,2025-01-21
7200,77,3,Realigned 3rdgeneration installation,563.51,62,2025-04-15
7201,280,13,Synchronized grid-enabled workforce,444.54,312,2023-12-22
7202,258,11,Object-based stable installation,351.71,91,2026-04-16
7203,514,8,Pre-emptive incremental neural-net,160.3,225,2024-02-23
7204,331,4,Implemented systemic algorithm,588.36,318,2026-06-20
7205,541,15,Re-contextualized directional moratorium,448.77,391,2026-03-13
7206,122,6,Advanced asynchronous service-desk,219.67,1,2023-05-06
7207,476,6,Upgradable contextually-based Internet solution,729.51,133,2025-01-24
7208,78,13,Open-source 24/7 synergy,478.47,438,2024-07-23
7209,492,15,Customizable upward-trending middleware,514.1,469,2024-04-25
7210,50,6,Extended empowering framework,862.28,416,2026-02-16
7211,176,5,Centralized reciprocal customer loyalty,295.22,100,2023-06-06
7212,27,12,Diverse heuristic architecture,455.33,71,2024-05-29
7213,415,5,Horizontal high-level projection,814.15,122,2025-09-06
7214,548,11,Triple-buffered 4thgeneration challenge,614.09,500,2025-02-25
7215,173,5,Centralized radical algorithm,188.99,24,2023-05-26
7216,276,11,Synergistic high-level forecast,377.1,217,2025-05-11
7217,399,2,Enterprise-wide eco-centric encoding,654.22,193,2026-05-03
7218,424,4,Customizable 24/7 knowledgebase,676.2,467,2024-09-25
7219,105,15,Centralized bi-directional firmware,731.78,409,2023-05-11
7220,532,15,Upgradable bifurcated capacity,444.51,489,2023-03-17
7221,396,6,Streamlined local middleware,13.0,39,2024-06-29
7222,449,2,Assimilated value-added orchestration,318.24,4,2023-07-29
7223,111,15,Polarized cohesive migration,152.39,1,2023-10-12
7224,196,2,Cross-platform 5thgeneration portal,376.7,0,2024-06-04
7225,54,3,Business-focused zero-defect info-mediaries,819.77,246,2023-12-05
7226,572,15,Enterprise-wide 24hour encryption,731.15,277,2025-05-01
7227,524,4,Diverse mission-critical data-warehouse,576.78,57,2023-12-20
7228,62,9,Business-focused intermediate encoding,355.03,40,2024-06-25
7229,562,5,Function-based zero-defect focus group,131.19,18,2025-08-04
7230,405,13,Fully-configurable interactive task-force,345.74,309,2025-07-16
7231,518,15,Distributed non-volatile paradigm,238.83,16,2023-05-07
7232,70,5,Balanced content-based support,80.87,429,2024-07-06
7233,140,5,Reduced explicit moratorium,356.06,328,2025-09-01
7234,229,14,Customizable bandwidth-monitored protocol,442.05,126,2025-12-28
7235,434,2,Configurable cohesive orchestration,647.96,181,2026-03-31
7236,378,3,Polarized interactive extranet,469.33,474,2024-10-21
7237,280,8,Adaptive maximized capacity,877.87,337,2025-08-21
7238,448,4,Balanced solution-oriented Graphical User Interface,806.37,459,2025-09-30
7239,516,3,Customer-focused full-range monitoring,535.75,14,2024-11-27
7240,322,8,Multi-layered discrete data-warehouse,432.68,240,2026-05-15
7241,548,14,Cloned systematic functionalities,749.47,199,2025-06-27
7242,445,1,Horizontal background open system,424.79,368,2023-07-24
7243,42,6,Function-based executive installation,530.02,309,2024-07-12
7244,549,2,Reactive web-enabled moratorium,288.22,395,2024-07-28
7245,236,10,Configurable dedicated alliance,54.82,121,2024-11-29
7246,445,12,Customer-focused 24/7 analyzer,27.74,68,2025-12-22
7247,365,13,Progressive directional application,498.62,209,2026-06-21
7248,393,7,Progressive intangible moratorium,646.43,437,2026-06-18
7249,430,4,Right-sized static open system,324.71,346,2025-08-16
7250,403,1,Centralized disintermediate installation,816.54,167,2023-06-17
7251,176,2,Expanded scalable knowledgebase,55.95,256,2024-08-18
7252,133,7,Assimilated didactic system engine,152.84,70,2025-02-16
7253,319,14,Synergized zero administration installation,591.57,468,2023-08-01
7254,540,1,Cross-group intermediate collaboration,789.41,66,2024-07-22
7255,354,10,Digitized discrete Graphical User Interface,267.58,256,2024-12-15
7256,240,6,Re-engineered dynamic Internet solution,367.72,123,2024-11-19
7257,162,13,Object-based coherent orchestration,252.39,125,2025-08-21
7258,465,13,Expanded object-oriented pricing structure,658.25,302,2024-11-08
7259,39,14,Synchronized responsive neural-net,405.29,457,2025-05-04
7260,372,13,Proactive encompassing access,697.78,234,2024-04-02
7261,498,15,Sharable national adapter,774.43,286,2024-12-23
7262,159,6,De-engineered tertiary system engine,73.05,87,2024-11-08
7263,565,14,Balanced multimedia groupware,264.93,234,2026-04-28
7264,53,2,Streamlined context-sensitive hub,595.4,412,2024-10-26
7265,174,14,Implemented foreground interface,146.22,245,2026-04-21
7266,180,10,Progressive explicit knowledgebase,250.0,351,2025-05-26
7267,336,15,Right-sized radical attitude,150.08,402,2025-03-24
7268,509,5,User-friendly mission-critical complexity,612.38,299,2026-02-28
7269,55,3,Persistent transitional model,58.89,114,2025-11-24
7270,348,5,Triple-buffered 4thgeneration conglomeration,39.04,0,2023-05-01
7271,574,5,Vision-oriented systemic toolset,684.84,175,2026-03-14
7272,85,3,Persevering composite extranet,258.16,212,2026-03-01
7273,328,8,Compatible zero-defect paradigm,800.59,113,2026-01-17
7274,349,2,Progressive system-worthy knowledgebase,637.9,103,2026-05-30
7275,494,7,Multi-layered homogeneous circuit,636.35,170,2023-11-26
7276,292,7,Vision-oriented coherent Graphical User Interface,67.93,66,2025-06-08
7277,172,1,Optional methodical encryption,247.64,261,2024-12-26
7278,145,1,Integrated client-driven artificial intelligence,361.09,125,2024-02-23
7279,270,15,Future-proofed coherent info-mediaries,369.81,35,2025-12-15
7280,511,9,Polarized modular forecast,448.93,229,2023-10-22
7281,534,3,Triple-buffered multi-tasking protocol,587.37,461,2024-12-16
7282,194,11,Organic bi-directional task-force,200.56,259,2023-03-26
7283,294,2,Compatible stable algorithm,642.14,313,2023-05-16
7284,493,2,Intuitive mission-critical intranet,724.97,412,2025-02-26
7285,50,4,Front-line 3rdgeneration success,186.08,424,2024-04-18
7286,63,9,Profit-focused secondary hierarchy,734.6,149,2024-07-30
7287,89,9,Reactive composite flexibility,586.83,127,2025-05-09
7288,441,1,Face-to-face 6thgeneration functionalities,600.14,346,2023-02-02
7289,204,2,Multi-lateral systemic middleware,204.14,466,2026-02-07
7290,554,1,Configurable multi-state infrastructure,659.38,350,2023-05-17
7291,33,10,Ergonomic motivating capacity,220.05,212,2025-09-21
7292,424,8,Multi-layered executive customer loyalty,845.88,400,2025-08-07
7293,466,4,Object-based heuristic open system,768.7,175,2025-07-23
7294,387,5,Polarized holistic budgetary management,324.58,152,2024-11-08
7295,60,4,Adaptive mission-critical hub,228.91,492,2025-10-29
7296,114,10,Networked client-driven infrastructure,301.08,440,2024-05-27
7297,207,6,Seamless composite capacity,695.5,369,2023-08-16
7298,111,15,Networked next generation function,50.21,195,2024-02-23
7299,588,6,Distributed 4thgeneration policy,337.45,120,2023-04-11
7300,551,10,Digitized context-sensitive website,659.76,69,2024-01-29
7301,256,4,Stand-alone background emulation,589.25,449,2023-06-18
7302,211,6,Optimized analyzing Graphical User Interface,612.44,35,2024-09-29
7303,533,6,Phased static pricing structure,306.03,402,2023-02-28
7304,476,1,Persevering reciprocal software,133.2,128,2023-02-05
7305,443,3,Diverse mission-critical application,721.24,216,2023-01-30
7306,395,8,De-engineered discrete methodology,256.88,54,2024-10-17
7307,127,12,Self-enabling client-driven process improvement,743.27,156,2025-11-04
7308,489,7,Inverse dedicated firmware,145.67,477,2025-05-10
7309,293,9,Extended zero-defect standardization,885.73,376,2024-06-06
7310,140,8,Diverse client-server support,629.04,427,2026-03-31
7311,465,4,Assimilated empowering Local Area Network,53.8,298,2024-07-31
7312,55,7,Open-source directional pricing structure,512.26,422,2025-09-05
7313,173,6,Grass-roots even-keeled hub,155.11,17,2023-11-19
7314,235,12,Persevering coherent open architecture,718.85,490,2025-01-09
7315,520,10,Diverse human-resource budgetary management,189.58,236,2023-08-17
7316,165,6,Profit-focused incremental leverage,493.84,274,2024-06-25
7317,544,13,Reduced impactful methodology,505.6,457,2023-06-23
7318,308,14,Secured composite matrix,544.99,487,2023-06-19
7319,394,11,De-engineered grid-enabled open system,654.07,319,2026-04-07
7320,69,12,Re-contextualized motivating forecast,637.64,298,2024-07-19
7321,322,14,Robust neutral implementation,735.76,336,2024-08-23
7322,306,7,Adaptive attitude-oriented methodology,230.01,164,2023-10-23
7323,244,14,Phased grid-enabled projection,527.83,15,2024-06-12
7324,75,6,Versatile tertiary hierarchy,157.03,446,2023-11-16
7325,539,7,Optional coherent complexity,448.48,187,2024-11-07
7326,262,8,User-centric bottom-line standardization,802.06,403,2023-05-22
7327,515,10,Organized asynchronous frame,425.57,249,2026-05-11
7328,355,13,Optimized modular firmware,45.31,457,2024-09-08
7329,385,8,Streamlined bottom-line moratorium,845.29,383,2026-06-15
7330,234,7,Quality-focused 3rdgeneration functionalities,443.62,388,2024-12-04
7331,46,12,Assimilated global moderator,119.71,257,2023-02-27
7332,59,13,Exclusive needs-based policy,623.61,341,2023-06-07
7333,473,8,Decentralized even-keeled initiative,810.77,16,2025-10-11
7334,248,5,Diverse bandwidth-monitored projection,632.43,216,2023-03-29
7335,255,2,Profound regional forecast,375.17,113,2024-09-02
7336,13,12,Cross-platform mission-critical open system,441.15,316,2023-09-19
7337,90,7,Monitored modular hub,797.28,179,2025-09-12
7338,332,14,Progressive background productivity,163.84,176,2024-08-14
7339,184,12,Customer-focused neutral infrastructure,455.03,471,2024-02-17
7340,129,13,Face-to-face interactive portal,507.58,204,2025-09-30
7341,515,6,Switchable 3rdgeneration knowledgebase,828.77,491,2024-12-28
7342,54,7,Object-based incremental project,817.0,200,2025-12-03
7343,521,2,Re-contextualized reciprocal customer loyalty,316.03,380,2025-08-16
7344,113,12,Synchronized intermediate budgetary management,295.96,427,2025-05-01
7345,427,2,Visionary logistical superstructure,774.34,212,2026-02-20
7346,597,15,Exclusive client-server support,274.85,22,2026-03-04
7347,246,7,Sharable methodical attitude,841.12,122,2025-03-05
7348,257,7,Innovative heuristic moratorium,577.1,174,2026-03-10
7349,380,6,Triple-buffered didactic open system,111.87,211,2023-08-27
7350,74,4,Configurable needs-based protocol,190.3,171,2025-04-30
7351,193,3,Persistent discrete collaboration,122.86,464,2025-01-30
7352,77,9,Inverse asynchronous flexibility,137.98,202,2026-05-28
7353,414,2,Inverse executive instruction set,536.14,41,2023-10-25
7354,440,15,Ameliorated interactive secured line,512.91,432,2024-09-30
7355,572,14,Business-focused maximized toolset,685.02,449,2025-03-05
7356,594,8,Optional empowering project,500.32,269,2025-09-13
7357,585,13,Seamless 4thgeneration definition,745.4,321,2026-05-27
7358,419,12,Total methodical open system,182.38,292,2025-05-20
7359,230,1,Compatible multi-state portal,316.01,253,2023-04-15
7360,267,12,Integrated exuding policy,188.34,292,2024-01-11
7361,185,13,Seamless modular alliance,316.04,288,2023-06-10
7362,433,5,Persevering 4thgeneration function,124.16,2,2023-09-04
7363,138,8,Visionary global strategy,256.99,300,2023-01-21
7364,114,8,Grass-roots next generation utilization,354.45,498,2023-08-10
7365,93,10,Enhanced bottom-line encoding,743.81,441,2025-05-20
7366,250,8,Inverse static forecast,896.58,333,2023-02-04
7367,537,6,Synergized optimal leverage,602.27,115,2025-03-06
7368,5,7,Vision-oriented tertiary help-desk,710.35,88,2024-01-30
7369,13,7,Re-contextualized tertiary paradigm,173.75,213,2025-08-21
7370,212,11,Ergonomic holistic customer loyalty,664.52,251,2025-07-20
7371,383,7,Profit-focused fault-tolerant open system,560.2,148,2023-12-07
7372,534,5,Operative well-modulated artificial intelligence,721.34,0,2024-09-02
7373,9,14,Enhanced zero administration productivity,877.03,18,2024-03-20
7374,164,8,Total user-facing Graphical User Interface,186.89,111,2023-09-19
7375,316,13,Inverse global protocol,473.76,363,2025-06-29
7376,312,14,Robust context-sensitive contingency,626.8,195,2024-02-28
7377,333,3,Compatible tangible framework,616.73,117,2024-11-30
7378,424,2,Open-architected dedicated project,108.75,263,2023-11-06
7379,14,4,Versatile tertiary capacity,752.14,276,2023-01-07
7380,440,14,Public-key methodical moratorium,742.72,360,2026-04-08
7381,338,9,Team-oriented bottom-line archive,601.24,211,2023-10-12
7382,69,9,Optimized clear-thinking Graphic Interface,304.67,470,2023-05-12
7383,106,2,Sharable real-time moratorium,591.99,83,2025-10-26
7384,81,8,Stand-alone discrete projection,438.55,308,2023-03-03
7385,215,11,Virtual object-oriented benchmark,355.21,197,2025-03-16
7386,235,7,Extended grid-enabled approach,587.57,480,2026-06-16
7387,312,8,Profit-focused dynamic complexity,161.78,37,2024-05-19
7388,163,7,Stand-alone dedicated toolset,856.72,167,2026-04-05
7389,528,5,Digitized discrete service-desk,305.97,98,2024-02-16
7390,504,10,Managed optimizing artificial intelligence,49.07,88,2026-05-16
7391,285,1,Upgradable incremental productivity,750.17,251,2025-01-09
7392,224,6,Networked stable benchmark,571.47,101,2023-08-09
7393,206,3,Centralized maximized forecast,640.88,378,2024-12-03
7394,130,14,Networked explicit system engine,621.89,487,2024-11-06
7395,425,8,Function-based didactic pricing structure,748.26,298,2024-12-02
7396,49,14,Secured zero-defect challenge,726.57,401,2024-05-26
7397,56,6,Advanced interactive capability,365.5,232,2026-02-11
7398,64,8,Cloned analyzing flexibility,711.76,64,2025-03-26
7399,338,3,Versatile stable solution,259.2,437,2026-06-29
7400,300,13,Reactive impactful Graphic Interface,489.91,36,2025-10-22
7401,365,3,Proactive national conglomeration,720.38,306,2025-10-31
7402,244,9,Secured systemic functionalities,454.98,86,2023-01-09
7403,76,6,Persevering national matrix,113.11,300,2025-08-14
7404,453,8,Polarized full-range Graphic Interface,375.21,294,2023-07-02
7405,252,7,Adaptive logistical benchmark,654.65,209,2024-12-21
7406,452,7,Profound asynchronous service-desk,756.02,70,2025-11-06
7407,171,3,Advanced context-sensitive hub,634.3,412,2025-03-03
7408,112,14,Mandatory secondary structure,512.9,167,2024-07-04
7409,578,11,Balanced needs-based framework,734.06,455,2023-09-26
7410,577,5,Versatile discrete complexity,507.89,134,2026-04-03
7411,304,4,Exclusive explicit flexibility,605.45,381,2024-06-08
7412,328,8,Reduced maximized toolset,434.82,414,2025-04-18
7413,405,2,Diverse mobile hardware,651.03,121,2026-01-15
7414,549,14,Stand-alone holistic Graphic Interface,396.04,320,2024-11-27
7415,17,13,Optional local service-desk,664.43,451,2023-03-11
7416,597,14,Triple-buffered analyzing matrices,85.9,188,2026-05-02
7417,355,12,Centralized optimizing artificial intelligence,363.24,227,2025-11-21
7418,193,3,Universal secondary instruction set,851.74,288,2025-01-16
7419,193,7,Compatible mission-critical analyzer,727.31,472,2023-08-28
7420,594,13,Public-key value-added focus group,259.87,78,2025-07-30
7421,32,7,Optional 4thgeneration portal,347.65,287,2024-11-01
7422,236,7,Implemented zero-defect hardware,35.72,271,2025-10-06
7423,548,1,Object-based mobile hierarchy,895.74,224,2023-10-06
7424,1,11,Realigned 3rdgeneration website,130.16,462,2024-04-02
7425,220,9,Stand-alone optimal synergy,846.13,51,2023-05-17
7426,162,1,Integrated needs-based data-warehouse,683.71,295,2026-06-19
7427,438,7,Synergized 3rdgeneration architecture,767.91,219,2024-03-26
7428,454,3,Exclusive dedicated policy,850.1,102,2025-06-27
7429,229,5,Mandatory object-oriented analyzer,698.03,257,2024-04-03
7430,385,6,Persistent systematic Graphical User Interface,381.36,0,2025-07-31
7431,104,10,Implemented tangible superstructure,567.88,1,2024-12-12
7432,416,11,Configurable asynchronous open architecture,772.11,251,2024-08-10
7433,199,10,Vision-oriented content-based collaboration,370.18,244,2023-03-11
7434,326,5,Horizontal bifurcated adapter,355.02,230,2024-02-17
7435,250,2,Triple-buffered clear-thinking task-force,356.25,371,2026-05-07
7436,6,10,Future-proofed interactive frame,851.9,174,2024-07-08
7437,436,15,Advanced homogeneous definition,497.02,272,2025-10-11
7438,247,12,Implemented reciprocal moderator,596.66,386,2024-12-25
7439,530,9,Sharable scalable portal,388.73,63,2023-04-30
7440,165,6,Business-focused solution-oriented extranet,195.04,48,2023-10-07
7441,181,7,Cloned real-time analyzer,756.0,214,2023-09-19
7442,324,5,Up-sized client-driven hierarchy,886.06,398,2025-11-07
7443,50,11,Cross-group bandwidth-monitored open system,34.23,167,2025-11-22
7444,53,5,Advanced client-server frame,17.64,46,2024-08-24
7445,396,2,Grass-roots attitude-oriented core,749.61,311,2025-08-14
7446,14,1,Object-based tertiary artificial intelligence,27.88,469,2026-04-02
7447,57,15,Operative maximized challenge,833.06,230,2024-03-05
7448,532,9,Optional multi-tasking projection,844.67,131,2025-03-14
7449,452,15,Polarized methodical contingency,683.65,118,2024-09-24
7450,509,5,Adaptive web-enabled protocol,223.38,205,2026-03-18
7451,238,14,Proactive transitional support,518.49,496,2023-03-08
7452,568,10,Realigned dynamic product,252.27,107,2023-08-08
7453,589,9,De-engineered explicit moratorium,289.56,294,2025-02-13
7454,510,2,Extended heuristic installation,473.68,73,2023-08-12
7455,206,1,Customizable bandwidth-monitored info-mediaries,318.38,64,2026-01-14
7456,260,11,Up-sized system-worthy product,714.68,89,2025-01-04
7457,70,2,Decentralized local definition,82.48,462,2026-04-08
7458,43,4,Focused secondary migration,681.34,307,2024-09-06
7459,15,10,Persistent system-worthy array,267.95,338,2026-03-28
7460,290,2,Re-contextualized bottom-line model,743.98,160,2026-03-02
7461,460,10,Visionary disintermediate middleware,564.24,420,2026-04-22
7462,38,12,Persistent neutral encryption,616.49,389,2023-10-13
7463,253,9,Ergonomic composite Internet solution,490.3,229,2025-05-07
7464,480,7,Profound methodical success,768.05,18,2025-03-04
7465,170,14,Open-source didactic knowledge user,656.47,295,2024-10-17
7466,73,15,Persistent disintermediate approach,185.79,485,2024-09-26
7467,18,11,Object-based 5thgeneration support,195.13,313,2025-08-21
7468,564,4,Ergonomic hybrid standardization,482.7,146,2024-08-17
7469,200,1,Decentralized mission-critical open system,477.59,261,2024-02-07
7470,418,4,De-engineered multi-state instruction set,149.16,387,2026-03-10
7471,210,11,Advanced systemic function,563.01,350,2025-07-05
7472,9,3,Organized maximized encoding,349.41,195,2024-05-11
7473,523,3,De-engineered mobile strategy,790.31,241,2023-09-08
7474,357,15,Monitored contextually-based moderator,281.47,40,2026-02-02
7475,334,2,Self-enabling upward-trending model,204.09,422,2023-08-04
7476,80,14,Distributed zero administration access,425.55,212,2023-04-26
7477,350,8,Reverse-engineered grid-enabled application,747.13,207,2025-07-15
7478,506,2,Secured maximized function,535.65,360,2026-02-18
7479,566,10,Reverse-engineered reciprocal standardization,125.61,17,2024-04-11
7480,61,15,Adaptive full-range middleware,144.69,496,2025-06-28
7481,328,13,Balanced non-volatile open architecture,396.87,17,2025-01-02
7482,516,10,Self-enabling methodical approach,678.39,95,2024-05-02
7483,14,4,Sharable maximized time-frame,378.78,193,2025-06-15
7484,501,9,Visionary radical architecture,436.54,304,2023-12-14
7485,273,13,Right-sized well-modulated array,539.39,339,2023-12-25
7486,388,6,Virtual responsive help-desk,310.73,450,2025-08-11
7487,66,4,User-friendly multi-tasking neural-net,831.46,144,2026-03-26
7488,425,8,Extended eco-centric help-desk,853.47,357,2025-01-14
7489,98,12,Enterprise-wide empowering functionalities,671.86,161,2024-04-13
7490,464,6,Grass-roots incremental Local Area Network,690.13,181,2025-06-27
7491,308,13,Team-oriented mobile Graphical User Interface,270.96,415,2025-11-27
7492,545,3,Distributed background access,884.86,165,2023-10-13
7493,430,11,Progressive contextually-based utilization,760.04,309,2026-03-20
7494,50,12,Customer-focused optimizing benchmark,105.68,266,2025-01-18
7495,107,13,Horizontal didactic toolset,833.31,419,2023-08-18
7496,323,12,Synergistic needs-based project,392.33,457,2024-05-26
7497,238,9,Ameliorated context-sensitive algorithm,778.81,38,2024-10-16
7498,471,7,Public-key reciprocal throughput,261.72,215,2025-10-09
7499,38,11,Open-source mission-critical utilization,334.59,338,2025-04-27
7500,545,1,Customizable regional attitude,873.64,278,2024-02-19
7501,517,12,Visionary upward-trending parallelism,192.51,34,2026-04-08
7502,229,5,Virtual bi-directional installation,393.35,359,2023-05-04
7503,182,13,Business-focused optimizing budgetary management,438.95,260,2025-05-27
7504,53,4,Devolved human-resource open architecture,829.95,153,2024-12-05
7505,386,4,Re-engineered leadingedge utilization,620.88,437,2024-02-28
7506,554,10,Mandatory disintermediate paradigm,139.89,153,2026-07-01
7507,369,3,Upgradable systematic Graphic Interface,254.6,164,2025-07-14
7508,55,6,Extended clear-thinking concept,74.02,442,2024-11-21
7509,482,14,Polarized 4thgeneration superstructure,479.76,487,2023-10-01
7510,413,4,Reactive intermediate hardware,484.19,3,2024-02-19
7511,171,5,Profit-focused composite Local Area Network,895.85,378,2023-10-25
7512,476,2,Configurable uniform database,342.88,340,2025-12-11
7513,400,13,Universal disintermediate installation,148.82,475,2025-11-13
7514,387,10,Polarized intermediate paradigm,842.28,490,2024-05-28
7515,493,7,Multi-lateral bottom-line parallelism,652.38,92,2024-03-17
7516,481,1,Innovative regional capability,192.15,284,2024-12-06
7517,286,8,Re-engineered non-volatile process improvement,506.43,227,2024-01-15
7518,424,9,Operative system-worthy frame,90.89,444,2024-01-23
7519,126,13,Sharable multi-state capability,551.58,91,2026-03-17
7520,288,2,Vision-oriented reciprocal capability,695.83,364,2023-12-26
7521,229,3,Sharable foreground portal,461.82,356,2023-01-02
7522,402,3,Proactive modular migration,316.91,350,2026-04-02
7523,257,14,Configurable uniform extranet,660.44,466,2025-10-24
7524,370,5,Object-based holistic system engine,310.83,142,2023-05-12
7525,553,10,Realigned reciprocal knowledgebase,151.94,275,2025-12-21
7526,245,2,Virtual demand-driven knowledgebase,238.83,1,2023-04-15
7527,238,6,Multi-channeled 6thgeneration knowledgebase,365.08,14,2024-02-20
7528,163,9,Ameliorated 24hour matrices,139.83,243,2024-01-26
7529,335,11,Triple-buffered multi-state conglomeration,275.96,313,2023-01-19
7530,316,8,Programmable bifurcated parallelism,523.71,386,2026-01-24
7531,390,6,Upgradable modular groupware,401.5,218,2025-10-28
7532,599,12,Right-sized optimal capacity,395.82,71,2023-07-09
7533,200,3,Sharable content-based superstructure,702.61,406,2025-01-20
7534,62,9,Advanced eco-centric installation,378.94,435,2026-01-10
7535,418,15,Mandatory value-added monitoring,484.93,197,2024-08-21
7536,216,5,Profit-focused intermediate data-warehouse,397.23,25,2025-12-08
7537,552,3,Re-engineered dynamic array,193.75,295,2023-12-15
7538,371,9,Enterprise-wide fault-tolerant moratorium,398.22,266,2026-05-09
7539,297,7,Organized stable website,422.8,448,2024-03-13
7540,403,4,Assimilated transitional process improvement,74.83,103,2024-05-14
7541,17,14,Phased user-facing contingency,500.92,198,2023-03-27
7542,106,8,Automated zero administration initiative,146.13,201,2023-11-08
7543,527,13,Progressive national synergy,17.77,483,2024-02-29
7544,415,5,Cloned static frame,549.75,263,2024-08-04
7545,512,5,Persistent radical middleware,516.0,323,2023-07-04
7546,444,13,Implemented zero-defect core,898.86,130,2024-03-31
7547,36,4,Customer-focused solution-oriented conglomeration,848.78,31,2023-07-20
7548,398,7,Vision-oriented hybrid frame,215.2,192,2025-06-02
7549,184,13,Polarized dynamic open architecture,874.12,268,2024-07-15
7550,372,14,Synergistic intermediate model,289.74,37,2024-08-17
7551,3,9,Profound 24hour open architecture,573.91,232,2026-06-14
7552,388,3,Customer-focused clear-thinking installation,150.73,294,2024-12-21
7553,78,13,User-friendly systematic array,754.58,324,2023-01-04
7554,524,5,Programmable static ability,476.7,40,2023-03-16
7555,392,12,Persevering non-volatile alliance,884.26,212,2023-03-31
7556,62,3,Balanced leadingedge intranet,780.33,456,2023-01-13
7557,304,7,Innovative multi-state hardware,534.06,326,2023-08-01
7558,453,5,Customer-focused solution-oriented alliance,553.16,171,2024-02-13
7559,524,14,Compatible local service-desk,572.6,54,2025-02-16
7560,138,15,Inverse bi-directional Internet solution,284.47,37,2023-02-18
7561,427,7,Persevering human-resource toolset,565.7,279,2026-01-19
7562,295,6,Switchable neutral encryption,888.13,447,2024-03-28
7563,152,15,Implemented zero administration capacity,73.15,178,2023-04-25
7564,182,15,Multi-tiered reciprocal success,616.54,78,2024-03-09
7565,538,10,Universal 24hour encryption,179.55,136,2024-06-04
7566,15,8,Multi-lateral object-oriented artificial intelligence,73.25,34,2023-02-01
7567,476,13,Compatible actuating array,158.52,264,2025-02-06
7568,25,3,Grass-roots background Graphic Interface,223.27,337,2023-02-22
7569,355,11,Down-sized 24hour definition,837.46,15,2025-05-21
7570,445,8,Profound motivating collaboration,89.38,276,2024-11-26
7571,240,15,Re-contextualized cohesive installation,204.02,101,2023-09-07
7572,512,13,Managed leadingedge capability,77.11,233,2026-03-23
7573,325,6,Open-architected client-server archive,233.63,414,2023-05-16
7574,175,10,Extended 24/7 firmware,827.59,443,2026-02-05
7575,170,5,Virtual web-enabled forecast,679.59,296,2023-12-31
7576,161,1,Centralized executive migration,739.51,92,2025-11-05
7577,563,2,Reactive scalable intranet,324.09,334,2024-01-06
7578,49,9,Implemented hybrid policy,529.92,348,2024-12-26
7579,143,2,Optional bandwidth-monitored time-frame,761.04,446,2025-03-14
7580,561,1,Adaptive solution-oriented Graphic Interface,112.57,417,2023-11-20
7581,428,10,Reverse-engineered regional architecture,389.94,171,2023-04-04
7582,336,13,Enhanced dynamic matrix,56.05,377,2024-04-11
7583,140,5,Open-source methodical leverage,676.09,307,2023-05-10
7584,238,15,Devolved modular structure,542.69,122,2023-04-21
7585,253,14,Automated fresh-thinking knowledgebase,867.96,384,2023-12-12
7586,375,1,Programmable upward-trending Internet solution,668.96,86,2025-09-23
7587,257,10,Monitored global solution,360.69,77,2024-05-05
7588,575,4,Distributed 24hour Graphic Interface,457.71,144,2024-08-28
7589,49,13,Future-proofed next generation data-warehouse,821.76,485,2024-04-20
7590,494,11,Persevering zero-defect function,356.71,131,2024-03-07
7591,599,10,Open-architected real-time structure,243.08,431,2026-02-25
7592,365,12,Synergistic 6thgeneration interface,474.46,97,2024-04-05
7593,27,9,Versatile exuding methodology,372.73,130,2023-07-16
7594,295,9,Vision-oriented incremental extranet,373.25,125,2023-09-20
7595,48,9,Centralized holistic pricing structure,290.78,10,2024-11-12
7596,59,13,Adaptive zero-defect productivity,747.73,479,2025-11-12
7597,508,11,Team-oriented executive firmware,99.69,299,2023-02-26
7598,323,2,Advanced tangible neural-net,503.59,466,2024-03-08
7599,478,8,Fully-configurable content-based support,157.49,30,2026-06-12
7600,54,8,User-centric human-resource paradigm,231.55,131,2025-08-21
7601,587,12,Digitized asynchronous groupware,212.19,54,2023-05-27
7602,483,2,Synergistic client-driven installation,438.55,128,2023-01-21
7603,31,4,Balanced solution-oriented initiative,640.46,182,2025-03-18
7604,541,11,Innovative fault-tolerant secured line,801.24,352,2024-07-21
7605,543,7,Cross-platform interactive challenge,299.94,477,2025-09-23
7606,214,8,Enterprise-wide 24/7 core,267.92,142,2026-05-11
7607,388,7,Fundamental homogeneous monitoring,342.44,2,2025-06-25
7608,139,4,Sharable executive emulation,357.4,373,2023-04-29
7609,300,14,Programmable static parallelism,794.06,240,2024-06-23
7610,107,3,Mandatory eco-centric methodology,10.97,54,2026-01-17
7611,2,4,Organized uniform archive,395.53,304,2024-03-07
7612,514,11,Stand-alone human-resource time-frame,142.69,430,2023-09-29
7613,547,11,Automated empowering moderator,849.97,320,2024-07-31
7614,5,5,Assimilated holistic Local Area Network,198.26,126,2025-01-17
7615,120,7,Front-line fresh-thinking moratorium,21.29,202,2026-05-29
7616,337,8,Profit-focused empowering firmware,876.96,191,2023-09-29
7617,441,7,Monitored empowering open architecture,506.76,484,2026-02-18
7618,53,4,Decentralized clear-thinking function,601.45,50,2025-05-25
7619,202,7,Open-architected bandwidth-monitored secured line,425.53,35,2025-07-30
7620,323,3,Inverse logistical analyzer,239.14,331,2026-02-07
7621,69,4,Reduced national capacity,307.77,249,2025-02-28
7622,275,3,Phased clear-thinking open system,550.77,450,2025-11-21
7623,236,13,Adaptive multi-tasking open system,553.87,5,2024-03-04
7624,367,4,Down-sized optimizing algorithm,541.47,69,2025-03-24
7625,43,9,Extended bottom-line system engine,589.84,177,2024-01-21
7626,186,10,Reactive national benchmark,726.18,428,2025-08-16
7627,243,5,Ergonomic high-level hierarchy,635.8,15,2023-07-10
7628,87,5,Visionary well-modulated moratorium,559.35,308,2025-09-28
7629,312,8,Streamlined bandwidth-monitored adapter,880.55,139,2025-09-29
7630,207,11,Synergized systematic workforce,783.13,230,2025-08-06
7631,38,5,Face-to-face zero administration open system,685.95,487,2026-06-15
7632,41,10,Centralized object-oriented monitoring,884.71,234,2025-12-29
7633,70,10,Progressive 24hour structure,282.47,421,2025-03-08
7634,345,10,Focused composite toolset,433.94,230,2024-04-22
7635,395,2,Sharable heuristic frame,702.91,16,2024-02-15
7636,257,1,Down-sized motivating interface,312.09,105,2025-04-02
7637,555,15,Virtual value-added framework,764.77,297,2023-07-17
7638,53,9,Sharable systemic firmware,779.38,10,2024-08-23
7639,113,12,Function-based reciprocal website,608.6,494,2024-10-04
7640,440,10,Implemented mission-critical time-frame,577.01,455,2024-03-15
7641,33,8,Open-architected stable secured line,770.65,466,2023-11-27
7642,107,15,Stand-alone intermediate projection,617.8,338,2025-11-02
7643,468,11,Cross-group explicit contingency,411.25,34,2025-05-19
7644,591,10,Managed multi-tasking groupware,95.27,163,2025-11-02
7645,474,3,Pre-emptive reciprocal encoding,212.27,126,2024-09-23
7646,72,2,Innovative logistical application,33.67,275,2024-11-10
7647,451,9,Re-engineered leadingedge hardware,825.88,214,2025-07-09
7648,114,3,Cross-group client-server extranet,349.6,414,2025-09-04
7649,164,9,Compatible secondary intranet,749.55,283,2023-10-22
7650,121,3,Versatile real-time function,765.29,388,2026-02-25
7651,547,9,Enhanced executive groupware,333.48,332,2023-12-04
7652,265,10,Balanced optimizing challenge,859.97,298,2023-05-12
7653,415,1,Balanced disintermediate approach,576.16,149,2023-07-24
7654,357,11,Cross-group regional hardware,899.44,398,2024-11-16
7655,377,4,Down-sized client-driven moratorium,421.34,116,2023-05-07
7656,285,4,Mandatory 24hour superstructure,412.87,213,2024-02-21
7657,127,9,Team-oriented client-server toolset,292.16,289,2025-04-06
7658,506,1,Innovative logistical attitude,446.27,63,2025-06-10
7659,262,5,Multi-lateral composite methodology,494.95,472,2023-07-15
7660,278,12,Multi-tiered dynamic strategy,278.35,2,2023-05-02
7661,279,1,Networked homogeneous moderator,706.98,189,2025-04-20
7662,47,3,Polarized 4thgeneration paradigm,218.4,441,2023-09-09
7663,53,12,Reactive optimal access,383.4,496,2023-03-24
7664,456,13,Horizontal heuristic analyzer,892.7,248,2023-11-22
7665,599,7,Quality-focused dedicated workforce,474.02,82,2023-12-28
7666,576,9,Secured eco-centric leverage,597.23,169,2024-09-17
7667,158,8,Enterprise-wide actuating Local Area Network,831.91,380,2024-07-01
7668,265,10,Operative object-oriented hierarchy,641.5,294,2026-05-12
7669,153,15,Exclusive impactful moratorium,778.09,58,2026-05-06
7670,492,12,Seamless coherent contingency,179.43,210,2025-04-15
7671,330,5,Down-sized multi-tasking orchestration,403.58,481,2025-01-20
7672,521,15,Synergized motivating Local Area Network,753.04,428,2026-02-21
7673,250,11,Programmable content-based toolset,438.45,34,2023-05-03
7674,331,4,Enterprise-wide human-resource paradigm,876.65,381,2023-10-20
7675,364,11,Polarized 6thgeneration definition,643.97,28,2025-05-30
7676,508,8,Open-architected maximized help-desk,112.72,165,2024-02-04
7677,411,1,Stand-alone motivating moderator,692.22,54,2025-08-31
7678,297,15,Cloned didactic hierarchy,205.83,10,2024-06-10
7679,63,15,Enhanced neutral service-desk,146.23,193,2023-05-01
7680,48,5,Monitored regional algorithm,113.21,460,2023-07-23
7681,419,11,Polarized intangible help-desk,360.17,253,2025-08-10
7682,361,3,Right-sized well-modulated help-desk,434.86,0,2025-06-15
7683,114,3,Intuitive non-volatile approach,793.8,294,2025-08-17
7684,106,8,Centralized optimizing help-desk,389.82,379,2024-10-29
7685,10,7,Extended optimal strategy,786.63,389,2024-08-28
7686,183,12,Profound explicit project,415.36,291,2026-05-29
7687,25,12,Robust mission-critical access,268.22,262,2026-01-26
7688,104,8,Implemented methodical approach,818.05,208,2025-08-03
7689,408,3,Universal directional success,839.96,85,2025-06-16
7690,36,3,Horizontal 24hour groupware,665.72,159,2024-05-19
7691,74,7,Devolved systemic paradigm,578.1,118,2026-03-22
7692,69,6,Future-proofed asymmetric paradigm,461.69,215,2024-07-12
7693,495,3,Customizable executive groupware,305.23,27,2024-08-02
7694,394,13,Public-key regional conglomeration,423.31,456,2025-11-15
7695,162,11,Secured local algorithm,45.09,104,2025-06-11
7696,22,7,Stand-alone national toolset,625.86,55,2024-10-17
7697,360,1,Down-sized secondary strategy,598.49,94,2025-03-15
7698,67,4,Automated incremental toolset,235.33,359,2026-07-01
7699,483,4,Realigned 5thgeneration model,88.76,69,2023-11-13
7700,57,14,Open-architected zero administration data-warehouse,733.47,221,2025-02-25
7701,450,7,Object-based interactive complexity,368.31,165,2024-08-09
7702,5,6,Universal secondary capability,214.7,325,2024-01-02
7703,285,3,Focused tertiary benchmark,566.34,333,2023-08-22
7704,422,10,Focused 6thgeneration knowledgebase,253.39,171,2024-04-03
7705,171,9,Compatible value-added installation,672.14,467,2023-05-31
7706,478,9,Right-sized heuristic complexity,600.64,187,2026-02-08
7707,70,4,Compatible heuristic infrastructure,878.51,265,2023-03-07
7708,341,8,Synergized 4thgeneration hardware,205.78,59,2024-04-02
7709,388,13,Multi-tiered optimal monitoring,726.77,438,2026-02-16
7710,574,7,Phased discrete groupware,270.46,170,2025-02-01
7711,137,7,Synchronized client-driven installation,103.63,61,2023-03-03
7712,452,1,Re-contextualized analyzing open system,893.64,178,2025-01-18
7713,510,1,Balanced asymmetric framework,330.92,489,2023-11-17
7714,383,1,Profit-focused regional productivity,508.1,272,2025-10-06
7715,274,5,Pre-emptive high-level frame,87.88,395,2024-01-27
7716,352,15,Profit-focused even-keeled artificial intelligence,607.89,298,2026-01-23
7717,445,11,Customer-focused optimizing orchestration,160.12,478,2024-10-13
7718,575,7,Horizontal well-modulated matrix,539.04,447,2025-03-28
7719,253,6,Managed intermediate emulation,390.63,17,2025-02-23
7720,192,6,Triple-buffered disintermediate migration,600.62,32,2025-01-19
7721,90,8,Organic optimizing emulation,721.29,487,2026-04-17
7722,458,12,Extended contextually-based definition,857.14,38,2026-04-13
7723,206,8,Monitored impactful pricing structure,790.35,128,2026-04-19
7724,343,4,Reduced bandwidth-monitored superstructure,64.88,88,2025-07-19
7725,203,5,Versatile actuating knowledgebase,689.87,128,2024-11-15
7726,543,11,Customer-focused 5thgeneration methodology,22.8,33,2025-10-05
7727,434,12,Distributed responsive installation,147.75,101,2024-07-04
7728,427,13,Function-based holistic implementation,84.81,141,2025-02-10
7729,79,6,Enterprise-wide radical concept,138.07,358,2025-06-02
7730,344,4,Versatile bandwidth-monitored challenge,140.29,72,2023-09-19
7731,268,15,Devolved attitude-oriented approach,791.47,230,2023-03-22
7732,523,2,Object-based regional frame,882.29,1,2023-08-08
7733,277,9,Expanded maximized pricing structure,623.42,85,2026-04-08
7734,454,2,Visionary zero administration implementation,555.79,274,2024-07-12
7735,45,13,Devolved leadingedge application,756.85,307,2024-05-29
7736,253,8,Function-based incremental flexibility,692.4,485,2024-09-10
7737,568,11,Programmable mobile model,689.05,442,2023-09-02
7738,140,15,Devolved logistical projection,364.65,56,2025-09-25
7739,256,1,Profound local emulation,656.4,266,2023-02-07
7740,332,9,Inverse needs-based software,489.94,303,2026-05-30
7741,13,6,Operative heuristic standardization,768.21,465,2025-11-06
7742,43,9,Reactive contextually-based database,113.05,8,2024-01-30
7743,222,5,Team-oriented homogeneous core,642.59,12,2024-11-27
7744,35,9,Automated intangible capacity,755.76,57,2023-04-09
7745,348,7,Organized logistical knowledgebase,882.92,363,2024-03-29
7746,350,11,Self-enabling multimedia policy,468.79,421,2025-06-03
7747,39,11,Enterprise-wide neutral customer loyalty,170.01,54,2024-04-28
7748,71,2,Realigned needs-based attitude,372.77,212,2026-03-10
7749,311,7,Distributed radical monitoring,24.72,70,2023-06-03
7750,165,15,Intuitive human-resource challenge,860.62,148,2025-05-30
7751,459,14,Front-line bandwidth-monitored superstructure,382.7,132,2023-10-23
7752,518,2,Configurable homogeneous hub,138.37,350,2024-12-11
7753,580,9,Optional radical hub,778.23,203,2023-11-22
7754,53,8,Centralized clear-thinking capacity,737.32,136,2026-06-27
7755,522,14,Open-source mobile open system,506.19,429,2024-06-23
7756,599,15,Open-architected responsive projection,622.76,164,2026-05-11
7757,77,14,Reverse-engineered non-volatile toolset,159.08,2,2026-03-31
7758,153,1,Cloned local open system,223.99,40,2024-06-15
7759,444,6,Compatible zero-defect info-mediaries,378.43,351,2024-12-25
7760,508,12,Upgradable empowering initiative,811.84,61,2025-05-09
7761,401,6,Robust explicit monitoring,444.41,440,2025-11-15
7762,99,4,Pre-emptive bandwidth-monitored array,25.31,294,2026-07-01
7763,354,14,Enhanced fresh-thinking initiative,56.31,120,2025-10-23
7764,584,11,Organized disintermediate project,679.64,148,2023-07-25
7765,408,5,Quality-focused homogeneous capacity,319.77,270,2025-02-28
7766,148,15,Persevering mobile framework,653.07,477,2026-02-28
7767,331,4,Ergonomic grid-enabled knowledgebase,715.89,66,2023-09-18
7768,232,1,Optional global pricing structure,427.22,75,2024-07-09
7769,566,15,Face-to-face non-volatile service-desk,442.82,130,2023-07-12
7770,191,7,Sharable incremental collaboration,93.36,111,2026-03-10
7771,373,14,Configurable multimedia definition,756.59,398,2025-01-13
7772,502,5,Mandatory real-time circuit,291.92,203,2023-08-31
7773,517,12,User-centric empowering paradigm,16.91,165,2025-10-29
7774,205,10,Compatible homogeneous software,224.62,452,2023-03-16
7775,531,4,Customer-focused human-resource array,335.24,324,2024-07-25
7776,145,11,Total contextually-based infrastructure,576.95,263,2025-12-22
7777,362,10,Operative multi-state array,493.41,261,2023-09-13
7778,177,1,Programmable clear-thinking definition,392.86,196,2025-02-02
7779,391,10,Seamless context-sensitive extranet,180.54,189,2026-05-09
7780,425,13,Multi-channeled maximized initiative,132.14,234,2025-06-11
7781,168,3,Innovative zero-defect paradigm,219.78,275,2024-04-28
7782,85,13,Down-sized secondary projection,160.74,174,2024-04-17
7783,261,2,Self-enabling contextually-based portal,481.51,313,2026-05-28
7784,353,6,Enhanced 6thgeneration info-mediaries,573.12,240,2026-02-22
7785,34,3,Organic regional system engine,815.04,401,2023-10-02
7786,527,1,Fully-configurable needs-based hub,83.69,232,2025-10-15
7787,83,11,Proactive dedicated hierarchy,875.97,215,2023-09-24
7788,578,5,Versatile real-time projection,329.74,468,2023-02-06
7789,137,12,Versatile exuding alliance,350.97,388,2026-03-16
7790,294,5,Intuitive directional open system,412.06,397,2025-01-17
7791,219,5,Reactive stable solution,90.45,450,2024-07-31
7792,253,10,Optimized zero administration groupware,70.52,380,2024-03-20
7793,191,4,Multi-channeled global capability,663.67,63,2025-12-18
7794,442,14,Advanced hybrid attitude,598.36,218,2025-08-17
7795,587,11,Compatible intermediate encoding,49.68,217,2025-05-14
7796,499,12,Realigned object-oriented forecast,235.01,246,2023-10-06
7797,53,12,Synergized encompassing paradigm,834.4,40,2023-05-06
7798,303,1,Versatile fault-tolerant budgetary management,498.41,260,2024-05-27
7799,253,12,Fully-configurable solution-oriented ability,424.1,285,2023-12-22
7800,404,1,Enhanced executive portal,714.15,328,2026-01-23
7801,458,8,Expanded maximized solution,641.85,402,2026-06-25
7802,355,11,Devolved zero administration interface,203.4,443,2024-08-01
7803,146,3,Cross-platform contextually-based project,295.42,302,2024-04-07
7804,133,3,Realigned transitional secured line,240.98,184,2025-10-05
7805,489,8,Progressive client-driven complexity,694.11,233,2025-07-23
7806,259,6,Polarized zero tolerance Graphic Interface,404.07,173,2023-04-09
7807,169,2,Extended composite strategy,594.23,266,2025-12-12
7808,353,3,Synchronized incremental strategy,88.43,479,2024-07-31
7809,539,5,Diverse hybrid architecture,391.61,17,2024-04-10
7810,388,4,Enterprise-wide 5thgeneration toolset,480.45,298,2025-03-22
7811,548,8,Inverse intermediate paradigm,490.1,258,2024-09-01
7812,181,13,Business-focused upward-trending superstructure,706.46,388,2024-08-07
7813,474,6,Organic hybrid framework,810.68,320,2026-04-18
7814,574,4,Persistent human-resource protocol,334.8,257,2026-05-01
7815,319,8,Organized client-driven product,678.76,28,2025-02-24
7816,591,12,Diverse fault-tolerant hardware,857.19,424,2024-05-15
7817,182,9,Innovative multi-state function,309.59,66,2023-04-22
7818,154,15,Object-based interactive core,288.91,208,2023-06-16
7819,430,12,Ameliorated needs-based function,600.31,330,2025-08-29
7820,297,7,Profit-focused directional alliance,672.78,227,2025-07-15
7821,538,11,Synergistic tangible array,714.82,266,2026-03-12
7822,530,13,Exclusive client-server artificial intelligence,393.88,367,2025-04-28
7823,81,14,Future-proofed client-server secured line,206.21,293,2024-10-28
7824,298,13,Ergonomic disintermediate firmware,575.3,500,2026-04-14
7825,139,12,Mandatory static toolset,875.25,58,2026-02-21
7826,344,12,Fully-configurable tangible matrix,397.2,117,2024-11-11
7827,53,2,Multi-lateral 24/7 collaboration,558.79,235,2024-03-13
7828,507,8,Universal bandwidth-monitored process improvement,515.99,70,2025-04-01
7829,202,9,Adaptive disintermediate circuit,824.16,298,2025-02-15
7830,362,5,Fundamental eco-centric attitude,690.37,288,2026-06-28
7831,506,11,Front-line discrete circuit,420.96,43,2025-09-07
7832,568,11,Self-enabling context-sensitive firmware,570.33,414,2023-10-04
7833,21,1,Versatile tangible Graphic Interface,497.37,330,2023-09-10
7834,24,13,Phased mission-critical open architecture,31.98,380,2024-06-07
7835,183,9,Extended didactic matrix,736.2,341,2025-05-02
7836,60,7,Reverse-engineered dynamic matrices,168.06,43,2024-10-21
7837,501,6,Adaptive national infrastructure,529.62,55,2024-06-02
7838,597,13,Exclusive multimedia support,680.5,21,2026-03-03
7839,408,8,Digitized optimal moratorium,92.84,357,2023-01-29
7840,524,1,Quality-focused grid-enabled challenge,6.39,135,2024-12-24
7841,528,12,Horizontal secondary orchestration,437.94,93,2024-07-12
7842,161,11,Object-based logistical superstructure,161.16,439,2024-08-23
7843,404,7,Enhanced background artificial intelligence,317.86,337,2023-09-21
7844,305,14,Cross-platform dedicated conglomeration,467.06,436,2023-04-02
7845,354,2,Adaptive neutral benchmark,413.68,300,2025-08-09
7846,160,12,Inverse eco-centric collaboration,302.03,92,2024-03-20
7847,263,4,Open-architected optimal system engine,684.18,120,2024-11-01
7848,238,7,Multi-channeled 3rdgeneration access,419.64,345,2025-07-05
7849,496,8,Compatible regional solution,402.62,128,2023-09-24
7850,398,13,Optional multimedia framework,750.5,171,2025-12-25
7851,494,6,Optimized needs-based matrices,48.03,340,2023-05-23
7852,10,5,Focused leadingedge system engine,639.42,302,2025-06-15
7853,95,5,Managed interactive array,5.89,467,2025-09-04
7854,77,11,Operative next generation system engine,806.41,321,2024-01-09
7855,523,1,Decentralized fault-tolerant standardization,860.23,211,2023-06-24
7856,591,10,Ergonomic transitional productivity,36.52,431,2024-06-25
7857,404,7,Persistent solution-oriented hardware,799.2,211,2026-05-22
7858,510,14,Function-based well-modulated Local Area Network,603.3,242,2023-11-07
7859,93,8,Grass-roots 24hour capability,112.13,479,2023-12-15
7860,297,13,Triple-buffered fault-tolerant application,211.08,199,2025-05-16
7861,513,11,Multi-layered secondary software,729.64,400,2023-04-14
7862,224,3,Devolved global firmware,316.69,100,2025-03-03
7863,587,6,Face-to-face coherent infrastructure,645.03,452,2025-01-12
7864,334,9,Focused high-level application,403.7,376,2025-02-16
7865,502,4,Versatile reciprocal conglomeration,291.55,5,2025-08-29
7866,574,13,Optional demand-driven initiative,88.78,28,2025-10-19
7867,181,9,Reverse-engineered analyzing encoding,621.26,334,2026-05-04
7868,305,13,Multi-tiered neutral application,417.81,197,2024-07-02
7869,426,12,Persevering mission-critical system engine,612.18,481,2023-05-28
7870,188,11,Versatile human-resource encoding,344.09,133,2026-06-02
7871,210,11,Assimilated well-modulated standardization,367.36,477,2024-04-29
7872,110,13,Face-to-face context-sensitive methodology,517.92,90,2025-06-22
7873,342,7,Decentralized multi-tasking strategy,629.73,130,2024-04-01
7874,595,14,Function-based didactic moratorium,687.03,298,2024-10-14
7875,66,11,Up-sized dynamic collaboration,546.6,172,2025-03-16
7876,411,4,Persevering grid-enabled solution,898.95,31,2025-03-17
7877,206,7,Advanced systemic intranet,134.85,473,2023-08-30
7878,56,6,Streamlined 6thgeneration neural-net,612.54,199,2024-06-14
7879,58,8,Open-source 3rdgeneration frame,461.81,445,2023-04-24
7880,308,14,Horizontal composite process improvement,818.99,55,2023-07-05
7881,210,12,Persistent impactful ability,590.35,391,2024-02-05
7882,488,12,Extended eco-centric interface,570.44,343,2024-05-19
7883,426,6,Cross-platform stable archive,838.24,247,2023-12-01
7884,325,10,Proactive zero tolerance encryption,675.61,200,2025-06-21
7885,472,8,Quality-focused impactful database,628.78,171,2025-01-08
7886,306,9,Universal uniform hardware,535.48,365,2023-03-17
7887,486,2,Mandatory solution-oriented instruction set,887.18,355,2026-04-18
7888,394,10,Exclusive bandwidth-monitored help-desk,690.18,476,2023-07-16
7889,334,5,Intuitive responsive pricing structure,634.89,93,2025-09-06
7890,10,1,Ergonomic 4thgeneration framework,592.88,293,2024-05-21
7891,223,13,Compatible zero-defect model,627.39,53,2024-03-10
7892,132,7,Networked background time-frame,460.83,99,2025-08-22
7893,269,7,Assimilated mission-critical projection,22.63,32,2024-05-26
7894,445,13,Stand-alone zero-defect implementation,492.79,274,2024-08-11
7895,78,6,Persistent context-sensitive migration,452.24,42,2023-10-05
7896,70,9,Centralized reciprocal project,242.98,358,2025-02-05
7897,65,12,Managed actuating focus group,533.43,407,2025-04-27
7898,88,8,Realigned web-enabled emulation,394.97,464,2025-01-16
7899,345,9,Organized asymmetric architecture,542.02,79,2024-03-26
7900,378,6,Synergistic client-server parallelism,795.19,353,2026-01-24
7901,331,9,Automated tertiary implementation,443.76,13,2025-06-14
7902,200,1,Front-line bottom-line flexibility,706.52,77,2023-10-30
7903,561,13,Stand-alone logistical open system,783.43,90,2026-05-30
7904,229,13,Cloned fault-tolerant emulation,215.8,486,2023-10-22
7905,557,14,Reduced empowering circuit,397.74,313,2025-10-16
7906,107,6,Managed user-facing matrices,654.94,99,2024-12-19
7907,420,5,Proactive solution-oriented hardware,438.55,80,2025-04-20
7908,539,11,Cross-group didactic model,282.26,377,2025-10-18
7909,273,7,Sharable transitional conglomeration,252.89,184,2024-10-19
7910,35,8,Synergistic executive forecast,617.57,459,2025-11-30
7911,252,2,Innovative cohesive process improvement,683.57,472,2023-09-09
7912,564,6,Focused eco-centric website,654.74,25,2025-12-13
7913,560,1,Inverse empowering website,841.48,245,2024-10-09
7914,413,12,Open-source cohesive throughput,282.89,479,2024-12-19
7915,27,12,Operative systematic task-force,611.49,277,2023-08-16
7916,13,6,Open-source holistic utilization,479.14,55,2023-01-04
7917,576,15,Phased foreground forecast,579.36,455,2025-05-11
7918,499,10,Advanced background Local Area Network,445.17,494,2024-06-16
7919,260,8,Down-sized 6thgeneration portal,394.53,301,2024-03-10
7920,458,9,Integrated executive ability,731.12,373,2026-01-27
7921,438,7,Front-line actuating collaboration,178.5,196,2024-08-28
7922,398,13,Ameliorated fresh-thinking help-desk,300.78,479,2024-03-25
7923,240,5,Robust executive challenge,736.42,226,2024-07-20
7924,588,7,Customizable fault-tolerant benchmark,876.78,101,2025-09-09
7925,592,15,Advanced intangible leverage,775.24,79,2025-05-31
7926,175,9,Synergized upward-trending paradigm,107.42,473,2023-06-02
7927,354,1,Function-based directional core,167.27,248,2024-08-17
7928,212,9,Devolved analyzing definition,798.02,255,2024-05-16
7929,296,6,Decentralized responsive access,49.99,493,2023-12-04
7930,119,10,Vision-oriented 3rdgeneration superstructure,264.35,163,2023-01-08
7931,259,8,Object-based secondary Graphic Interface,121.85,213,2023-02-24
7932,490,14,Distributed content-based collaboration,818.67,288,2025-05-24
7933,168,10,Cloned bandwidth-monitored emulation,73.04,181,2026-04-18
7934,499,8,Diverse dynamic access,216.43,496,2025-04-19
7935,387,1,Horizontal user-facing concept,517.06,384,2024-10-11
7936,595,2,Integrated fault-tolerant success,547.81,47,2025-06-18
7937,306,8,Compatible even-keeled orchestration,879.39,118,2025-03-07
7938,447,6,Customer-focused local budgetary management,188.45,225,2025-12-18
7939,540,6,Proactive optimal contingency,473.95,412,2024-09-05
7940,519,12,Self-enabling dedicated encoding,538.05,348,2024-12-10
7941,371,8,Streamlined radical structure,109.23,57,2026-06-07
7942,549,5,Face-to-face reciprocal parallelism,863.46,135,2026-05-15
7943,400,2,De-engineered uniform utilization,827.33,124,2026-03-02
7944,328,3,Multi-layered dedicated hub,308.35,128,2025-09-04
7945,489,8,Versatile neutral benchmark,253.5,224,2023-11-20
7946,82,3,Object-based bandwidth-monitored parallelism,203.91,140,2025-11-21
7947,467,8,Visionary composite adapter,335.42,462,2023-05-29
7948,84,15,Ergonomic intangible hierarchy,495.7,288,2025-11-29
7949,481,6,Realigned even-keeled budgetary management,339.1,303,2026-01-06
7950,227,3,User-centric analyzing knowledgebase,658.76,416,2026-05-02
7951,42,11,Multi-channeled clear-thinking model,702.17,470,2023-05-03
7952,332,10,Secured attitude-oriented superstructure,15.99,146,2024-12-19
7953,117,8,Switchable asymmetric project,210.94,164,2026-02-01
7954,374,5,Optional zero-defect task-force,34.0,373,2026-03-07
7955,69,10,Digitized impactful budgetary management,205.57,155,2024-01-14
7956,298,7,Customizable mission-critical array,117.48,336,2025-08-19
7957,106,3,Synchronized directional challenge,173.65,119,2024-05-20
7958,57,13,Down-sized tertiary core,881.2,208,2024-11-19
7959,243,4,Exclusive transitional artificial intelligence,337.8,405,2024-02-03
7960,378,10,Optimized motivating moratorium,850.67,160,2026-04-13
7961,555,1,Programmable high-level capability,515.43,415,2023-11-17
7962,516,3,Synergistic bottom-line initiative,658.55,61,2026-05-02
7963,414,15,Exclusive client-server Local Area Network,5.07,250,2026-02-21
7964,501,13,Cross-platform high-level framework,568.13,324,2025-08-21
7965,517,11,Synergistic regional challenge,774.3,74,2025-09-02
7966,195,8,Polarized incremental product,767.48,217,2024-05-21
7967,49,10,Intuitive bifurcated infrastructure,839.1,233,2024-03-25
7968,595,11,Vision-oriented 6thgeneration data-warehouse,732.58,371,2024-05-21
7969,448,14,Multi-channeled 4thgeneration approach,349.4,13,2026-03-11
7970,512,11,Profound web-enabled strategy,514.59,255,2025-10-27
7971,334,15,Open-architected object-oriented leverage,304.79,5,2023-04-24
7972,300,5,Integrated exuding Internet solution,896.37,338,2023-04-05
7973,455,12,Devolved holistic Internet solution,130.73,204,2023-11-18
7974,28,11,Inverse content-based challenge,78.1,475,2025-06-23
7975,237,12,Total 5thgeneration data-warehouse,167.85,486,2023-10-30
7976,415,6,Programmable even-keeled data-warehouse,137.2,264,2023-11-21
7977,354,5,Synchronized global flexibility,350.29,8,2024-11-12
7978,312,11,Ameliorated non-volatile intranet,75.17,179,2025-05-21
7979,512,2,Future-proofed disintermediate forecast,65.57,226,2024-10-16
7980,209,10,Innovative background knowledgebase,498.27,394,2025-06-24
7981,169,5,Quality-focused motivating synergy,722.37,161,2026-02-07
7982,93,12,Streamlined 24/7 application,791.94,402,2026-02-06
7983,472,11,Pre-emptive asymmetric success,35.69,259,2025-10-22
7984,312,1,Robust contextually-based architecture,447.88,364,2024-10-07
7985,206,12,Ameliorated local benchmark,497.8,1,2025-01-16
7986,201,12,Function-based regional archive,355.72,316,2025-09-04
7987,146,7,Virtual value-added moratorium,471.8,445,2026-06-22
7988,380,1,Distributed uniform database,693.62,379,2023-02-19
7989,358,2,Public-key intangible protocol,718.76,436,2023-04-04
7990,419,10,Balanced uniform firmware,376.78,93,2023-05-13
7991,132,9,Distributed systemic approach,100.54,198,2026-01-26
7992,249,9,Cloned uniform orchestration,407.65,14,2024-01-11
7993,496,14,Business-focused 3rdgeneration instruction set,850.17,479,2024-11-14
7994,230,8,Vision-oriented zero administration portal,514.39,416,2026-02-14
7995,160,2,Inverse value-added framework,263.45,491,2026-03-20
7996,175,5,Proactive zero tolerance utilization,80.59,242,2023-07-31
7997,491,4,Front-line radical function,7.25,453,2025-05-22
7998,197,10,Centralized homogeneous array,36.62,490,2025-12-19
7999,381,9,Optional exuding model,198.09,208,2026-02-19
8000,268,11,Customizable multimedia migration,829.58,104,2025-05-20
8001,529,15,Reduced motivating synergy,115.63,226,2023-11-28
8002,204,9,Persevering even-keeled definition,358.22,172,2025-04-27
8003,48,15,Customer-focused foreground leverage,362.18,246,2025-01-30
8004,359,10,Persevering stable productivity,323.37,401,2024-05-13
8005,335,5,Diverse dedicated neural-net,94.92,1,2024-10-14
8006,453,8,Multi-channeled client-driven system engine,810.67,66,2024-12-25
8007,13,5,Configurable dedicated conglomeration,39.98,168,2025-12-27
8008,515,9,Right-sized asymmetric alliance,62.89,321,2026-01-12
8009,328,13,Open-architected impactful pricing structure,296.16,229,2023-11-06
8010,217,6,Right-sized exuding leverage,438.56,149,2025-01-06
8011,484,11,Managed regional encryption,138.33,269,2023-02-13
8012,157,5,User-centric well-modulated workforce,847.36,8,2024-08-09
8013,88,6,Organized methodical projection,58.03,239,2024-09-12
8014,594,4,Phased grid-enabled knowledgebase,109.65,194,2023-01-29
8015,536,11,Ergonomic analyzing hierarchy,111.39,392,2023-08-23
8016,89,6,Reduced human-resource throughput,573.5,322,2025-02-22
8017,448,2,Digitized asynchronous solution,211.7,145,2023-02-04
8018,283,8,Versatile 24/7 extranet,598.88,182,2023-04-03
8019,44,1,Polarized mission-critical benchmark,785.14,159,2024-11-18
8020,566,5,Optimized systematic matrix,35.35,328,2026-02-08
8021,142,3,Down-sized incremental success,565.43,11,2025-04-11
8022,585,10,Focused disintermediate challenge,615.18,474,2025-02-26
8023,318,10,Vision-oriented exuding moratorium,711.71,319,2024-05-10
8024,341,7,Diverse mobile capacity,585.96,378,2025-11-02
8025,42,15,Decentralized 5thgeneration groupware,611.57,403,2025-03-17
8026,217,9,Programmable hybrid moratorium,199.68,149,2025-09-24
8027,144,14,Ergonomic actuating middleware,152.43,185,2024-10-28
8028,523,15,De-engineered hybrid strategy,670.69,248,2023-03-20
8029,537,12,Automated bandwidth-monitored hardware,202.72,178,2023-05-13
8030,304,14,Monitored high-level alliance,580.32,94,2024-06-17
8031,279,11,Cross-group high-level standardization,574.26,401,2026-06-08
8032,417,7,Inverse well-modulated data-warehouse,633.59,343,2026-05-29
8033,37,13,Profound foreground database,41.35,17,2024-06-16
8034,366,4,Customizable responsive pricing structure,534.56,485,2026-01-28
8035,19,5,Ergonomic exuding migration,632.81,446,2026-01-31
8036,557,13,Multi-tiered stable function,664.29,253,2023-12-06
8037,324,2,Universal mobile secured line,274.91,351,2026-03-24
8038,386,2,Multi-tiered uniform process improvement,666.16,26,2026-03-02
8039,594,9,Open-architected systemic encryption,850.96,107,2023-05-31
8040,510,14,Grass-roots tertiary capability,17.44,302,2025-10-23
8041,119,15,Organic contextually-based benchmark,361.2,208,2025-12-28
8042,575,2,Robust asynchronous groupware,204.47,9,2024-04-15
8043,559,5,Visionary national intranet,344.85,55,2024-01-05
8044,563,2,Total real-time contingency,331.52,51,2025-02-19
8045,259,6,Adaptive 24/7 neural-net,238.68,209,2025-02-27
8046,158,6,Optional motivating knowledge user,398.07,57,2023-11-14
8047,358,4,Diverse hybrid extranet,382.41,65,2025-06-22
8048,413,10,Decentralized radical synergy,453.01,202,2023-12-19
8049,166,13,Fundamental bottom-line paradigm,681.53,453,2026-04-11
8050,364,15,Persevering tertiary function,450.85,381,2026-04-11
8051,317,8,Extended intermediate protocol,255.68,19,2026-02-11
8052,62,11,Enhanced local toolset,509.83,258,2026-06-17
8053,463,2,Configurable web-enabled collaboration,422.28,118,2024-03-27
8054,92,13,Compatible disintermediate leverage,306.47,253,2023-07-12
8055,435,1,Customer-focused exuding hub,804.95,88,2025-02-22
8056,85,5,Right-sized transitional array,751.67,394,2024-06-01
8057,459,2,Seamless dedicated circuit,807.5,170,2023-03-17
8058,272,5,Enterprise-wide logistical paradigm,690.61,189,2024-01-15
8059,441,5,Profit-focused foreground paradigm,259.11,176,2025-10-21
8060,147,10,Horizontal asynchronous initiative,813.11,212,2026-05-05
8061,293,12,Open-architected solution-oriented architecture,887.48,131,2023-06-26
8062,588,13,Down-sized zero administration architecture,795.7,427,2024-03-24
8063,475,9,Triple-buffered full-range secured line,44.85,304,2025-11-02
8064,497,14,Open-source optimizing system engine,388.56,10,2026-05-19
8065,194,13,Customer-focused 6thgeneration product,495.07,98,2025-06-28
8066,253,10,Realigned full-range attitude,355.99,166,2023-12-04
8067,320,15,Synergized attitude-oriented process improvement,160.38,243,2025-05-03
8068,3,12,Organic interactive projection,722.46,144,2023-09-05
8069,319,7,Open-source system-worthy focus group,239.06,390,2024-07-07
8070,4,13,Seamless impactful matrices,157.46,355,2023-09-11
8071,195,6,Decentralized web-enabled artificial intelligence,176.19,79,2024-10-28
8072,362,6,Re-engineered intangible archive,349.91,285,2024-02-09
8073,147,14,Implemented 5thgeneration structure,850.46,368,2023-11-09
8074,91,4,Business-focused exuding functionalities,482.35,480,2023-09-09
8075,369,6,Multi-tiered motivating utilization,69.78,4,2026-03-24
8076,361,5,Cross-group global intranet,837.1,445,2025-01-11
8077,145,14,Sharable exuding system engine,435.7,3,2025-01-23
8078,412,15,Focused secondary infrastructure,489.33,326,2023-05-07
8079,523,15,Persevering uniform protocol,250.1,448,2025-12-12
8080,177,12,Customizable full-range challenge,16.84,80,2025-08-22
8081,74,3,Programmable user-facing database,355.2,105,2024-09-20
8082,34,12,Stand-alone coherent interface,599.23,336,2026-06-20
8083,217,8,Horizontal transitional complexity,478.89,53,2024-05-23
8084,156,7,Optional zero-defect pricing structure,425.52,231,2024-05-21
8085,250,3,Distributed contextually-based implementation,791.16,64,2025-07-08
8086,458,15,Operative exuding ability,650.29,224,2024-08-19
8087,445,15,Automated radical architecture,554.88,466,2025-11-03
8088,521,14,Fundamental bi-directional matrices,115.63,324,2024-08-22
8089,395,9,Open-architected context-sensitive hardware,872.72,327,2025-07-26
8090,302,10,Optional transitional core,618.96,499,2026-03-23
8091,297,5,Distributed 24hour array,548.34,99,2023-05-30
8092,207,7,Reverse-engineered 3rdgeneration architecture,442.63,326,2025-10-10
8093,161,14,Reduced 6thgeneration policy,747.17,384,2025-04-05
8094,419,9,Streamlined even-keeled groupware,238.26,417,2026-05-21
8095,5,15,Right-sized homogeneous matrix,619.63,117,2025-04-08
8096,433,15,Networked high-level paradigm,398.02,256,2024-03-04
8097,192,1,Distributed reciprocal utilization,176.28,203,2023-09-10
8098,212,14,Object-based impactful methodology,101.03,230,2026-05-07
8099,16,6,Customer-focused encompassing synergy,222.77,21,2024-02-29
8100,568,11,Right-sized user-facing infrastructure,482.93,96,2024-02-13
8101,105,11,Ergonomic real-time intranet,290.4,498,2023-07-16
8102,525,1,Optional multimedia function,99.32,206,2024-07-26
8103,554,14,Managed mobile forecast,15.13,127,2025-05-17
8104,139,9,Re-contextualized empowering capability,57.19,61,2026-05-07
8105,228,9,De-engineered tangible hardware,478.0,354,2026-06-12
8106,375,4,Customizable static knowledgebase,69.4,181,2024-07-19
8107,247,10,Face-to-face 24/7 matrices,438.19,465,2023-07-13
8108,369,8,Synchronized attitude-oriented methodology,225.22,414,2023-06-27
8109,326,10,Realigned system-worthy success,724.09,11,2025-02-12
8110,437,1,Multi-channeled directional hardware,452.59,433,2024-01-11
8111,242,12,Sharable hybrid encryption,345.14,30,2024-08-16
8112,407,1,Expanded 24/7 portal,855.75,210,2023-12-24
8113,147,5,Profit-focused tertiary project,777.22,253,2026-02-04
8114,135,3,Balanced 24/7 contingency,840.11,491,2024-11-20
8115,108,11,Visionary web-enabled info-mediaries,704.72,356,2023-10-27
8116,437,11,User-friendly web-enabled hierarchy,93.86,405,2024-05-16
8117,346,1,Automated background neural-net,860.13,64,2023-05-14
8118,62,9,Automated regional productivity,263.73,39,2024-10-23
8119,492,14,Re-contextualized analyzing Graphic Interface,554.12,297,2025-10-13
8120,19,7,Synchronized foreground open architecture,126.66,314,2025-12-08
8121,66,1,Synergistic radical time-frame,510.07,313,2025-09-05
8122,363,3,Inverse regional service-desk,781.19,216,2025-12-23
8123,406,7,Operative directional workforce,839.83,25,2025-12-28
8124,220,7,Streamlined heuristic website,499.34,390,2025-03-12
8125,571,15,Multi-channeled content-based moderator,729.51,477,2023-12-02
8126,117,5,Organized scalable contingency,42.56,488,2024-04-07
8127,483,4,Cross-platform executive knowledgebase,53.25,351,2025-07-17
8128,85,15,Organized 3rdgeneration algorithm,256.1,101,2026-03-30
8129,19,4,Vision-oriented uniform middleware,559.1,308,2023-11-14
8130,27,15,Devolved multi-state success,51.57,432,2025-03-12
8131,182,7,Open-source didactic paradigm,717.49,246,2023-01-15
8132,182,11,Advanced 3rdgeneration ability,842.48,252,2024-08-07
8133,526,14,Expanded incremental secured line,297.09,334,2025-07-08
8134,536,12,Optimized eco-centric Local Area Network,483.15,271,2026-06-15
8135,176,2,Future-proofed intermediate migration,211.77,236,2024-04-12
8136,546,2,Down-sized asynchronous challenge,801.32,480,2023-12-23
8137,157,10,Digitized mobile projection,707.27,106,2023-12-21
8138,139,10,Reverse-engineered tangible Local Area Network,410.88,347,2023-12-24
8139,336,5,Optimized foreground throughput,38.26,151,2026-04-28
8140,255,9,Triple-buffered demand-driven analyzer,617.11,433,2024-08-28
8141,502,13,Customizable mobile leverage,795.57,149,2024-04-25
8142,88,9,Balanced analyzing software,485.61,403,2024-09-29
8143,370,10,Right-sized well-modulated project,245.09,279,2023-04-17
8144,59,8,Focused encompassing hierarchy,733.51,425,2026-03-21
8145,178,12,Up-sized methodical focus group,884.18,385,2025-05-27
8146,222,7,Optional foreground concept,372.92,306,2025-12-07
8147,248,8,Universal dynamic time-frame,758.82,184,2025-01-18
8148,18,5,Diverse 5thgeneration monitoring,749.25,172,2026-01-19
8149,250,9,Vision-oriented 5thgeneration conglomeration,446.08,19,2023-01-28
8150,512,12,Synergistic grid-enabled Internet solution,420.96,16,2026-06-17
8151,596,1,Decentralized directional definition,659.9,59,2025-06-27
8152,149,2,Exclusive disintermediate synergy,568.97,39,2024-04-09
8153,372,10,Networked holistic utilization,637.41,1,2024-08-02
8154,198,4,Polarized intermediate archive,216.64,412,2025-02-06
8155,431,10,Balanced even-keeled algorithm,381.36,9,2023-08-25
8156,50,2,Switchable value-added Graphical User Interface,284.57,15,2023-07-05
8157,205,15,Quality-focused mission-critical benchmark,827.14,167,2024-01-16
8158,8,14,Mandatory solution-oriented capability,842.66,85,2023-12-23
8159,393,1,Versatile directional orchestration,619.48,106,2023-06-08
8160,398,12,Total client-driven customer loyalty,252.3,389,2025-03-02
8161,409,14,Innovative asynchronous migration,843.5,118,2023-08-28
8162,389,2,Optimized needs-based Internet solution,267.08,462,2026-01-30
8163,160,4,User-friendly local flexibility,99.33,32,2025-08-31
8164,88,12,Enterprise-wide eco-centric Graphic Interface,406.74,308,2026-04-07
8165,303,6,Reduced analyzing functionalities,421.26,378,2024-05-27
8166,48,6,Object-based responsive frame,687.35,309,2026-03-18
8167,371,1,Cloned intermediate throughput,500.89,306,2023-01-24
8168,6,14,Switchable foreground approach,747.88,416,2024-11-12
8169,423,13,Multi-lateral leadingedge architecture,399.66,414,2024-04-21
8170,367,3,Streamlined exuding definition,723.29,115,2025-01-17
8171,378,2,Phased empowering migration,427.29,221,2024-05-03
8172,371,3,Versatile content-based conglomeration,241.03,122,2023-02-27
8173,154,12,Distributed responsive groupware,171.21,475,2025-12-15
8174,386,8,Grass-roots global emulation,894.84,27,2025-03-23
8175,425,6,Profound secondary ability,669.52,11,2023-12-12
8176,302,10,Adaptive homogeneous process improvement,155.0,98,2025-01-20
8177,457,8,Innovative incremental implementation,402.19,41,2024-09-08
8178,594,1,Open-architected mobile secured line,333.64,43,2025-10-17
8179,346,4,Advanced exuding access,140.28,365,2025-10-12
8180,506,12,Mandatory system-worthy knowledgebase,714.17,393,2024-12-13
8181,168,7,Cross-group web-enabled open architecture,886.59,161,2025-12-15
8182,476,15,Progressive interactive initiative,472.75,360,2025-12-09
8183,119,7,Programmable radical collaboration,735.02,283,2024-05-25
8184,102,8,Self-enabling interactive hardware,873.86,162,2023-08-21
8185,96,2,Profound real-time Graphical User Interface,235.95,370,2024-06-22
8186,119,3,Cross-group mobile support,267.01,412,2025-10-22
8187,320,6,Down-sized well-modulated Graphic Interface,798.71,494,2025-05-02
8188,451,4,Devolved systemic alliance,71.54,344,2024-02-22
8189,455,2,Enterprise-wide content-based info-mediaries,831.15,240,2024-06-24
8190,95,10,Optimized bi-directional parallelism,802.75,0,2025-04-19
8191,412,10,Cross-platform systematic conglomeration,292.44,463,2024-10-12
8192,55,9,Digitized motivating project,319.93,379,2023-01-11
8193,197,5,Optional incremental policy,11.65,62,2023-07-05
8194,505,7,Progressive national conglomeration,795.21,45,2025-08-03
8195,30,7,Optimized empowering core,98.31,332,2023-03-17
8196,117,2,User-centric systematic application,606.52,231,2024-03-12
8197,546,4,Sharable composite database,772.08,340,2025-12-05
8198,90,8,Pre-emptive clear-thinking array,150.28,480,2024-05-15
8199,326,8,Phased static superstructure,530.47,183,2025-05-14
8200,266,1,Vision-oriented background conglomeration,32.42,291,2023-05-11
8201,325,5,Organized disintermediate customer loyalty,770.92,399,2025-03-27
8202,59,12,Networked empowering Local Area Network,805.43,224,2026-02-06
8203,153,14,Diverse coherent emulation,265.35,62,2025-05-12
8204,287,4,Managed dedicated definition,247.74,352,2023-12-20
8205,311,11,User-friendly upward-trending portal,638.08,431,2023-05-23
8206,126,5,Diverse secondary service-desk,791.28,242,2024-10-11
8207,299,11,Quality-focused clear-thinking moderator,359.19,223,2023-10-23
8208,282,15,Switchable national database,678.83,74,2023-09-17
8209,235,14,Horizontal object-oriented Graphic Interface,60.88,217,2024-08-24
8210,130,12,Triple-buffered content-based moratorium,70.58,40,2025-05-15
8211,524,5,Phased impactful approach,363.29,114,2025-11-27
8212,357,2,Front-line client-driven process improvement,566.97,173,2026-06-10
8213,153,4,Reduced bi-directional extranet,254.76,352,2025-05-15
8214,401,6,Profit-focused radical application,136.43,432,2025-10-11
8215,294,7,Digitized zero administration solution,235.11,96,2024-04-23
8216,101,7,Grass-roots coherent support,678.09,138,2026-04-03
8217,323,1,Synergistic demand-driven support,389.97,398,2024-10-24
8218,295,2,Secured foreground contingency,91.02,451,2024-03-12
8219,488,15,Profit-focused optimal implementation,589.66,476,2024-04-03
8220,298,11,Networked object-oriented open system,385.63,453,2024-05-10
8221,108,13,Seamless foreground support,616.81,484,2025-10-13
8222,557,10,Multi-layered multi-tasking standardization,763.8,23,2025-09-17
8223,549,7,Customer-focused demand-driven circuit,521.05,350,2024-10-19
8224,464,12,Future-proofed discrete emulation,341.28,57,2026-02-15
8225,540,4,Visionary system-worthy info-mediaries,885.6,140,2023-08-07
8226,331,11,Mandatory modular archive,773.5,142,2024-08-03
8227,501,5,Object-based tangible matrices,754.83,123,2024-05-02
8228,274,12,Extended 5thgeneration productivity,204.48,335,2026-05-31
8229,481,4,Front-line composite matrix,391.65,308,2025-09-05
8230,36,2,Focused dynamic artificial intelligence,600.03,257,2025-01-07
8231,160,14,Persistent national strategy,856.28,428,2024-05-09
8232,79,11,Horizontal user-facing protocol,728.73,359,2025-09-17
8233,328,1,Configurable web-enabled synergy,232.42,2,2026-02-28
8234,220,8,Quality-focused zero tolerance contingency,21.58,466,2023-08-25
8235,531,6,Object-based 3rdgeneration framework,561.12,285,2026-03-18
8236,459,5,Streamlined multi-tasking Graphical User Interface,581.61,377,2026-06-24
8237,368,3,Versatile non-volatile strategy,510.36,167,2024-12-26
8238,34,10,Customer-focused systemic website,318.33,471,2026-03-14
8239,157,9,Face-to-face bandwidth-monitored encryption,65.33,136,2025-07-04
8240,157,7,Balanced didactic model,361.4,25,2025-03-23
8241,211,12,Quality-focused radical policy,791.48,310,2023-12-19
8242,295,2,Open-source full-range hardware,386.28,325,2023-07-14
8243,93,10,Right-sized optimizing knowledge user,314.95,137,2023-03-14
8244,391,3,Open-source web-enabled intranet,667.0,262,2026-06-06
8245,27,9,Right-sized bottom-line analyzer,879.47,376,2023-04-21
8246,404,9,Networked context-sensitive website,720.15,45,2023-09-09
8247,154,11,Assimilated dynamic instruction set,740.39,235,2026-04-08
8248,341,10,Horizontal impactful alliance,129.88,283,2023-11-01
8249,165,4,Automated zero-defect orchestration,221.06,41,2024-01-15
8250,338,7,Universal needs-based Local Area Network,440.0,70,2024-12-10
8251,3,14,Polarized logistical encoding,622.66,426,2024-03-14
8252,532,14,Synergized heuristic installation,312.9,387,2025-05-28
8253,127,7,Vision-oriented encompassing firmware,161.49,235,2023-08-26
8254,268,2,Realigned empowering project,174.57,405,2023-12-24
8255,509,11,Realigned local solution,639.0,96,2023-10-22
8256,207,6,Self-enabling needs-based pricing structure,587.24,119,2025-09-30
8257,261,3,Reduced reciprocal hub,817.83,51,2024-09-25
8258,155,1,Profit-focused static model,550.23,94,2023-03-13
8259,450,10,Operative analyzing encoding,218.41,246,2024-06-18
8260,115,6,Re-engineered tertiary product,586.28,233,2023-05-15
8261,295,3,Organic regional analyzer,311.42,500,2024-11-05
8262,581,3,Optional transitional throughput,598.45,433,2024-11-06
8263,232,14,Future-proofed systematic hub,813.9,413,2023-01-05
8264,589,6,Streamlined uniform firmware,326.2,434,2026-01-26
8265,504,8,Open-architected hybrid access,548.97,495,2026-05-27
8266,230,7,Re-engineered intermediate extranet,269.36,401,2024-01-09
8267,501,4,Progressive eco-centric matrices,416.99,178,2025-07-18
8268,153,4,Grass-roots web-enabled functionalities,470.9,320,2023-07-23
8269,433,11,Decentralized holistic installation,707.45,36,2023-09-19
8270,597,3,Operative upward-trending throughput,81.13,164,2023-08-01
8271,105,11,Centralized transitional strategy,799.88,37,2024-05-05
8272,213,1,Centralized optimizing methodology,100.67,243,2024-11-03
8273,193,6,Total tertiary methodology,851.25,346,2023-04-01
8274,183,14,Intuitive responsive core,237.81,498,2026-03-27
8275,286,9,Persevering secondary encryption,749.89,416,2024-08-13
8276,107,3,Public-key optimal core,193.95,421,2023-09-16
8277,186,4,Multi-channeled systemic utilization,771.2,464,2023-03-10
8278,572,8,Centralized tangible solution,707.88,268,2024-10-20
8279,486,1,Inverse zero tolerance knowledgebase,847.3,387,2026-03-24
8280,312,4,Reactive homogeneous protocol,528.36,426,2023-08-03
8281,255,8,Fundamental national capability,15.67,269,2024-12-24
8282,576,15,Assimilated mission-critical database,398.44,265,2024-02-25
8283,492,10,Vision-oriented modular secured line,156.65,115,2023-08-17
8284,435,14,Quality-focused incremental emulation,851.95,283,2024-01-16
8285,144,7,Upgradable neutral implementation,586.29,264,2023-01-14
8286,215,8,Reverse-engineered asymmetric adapter,65.5,54,2024-04-19
8287,77,15,Automated global knowledgebase,406.97,278,2024-09-09
8288,277,12,Robust intermediate frame,540.71,286,2024-05-19
8289,554,1,Quality-focused discrete firmware,181.61,326,2024-07-23
8290,449,15,User-friendly fault-tolerant archive,667.67,118,2026-01-18
8291,127,2,Customizable web-enabled focus group,204.87,106,2025-07-01
8292,63,11,Versatile discrete encoding,228.93,136,2025-03-21
8293,174,5,Phased intermediate instruction set,758.86,160,2024-09-23
8294,32,8,Optimized zero administration open system,771.4,451,2023-02-01
8295,16,6,Universal tertiary paradigm,822.82,470,2024-12-30
8296,330,11,Cross-group interactive utilization,849.27,265,2023-09-24
8297,210,15,Organized client-driven challenge,241.09,370,2023-07-27
8298,128,13,Grass-roots content-based pricing structure,462.49,341,2026-02-11
8299,184,10,Polarized incremental complexity,588.45,118,2025-11-25
8300,330,1,Synergized disintermediate policy,726.34,69,2025-12-31
8301,288,8,Phased next generation encryption,435.7,499,2026-02-07
8302,170,6,Configurable solution-oriented archive,466.31,376,2024-12-26
8303,225,8,Customizable fresh-thinking adapter,67.78,190,2025-05-22
8304,302,2,Devolved dynamic model,292.4,435,2024-04-25
8305,222,12,Configurable multimedia function,34.81,395,2023-02-03
8306,391,7,Implemented tangible implementation,377.39,456,2025-10-07
8307,63,11,Organized high-level encoding,801.69,357,2025-04-02
8308,219,13,Expanded eco-centric utilization,815.34,46,2023-07-24
8309,587,13,Automated explicit focus group,888.28,367,2025-06-01
8310,96,2,Centralized zero tolerance attitude,890.33,302,2024-11-11
8311,346,12,Decentralized composite service-desk,202.09,304,2024-05-16
8312,502,4,Realigned fresh-thinking analyzer,655.12,430,2024-01-25
8313,262,11,Pre-emptive well-modulated open system,56.07,249,2025-10-06
8314,80,8,Self-enabling impactful parallelism,12.53,485,2024-03-16
8315,498,10,Cross-group encompassing knowledge user,569.76,108,2023-02-26
8316,425,2,Operative 4thgeneration project,730.61,297,2023-10-08
8317,53,15,Horizontal stable open system,18.03,470,2025-01-29
8318,530,3,Enterprise-wide stable moratorium,45.34,73,2023-07-17
8319,401,3,Synergized explicit implementation,746.16,229,2024-09-03
8320,131,5,Cloned mobile monitoring,391.27,138,2025-09-06
8321,250,3,Triple-buffered next generation throughput,327.36,404,2024-10-19
8322,63,13,Assimilated fault-tolerant benchmark,385.01,168,2023-10-03
8323,590,11,Front-line demand-driven leverage,547.27,171,2024-03-24
8324,394,13,Universal neutral application,824.09,225,2023-09-03
8325,133,1,Customizable empowering core,733.92,81,2023-03-12
8326,354,8,Universal high-level groupware,496.11,338,2026-05-24
8327,24,14,Managed analyzing parallelism,214.56,356,2024-10-19
8328,12,15,Switchable full-range flexibility,880.75,50,2026-03-10
8329,425,9,Innovative global framework,774.42,480,2024-06-22
8330,285,6,Re-contextualized optimizing groupware,394.7,487,2025-07-03
8331,552,13,Digitized solution-oriented Graphic Interface,76.09,373,2025-07-04
8332,270,5,Reduced national info-mediaries,896.46,17,2024-10-06
8333,267,1,Implemented uniform paradigm,834.25,325,2025-01-10
8334,87,15,Total systemic capacity,829.48,472,2024-10-29
8335,430,8,Grass-roots empowering policy,718.81,143,2023-01-20
8336,578,13,Realigned dedicated software,160.98,59,2025-03-17
8337,511,13,Robust clear-thinking standardization,287.77,376,2026-05-07
8338,249,1,De-engineered zero administration paradigm,832.65,12,2023-05-27
8339,230,15,Extended methodical firmware,235.45,321,2023-06-10
8340,311,14,Open-architected incremental firmware,34.77,377,2026-01-08
8341,54,7,Reactive uniform solution,568.91,9,2026-03-15
8342,74,14,Organic foreground workforce,233.07,402,2024-07-10
8343,444,6,Team-oriented web-enabled alliance,281.84,131,2023-01-12
8344,51,1,Exclusive transitional contingency,40.97,150,2023-03-18
8345,24,5,Multi-lateral non-volatile function,643.31,130,2025-01-04
8346,258,10,Customizable empowering analyzer,418.45,270,2024-03-08
8347,303,12,Monitored methodical hardware,871.14,414,2025-06-21
8348,360,3,Seamless zero-defect paradigm,328.34,9,2024-07-31
8349,565,10,Monitored tertiary functionalities,546.48,440,2024-07-31
8350,406,7,Right-sized hybrid hardware,125.41,227,2025-05-14
8351,62,2,Customer-focused content-based capability,869.73,271,2023-03-22
8352,482,10,Enhanced multi-tasking alliance,301.59,40,2023-07-02
8353,520,2,Cross-platform transitional hardware,157.71,456,2023-08-07
8354,394,6,Up-sized bifurcated attitude,163.3,336,2025-02-02
8355,62,9,Intuitive demand-driven moderator,609.15,188,2026-03-05
8356,338,10,Multi-lateral zero administration core,25.12,123,2023-08-11
8357,347,1,Object-based 6thgeneration customer loyalty,398.07,429,2023-05-25
8358,510,5,Quality-focused explicit instruction set,68.67,221,2024-07-16
8359,493,13,Phased holistic projection,438.34,392,2025-03-04
8360,194,14,Organized even-keeled productivity,694.43,417,2023-07-27
8361,41,12,Decentralized optimal conglomeration,866.36,117,2023-11-17
8362,254,2,Fundamental homogeneous help-desk,527.61,205,2025-08-24
8363,60,3,Seamless empowering architecture,329.18,493,2025-02-08
8364,103,7,Inverse asynchronous middleware,461.35,471,2024-08-22
8365,285,7,Compatible client-server circuit,536.36,144,2025-01-18
8366,518,10,Triple-buffered user-facing concept,812.78,92,2024-05-29
8367,316,2,Devolved tertiary orchestration,847.61,277,2024-04-11
8368,190,9,Centralized real-time Graphical User Interface,805.78,34,2023-06-30
8369,248,14,Proactive holistic approach,402.31,65,2024-07-10
8370,286,13,Down-sized cohesive knowledge user,446.33,364,2026-05-04
8371,161,13,Versatile asynchronous portal,522.55,383,2024-10-26
8372,589,2,Vision-oriented mobile throughput,647.23,136,2024-09-05
8373,543,15,Managed zero tolerance instruction set,829.13,156,2023-02-10
8374,6,10,Stand-alone 24/7 process improvement,596.18,196,2024-11-26
8375,558,5,Expanded content-based knowledge user,807.84,120,2026-04-02
8376,159,11,Organized dynamic conglomeration,675.14,286,2025-10-27
8377,507,9,Profit-focused incremental function,21.35,490,2025-09-03
8378,250,8,Organic multi-state product,360.57,326,2025-09-04
8379,429,13,Multi-tiered context-sensitive throughput,232.9,292,2025-08-20
8380,211,8,Re-contextualized user-facing project,480.35,164,2024-05-23
8381,281,14,Organic web-enabled archive,137.46,57,2026-02-26
8382,103,14,Enhanced motivating firmware,486.52,62,2025-05-17
8383,130,14,Ameliorated fresh-thinking system engine,486.7,228,2024-09-19
8384,453,7,Multi-layered global firmware,727.01,221,2025-05-20
8385,410,13,Distributed disintermediate capacity,56.34,312,2023-06-17
8386,124,10,Upgradable user-facing leverage,174.8,186,2023-12-02
8387,390,14,Diverse real-time leverage,231.53,175,2026-03-27
8388,216,2,Advanced contextually-based leverage,406.24,442,2026-04-01
8389,509,14,Public-key impactful flexibility,835.86,7,2025-12-23
8390,364,7,Reduced bifurcated emulation,678.05,229,2024-10-14
8391,589,2,Switchable discrete budgetary management,28.4,191,2025-06-12
8392,218,13,Vision-oriented uniform infrastructure,802.48,302,2025-05-01
8393,497,1,Compatible value-added forecast,597.1,438,2024-07-22
8394,457,8,Multi-channeled dedicated success,869.54,469,2023-08-16
8395,279,1,User-centric national projection,323.11,230,2025-08-16
8396,57,3,Organic empowering matrix,872.48,487,2023-02-07
8397,88,6,Customizable foreground groupware,334.82,144,2024-06-08
8398,289,1,Profit-focused reciprocal paradigm,577.7,401,2026-06-25
8399,552,6,Versatile contextually-based help-desk,415.16,165,2023-09-28
8400,380,7,Grass-roots actuating contingency,894.05,110,2025-10-01
8401,265,15,Optional executive support,244.06,382,2026-01-30
8402,276,6,Digitized logistical software,306.28,172,2025-08-27
8403,400,14,Cross-group motivating interface,845.87,344,2025-04-19
8404,216,4,Fundamental bifurcated forecast,746.12,353,2024-07-10
8405,189,1,Multi-lateral dynamic system engine,639.17,170,2023-02-24
8406,579,15,Pre-emptive content-based definition,310.6,110,2023-01-21
8407,461,3,Optional multi-tasking implementation,426.02,375,2025-08-20
8408,134,9,Business-focused cohesive alliance,564.39,356,2023-10-20
8409,487,7,Team-oriented eco-centric ability,516.74,344,2025-11-05
8410,570,8,User-centric clear-thinking hardware,58.86,367,2026-02-11
8411,596,5,Cloned disintermediate flexibility,758.13,442,2023-11-19
8412,437,14,Monitored maximized standardization,365.75,120,2025-04-19
8413,434,13,Reduced homogeneous focus group,551.05,15,2024-01-19
8414,476,7,Quality-focused multimedia migration,614.79,156,2024-06-25
8415,554,3,Persistent bi-directional process improvement,579.07,394,2026-05-13
8416,293,4,Robust bi-directional pricing structure,624.3,23,2023-04-26
8417,494,10,Fundamental bifurcated attitude,748.77,410,2023-07-30
8418,443,6,Assimilated value-added array,205.41,253,2025-08-14
8419,539,5,Versatile encompassing functionalities,129.9,251,2023-08-06
8420,431,5,Advanced intermediate artificial intelligence,509.99,33,2026-04-15
8421,115,7,Open-architected transitional projection,177.76,348,2025-05-27
8422,596,6,Compatible full-range analyzer,24.42,428,2025-08-22
8423,178,6,Proactive contextually-based strategy,548.6,176,2023-03-15
8424,102,7,Re-contextualized bi-directional portal,547.75,178,2025-05-24
8425,488,9,Operative analyzing project,60.46,319,2025-11-09
8426,146,4,Operative bi-directional flexibility,52.85,342,2023-04-05
8427,22,9,Implemented real-time frame,61.65,110,2024-09-22
8428,594,1,Total multimedia challenge,131.56,484,2025-09-10
8429,307,4,Digitized 24/7 collaboration,164.17,221,2026-03-21
8430,180,13,Phased logistical hierarchy,703.12,319,2024-07-30
8431,101,9,Function-based encompassing superstructure,8.37,356,2025-02-15
8432,592,11,Customer-focused 5thgeneration paradigm,320.44,312,2026-06-09
8433,121,2,Re-engineered disintermediate Graphical User Interface,582.14,89,2026-03-18
8434,308,7,Progressive high-level collaboration,811.49,20,2024-05-21
8435,70,2,De-engineered local focus group,490.44,283,2025-08-04
8436,97,5,Decentralized impactful extranet,394.0,182,2026-04-23
8437,358,2,Polarized asymmetric open system,879.66,334,2023-10-25
8438,29,13,Upgradable radical conglomeration,173.76,118,2026-02-26
8439,61,6,Configurable client-driven structure,544.44,197,2025-06-04
8440,444,11,Profound asymmetric product,523.79,78,2024-03-20
8441,588,15,Synergistic multi-tasking service-desk,264.61,96,2026-02-16
8442,213,12,Managed modular array,436.09,450,2024-08-10
8443,163,9,Networked discrete archive,453.3,197,2024-05-11
8444,486,12,Balanced directional adapter,434.0,156,2026-01-31
8445,333,1,Cross-platform 6thgeneration system engine,662.92,4,2024-01-03
8446,460,8,Extended content-based projection,712.35,350,2023-06-12
8447,465,10,Re-contextualized solution-oriented throughput,187.88,38,2025-04-01
8448,163,6,Reverse-engineered mobile ability,46.68,430,2024-11-06
8449,361,4,Face-to-face full-range task-force,146.35,227,2026-06-18
8450,150,5,Customer-focused holistic hierarchy,776.4,335,2024-09-17
8451,524,4,Pre-emptive reciprocal utilization,623.41,73,2025-03-19
8452,572,12,Mandatory discrete solution,417.91,362,2025-09-25
8453,247,12,Open-architected empowering support,461.62,340,2025-12-14
8454,584,14,Distributed asymmetric superstructure,245.21,304,2023-06-12
8455,176,14,Expanded systematic matrix,476.27,223,2025-06-25
8456,170,9,Seamless asymmetric budgetary management,441.39,131,2025-10-16
8457,552,7,Upgradable foreground info-mediaries,827.78,42,2023-04-17
8458,302,1,Reduced real-time knowledge user,401.58,360,2023-12-05
8459,387,14,Configurable high-level alliance,560.27,406,2025-02-19
8460,322,3,Realigned zero-defect firmware,752.18,144,2023-07-25
8461,325,8,Automated local installation,202.25,340,2025-11-18
8462,52,3,Operative regional Local Area Network,21.32,10,2024-06-24
8463,80,12,Robust transitional website,806.75,235,2023-07-29
8464,581,2,Customer-focused mission-critical moderator,125.5,397,2024-07-27
8465,256,13,Face-to-face leadingedge function,621.18,233,2023-04-26
8466,185,7,Object-based static utilization,331.14,270,2023-07-24
8467,299,10,Integrated dynamic middleware,359.1,409,2025-01-02
8468,326,1,Upgradable value-added secured line,75.65,107,2025-01-27
8469,215,15,Adaptive didactic instruction set,61.46,40,2023-03-04
8470,117,12,Self-enabling maximized project,294.34,154,2025-01-26
8471,406,8,Digitized content-based approach,759.78,488,2023-07-07
8472,225,8,Balanced maximized pricing structure,56.49,23,2023-05-15
8473,473,5,Customer-focused global extranet,512.66,47,2025-07-12
8474,369,7,Multi-tiered stable website,856.65,410,2025-10-20
8475,239,1,Advanced incremental projection,170.46,53,2025-06-30
8476,219,8,Adaptive bandwidth-monitored Graphical User Interface,195.69,426,2026-05-04
8477,493,13,Horizontal systematic migration,572.08,22,2023-06-20
8478,6,2,Diverse local complexity,596.16,483,2024-08-15
8479,580,3,Enterprise-wide 24/7 adapter,375.28,39,2026-02-03
8480,162,15,Optional systemic process improvement,779.23,486,2024-06-18
8481,16,1,Persistent tangible middleware,377.25,106,2025-12-09
8482,391,6,Visionary mobile toolset,246.57,354,2026-04-30
8483,437,15,Profit-focused executive monitoring,365.55,87,2024-10-03
8484,88,5,Re-contextualized scalable solution,228.34,277,2023-03-26
8485,284,14,Right-sized actuating task-force,426.5,32,2026-02-14
8486,32,13,Centralized stable secured line,34.12,155,2024-11-25
8487,54,2,Public-key upward-trending initiative,805.29,382,2024-05-11
8488,72,12,Function-based interactive matrices,105.68,483,2024-11-02
8489,417,1,Multi-channeled contextually-based neural-net,748.31,77,2025-09-13
8490,416,10,Automated logistical functionalities,703.5,409,2024-07-15
8491,507,8,Horizontal contextually-based algorithm,548.21,213,2023-04-12
8492,336,5,Customer-focused tertiary function,821.92,431,2024-11-11
8493,386,3,Enhanced zero tolerance paradigm,288.55,179,2023-01-17
8494,280,3,Visionary incremental open system,165.61,205,2024-06-18
8495,59,7,Reduced multi-tasking moratorium,533.63,134,2025-10-21
8496,425,13,Mandatory maximized productivity,103.11,373,2025-10-04
8497,346,14,Reverse-engineered tangible data-warehouse,235.77,54,2025-11-27
8498,164,8,Quality-focused systemic workforce,700.56,55,2023-08-26
8499,308,9,Face-to-face encompassing capability,504.47,403,2023-07-18
8500,392,1,Focused next generation capability,335.33,284,2023-02-13
8501,78,10,Face-to-face reciprocal budgetary management,451.79,402,2024-11-07
8502,363,15,Horizontal 4thgeneration hierarchy,443.64,285,2023-12-15
8503,412,8,Grass-roots heuristic Internet solution,665.52,195,2024-10-29
8504,48,5,Quality-focused bandwidth-monitored complexity,247.38,148,2023-07-07
8505,307,15,Up-sized fresh-thinking process improvement,885.26,382,2023-10-09
8506,267,13,Sharable empowering application,134.72,207,2025-10-08
8507,20,9,Decentralized well-modulated moratorium,487.23,358,2024-12-10
8508,45,2,Robust stable service-desk,298.91,63,2024-04-10
8509,449,11,Triple-buffered motivating adapter,463.05,212,2023-12-29
8510,421,9,Multi-layered didactic migration,230.59,316,2025-06-28
8511,45,5,Synergistic uniform middleware,132.96,32,2025-04-21
8512,577,11,Digitized optimizing matrix,456.88,150,2023-11-03
8513,6,8,Devolved demand-driven installation,878.38,337,2026-01-08
8514,81,8,Configurable bottom-line neural-net,589.77,22,2025-05-28
8515,548,2,Managed logistical service-desk,811.99,112,2025-05-22
8516,369,10,Proactive mobile parallelism,427.79,343,2024-04-07
8517,479,7,Inverse bandwidth-monitored complexity,372.94,53,2023-04-08
8518,321,5,Switchable explicit array,113.73,235,2023-06-21
8519,331,1,Polarized systematic pricing structure,31.21,253,2025-06-04
8520,15,2,Synergistic neutral toolset,620.58,445,2025-07-25
8521,357,13,Fundamental didactic data-warehouse,865.57,363,2026-01-04
8522,7,1,Switchable optimizing open architecture,809.7,467,2025-08-27
8523,567,5,Enhanced bandwidth-monitored project,165.21,145,2025-01-23
8524,372,8,Visionary 5thgeneration framework,395.93,271,2025-05-26
8525,495,8,Triple-buffered bifurcated orchestration,720.23,221,2025-05-26
8526,500,3,Down-sized composite focus group,620.8,309,2023-11-23
8527,182,9,Up-sized high-level access,684.94,153,2026-04-15
8528,121,5,Universal systemic task-force,188.73,486,2026-04-27
8529,155,2,Up-sized hybrid extranet,329.32,231,2023-12-28
8530,373,10,Future-proofed contextually-based encoding,439.31,113,2024-02-06
8531,433,14,Sharable fault-tolerant capability,420.15,498,2024-07-28
8532,56,15,Operative neutral knowledge user,473.86,295,2023-07-29
8533,175,11,Automated composite middleware,694.46,176,2026-04-29
8534,599,13,Cross-platform asynchronous infrastructure,244.5,146,2025-08-10
8535,401,10,Pre-emptive full-range product,662.38,273,2026-01-09
8536,30,2,Synergistic user-facing alliance,162.84,396,2023-12-05
8537,351,13,De-engineered client-server access,367.47,66,2023-05-05
8538,545,4,Virtual radical solution,376.36,380,2023-01-30
8539,573,9,Upgradable regional conglomeration,39.27,183,2025-10-02
8540,40,13,Function-based hybrid application,67.52,206,2023-12-11
8541,49,12,Persistent intangible contingency,590.11,367,2024-05-08
8542,469,1,Optimized demand-driven collaboration,207.69,190,2024-11-21
8543,361,15,Organized eco-centric open system,795.17,54,2024-10-13
8544,127,7,Devolved user-facing hardware,397.1,193,2023-06-07
8545,447,12,Multi-tiered bottom-line concept,374.94,293,2025-04-11
8546,356,9,Public-key fresh-thinking encoding,774.38,472,2024-01-30
8547,396,14,Reduced dynamic database,888.24,67,2025-01-06
8548,250,14,Customizable bandwidth-monitored encryption,341.26,249,2024-01-21
8549,148,13,Enhanced actuating analyzer,59.24,75,2023-12-31
8550,335,14,Realigned clear-thinking analyzer,251.93,23,2026-01-30
8551,21,7,Upgradable transitional task-force,554.92,9,2026-06-08
8552,450,9,Multi-layered neutral benchmark,721.67,237,2024-02-23
8553,573,8,Assimilated systematic secured line,820.66,418,2026-01-02
8554,205,11,Organic homogeneous policy,800.45,456,2023-08-29
8555,58,1,Focused needs-based array,577.54,223,2025-03-08
8556,331,9,Synergized dynamic implementation,267.11,147,2024-05-08
8557,578,4,Centralized secondary capacity,859.41,387,2023-01-12
8558,284,7,Robust bi-directional toolset,60.46,359,2024-10-03
8559,425,1,Secured interactive budgetary management,639.47,311,2025-10-13
8560,40,7,Optimized bandwidth-monitored moderator,251.94,441,2024-05-16
8561,482,6,Inverse maximized info-mediaries,563.31,2,2024-08-05
8562,290,8,Distributed exuding methodology,795.79,500,2023-04-15
8563,323,12,Distributed tertiary standardization,501.22,124,2023-04-29
8564,270,8,Phased system-worthy groupware,18.2,250,2025-12-20
8565,591,1,Synchronized neutral solution,148.02,233,2025-05-21
8566,270,6,Configurable real-time toolset,106.65,96,2023-01-09
8567,49,6,Automated multi-state solution,829.4,407,2023-04-13
8568,122,15,Cross-group full-range time-frame,562.74,474,2024-11-02
8569,503,6,Implemented multi-state Graphical User Interface,272.4,107,2026-01-15
8570,521,13,Business-focused secondary algorithm,5.2,144,2024-01-04
8571,497,5,Expanded asynchronous application,26.79,81,2025-11-11
8572,169,9,Realigned cohesive intranet,296.32,1,2025-06-29
8573,168,6,User-friendly local encryption,286.68,94,2023-01-27
8574,380,12,Customizable human-resource forecast,130.32,274,2025-01-08
8575,75,6,Ameliorated optimal methodology,758.77,459,2023-04-25
8576,120,4,Inverse holistic implementation,299.87,129,2025-08-16
8577,83,2,Extended exuding adapter,721.86,283,2025-11-10
8578,486,11,Ameliorated 3rdgeneration customer loyalty,685.88,396,2024-12-08
8579,14,12,Horizontal 3rdgeneration policy,328.48,106,2026-06-28
8580,124,15,Future-proofed multimedia middleware,479.88,136,2023-06-29
8581,526,1,Innovative fault-tolerant superstructure,326.17,47,2024-08-15
8582,105,3,Public-key optimizing projection,24.74,365,2023-01-07
8583,505,5,Virtual empowering productivity,570.59,21,2024-07-16
8584,383,2,Organic directional artificial intelligence,301.43,297,2026-05-21
8585,218,4,Re-contextualized methodical model,722.98,78,2025-08-26
8586,417,12,Profound logistical neural-net,564.34,401,2025-02-22
8587,576,10,Inverse demand-driven customer loyalty,804.48,298,2024-06-27
8588,459,4,Re-contextualized grid-enabled Internet solution,462.27,428,2026-06-06
8589,208,1,Programmable contextually-based emulation,512.77,77,2025-01-27
8590,183,14,Organized asynchronous archive,187.26,24,2025-02-07
8591,53,6,Synchronized tertiary matrices,374.42,210,2023-04-03
8592,450,2,Multi-layered system-worthy matrices,138.09,424,2023-09-10
8593,209,8,Object-based directional project,188.63,432,2024-08-31
8594,89,3,Reverse-engineered high-level database,582.43,274,2023-05-23
8595,582,4,Synchronized coherent superstructure,804.75,199,2026-03-30
8596,295,14,Cross-group bi-directional functionalities,174.77,152,2024-03-01
8597,438,6,Upgradable scalable success,611.79,99,2023-06-22
8598,314,15,Cross-group didactic alliance,666.61,161,2026-05-05
8599,287,6,Versatile client-server matrices,857.32,282,2023-08-29
8600,377,1,Innovative upward-trending interface,679.95,298,2024-10-16
8601,112,15,Object-based exuding portal,267.71,359,2024-04-21
8602,111,9,Re-engineered neutral orchestration,405.72,281,2026-03-31
8603,491,15,Inverse reciprocal service-desk,372.7,116,2024-05-06
8604,48,3,Intuitive intangible collaboration,182.63,143,2023-11-15
8605,216,4,Profound logistical hub,732.57,354,2025-11-27
8606,538,11,Cloned empowering emulation,684.21,53,2026-03-13
8607,396,1,Grass-roots coherent migration,692.81,166,2023-02-25
8608,158,8,Upgradable intermediate superstructure,19.45,2,2023-02-19
8609,318,4,Operative asymmetric pricing structure,698.42,279,2025-06-10
8610,389,7,Distributed tangible system engine,466.0,239,2023-03-24
8611,512,11,Vision-oriented value-added budgetary management,141.77,21,2023-11-25
8612,476,6,Advanced zero tolerance conglomeration,431.58,259,2026-05-26
8613,429,7,Secured upward-trending paradigm,186.26,257,2023-03-01
8614,366,4,Virtual foreground matrix,874.01,248,2024-02-01
8615,543,1,Devolved client-server pricing structure,759.6,396,2025-12-12
8616,151,4,Ergonomic fresh-thinking groupware,174.96,437,2023-03-30
8617,578,8,Exclusive dedicated strategy,31.43,311,2026-04-04
8618,556,3,Operative systematic access,268.66,255,2023-04-14
8619,478,6,Streamlined stable groupware,93.84,354,2025-03-22
8620,142,2,Face-to-face hybrid product,7.84,259,2025-04-27
8621,193,7,Robust tertiary migration,417.04,478,2023-12-23
8622,518,11,Monitored modular analyzer,586.89,450,2025-05-17
8623,558,10,Horizontal dynamic ability,351.54,7,2025-02-13
8624,409,14,Streamlined client-driven productivity,714.45,348,2025-12-08
8625,65,15,Versatile demand-driven toolset,816.65,249,2026-04-19
8626,49,5,Realigned heuristic framework,655.58,83,2025-01-26
8627,176,9,Intuitive asymmetric function,606.42,193,2024-10-22
8628,516,15,Programmable asymmetric neural-net,25.79,279,2023-06-03
8629,461,10,Customer-focused executive knowledgebase,125.07,323,2024-08-07
8630,104,11,Upgradable non-volatile challenge,551.97,402,2025-07-23
8631,454,1,Synergistic clear-thinking capability,199.15,21,2026-02-15
8632,64,9,Optimized 24hour product,194.84,286,2023-01-09
8633,560,15,Vision-oriented 5thgeneration open system,765.94,453,2024-06-13
8634,264,15,Balanced transitional strategy,479.97,233,2026-02-02
8635,588,1,Business-focused analyzing support,849.98,408,2024-07-10
8636,547,4,Extended maximized methodology,177.19,213,2024-10-13
8637,553,7,Fully-configurable tertiary adapter,826.54,234,2023-10-05
8638,397,1,Reactive leadingedge architecture,168.59,110,2023-05-24
8639,517,12,Configurable encompassing architecture,31.44,360,2025-05-15
8640,425,5,Enterprise-wide high-level projection,55.21,472,2026-05-25
8641,592,8,Front-line web-enabled monitoring,573.69,155,2024-03-31
8642,25,9,Expanded optimal service-desk,451.33,284,2023-01-18
8643,217,8,Proactive even-keeled interface,474.0,472,2024-11-15
8644,247,8,Upgradable object-oriented hierarchy,100.68,214,2025-12-13
8645,541,8,Right-sized intermediate capacity,25.69,458,2023-06-14
8646,342,13,Fully-configurable modular Graphic Interface,859.43,249,2026-01-11
8647,101,4,Multi-lateral multi-tasking challenge,570.4,225,2024-02-15
8648,80,5,Down-sized 5thgeneration focus group,737.59,498,2023-09-02
8649,490,11,Ergonomic fault-tolerant encoding,307.7,70,2024-07-07
8650,493,10,Multi-tiered empowering neural-net,544.04,494,2024-05-31
8651,253,4,Face-to-face 3rdgeneration protocol,752.37,254,2026-01-20
8652,163,8,Distributed explicit encryption,207.29,413,2023-03-21
8653,361,11,Robust 6thgeneration orchestration,778.29,244,2025-04-16
8654,446,3,Synchronized didactic adapter,33.65,158,2023-01-29
8655,452,9,Multi-layered well-modulated project,250.44,468,2025-04-01
8656,260,15,Digitized tangible intranet,17.12,58,2024-11-11
8657,453,8,Face-to-face empowering knowledge user,268.39,496,2025-03-01
8658,143,2,Seamless bandwidth-monitored middleware,541.9,357,2025-09-21
8659,524,11,Re-engineered 4thgeneration conglomeration,288.36,218,2024-12-03
8660,129,6,De-engineered explicit superstructure,813.14,339,2024-09-07
8661,154,5,Vision-oriented next generation frame,304.01,403,2025-05-14
8662,412,8,Re-engineered discrete matrix,161.19,91,2026-03-18
8663,57,8,Assimilated logistical workforce,150.0,367,2025-05-10
8664,484,10,Team-oriented modular focus group,247.81,221,2023-02-18
8665,102,6,Future-proofed client-driven secured line,890.2,133,2023-08-02
8666,234,9,Assimilated needs-based focus group,151.45,367,2024-04-22
8667,571,7,Future-proofed explicit flexibility,605.46,269,2024-03-23
8668,243,10,Automated stable customer loyalty,125.78,103,2026-01-03
8669,538,7,Persevering attitude-oriented approach,128.34,183,2024-06-01
8670,434,11,Total web-enabled definition,453.38,215,2024-01-18
8671,577,7,Visionary modular open system,804.62,44,2023-05-04
8672,233,6,Streamlined global product,364.28,254,2024-07-04
8673,568,1,Persevering attitude-oriented protocol,505.8,159,2024-02-16
8674,503,11,Visionary composite moratorium,833.81,361,2024-09-17
8675,594,3,Distributed asymmetric leverage,372.31,246,2024-04-19
8676,375,1,Expanded well-modulated hierarchy,584.53,16,2023-04-18
8677,80,3,Ergonomic empowering synergy,740.61,211,2024-08-07
8678,400,11,Multi-lateral multi-tasking artificial intelligence,746.01,299,2025-06-07
8679,78,5,Cloned human-resource instruction set,546.35,18,2026-03-06
8680,86,1,Versatile full-range workforce,47.02,54,2025-05-30
8681,402,6,Persevering regional conglomeration,751.9,303,2024-10-23
8682,317,6,Pre-emptive actuating monitoring,848.77,478,2024-05-24
8683,40,1,Decentralized 4thgeneration implementation,90.99,453,2025-11-28
8684,276,14,Innovative discrete open system,363.11,335,2025-10-02
8685,306,14,Intuitive reciprocal groupware,684.76,353,2023-11-17
8686,5,15,Customer-focused clear-thinking structure,583.8,92,2023-09-25
8687,349,11,Focused incremental Internet solution,608.92,292,2025-11-03
8688,469,11,Team-oriented composite emulation,837.92,101,2023-04-26
8689,512,13,Pre-emptive encompassing approach,862.66,80,2023-08-12
8690,422,7,Function-based 5thgeneration support,339.29,396,2025-03-29
8691,584,15,Open-architected object-oriented project,99.85,383,2025-07-05
8692,61,11,Integrated fresh-thinking leverage,481.32,341,2025-04-07
8693,68,14,Mandatory scalable knowledgebase,110.55,253,2023-07-10
8694,219,11,Compatible heuristic project,822.0,0,2023-10-28
8695,367,1,Public-key solution-oriented Local Area Network,855.66,208,2024-07-06
8696,181,3,Vision-oriented maximized adapter,880.97,215,2024-06-10
8697,252,5,Virtual scalable software,749.67,330,2024-09-19
8698,424,6,Automated homogeneous paradigm,130.42,220,2024-12-30
8699,63,14,Expanded grid-enabled attitude,291.28,98,2024-08-05
8700,512,15,Persevering eco-centric support,443.85,435,2024-06-23
8701,82,2,Cross-platform context-sensitive initiative,896.38,7,2023-11-18
8702,521,6,Quality-focused dynamic architecture,632.49,449,2024-12-22
8703,197,12,Profound responsive contingency,755.44,462,2026-01-30
8704,551,12,Digitized disintermediate service-desk,451.18,183,2026-05-12
8705,575,8,Right-sized non-volatile Graphical User Interface,831.11,288,2024-01-19
8706,61,5,Decentralized composite structure,652.65,344,2024-12-06
8707,331,3,Public-key system-worthy data-warehouse,866.21,493,2025-12-20
8708,169,13,Visionary heuristic throughput,209.42,412,2023-07-22
8709,409,15,Expanded attitude-oriented open architecture,847.56,373,2024-04-18
8710,21,15,Intuitive global methodology,594.68,321,2023-10-02
8711,507,8,Organic high-level archive,635.88,150,2024-08-11
8712,233,4,Virtual user-facing groupware,699.25,499,2023-10-25
8713,317,6,Implemented local database,612.79,268,2025-05-27
8714,511,12,Profit-focused solution-oriented protocol,580.97,144,2023-04-21
8715,303,14,De-engineered eco-centric task-force,808.74,482,2025-07-19
8716,133,5,Realigned encompassing database,574.47,391,2025-03-16
8717,281,15,Multi-channeled multi-tasking secured line,560.21,76,2025-11-10
8718,217,11,Automated modular circuit,697.32,52,2026-02-26
8719,11,7,Focused zero-defect time-frame,408.35,459,2023-06-02
8720,23,1,Virtual attitude-oriented projection,538.8,226,2026-02-18
8721,299,5,Proactive grid-enabled access,885.93,314,2025-11-06
8722,170,10,Function-based 6thgeneration website,515.07,33,2025-02-15
8723,266,3,Synchronized bi-directional service-desk,113.38,257,2023-09-17
8724,434,6,Stand-alone client-server model,457.79,491,2026-05-22
8725,482,13,Business-focused regional framework,50.02,470,2024-01-04
8726,292,9,Polarized optimal definition,534.95,0,2024-12-02
8727,373,8,Synergized scalable extranet,509.55,290,2023-07-01
8728,371,13,Digitized zero-defect ability,764.5,270,2024-06-18
8729,235,5,Monitored asymmetric project,612.29,179,2025-02-14
8730,359,2,Pre-emptive local moderator,587.33,394,2024-04-01
8731,294,4,Intuitive context-sensitive info-mediaries,827.61,140,2023-04-25
8732,479,12,Exclusive maximized encoding,29.0,395,2023-02-11
8733,425,14,Centralized client-server definition,588.81,36,2024-05-05
8734,337,10,Managed global core,585.37,122,2024-10-22
8735,461,9,Ergonomic modular challenge,675.81,335,2024-07-05
8736,334,10,Ergonomic attitude-oriented functionalities,23.38,241,2024-03-04
8737,127,3,Proactive 6thgeneration contingency,473.12,37,2023-07-26
8738,74,3,Right-sized motivating extranet,357.13,326,2023-11-08
8739,97,11,Configurable fresh-thinking throughput,462.21,163,2024-06-08
8740,269,13,Adaptive object-oriented attitude,448.72,283,2025-10-31
8741,598,4,User-friendly client-driven installation,691.65,325,2025-07-22
8742,54,8,Cross-platform bottom-line encryption,57.11,438,2023-02-27
8743,455,1,Expanded mobile emulation,561.43,484,2023-02-10
8744,412,15,Reduced reciprocal circuit,121.47,342,2024-03-21
8745,190,8,Adaptive bi-directional Internet solution,367.16,477,2024-06-06
8746,208,3,Ameliorated bi-directional extranet,387.52,231,2023-11-10
8747,4,13,Virtual 3rdgeneration framework,448.94,268,2023-04-18
8748,262,12,Face-to-face actuating firmware,444.51,246,2025-11-17
8749,248,8,Function-based grid-enabled software,545.81,264,2025-10-18
8750,507,11,Organized homogeneous secured line,299.28,358,2024-01-26
8751,446,14,Devolved demand-driven success,751.72,199,2026-03-04
8752,112,13,Total clear-thinking database,469.65,185,2024-07-21
8753,275,2,Diverse human-resource standardization,780.39,412,2026-04-15
8754,559,11,User-centric 4thgeneration portal,205.95,259,2025-01-12
8755,464,12,Cloned leadingedge encoding,801.8,78,2025-12-15
8756,170,7,Customizable zero tolerance approach,728.66,380,2026-05-23
8757,19,2,Versatile multi-tasking application,380.36,469,2024-12-21
8758,108,6,Reverse-engineered executive hub,544.92,295,2024-10-04
8759,170,8,Centralized clear-thinking hub,836.01,228,2026-01-17
8760,506,2,Future-proofed next generation concept,328.19,169,2024-04-03
8761,198,4,Re-contextualized solution-oriented website,68.25,331,2025-07-02
8762,588,13,Phased secondary frame,208.8,406,2024-03-12
8763,306,14,Optional responsive array,448.11,459,2025-02-23
8764,66,10,Multi-layered foreground project,749.49,383,2023-07-14
8765,476,7,Total discrete intranet,327.88,25,2023-10-19
8766,116,13,Integrated bottom-line approach,23.24,10,2023-03-30
8767,176,8,Focused 24/7 capability,477.86,157,2026-06-04
8768,577,6,Up-sized secondary protocol,799.58,420,2025-12-04
8769,476,1,Triple-buffered bandwidth-monitored protocol,692.75,179,2023-09-05
8770,129,6,Extended foreground support,208.43,459,2023-04-20
8771,432,4,Reduced real-time support,90.51,358,2023-01-06
8772,339,15,Distributed zero tolerance circuit,198.1,253,2025-02-23
8773,214,3,Persistent scalable architecture,658.51,239,2026-03-24
8774,172,12,Multi-layered real-time hardware,784.53,489,2025-10-16
8775,294,11,Pre-emptive tertiary infrastructure,759.07,197,2024-01-19
8776,184,7,Robust intangible utilization,820.18,346,2026-06-05
8777,488,6,Exclusive well-modulated support,179.01,39,2024-12-13
8778,168,11,Managed executive protocol,237.82,406,2024-02-27
8779,552,8,Synchronized 24hour definition,124.92,336,2023-02-23
8780,456,6,Open-architected contextually-based frame,404.22,98,2023-07-18
8781,318,14,Automated national portal,587.64,128,2026-05-31
8782,275,13,Optimized tertiary throughput,705.77,58,2026-04-30
8783,579,7,Diverse discrete adapter,595.47,161,2026-03-22
8784,394,3,Enterprise-wide logistical time-frame,571.52,342,2024-02-19
8785,567,5,Cross-group tertiary focus group,10.67,294,2023-10-16
8786,505,8,Fully-configurable bi-directional alliance,847.41,38,2024-12-27
8787,462,14,Automated multimedia challenge,831.48,340,2025-04-27
8788,541,6,Distributed even-keeled help-desk,9.95,227,2023-05-01
8789,329,11,Assimilated context-sensitive structure,103.27,277,2023-11-16
8790,358,2,Mandatory real-time array,583.44,60,2023-03-04
8791,197,2,Enterprise-wide optimal model,589.45,222,2025-07-16
8792,134,1,Phased transitional data-warehouse,431.78,296,2023-08-04
8793,281,5,Progressive encompassing frame,746.65,191,2025-04-28
8794,440,15,Mandatory attitude-oriented flexibility,74.06,208,2025-04-04
8795,471,11,Right-sized web-enabled encryption,341.9,4,2023-07-08
8796,341,1,Customer-focused needs-based middleware,646.15,120,2024-07-11
8797,2,13,Mandatory interactive array,77.64,94,2025-03-14
8798,381,6,Networked uniform throughput,410.96,355,2024-09-14
8799,473,6,Right-sized stable matrices,380.22,328,2025-03-19
8800,372,12,Virtual bandwidth-monitored software,414.88,98,2023-10-13
8801,489,8,Self-enabling context-sensitive function,876.86,42,2023-05-01
8802,346,1,Fundamental executive emulation,392.72,166,2026-06-12
8803,22,13,Face-to-face next generation challenge,678.31,371,2023-11-08
8804,248,4,Profound full-range forecast,53.78,401,2024-08-31
8805,437,13,Multi-lateral neutral conglomeration,633.87,60,2024-09-28
8806,497,11,Switchable impactful contingency,25.96,214,2023-07-20
8807,385,14,Persistent asynchronous Graphical User Interface,304.29,435,2025-08-05
8808,226,14,Quality-focused next generation collaboration,752.62,6,2024-10-21
8809,209,13,Synergized real-time software,788.29,151,2023-12-04
8810,557,10,Open-source bifurcated task-force,5.05,251,2025-12-17
8811,72,11,Cross-group multi-state hardware,802.4,213,2023-11-02
8812,593,4,Assimilated contextually-based budgetary management,60.85,294,2025-02-12
8813,115,6,Persistent modular approach,781.54,245,2023-08-17
8814,52,7,Total well-modulated definition,361.27,203,2026-05-21
8815,56,4,Business-focused grid-enabled flexibility,392.94,445,2025-07-30
8816,60,6,Function-based zero-defect hardware,520.67,137,2023-08-31
8817,123,8,Streamlined non-volatile forecast,592.93,293,2025-08-19
8818,454,10,Ameliorated impactful forecast,390.5,103,2023-08-01
8819,590,5,Multi-layered bottom-line challenge,374.1,16,2026-03-08
8820,397,11,Inverse neutral benchmark,48.57,236,2024-07-09
8821,431,14,Self-enabling exuding forecast,66.95,76,2023-11-03
8822,524,4,Mandatory empowering circuit,21.46,342,2025-09-30
8823,555,9,Enhanced actuating encryption,283.31,240,2025-07-15
8824,577,9,Horizontal 3rdgeneration utilization,460.04,258,2023-11-10
8825,263,13,Up-sized exuding ability,199.02,178,2026-06-27
8826,413,9,Decentralized asymmetric product,668.02,275,2025-06-01
8827,182,8,Extended well-modulated function,887.92,471,2025-10-25
8828,192,12,Robust reciprocal matrix,214.72,446,2023-03-15
8829,584,12,Object-based cohesive challenge,399.04,460,2024-10-26
8830,264,8,Function-based grid-enabled structure,733.85,302,2024-12-27
8831,17,2,Multi-tiered neutral synergy,732.1,99,2024-03-18
8832,394,8,Pre-emptive multimedia superstructure,772.81,372,2023-06-29
8833,68,14,Team-oriented bandwidth-monitored protocol,298.13,228,2025-12-04
8834,68,5,Team-oriented 4thgeneration functionalities,20.89,81,2025-12-31
8835,187,5,Horizontal 4thgeneration forecast,678.33,207,2024-09-23
8836,122,11,Organic motivating paradigm,219.77,40,2025-05-10
8837,334,1,Integrated responsive core,513.26,343,2023-12-10
8838,222,11,Reduced context-sensitive middleware,99.71,464,2026-03-13
8839,419,11,Ergonomic real-time capacity,216.04,275,2023-06-25
8840,229,2,Profit-focused full-range projection,794.37,424,2026-06-05
8841,65,6,Face-to-face multi-tasking leverage,100.05,372,2023-06-02
8842,248,7,Adaptive didactic methodology,727.39,411,2023-02-17
8843,27,5,Intuitive 24/7 secured line,812.91,304,2023-04-09
8844,312,7,Persevering mission-critical project,661.62,144,2026-05-10
8845,269,1,Down-sized mobile paradigm,694.13,349,2026-01-23
8846,67,6,Reduced 24/7 open architecture,92.92,389,2024-04-01
8847,262,15,Profit-focused stable attitude,144.35,286,2026-03-02
8848,96,14,Advanced object-oriented benchmark,634.46,500,2023-05-29
8849,165,7,Customizable leadingedge initiative,711.69,273,2026-05-06
8850,56,1,De-engineered systemic info-mediaries,563.14,432,2025-05-22
8851,52,11,Stand-alone disintermediate success,383.35,472,2025-12-06
8852,75,15,Phased multimedia process improvement,865.41,149,2024-09-23
8853,83,7,Enterprise-wide scalable access,807.34,218,2025-03-07
8854,99,2,Balanced bandwidth-monitored service-desk,431.82,238,2023-11-08
8855,285,3,Advanced real-time array,873.45,209,2025-08-18
8856,52,9,Reduced fault-tolerant adapter,872.31,175,2025-11-28
8857,353,9,Reduced zero-defect core,142.44,347,2023-01-24
8858,262,10,Visionary upward-trending success,584.53,248,2026-04-22
8859,331,12,Open-source zero-defect middleware,438.32,145,2023-01-14
8860,35,4,Inverse bifurcated encoding,57.54,42,2025-01-18
8861,67,12,Grass-roots real-time monitoring,708.8,442,2025-04-27
8862,95,8,Diverse modular customer loyalty,316.05,285,2026-05-31
8863,446,3,Future-proofed radical capacity,696.98,351,2024-09-27
8864,312,11,Self-enabling object-oriented service-desk,837.25,214,2024-06-24
8865,103,10,Integrated empowering instruction set,247.07,494,2024-12-10
8866,519,15,Switchable empowering software,194.61,185,2023-06-04
8867,587,1,Expanded upward-trending parallelism,79.05,69,2025-04-06
8868,238,4,Right-sized encompassing forecast,239.8,318,2023-10-02
8869,149,8,Seamless transitional structure,827.8,248,2025-08-27
8870,57,9,Robust stable leverage,297.99,156,2023-12-05
8871,433,9,Progressive 5thgeneration forecast,159.2,315,2025-01-08
8872,380,5,Quality-focused asymmetric access,182.65,142,2024-06-08
8873,552,13,Robust actuating hardware,167.73,123,2025-12-06
8874,5,2,Optimized grid-enabled framework,113.03,331,2024-11-25
8875,489,7,Multi-tiered discrete instruction set,543.8,398,2023-07-24
8876,380,14,Function-based attitude-oriented portal,876.78,107,2026-06-29
8877,559,13,Secured value-added installation,804.15,188,2024-05-23
8878,161,15,Open-source scalable frame,841.9,240,2025-01-10
8879,15,9,Multi-layered high-level project,683.48,312,2025-10-10
8880,249,2,Grass-roots uniform definition,419.24,459,2023-12-08
8881,328,3,Operative scalable time-frame,614.87,367,2024-03-27
8882,151,5,Pre-emptive bifurcated application,215.07,357,2023-10-24
8883,99,12,Proactive mission-critical access,188.03,178,2025-09-15
8884,590,15,Decentralized mission-critical knowledge user,392.03,482,2025-06-14
8885,170,9,Centralized attitude-oriented migration,10.8,101,2024-04-01
8886,383,1,Cross-platform upward-trending contingency,16.01,363,2024-06-14
8887,334,13,Face-to-face encompassing software,296.82,267,2023-04-01
8888,313,13,Innovative systematic instruction set,469.07,313,2024-08-22
8889,43,8,Multi-tiered full-range open architecture,772.83,277,2023-11-23
8890,532,7,Re-engineered asymmetric conglomeration,172.52,376,2024-12-12
8891,535,8,Exclusive secondary moratorium,674.9,295,2024-01-23
8892,463,1,Phased attitude-oriented parallelism,690.7,448,2023-11-19
8893,370,14,Persevering contextually-based knowledgebase,458.43,237,2024-03-21
8894,390,1,Object-based real-time Local Area Network,473.59,188,2024-12-22
8895,552,3,Open-architected methodical task-force,744.64,69,2025-05-06
8896,148,13,Programmable zero-defect focus group,186.55,361,2023-06-19
8897,419,8,Customizable static collaboration,339.07,10,2023-05-11
8898,87,6,Fully-configurable bifurcated Graphical User Interface,182.17,69,2025-07-09
8899,26,13,Multi-tiered bi-directional architecture,197.44,153,2023-07-15
8900,293,15,Seamless system-worthy definition,849.09,244,2024-11-22
8901,389,14,Face-to-face even-keeled monitoring,629.67,260,2025-05-13
8902,217,12,Integrated impactful definition,441.35,121,2025-06-19
8903,551,8,Visionary local approach,12.06,15,2024-11-12
8904,255,9,Synergistic 6thgeneration flexibility,169.95,478,2026-04-09
8905,564,12,Team-oriented empowering strategy,896.65,408,2023-12-27
8906,154,11,Open-source encompassing task-force,705.61,114,2026-06-06
8907,400,13,Versatile uniform attitude,745.73,231,2025-01-14
8908,200,13,Reduced national protocol,582.41,405,2025-03-07
8909,277,13,Total 24/7 moderator,262.88,58,2023-11-21
8910,336,15,Compatible high-level info-mediaries,348.18,480,2023-12-13
8911,157,1,Integrated disintermediate parallelism,489.77,448,2024-02-25
8912,288,13,Universal composite attitude,370.01,131,2024-07-04
8913,135,10,Customer-focused optimizing contingency,511.36,375,2025-03-02
8914,125,4,Customer-focused demand-driven definition,468.43,229,2023-06-03
8915,573,11,Centralized reciprocal budgetary management,794.73,192,2023-04-01
8916,443,10,Visionary reciprocal solution,535.39,333,2024-02-19
8917,270,6,Business-focused human-resource matrix,71.43,486,2025-02-26
8918,542,4,Organic eco-centric implementation,469.23,77,2026-06-16
8919,145,2,Profit-focused transitional application,346.1,498,2026-04-07
8920,529,12,Exclusive real-time ability,343.04,156,2024-01-15
8921,497,9,Phased scalable hardware,339.06,253,2023-08-05
8922,59,4,Open-source bottom-line array,382.24,97,2023-01-26
8923,369,7,Face-to-face multimedia protocol,540.64,333,2025-04-30
8924,181,6,Total responsive orchestration,565.75,351,2026-04-05
8925,393,10,Balanced static toolset,273.56,71,2024-03-14
8926,327,3,Synchronized fault-tolerant support,494.66,279,2026-06-12
8927,597,11,Centralized incremental circuit,715.26,0,2026-01-28
8928,527,13,Operative mobile framework,688.24,479,2025-02-24
8929,32,9,Virtual optimizing artificial intelligence,66.38,452,2023-01-08
8930,472,2,Organic even-keeled solution,257.69,381,2023-12-24
8931,210,12,Multi-lateral fresh-thinking forecast,363.22,125,2025-04-27
8932,524,1,Open-source multimedia artificial intelligence,459.29,170,2026-02-17
8933,518,5,Mandatory radical website,238.65,394,2024-07-11
8934,215,13,Inverse leadingedge infrastructure,750.22,68,2023-08-20
8935,204,3,Secured incremental website,391.21,404,2025-10-09
8936,508,14,Diverse heuristic migration,377.92,442,2026-02-18
8937,230,13,Multi-tiered intangible software,848.74,366,2026-04-17
8938,78,11,Multi-tiered content-based support,830.39,28,2024-09-15
8939,239,9,Automated eco-centric superstructure,803.25,357,2024-05-07
8940,48,13,Reduced intermediate utilization,534.18,240,2026-03-13
8941,500,6,Synergized human-resource success,862.9,192,2025-11-15
8942,268,3,Cross-platform national productivity,109.92,62,2026-02-12
8943,34,2,Centralized discrete website,730.6,434,2025-08-25
8944,286,8,Distributed 4thgeneration help-desk,153.68,46,2024-04-12
8945,108,2,Extended upward-trending application,147.73,197,2024-12-31
8946,452,5,Networked fault-tolerant open system,351.94,111,2023-04-28
8947,135,11,Automated motivating Graphical User Interface,195.19,68,2023-05-28
8948,502,9,Profit-focused tangible support,106.42,402,2023-02-04
8949,316,3,Persevering object-oriented firmware,634.4,444,2023-10-15
8950,506,14,Cross-group web-enabled framework,286.66,278,2026-02-03
8951,95,14,Profound 6thgeneration algorithm,76.01,162,2026-06-05
8952,171,1,Programmable didactic algorithm,375.97,12,2024-06-19
8953,120,7,Digitized uniform productivity,312.93,443,2025-07-17
8954,172,15,Future-proofed neutral solution,359.63,283,2026-03-06
8955,106,1,Public-key well-modulated knowledgebase,519.43,115,2023-07-18
8956,44,1,Operative explicit info-mediaries,876.34,422,2023-05-23
8957,471,10,Cross-group attitude-oriented emulation,594.63,92,2024-10-25
8958,66,4,Diverse object-oriented model,360.27,326,2023-12-14
8959,160,4,Reactive didactic database,491.17,9,2023-06-03
8960,221,11,Face-to-face interactive capability,406.65,16,2023-12-28
8961,31,14,Open-source leadingedge synergy,511.28,454,2026-02-20
8962,94,14,Reverse-engineered analyzing adapter,539.08,2,2023-06-03
8963,284,7,Phased responsive synergy,556.43,42,2024-04-28
8964,413,1,Cloned attitude-oriented support,842.42,253,2023-10-20
8965,503,3,Polarized leadingedge strategy,37.5,380,2024-08-01
8966,374,1,Mandatory multimedia algorithm,628.01,292,2026-02-03
8967,8,7,Diverse uniform benchmark,663.55,458,2024-02-24
8968,360,4,Public-key multi-tasking throughput,220.66,105,2025-01-12
8969,28,2,Exclusive encompassing conglomeration,859.46,363,2024-01-19
8970,432,3,Switchable non-volatile alliance,296.28,34,2023-03-15
8971,320,14,Extended national access,751.01,139,2025-02-12
8972,123,8,Open-source optimal workforce,223.6,449,2025-01-13
8973,77,13,Multi-layered background customer loyalty,657.64,173,2023-07-25
8974,212,4,Cross-group real-time solution,593.48,15,2026-04-26
8975,406,8,Customizable background matrix,186.69,442,2026-04-16
8976,154,5,Open-architected radical definition,878.03,244,2024-09-25
8977,96,11,Customer-focused bifurcated alliance,759.01,173,2026-03-07
8978,430,7,Face-to-face bi-directional productivity,306.99,121,2026-02-27
8979,52,4,Advanced 3rdgeneration concept,716.83,115,2025-11-25
8980,371,8,Networked methodical policy,253.76,113,2026-05-24
8981,104,10,Re-contextualized dedicated functionalities,291.47,258,2023-02-09
8982,12,1,Team-oriented maximized alliance,716.88,152,2023-07-28
8983,402,3,Customizable static service-desk,615.08,249,2025-01-08
8984,45,2,Organized intermediate standardization,643.45,220,2025-11-29
8985,247,11,Expanded attitude-oriented service-desk,113.53,200,2025-01-12
8986,6,14,Reduced methodical installation,704.5,115,2026-03-28
8987,262,13,Compatible dedicated model,571.64,189,2025-01-08
8988,524,12,Object-based stable orchestration,609.58,367,2024-08-17
8989,398,14,Centralized user-facing implementation,669.88,329,2023-11-27
8990,61,2,Ameliorated bifurcated methodology,454.28,390,2026-05-09
8991,22,3,Vision-oriented exuding complexity,196.17,1,2023-07-14
8992,385,6,Robust 6thgeneration success,99.11,267,2026-01-26
8993,8,7,Networked clear-thinking paradigm,670.99,431,2026-05-01
8994,115,14,Public-key background extranet,440.5,178,2023-03-08
8995,468,6,Inverse background analyzer,112.38,380,2026-03-30
8996,166,7,Intuitive optimal implementation,734.2,236,2025-08-27
8997,363,13,De-engineered grid-enabled flexibility,23.69,205,2023-07-12
8998,401,11,Switchable exuding paradigm,147.73,74,2025-11-21
8999,291,4,Assimilated neutral productivity,661.35,345,2025-06-02
9000,355,7,Polarized next generation analyzer,486.44,380,2026-02-16
9001,512,13,Compatible foreground middleware,861.34,5,2023-10-19
9002,4,5,Profound empowering neural-net,761.55,484,2026-02-12
9003,498,2,Ameliorated bi-directional extranet,801.33,424,2024-04-10
9004,393,13,Business-focused motivating algorithm,607.89,116,2024-08-05
9005,500,7,Reverse-engineered optimizing throughput,678.1,45,2024-06-01
9006,299,13,Cloned client-driven secured line,132.67,493,2025-08-18
9007,118,11,Managed 24/7 definition,816.65,479,2025-06-15
9008,303,6,Persistent full-range framework,200.0,442,2024-08-30
9009,373,10,Managed analyzing hub,334.53,7,2026-02-20
9010,53,1,Reactive 6thgeneration secured line,134.9,316,2023-02-07
9011,437,12,Realigned analyzing benchmark,526.54,156,2025-08-21
9012,201,6,Managed holistic secured line,385.12,469,2024-06-04
9013,139,13,Intuitive global productivity,406.92,71,2026-04-30
9014,261,4,Cross-group eco-centric process improvement,374.47,47,2023-03-19
9015,26,10,Business-focused scalable customer loyalty,471.02,81,2024-06-18
9016,332,1,Function-based mobile open system,582.24,59,2024-06-24
9017,441,11,Implemented methodical knowledgebase,270.92,21,2023-11-05
9018,203,7,Multi-tiered even-keeled initiative,10.39,151,2023-08-19
9019,504,1,Face-to-face modular matrices,706.99,6,2023-12-09
9020,178,6,Digitized client-driven methodology,156.96,165,2024-02-19
9021,83,4,Horizontal foreground time-frame,232.86,47,2025-07-10
9022,432,3,Vision-oriented attitude-oriented projection,894.58,279,2023-02-27
9023,590,6,Persistent local infrastructure,272.75,35,2025-10-04
9024,379,5,Front-line 6thgeneration forecast,612.67,49,2025-03-06
9025,254,8,Robust disintermediate architecture,554.57,179,2026-01-30
9026,275,9,Mandatory content-based budgetary management,152.42,58,2025-07-01
9027,193,10,Configurable eco-centric benchmark,187.72,386,2026-06-05
9028,416,10,Devolved secondary encryption,569.36,52,2023-02-23
9029,557,3,Front-line bifurcated leverage,722.2,216,2024-12-25
9030,445,2,Synergized didactic monitoring,127.26,31,2025-02-22
9031,292,7,Sharable didactic infrastructure,253.6,209,2025-09-09
9032,386,5,Self-enabling explicit capacity,419.86,418,2024-12-29
9033,392,3,Self-enabling multimedia utilization,301.14,24,2026-02-10
9034,268,15,Inverse fresh-thinking toolset,320.92,381,2023-06-09
9035,314,4,Configurable foreground definition,715.88,424,2026-03-20
9036,595,10,Streamlined uniform approach,143.93,239,2023-02-01
9037,595,10,Versatile interactive core,796.3,263,2025-06-03
9038,123,1,Ergonomic uniform leverage,134.1,176,2024-11-16
9039,110,5,Proactive disintermediate benchmark,218.37,346,2023-11-10
9040,331,11,Reactive 24/7 orchestration,303.53,5,2024-05-19
9041,191,15,Exclusive systematic customer loyalty,606.95,371,2026-01-14
9042,420,6,Upgradable coherent monitoring,750.42,60,2026-01-04
9043,126,14,Configurable responsive definition,756.09,405,2025-12-19
9044,37,13,Profit-focused systemic framework,317.25,271,2024-02-25
9045,44,14,Assimilated didactic open architecture,775.47,99,2023-01-31
9046,444,8,Extended well-modulated interface,201.28,7,2026-01-13
9047,231,13,Integrated cohesive help-desk,52.5,287,2025-12-15
9048,297,1,Switchable asymmetric array,98.61,220,2025-08-30
9049,476,13,Organized responsive portal,364.64,72,2023-05-14
9050,596,14,Advanced user-facing moderator,583.78,376,2023-02-05
9051,337,1,Synergistic logistical Graphic Interface,760.91,451,2023-07-27
9052,593,8,Pre-emptive maximized methodology,36.32,181,2025-09-20
9053,301,15,Sharable maximized framework,684.76,178,2024-07-22
9054,26,14,Integrated human-resource concept,395.65,483,2023-08-27
9055,317,4,Streamlined 24hour info-mediaries,461.29,408,2025-06-07
9056,483,4,Adaptive secondary parallelism,499.3,156,2024-05-18
9057,120,13,Balanced attitude-oriented ability,624.18,324,2024-10-12
9058,382,7,Centralized regional parallelism,448.32,311,2024-10-06
9059,473,10,Multi-channeled needs-based throughput,151.32,193,2024-01-04
9060,419,4,Multi-layered 24hour orchestration,151.83,243,2024-03-23
9061,172,5,Cross-group tertiary benchmark,853.24,250,2023-03-29
9062,196,11,Inverse static customer loyalty,776.23,315,2023-06-11
9063,585,11,Distributed tertiary circuit,889.51,167,2025-04-17
9064,416,13,Polarized human-resource project,292.41,412,2023-08-12
9065,272,2,Switchable solution-oriented analyzer,618.27,157,2024-01-27
9066,22,15,Expanded fault-tolerant neural-net,406.25,265,2024-04-17
9067,154,10,Future-proofed local synergy,703.24,227,2025-02-26
9068,561,2,Progressive well-modulated superstructure,578.63,383,2025-06-02
9069,35,15,Profit-focused actuating workforce,322.02,369,2023-06-27
9070,598,2,Advanced empowering knowledgebase,426.35,3,2023-11-24
9071,275,3,Enhanced static structure,779.79,219,2024-05-07
9072,453,5,Function-based holistic matrices,657.34,110,2025-08-05
9073,256,9,Compatible context-sensitive product,45.5,111,2023-06-04
9074,539,5,Object-based modular Local Area Network,177.53,38,2024-01-21
9075,353,14,Down-sized multi-tasking ability,608.19,366,2023-09-02
9076,448,12,Organic upward-trending concept,507.57,211,2023-09-12
9077,67,2,Business-focused actuating policy,667.69,146,2025-08-02
9078,391,15,Business-focused asymmetric hardware,807.64,12,2025-06-30
9079,210,5,Grass-roots intermediate implementation,417.82,246,2024-04-13
9080,353,5,Triple-buffered neutral alliance,113.32,422,2024-10-24
9081,358,13,Pre-emptive web-enabled policy,841.25,445,2024-09-17
9082,463,15,Persevering needs-based firmware,843.82,99,2023-05-12
9083,101,13,Enhanced responsive hierarchy,359.79,273,2024-10-31
9084,181,7,Intuitive demand-driven paradigm,365.16,242,2023-02-08
9085,15,9,Team-oriented hybrid array,782.01,267,2026-05-22
9086,275,4,Configurable impactful time-frame,496.18,23,2023-09-13
9087,306,9,Reactive executive intranet,602.76,242,2025-11-04
9088,107,7,Triple-buffered multimedia analyzer,339.29,221,2023-01-21
9089,532,9,Integrated 24hour help-desk,871.33,455,2024-06-25
9090,71,9,Phased contextually-based forecast,616.98,19,2023-09-23
9091,289,5,Vision-oriented zero-defect productivity,853.45,412,2024-01-14
9092,570,9,Mandatory multi-state parallelism,704.65,221,2023-05-15
9093,479,4,Proactive exuding synergy,239.75,193,2023-03-11
9094,559,8,Cross-platform radical infrastructure,199.68,413,2025-06-07
9095,207,2,Self-enabling encompassing groupware,239.4,99,2023-07-11
9096,529,2,Exclusive methodical functionalities,175.03,466,2023-10-01
9097,156,10,Pre-emptive dedicated portal,665.62,266,2023-01-15
9098,313,6,Function-based client-driven implementation,11.04,117,2023-01-07
9099,538,13,Multi-tiered asymmetric analyzer,665.89,141,2026-03-08
9100,115,11,Right-sized real-time hierarchy,77.4,146,2025-09-30
9101,423,5,Public-key directional software,524.65,371,2025-09-04
9102,203,9,Front-line 24hour hierarchy,622.93,208,2026-02-10
9103,99,4,Synergistic disintermediate parallelism,790.61,474,2025-08-30
9104,135,15,Reactive background protocol,630.28,325,2025-09-25
9105,572,2,Total optimal customer loyalty,504.64,186,2024-12-08
9106,213,11,Organized bottom-line matrices,523.77,186,2025-10-28
9107,548,4,Multi-channeled regional structure,35.58,89,2023-06-30
9108,205,7,Re-engineered user-facing collaboration,440.57,208,2023-04-16
9109,245,4,Synergistic mobile architecture,455.76,37,2025-08-27
9110,534,8,Upgradable asynchronous framework,366.27,79,2025-11-12
9111,505,5,Organized zero-defect website,540.06,7,2025-08-24
9112,164,7,Visionary optimizing core,822.44,351,2024-05-28
9113,544,9,Implemented fault-tolerant complexity,68.5,173,2023-03-04
9114,255,10,Total demand-driven infrastructure,83.82,246,2026-01-04
9115,77,3,User-centric incremental website,480.31,342,2024-05-13
9116,455,10,Multi-lateral tertiary support,572.15,308,2026-01-11
9117,337,15,Switchable optimal function,572.6,114,2023-04-29
9118,570,15,Diverse directional challenge,143.95,491,2024-01-12
9119,459,11,Front-line human-resource architecture,859.71,49,2024-07-14
9120,436,10,Streamlined systematic knowledge user,316.78,303,2024-10-10
9121,251,14,User-friendly multimedia process improvement,697.71,302,2025-11-23
9122,153,4,Vision-oriented homogeneous system engine,852.04,397,2023-12-24
9123,44,8,Sharable background extranet,154.81,153,2025-11-13
9124,425,2,Configurable optimizing focus group,774.52,43,2024-11-28
9125,443,13,Horizontal intermediate toolset,800.99,425,2023-11-23
9126,237,1,Optional executive function,736.74,199,2025-10-17
9127,566,1,Managed dedicated productivity,62.73,294,2024-07-26
9128,395,8,Persevering 4thgeneration projection,38.47,43,2024-07-21
9129,80,14,Pre-emptive holistic concept,139.61,454,2023-01-02
9130,262,5,Devolved bifurcated monitoring,396.57,454,2023-11-21
9131,39,9,Monitored 6thgeneration orchestration,185.37,214,2023-09-20
9132,292,9,Face-to-face web-enabled contingency,404.55,257,2024-11-06
9133,413,3,Ameliorated homogeneous groupware,196.58,229,2026-01-20
9134,570,7,Networked logistical algorithm,633.85,245,2024-03-29
9135,134,13,Stand-alone cohesive methodology,409.62,496,2025-04-14
9136,26,12,Fully-configurable modular workforce,377.32,388,2024-01-21
9137,340,11,Open-architected attitude-oriented firmware,64.3,122,2025-04-14
9138,571,10,Robust real-time model,774.52,25,2025-05-23
9139,369,13,Stand-alone background complexity,429.68,38,2025-04-25
9140,562,5,Re-contextualized background matrices,581.74,490,2025-04-30
9141,415,15,Robust zero administration parallelism,638.98,345,2024-05-20
9142,488,12,Reduced neutral parallelism,751.69,190,2025-05-02
9143,88,15,Balanced systematic middleware,775.26,139,2024-12-25
9144,227,6,Profound disintermediate secured line,436.25,246,2025-10-12
9145,538,6,Sharable reciprocal approach,508.75,352,2026-06-02
9146,284,6,Operative system-worthy matrix,457.06,211,2023-05-31
9147,549,11,Triple-buffered scalable Internet solution,836.29,262,2024-01-28
9148,451,5,Vision-oriented leadingedge conglomeration,284.28,448,2026-03-04
9149,171,4,Proactive 6thgeneration installation,683.92,453,2025-02-11
9150,39,5,Down-sized asynchronous paradigm,121.81,136,2024-10-26
9151,5,3,Realigned local software,319.5,433,2025-03-09
9152,509,11,Streamlined background info-mediaries,60.69,61,2025-09-08
9153,530,3,Visionary asymmetric analyzer,557.96,404,2026-04-18
9154,569,9,De-engineered 6thgeneration architecture,822.11,467,2025-03-26
9155,112,12,Future-proofed transitional functionalities,8.0,119,2025-06-16
9156,421,4,Self-enabling systematic access,688.82,301,2024-08-20
9157,3,4,Multi-lateral background system engine,751.45,260,2023-03-05
9158,312,4,Triple-buffered even-keeled portal,444.3,46,2023-11-18
9159,448,10,Robust composite capacity,803.27,281,2023-01-20
9160,525,12,Team-oriented national open system,340.9,163,2023-09-04
9161,16,9,Synergistic clear-thinking artificial intelligence,374.81,436,2023-07-28
9162,474,15,Future-proofed attitude-oriented hierarchy,882.67,443,2025-10-12
9163,515,4,Multi-channeled motivating framework,564.05,105,2023-06-13
9164,241,3,Switchable bifurcated toolset,562.11,16,2023-12-07
9165,483,13,Multi-channeled dedicated benchmark,333.58,148,2024-01-07
9166,368,15,Synergistic logistical flexibility,43.3,454,2025-04-06
9167,383,8,Polarized 24/7 secured line,331.16,163,2025-08-30
9168,309,9,Multi-channeled non-volatile protocol,343.32,324,2023-11-01
9169,569,2,Ameliorated multimedia standardization,875.42,350,2025-10-11
9170,4,13,Monitored incremental function,310.08,30,2024-11-21
9171,323,8,Compatible leadingedge hardware,193.1,367,2024-08-04
9172,119,1,Ameliorated executive utilization,517.15,3,2023-02-28
9173,442,15,Optional high-level monitoring,344.67,59,2025-04-15
9174,69,11,Grass-roots logistical Graphic Interface,311.86,40,2025-06-21
9175,388,7,Cross-group fault-tolerant capacity,23.65,354,2023-12-03
9176,301,5,De-engineered 24/7 challenge,625.78,192,2026-05-15
9177,475,12,Cross-platform context-sensitive protocol,532.92,261,2023-06-23
9178,301,4,Re-engineered object-oriented service-desk,210.97,353,2025-03-03
9179,463,6,Centralized mission-critical strategy,415.05,433,2025-01-11
9180,270,7,Intuitive zero administration instruction set,707.84,196,2026-02-13
9181,196,5,Cross-platform incremental concept,698.46,92,2025-05-05
9182,22,6,Open-source high-level standardization,178.94,445,2025-12-10
9183,560,3,Persevering mission-critical archive,732.51,158,2026-05-30
9184,446,10,Distributed composite policy,363.22,371,2023-04-13
9185,560,12,Balanced upward-trending leverage,704.34,479,2023-08-25
9186,527,8,Streamlined 4thgeneration approach,683.22,264,2026-02-12
9187,38,5,Enterprise-wide multi-state hardware,101.63,327,2023-02-10
9188,198,7,Mandatory scalable middleware,883.1,480,2024-09-18
9189,540,8,Devolved dynamic concept,237.78,53,2023-10-10
9190,400,2,Focused multimedia Graphical User Interface,817.49,450,2024-05-08
9191,461,10,Decentralized impactful approach,55.58,84,2023-11-20
9192,214,15,Customizable object-oriented ability,24.7,331,2024-08-19
9193,302,4,Fully-configurable disintermediate challenge,849.65,35,2023-12-01
9194,87,13,Total methodical array,181.57,435,2024-10-24
9195,339,14,User-centric leadingedge info-mediaries,398.37,312,2026-05-06
9196,32,15,Optimized homogeneous focus group,41.61,94,2024-12-02
9197,411,7,Cross-group interactive database,704.56,436,2026-02-14
9198,497,3,Innovative client-driven database,844.98,29,2025-02-20
9199,215,7,Automated responsive policy,316.86,442,2025-12-15
9200,203,8,Organized multi-state capability,629.51,331,2025-01-28
9201,112,13,Customizable optimal synergy,52.07,50,2024-04-28
9202,409,8,Versatile empowering help-desk,412.6,488,2025-02-16
9203,499,10,Fundamental tertiary flexibility,328.33,296,2024-02-18
9204,132,12,Profound needs-based analyzer,857.18,138,2026-05-16
9205,393,8,Quality-focused systemic matrices,200.21,40,2026-04-21
9206,432,8,Focused value-added info-mediaries,285.67,399,2025-07-13
9207,597,2,Cloned contextually-based product,729.1,15,2026-05-23
9208,314,6,Operative bi-directional conglomeration,241.25,12,2023-12-01
9209,552,12,Up-sized impactful website,563.99,352,2024-07-22
9210,306,4,Ergonomic object-oriented moderator,506.03,377,2025-12-18
9211,142,7,Ergonomic dedicated hub,757.2,228,2025-04-06
9212,586,5,Centralized empowering structure,860.57,120,2025-03-06
9213,397,8,Robust directional info-mediaries,246.22,279,2025-12-02
9214,437,14,Phased local Local Area Network,458.05,298,2025-03-11
9215,9,9,Optimized didactic synergy,690.57,265,2025-05-18
9216,238,10,Robust national groupware,822.05,488,2024-08-31
9217,126,9,Phased clear-thinking Internet solution,624.96,165,2026-04-11
9218,40,12,Distributed incremental application,653.72,319,2024-08-07
9219,55,11,Multi-layered interactive architecture,256.89,149,2024-06-17
9220,478,5,Future-proofed bottom-line open architecture,171.69,27,2025-07-16
9221,142,6,Seamless coherent definition,273.63,175,2023-11-05
9222,492,9,Innovative asymmetric product,373.7,31,2026-05-17
9223,343,5,User-friendly asymmetric array,416.75,332,2023-12-01
9224,563,8,Reduced zero administration productivity,253.14,28,2025-07-23
9225,326,2,Open-source transitional concept,785.51,125,2026-06-05
9226,127,15,Re-contextualized system-worthy structure,231.02,408,2023-01-15
9227,245,8,Reduced composite moderator,493.78,286,2023-03-05
9228,234,6,Synchronized fault-tolerant collaboration,375.44,486,2026-05-10
9229,118,11,Managed actuating model,814.12,286,2025-02-01
9230,548,8,Polarized intangible emulation,434.87,0,2025-08-19
9231,367,1,Robust local workforce,100.14,294,2024-03-17
9232,178,6,Stand-alone bandwidth-monitored pricing structure,357.34,485,2025-07-14
9233,490,12,Total bifurcated alliance,695.54,395,2025-03-18
9234,251,2,Front-line directional middleware,687.94,245,2025-09-14
9235,69,9,Re-engineered cohesive monitoring,365.9,208,2025-04-12
9236,451,12,Advanced modular portal,689.88,270,2025-04-22
9237,72,7,Profound even-keeled capability,812.31,407,2024-04-08
9238,576,7,Secured maximized artificial intelligence,190.82,273,2023-09-02
9239,248,1,Assimilated transitional collaboration,844.91,72,2025-04-19
9240,133,5,Stand-alone explicit throughput,617.92,314,2025-11-22
9241,432,5,Team-oriented full-range archive,29.36,129,2025-04-04
9242,407,6,Reduced optimal budgetary management,729.19,141,2026-03-07
9243,499,8,Polarized discrete policy,32.12,160,2024-04-05
9244,404,5,Front-line asymmetric instruction set,245.77,489,2024-05-23
9245,263,10,Re-engineered logistical standardization,586.6,147,2023-07-31
9246,136,2,Universal empowering protocol,589.21,194,2023-12-15
9247,50,15,Operative transitional concept,489.07,16,2023-06-06
9248,181,14,Persistent user-facing orchestration,480.27,127,2024-06-05
9249,520,3,Reactive needs-based knowledge user,481.7,469,2023-02-18
9250,167,14,Persistent static pricing structure,21.8,126,2025-02-28
9251,330,1,Automated object-oriented task-force,263.5,181,2025-03-28
9252,538,7,Cross-group tertiary middleware,558.99,306,2023-03-22
9253,40,15,Upgradable composite throughput,76.26,86,2024-03-23
9254,193,2,Implemented systematic orchestration,708.13,161,2023-09-30
9255,308,1,Self-enabling 5thgeneration info-mediaries,854.88,456,2023-09-09
9256,321,11,Organized human-resource strategy,413.26,263,2024-06-30
9257,149,8,Managed demand-driven encoding,383.71,213,2023-07-10
9258,179,8,Open-architected directional success,406.9,469,2026-03-14
9259,203,13,Fully-configurable 3rdgeneration array,221.14,122,2024-11-04
9260,447,14,Re-engineered solution-oriented process improvement,555.91,463,2023-11-13
9261,21,2,Optimized high-level intranet,498.5,131,2024-10-18
9262,459,7,Enterprise-wide exuding system engine,867.01,42,2025-04-28
9263,180,15,Operative value-added Local Area Network,519.87,425,2025-01-15
9264,55,12,Grass-roots stable time-frame,375.89,33,2023-01-29
9265,219,2,Multi-tiered multi-tasking migration,483.49,32,2025-09-24
9266,252,11,Multi-lateral 5thgeneration success,166.63,208,2025-01-24
9267,144,4,Cross-platform intermediate conglomeration,233.78,219,2025-01-26
9268,371,5,Streamlined intangible architecture,389.38,32,2023-09-19
9269,64,4,Synergistic even-keeled utilization,685.95,277,2024-07-28
9270,422,8,Profound bifurcated functionalities,609.49,223,2024-06-17
9271,310,11,Devolved tertiary capability,51.35,446,2026-05-17
9272,526,10,Fully-configurable multi-state application,159.72,261,2026-05-17
9273,118,15,Enhanced context-sensitive groupware,273.56,107,2024-11-14
9274,218,6,Streamlined asynchronous matrix,789.45,327,2024-06-20
9275,185,6,Multi-channeled web-enabled application,568.47,493,2025-05-30
9276,129,14,Seamless even-keeled conglomeration,886.96,342,2025-05-15
9277,3,8,Devolved attitude-oriented groupware,625.73,261,2023-06-23
9278,255,13,Adaptive global superstructure,861.82,259,2024-08-04
9279,466,13,Proactive eco-centric toolset,303.11,37,2024-05-16
9280,264,13,Future-proofed full-range groupware,43.8,344,2024-07-13
9281,91,9,Ameliorated systemic application,783.14,162,2023-02-07
9282,384,12,Secured needs-based implementation,789.85,452,2023-10-11
9283,267,1,Cross-platform zero-defect policy,683.59,343,2024-10-07
9284,276,7,Cloned neutral neural-net,642.6,39,2023-09-26
9285,61,7,Automated value-added challenge,557.05,338,2025-06-01
9286,112,2,Intuitive zero administration focus group,563.68,400,2024-12-15
9287,466,4,Ameliorated full-range knowledgebase,577.05,79,2024-11-03
9288,245,13,Persevering mission-critical secured line,5.94,60,2024-10-08
9289,548,5,Secured 24hour toolset,343.82,116,2026-05-05
9290,257,5,Inverse fresh-thinking function,803.36,388,2023-09-19
9291,561,1,Seamless impactful alliance,620.71,130,2023-02-04
9292,63,10,Customizable foreground functionalities,890.88,399,2024-03-07
9293,111,10,Reduced multimedia paradigm,322.64,473,2023-04-08
9294,484,9,Switchable zero administration complexity,449.37,7,2024-12-01
9295,194,10,Proactive 5thgeneration help-desk,29.13,19,2024-05-06
9296,279,11,Realigned next generation matrix,659.36,323,2024-03-04
9297,191,12,Fundamental zero administration encryption,562.36,450,2025-03-06
9298,146,1,Focused content-based hierarchy,804.77,348,2025-01-16
9299,377,12,Team-oriented intangible functionalities,314.83,475,2025-02-22
9300,152,15,Synergistic high-level orchestration,456.96,310,2025-10-16
9301,381,7,Implemented secondary migration,718.0,375,2025-06-25
9302,560,12,Public-key even-keeled matrix,201.57,414,2024-04-14
9303,249,10,Monitored full-range hub,524.49,148,2024-03-01
9304,74,1,User-friendly empowering attitude,522.62,179,2023-06-12
9305,553,9,Fully-configurable uniform service-desk,460.06,390,2025-06-30
9306,561,8,Enterprise-wide homogeneous adapter,480.02,95,2025-12-20
9307,16,11,Implemented radical frame,762.59,174,2025-09-14
9308,185,12,Focused zero administration functionalities,782.8,260,2024-05-11
9309,457,9,Distributed regional circuit,182.72,349,2023-05-26
9310,575,10,Fully-configurable analyzing projection,508.39,416,2025-01-10
9311,536,5,Intuitive impactful architecture,366.76,406,2023-02-06
9312,462,13,Team-oriented responsive standardization,266.63,444,2025-05-09
9313,162,11,Cross-platform heuristic conglomeration,290.84,382,2025-02-11
9314,479,1,Pre-emptive client-server matrix,806.87,467,2023-11-17
9315,459,2,Organized demand-driven model,845.66,413,2025-11-05
9316,458,6,Enhanced 24hour circuit,470.75,421,2024-11-03
9317,55,13,Triple-buffered impactful extranet,523.88,445,2023-03-07
9318,136,1,Assimilated maximized installation,439.64,453,2023-09-17
9319,47,5,Multi-channeled upward-trending hardware,363.34,457,2026-04-13
9320,49,15,Quality-focused well-modulated alliance,419.12,147,2024-03-02
9321,595,1,Focused regional moderator,571.33,422,2024-06-15
9322,546,5,Managed tangible middleware,434.6,253,2024-01-25
9323,172,1,Team-oriented leadingedge concept,138.39,322,2024-06-07
9324,276,1,Stand-alone 24/7 approach,615.44,120,2023-07-27
9325,588,8,Advanced 24hour contingency,77.22,277,2023-01-01
9326,124,2,Expanded well-modulated workforce,166.87,387,2024-02-06
9327,408,8,Upgradable executive array,819.25,312,2023-05-28
9328,405,10,Horizontal demand-driven circuit,725.88,129,2023-09-14
9329,444,2,Exclusive grid-enabled data-warehouse,881.01,397,2025-03-14
9330,426,11,Multi-layered heuristic product,381.15,247,2023-05-16
9331,30,8,Organic high-level help-desk,626.46,112,2024-12-10
9332,188,8,Customer-focused explicit support,310.77,187,2023-10-04
9333,26,9,Devolved transitional adapter,226.92,488,2024-01-30
9334,12,11,Focused disintermediate moratorium,9.61,377,2025-03-02
9335,82,11,Front-line discrete matrices,779.87,113,2024-01-01
9336,93,6,Right-sized 24/7 migration,146.7,291,2023-04-06
9337,61,14,Future-proofed homogeneous access,859.5,151,2023-05-23
9338,393,15,Reduced tangible encoding,342.9,356,2024-07-02
9339,216,1,Upgradable intangible synergy,497.1,12,2024-08-30
9340,152,9,Triple-buffered leadingedge functionalities,772.3,120,2023-07-17
9341,408,8,User-friendly multimedia service-desk,130.55,66,2024-09-07
9342,392,14,Horizontal foreground system engine,666.83,143,2025-08-29
9343,119,1,Team-oriented modular Internet solution,345.79,404,2025-03-16
9344,63,7,Reduced fault-tolerant artificial intelligence,411.52,329,2024-04-30
9345,504,15,Intuitive neutral installation,410.54,272,2026-06-20
9346,169,2,Persistent stable instruction set,233.78,278,2023-08-30
9347,41,1,Multi-channeled bi-directional attitude,415.91,412,2026-05-30
9348,27,9,Self-enabling attitude-oriented productivity,596.32,241,2026-06-25
9349,546,12,Pre-emptive asynchronous benchmark,46.6,53,2023-07-14
9350,468,1,Reactive zero-defect artificial intelligence,662.68,392,2025-03-11
9351,278,8,Enhanced zero-defect policy,575.75,347,2025-05-27
9352,339,9,Profit-focused modular architecture,568.66,232,2025-01-16
9353,461,10,Multi-tiered real-time focus group,24.04,115,2024-04-05
9354,409,11,Multi-lateral global hierarchy,417.74,372,2024-10-17
9355,287,13,Switchable even-keeled monitoring,442.83,308,2023-06-20
9356,22,14,Cross-platform client-driven standardization,526.87,316,2026-06-21
9357,598,14,Horizontal executive encryption,565.09,380,2025-09-16
9358,542,5,Devolved cohesive concept,488.23,436,2025-04-03
9359,323,3,Triple-buffered static solution,199.4,22,2026-01-06
9360,5,5,Ameliorated tangible product,287.65,109,2024-02-01
9361,271,15,Streamlined multi-tasking matrix,194.76,135,2026-06-07
9362,558,3,Organized static hardware,28.3,237,2023-03-08
9363,3,1,Implemented impactful secured line,142.74,487,2025-08-17
9364,358,6,Total clear-thinking paradigm,239.38,177,2024-02-19
9365,445,13,Multi-tiered radical website,265.09,364,2023-07-03
9366,435,4,Extended explicit knowledge user,478.45,174,2023-06-15
9367,107,8,Enhanced background groupware,769.12,72,2024-02-19
9368,54,4,Assimilated multi-tasking flexibility,759.2,178,2025-11-04
9369,168,2,Digitized bifurcated extranet,429.85,490,2023-12-25
9370,398,4,Monitored asynchronous application,618.21,443,2023-03-01
9371,558,13,Visionary 5thgeneration policy,816.65,400,2024-06-12
9372,567,15,Pre-emptive uniform database,876.16,416,2023-01-27
9373,549,15,Inverse context-sensitive access,623.77,365,2025-05-29
9374,81,2,Automated 5thgeneration info-mediaries,153.8,188,2025-10-25
9375,22,5,Ergonomic dedicated encryption,277.56,450,2024-04-19
9376,62,7,Realigned stable moratorium,883.5,348,2025-08-09
9377,496,3,Phased 24/7 approach,88.01,68,2025-06-30
9378,110,12,Balanced mobile parallelism,367.17,54,2023-01-02
9379,579,9,Versatile actuating artificial intelligence,810.48,493,2025-07-18
9380,426,15,Versatile didactic budgetary management,388.86,119,2025-01-22
9381,132,2,Secured next generation hub,303.76,477,2025-05-06
9382,496,4,Centralized even-keeled hub,746.16,231,2023-08-23
9383,75,1,Devolved 3rdgeneration website,409.53,3,2025-03-19
9384,547,7,Monitored system-worthy secured line,475.74,221,2024-07-15
9385,430,12,Open-source bandwidth-monitored moratorium,749.15,51,2024-08-18
9386,485,15,Persistent responsive service-desk,215.52,447,2026-05-27
9387,319,7,Horizontal background moratorium,496.57,171,2024-01-28
9388,478,5,Multi-channeled zero-defect capability,879.41,175,2023-12-20
9389,326,8,Secured transitional help-desk,402.6,194,2026-01-07
9390,597,14,Implemented modular function,514.82,355,2025-10-03
9391,494,13,Networked multi-tasking firmware,679.28,348,2026-03-18
9392,383,2,Pre-emptive dynamic workforce,352.28,461,2025-03-01
9393,35,4,Visionary dynamic methodology,653.99,498,2024-05-25
9394,492,12,Monitored 4thgeneration process improvement,746.69,51,2024-06-26
9395,18,15,Programmable mission-critical workforce,555.45,364,2023-05-07
9396,451,13,Synchronized secondary architecture,583.24,39,2024-12-20
9397,100,10,Centralized fault-tolerant challenge,550.87,194,2024-03-31
9398,145,4,Profound stable moderator,56.86,157,2025-09-25
9399,504,3,Expanded clear-thinking concept,306.42,302,2025-05-07
9400,78,12,Enhanced user-facing Local Area Network,86.85,326,2026-05-31
9401,353,11,Horizontal logistical projection,617.82,439,2024-04-15
9402,236,13,User-friendly maximized strategy,701.1,396,2024-08-19
9403,94,7,Distributed actuating synergy,117.5,387,2026-04-02
9404,18,7,Focused directional function,170.73,376,2025-11-08
9405,90,6,Profit-focused user-facing conglomeration,649.07,373,2025-04-16
9406,408,1,Programmable reciprocal process improvement,597.16,405,2024-01-31
9407,28,15,Cloned bandwidth-monitored solution,520.23,29,2024-12-20
9408,86,11,Synergistic national workforce,472.16,134,2024-02-14
9409,281,14,Diverse mobile Internet solution,512.84,208,2024-05-26
9410,330,7,Secured maximized conglomeration,477.06,354,2025-12-05
9411,511,8,Down-sized even-keeled structure,555.9,470,2024-05-24
9412,292,8,Operative 3rdgeneration toolset,134.74,461,2024-06-17
9413,97,12,Customizable stable parallelism,384.83,198,2023-10-23
9414,97,13,Fully-configurable 3rdgeneration open architecture,485.41,381,2024-08-17
9415,248,1,Function-based empowering service-desk,557.41,146,2025-10-20
9416,309,3,Persistent tangible access,544.41,102,2023-10-14
9417,401,9,Re-engineered exuding hub,216.44,154,2025-12-06
9418,495,1,Devolved zero administration collaboration,545.6,486,2023-12-19
9419,598,14,Inverse discrete workforce,305.35,215,2023-12-12
9420,574,12,Operative bifurcated secured line,532.35,284,2024-10-01
9421,357,5,Triple-buffered tertiary focus group,475.95,79,2025-02-12
9422,144,8,Proactive incremental moratorium,431.71,105,2024-04-02
9423,105,14,Horizontal composite monitoring,832.56,172,2025-12-03
9424,99,3,Extended uniform monitoring,605.0,486,2026-02-21
9425,477,7,Reactive neutral core,884.6,114,2024-06-28
9426,8,5,Ameliorated zero administration archive,718.72,318,2025-06-24
9427,259,5,Multi-layered explicit encoding,828.42,239,2025-05-21
9428,350,12,Face-to-face executive Local Area Network,167.97,393,2023-09-22
9429,311,7,Adaptive foreground challenge,761.09,205,2025-11-22
9430,340,13,Innovative directional extranet,107.76,303,2023-12-31
9431,69,8,Managed static concept,336.77,236,2023-08-02
9432,254,6,Team-oriented optimal concept,620.46,73,2026-02-07
9433,305,6,Phased next generation info-mediaries,238.18,232,2023-03-01
9434,335,1,Face-to-face coherent architecture,564.92,181,2025-06-19
9435,267,11,Cloned zero administration migration,302.6,269,2023-03-31
9436,497,7,Managed asymmetric toolset,380.45,273,2025-07-30
9437,531,5,Switchable disintermediate project,107.94,279,2024-05-26
9438,122,3,Front-line secondary portal,413.23,23,2025-10-11
9439,549,13,Upgradable didactic open system,215.2,179,2026-05-27
9440,294,9,Reactive content-based firmware,162.92,469,2023-09-19
9441,263,6,Visionary dedicated software,118.47,422,2026-01-13
9442,550,2,Polarized multi-state structure,351.27,7,2024-01-23
9443,374,13,Future-proofed foreground encryption,227.24,55,2025-09-24
9444,435,12,Polarized exuding moderator,747.59,159,2025-04-14
9445,110,13,Extended zero administration frame,239.52,52,2026-03-31
9446,112,1,Implemented motivating customer loyalty,590.43,149,2025-08-05
9447,228,10,Implemented global strategy,578.58,348,2023-06-12
9448,174,14,Right-sized optimizing productivity,521.38,419,2024-04-26
9449,321,9,Open-source bandwidth-monitored process improvement,229.1,286,2023-01-17
9450,102,3,Integrated uniform ability,415.51,37,2023-10-05
9451,454,8,Fully-configurable multi-state intranet,629.08,468,2024-10-20
9452,395,11,User-centric uniform encoding,454.19,173,2024-02-03
9453,5,14,Centralized maximized collaboration,533.62,348,2025-07-12
9454,289,5,Customer-focused actuating complexity,441.26,465,2024-05-31
9455,15,15,Optimized reciprocal workforce,475.9,336,2024-01-29
9456,30,13,Vision-oriented multi-tasking portal,722.88,449,2026-01-06
9457,164,3,Function-based holistic ability,511.72,22,2025-04-04
9458,268,14,Multi-tiered methodical hub,91.71,316,2025-03-07
9459,334,9,Intuitive tangible algorithm,675.21,16,2023-11-13
9460,579,4,Managed logistical interface,420.79,128,2024-10-21
9461,130,14,Quality-focused fresh-thinking encryption,377.28,163,2026-02-10
9462,464,3,Visionary encompassing frame,474.58,475,2023-12-12
9463,244,9,Expanded exuding info-mediaries,791.31,163,2025-05-09
9464,183,7,Phased eco-centric neural-net,44.14,6,2026-02-09
9465,9,6,Progressive secondary analyzer,523.74,13,2023-09-04
9466,539,13,Distributed contextually-based collaboration,498.77,6,2023-01-15
9467,254,1,Monitored radical implementation,5.4,475,2024-02-04
9468,468,9,Stand-alone cohesive Graphical User Interface,142.62,497,2025-03-24
9469,537,12,Object-based background framework,433.75,82,2023-11-13
9470,53,15,Phased hybrid system engine,681.39,97,2023-01-21
9471,466,2,Up-sized multimedia info-mediaries,59.96,439,2026-01-15
9472,65,15,Switchable client-server extranet,688.41,292,2023-12-15
9473,171,4,Re-engineered web-enabled monitoring,786.41,302,2025-08-15
9474,388,11,Enterprise-wide intangible matrix,355.46,57,2025-01-20
9475,276,2,Polarized holistic database,316.81,500,2023-05-19
9476,593,9,Reduced dedicated orchestration,58.25,1,2023-09-17
9477,466,12,Exclusive 24/7 success,125.0,339,2023-12-08
9478,316,14,Advanced didactic workforce,740.24,79,2026-02-18
9479,419,4,Synergistic exuding focus group,302.25,393,2024-05-01
9480,314,10,Object-based encompassing methodology,154.9,451,2025-03-10
9481,206,9,Seamless bifurcated product,526.44,458,2026-01-12
9482,500,11,Cross-platform responsive frame,591.22,315,2024-10-25
9483,360,10,Distributed even-keeled service-desk,84.15,312,2023-10-16
9484,236,4,Optional eco-centric Local Area Network,326.7,434,2025-12-10
9485,517,6,Self-enabling eco-centric alliance,412.7,494,2023-11-01
9486,528,11,Centralized transitional toolset,202.84,204,2024-03-17
9487,529,14,Ameliorated holistic installation,550.03,454,2025-06-09
9488,84,11,Cross-platform impactful benchmark,541.87,179,2024-10-19
9489,569,8,Progressive executive implementation,332.27,9,2023-11-03
9490,420,2,Implemented multi-tasking intranet,248.32,299,2026-05-16
9491,59,13,Advanced zero tolerance secured line,788.34,439,2026-06-02
9492,305,2,Organic responsive application,388.58,289,2024-11-02
9493,161,11,Persistent neutral migration,42.71,237,2026-05-05
9494,521,10,Re-engineered incremental utilization,615.59,353,2023-07-16
9495,282,6,Balanced multi-tasking hub,766.46,472,2026-01-13
9496,83,13,Diverse coherent definition,68.56,487,2026-06-15
9497,124,8,De-engineered reciprocal interface,565.56,262,2024-07-26
9498,346,13,Streamlined contextually-based productivity,466.89,274,2025-09-17
9499,277,10,Face-to-face empowering productivity,235.42,430,2023-04-01
9500,591,14,Centralized systemic process improvement,161.0,94,2026-02-05
9501,530,7,Customizable 24/7 firmware,315.19,276,2023-02-15
9502,506,11,Open-architected composite database,170.92,10,2023-04-25
9503,571,11,Public-key multi-state hierarchy,597.48,182,2025-07-24
9504,22,2,Upgradable 4thgeneration info-mediaries,515.0,254,2024-08-07
9505,216,13,Monitored 6thgeneration portal,593.54,164,2025-07-03
9506,330,11,Implemented disintermediate architecture,136.43,464,2026-06-17
9507,132,6,Assimilated human-resource success,312.73,419,2025-02-04
9508,432,9,Visionary 5thgeneration focus group,26.91,352,2026-01-25
9509,275,7,Public-key impactful open system,737.06,373,2023-01-28
9510,2,2,Ergonomic grid-enabled matrices,308.81,334,2026-02-25
9511,114,3,Enterprise-wide disintermediate throughput,703.45,194,2023-11-09
9512,280,12,Integrated logistical orchestration,172.56,317,2024-08-07
9513,496,11,Switchable impactful forecast,38.26,69,2024-12-07
9514,119,10,Open-architected optimal success,624.88,201,2025-07-07
9515,143,5,Advanced 24hour utilization,626.49,399,2025-05-20
9516,52,10,Seamless empowering methodology,845.17,414,2025-08-26
9517,497,15,Reactive fresh-thinking open system,147.6,147,2025-12-26
9518,491,8,Re-engineered bifurcated attitude,263.51,197,2024-05-12
9519,56,11,Extended hybrid paradigm,480.62,170,2025-06-19
9520,136,11,Optimized impactful challenge,485.24,15,2026-06-19
9521,97,14,Open-source static access,707.03,29,2023-03-17
9522,428,4,Reverse-engineered dedicated project,243.99,235,2024-09-21
9523,83,9,Ergonomic didactic benchmark,17.84,135,2023-10-03
9524,47,11,Organic content-based initiative,142.8,99,2023-02-01
9525,324,13,Decentralized well-modulated contingency,781.8,244,2024-12-06
9526,468,4,Extended mobile knowledge user,197.23,397,2025-06-05
9527,569,13,Profound modular firmware,588.96,95,2025-10-23
9528,492,7,Operative uniform artificial intelligence,313.07,230,2025-01-07
9529,366,6,Self-enabling multi-tasking time-frame,129.2,260,2025-04-27
9530,571,6,Proactive client-driven system engine,846.94,448,2026-01-12
9531,369,1,Down-sized scalable firmware,653.61,218,2025-02-26
9532,274,9,Re-engineered upward-trending intranet,431.86,85,2025-03-31
9533,318,14,Reduced global open architecture,876.01,242,2023-08-17
9534,230,1,Implemented contextually-based structure,50.88,89,2024-12-04
9535,361,5,Sharable zero tolerance utilization,367.65,135,2024-11-28
9536,256,4,Front-line multi-state success,260.7,318,2025-11-09
9537,358,3,Enhanced dedicated interface,528.53,325,2025-11-07
9538,294,5,Mandatory impactful matrix,412.32,146,2023-08-31
9539,319,6,Synchronized secondary Graphic Interface,36.52,341,2025-02-28
9540,218,13,Horizontal disintermediate ability,180.25,20,2025-05-25
9541,343,11,Ameliorated foreground software,99.77,33,2025-12-06
9542,107,10,Exclusive homogeneous moderator,357.53,61,2024-02-10
9543,548,11,Multi-channeled zero administration synergy,399.57,447,2025-01-15
9544,357,6,Function-based high-level attitude,509.63,83,2023-12-31
9545,589,9,Enterprise-wide systematic paradigm,845.58,340,2024-01-27
9546,253,15,Triple-buffered methodical knowledge user,838.28,77,2024-08-14
9547,79,10,De-engineered explicit middleware,602.61,235,2025-08-04
9548,90,2,Face-to-face 6thgeneration database,470.21,440,2023-08-10
9549,387,8,Polarized global open system,628.93,235,2024-08-26
9550,199,7,Polarized foreground hardware,51.17,135,2026-01-22
9551,3,14,Extended responsive focus group,535.84,169,2026-05-21
9552,159,8,Configurable client-server array,93.92,132,2024-04-02
9553,426,10,Ergonomic context-sensitive strategy,693.83,240,2024-06-01
9554,211,11,Right-sized attitude-oriented firmware,278.65,245,2025-03-10
9555,530,9,Balanced didactic knowledge user,526.15,366,2025-11-01
9556,428,2,Enhanced context-sensitive parallelism,354.9,377,2023-07-05
9557,540,11,Cloned tangible flexibility,435.05,235,2025-02-23
9558,315,12,Object-based maximized archive,288.16,345,2023-04-25
9559,553,5,Managed intermediate Graphical User Interface,174.19,404,2026-06-20
9560,425,11,Profound human-resource hardware,289.66,371,2023-05-18
9561,458,14,Self-enabling dynamic focus group,510.11,18,2023-02-26
9562,329,4,Object-based radical encryption,598.6,68,2025-05-09
9563,21,6,Stand-alone client-server moderator,290.1,433,2025-09-30
9564,307,1,Secured multi-tasking utilization,130.24,321,2025-12-24
9565,310,15,Enterprise-wide needs-based capability,305.72,188,2026-01-06
9566,453,7,Focused human-resource middleware,518.03,191,2026-03-03
9567,97,11,Focused discrete service-desk,157.65,264,2023-07-05
9568,233,1,Networked foreground collaboration,448.91,123,2025-07-12
9569,215,2,Profound 24hour model,704.25,355,2024-05-10
9570,357,10,Function-based mobile hub,827.27,55,2023-12-17
9571,242,13,Implemented secondary algorithm,670.48,133,2024-11-02
9572,597,12,Cross-group methodical conglomeration,159.31,90,2025-01-27
9573,529,1,Object-based didactic knowledge user,868.33,92,2024-08-14
9574,356,6,Ameliorated tangible concept,753.83,39,2023-07-28
9575,393,3,Persistent upward-trending encryption,730.8,238,2024-07-06
9576,213,6,User-friendly background synergy,96.89,401,2024-08-02
9577,129,9,Team-oriented bifurcated encryption,740.34,102,2023-10-02
9578,508,12,Organic fault-tolerant orchestration,53.96,105,2023-07-24
9579,476,5,Managed regional initiative,572.37,489,2023-03-10
9580,133,9,Open-architected systemic collaboration,670.52,22,2025-02-17
9581,3,13,Implemented discrete circuit,570.02,248,2025-03-05
9582,238,14,User-friendly upward-trending standardization,270.58,106,2024-03-01
9583,287,11,Grass-roots fault-tolerant strategy,376.52,92,2025-02-07
9584,214,4,Secured non-volatile hub,653.47,203,2024-07-22
9585,76,12,Reduced hybrid workforce,366.09,91,2026-04-28
9586,561,11,Polarized local superstructure,848.62,19,2023-12-17
9587,339,3,Stand-alone interactive budgetary management,89.69,369,2023-06-30
9588,276,11,Synergistic intermediate array,577.64,372,2024-04-11
9589,360,14,Multi-layered actuating database,785.87,243,2023-09-25
9590,203,11,Customizable stable hub,346.28,259,2025-01-19
9591,45,5,Triple-buffered composite success,658.54,406,2024-09-30
9592,549,6,Customer-focused optimal matrix,156.67,26,2023-10-18
9593,252,6,Digitized eco-centric system engine,262.13,240,2023-11-11
9594,173,5,Multi-layered human-resource Local Area Network,36.79,163,2025-01-07
9595,243,1,Sharable bifurcated system engine,688.63,458,2023-06-07
9596,119,4,Advanced homogeneous software,553.45,2,2024-06-29
9597,375,11,Realigned bandwidth-monitored help-desk,480.08,309,2023-10-04
9598,485,6,Centralized zero administration migration,761.84,84,2024-02-07
9599,275,1,Secured client-driven strategy,458.38,18,2025-02-05
9600,429,9,Customer-focused maximized migration,716.25,340,2024-04-06
9601,225,6,Secured 3rdgeneration intranet,332.54,183,2025-04-02
9602,246,9,Balanced secondary parallelism,336.71,284,2023-05-10
9603,539,13,Team-oriented bandwidth-monitored info-mediaries,142.68,133,2024-03-05
9604,578,13,Business-focused eco-centric solution,397.68,271,2025-03-08
9605,594,9,Sharable even-keeled function,42.89,447,2024-12-08
9606,369,8,Pre-emptive eco-centric instruction set,641.73,106,2024-02-19
9607,538,1,Cross-group zero tolerance workforce,417.45,498,2023-09-15
9608,416,11,Ameliorated neutral collaboration,352.53,295,2024-08-14
9609,11,5,Progressive responsive ability,230.41,452,2025-01-28
9610,27,2,Programmable systematic artificial intelligence,412.2,161,2023-02-01
9611,342,7,Assimilated client-driven Internet solution,613.06,200,2024-12-11
9612,331,9,Right-sized composite protocol,537.74,313,2023-03-21
9613,408,6,Multi-tiered uniform installation,483.73,203,2026-04-24
9614,509,14,Seamless non-volatile circuit,711.26,364,2023-09-30
9615,168,4,Robust grid-enabled algorithm,156.46,93,2023-03-28
9616,259,4,User-friendly disintermediate open system,21.23,204,2024-05-04
9617,66,10,Synergistic national throughput,99.0,19,2025-05-29
9618,578,8,Digitized 24/7 throughput,755.11,51,2024-05-19
9619,391,13,Advanced contextually-based moderator,221.74,302,2023-06-10
9620,94,14,Integrated explicit encoding,274.58,367,2023-10-29
9621,51,14,Compatible systemic encoding,142.81,203,2023-08-11
9622,137,14,User-friendly clear-thinking analyzer,134.24,80,2026-02-08
9623,422,11,Innovative maximized projection,771.33,497,2023-09-05
9624,277,1,Cross-platform dedicated system engine,645.61,67,2024-08-11
9625,338,5,Upgradable context-sensitive focus group,127.04,133,2026-05-02
9626,160,3,Focused radical emulation,262.07,11,2023-11-01
9627,237,12,User-centric hybrid encoding,122.68,359,2023-04-25
9628,16,1,Open-source exuding leverage,91.37,66,2025-07-05
9629,540,10,Optional zero tolerance orchestration,158.3,337,2023-11-26
9630,272,11,Digitized local adapter,216.03,31,2026-04-15
9631,501,10,Versatile impactful application,90.81,477,2024-04-22
9632,344,4,Fundamental user-facing challenge,684.23,309,2024-10-22
9633,390,2,Stand-alone grid-enabled info-mediaries,574.4,248,2025-04-21
9634,189,10,Cloned composite adapter,256.2,377,2025-11-29
9635,282,7,Future-proofed modular array,663.04,409,2025-02-08
9636,293,1,Persevering interactive parallelism,810.14,275,2026-05-05
9637,466,8,Organic 4thgeneration customer loyalty,524.11,185,2024-03-17
9638,385,2,Face-to-face web-enabled system engine,815.06,1,2026-02-04
9639,194,1,Seamless exuding extranet,579.53,20,2026-05-08
9640,56,7,Mandatory exuding analyzer,225.15,476,2024-05-01
9641,386,1,Diverse demand-driven matrices,120.32,485,2024-01-20
9642,125,12,Diverse static core,872.79,216,2025-08-20
9643,168,7,Reduced logistical collaboration,66.62,381,2024-02-10
9644,440,3,Team-oriented national capacity,530.98,149,2024-10-19
9645,559,10,Compatible stable moratorium,426.26,230,2025-07-20
9646,201,9,Advanced bandwidth-monitored portal,655.01,93,2024-09-07
9647,199,9,Function-based coherent open architecture,144.79,143,2025-06-04
9648,171,10,Secured maximized monitoring,148.17,95,2023-11-25
9649,543,14,Enhanced intermediate definition,204.65,267,2023-06-19
9650,202,9,Realigned bifurcated superstructure,845.23,166,2023-12-28
9651,168,4,Multi-layered coherent challenge,307.37,14,2025-02-27
9652,149,8,Universal multi-state website,615.05,394,2026-04-04
9653,299,15,Reactive cohesive ability,888.16,435,2023-03-28
9654,99,5,Grass-roots secondary pricing structure,272.86,87,2024-09-29
9655,347,15,Phased mission-critical infrastructure,148.55,302,2023-11-14
9656,258,13,Expanded motivating application,335.85,226,2023-02-23
9657,535,11,Decentralized directional initiative,742.6,290,2024-03-27
9658,590,12,Vision-oriented multi-state extranet,207.88,447,2024-12-14
9659,36,5,User-friendly zero administration instruction set,376.4,80,2026-06-10
9660,194,4,Multi-layered static secured line,580.23,235,2024-07-24
9661,116,6,Triple-buffered multimedia toolset,831.2,439,2024-12-01
9662,567,14,User-friendly tertiary focus group,732.14,453,2024-04-24
9663,213,12,Customizable analyzing infrastructure,472.44,260,2026-04-07
9664,374,13,Secured client-driven concept,563.59,374,2026-06-02
9665,23,6,Persevering human-resource extranet,221.86,16,2026-04-01
9666,275,6,Cross-group object-oriented support,507.44,185,2026-03-14
9667,354,1,Re-contextualized background benchmark,460.34,94,2024-12-08
9668,489,3,Re-contextualized analyzing moratorium,206.36,379,2024-01-27
9669,15,1,Organic multi-state budgetary management,436.43,286,2025-05-12
9670,72,9,Synergistic directional intranet,394.97,416,2024-09-13
9671,516,14,Synergistic bi-directional infrastructure,271.68,348,2025-07-23
9672,292,8,Advanced object-oriented matrices,648.58,385,2024-12-17
9673,173,12,Upgradable discrete superstructure,559.69,137,2026-01-26
9674,256,12,Balanced holistic capability,333.22,330,2025-02-18
9675,372,1,Compatible fault-tolerant parallelism,502.61,394,2025-02-19
9676,586,3,Multi-tiered 24/7 Local Area Network,599.78,71,2025-07-27
9677,1,12,Profound demand-driven instruction set,159.57,419,2023-09-24
9678,378,13,Switchable asymmetric monitoring,722.57,342,2024-06-25
9679,106,13,Intuitive optimizing Graphic Interface,103.95,341,2023-05-08
9680,377,6,Re-contextualized local structure,666.27,91,2024-09-13
9681,74,3,Profit-focused well-modulated conglomeration,383.41,208,2025-07-01
9682,431,15,Cross-platform eco-centric benchmark,582.13,13,2026-03-12
9683,272,1,Digitized mission-critical function,666.37,291,2025-04-03
9684,310,8,Robust coherent help-desk,36.68,102,2025-05-18
9685,274,3,Triple-buffered logistical capability,758.01,431,2024-10-27
9686,204,12,Future-proofed national toolset,144.51,220,2024-10-17
9687,278,14,Focused 3rdgeneration groupware,655.18,115,2023-10-15
9688,418,11,User-friendly 5thgeneration structure,65.09,112,2024-09-03
9689,61,12,Future-proofed encompassing hardware,600.84,458,2024-03-01
9690,490,2,Versatile tangible installation,313.97,455,2024-06-29
9691,195,13,Open-architected mobile website,112.18,311,2023-05-14
9692,344,11,Fully-configurable reciprocal function,759.75,210,2025-12-28
9693,254,11,Streamlined attitude-oriented synergy,819.75,316,2025-01-17
9694,247,12,Seamless mission-critical methodology,871.41,39,2024-01-17
9695,168,6,Advanced discrete architecture,151.26,440,2025-04-02
9696,283,10,De-engineered mission-critical circuit,402.56,224,2026-01-29
9697,475,1,Phased background application,394.19,333,2025-02-19
9698,298,5,Operative mobile policy,151.17,211,2024-04-21
9699,38,8,Monitored bandwidth-monitored task-force,884.47,377,2023-03-03
9700,472,9,Phased neutral methodology,75.99,20,2023-05-22
9701,38,2,Decentralized client-server help-desk,126.0,429,2024-08-16
9702,537,13,Programmable 24/7 array,13.29,200,2026-05-26
9703,305,3,Automated actuating knowledgebase,98.77,378,2025-11-08
9704,494,5,Re-contextualized bi-directional framework,646.22,334,2023-02-10
9705,27,5,Multi-layered human-resource implementation,234.27,35,2023-04-22
9706,64,8,Organic homogeneous migration,156.74,98,2023-05-27
9707,301,15,Grass-roots web-enabled website,515.15,15,2024-08-03
9708,583,10,Multi-lateral zero administration encoding,191.15,365,2025-04-28
9709,297,1,Realigned bandwidth-monitored benchmark,799.91,43,2023-09-24
9710,76,1,Multi-lateral optimal help-desk,415.28,343,2024-07-16
9711,212,2,Synergized local throughput,31.14,178,2025-01-28
9712,10,4,Optional local complexity,83.9,372,2025-12-05
9713,526,8,Cross-platform 6thgeneration benchmark,496.91,19,2025-03-03
9714,426,1,Customer-focused optimizing interface,694.83,227,2025-01-02
9715,119,5,Digitized 3rdgeneration software,108.82,267,2024-04-11
9716,354,15,Optional holistic access,69.41,206,2023-02-13
9717,581,6,Right-sized national leverage,112.78,368,2023-09-27
9718,469,8,Cross-platform coherent secured line,51.31,79,2023-05-14
9719,351,13,Profit-focused motivating success,211.14,198,2023-08-24
9720,108,6,User-centric empowering pricing structure,114.33,40,2025-06-08
9721,179,14,Object-based empowering analyzer,653.78,433,2023-07-17
9722,263,4,Managed empowering core,677.5,315,2024-01-30
9723,270,2,Decentralized heuristic ability,37.0,53,2025-05-13
9724,334,1,Networked multimedia portal,570.45,488,2025-10-18
9725,192,6,Implemented user-facing installation,316.24,62,2023-03-15
9726,509,4,Implemented tertiary throughput,451.83,38,2024-01-18
9727,150,1,Reverse-engineered attitude-oriented matrix,397.64,164,2023-03-07
9728,559,11,Proactive demand-driven budgetary management,889.66,164,2023-12-29
9729,308,15,Synchronized intermediate encryption,22.89,264,2025-06-13
9730,36,12,Balanced incremental challenge,550.68,345,2026-04-29
9731,132,6,Organized exuding service-desk,690.34,117,2024-04-25
9732,418,1,Fully-configurable coherent process improvement,93.72,7,2026-04-07
9733,589,4,Digitized value-added circuit,705.0,426,2026-04-24
9734,101,13,Ameliorated asymmetric synergy,636.13,137,2023-05-01
9735,27,13,Total system-worthy focus group,537.59,349,2025-10-31
9736,118,3,Multi-channeled responsive database,751.99,441,2025-07-14
9737,114,13,Optimized empowering Graphical User Interface,530.56,338,2024-01-14
9738,529,9,Streamlined asymmetric capacity,405.47,460,2024-09-18
9739,79,6,User-centric well-modulated Graphic Interface,640.42,442,2024-06-10
9740,154,13,Innovative demand-driven infrastructure,323.56,325,2024-01-28
9741,306,12,Total exuding extranet,301.03,22,2023-11-01
9742,415,7,Streamlined even-keeled neural-net,238.23,88,2025-09-08
9743,249,9,Synergized real-time capability,843.47,221,2026-05-04
9744,404,14,Devolved explicit knowledge user,396.41,142,2026-01-28
9745,65,15,Reactive heuristic encryption,79.28,171,2023-05-24
9746,176,10,Automated client-driven access,578.28,69,2025-08-17
9747,152,14,Re-engineered static challenge,247.62,9,2025-05-22
9748,505,8,Object-based exuding extranet,450.42,264,2024-04-23
9749,395,8,Robust maximized info-mediaries,415.59,34,2023-01-24
9750,506,1,Advanced attitude-oriented benchmark,462.05,456,2023-10-03
9751,258,1,Adaptive exuding task-force,455.46,405,2024-04-01
9752,368,2,Optimized well-modulated extranet,645.68,440,2024-03-24
9753,196,12,Pre-emptive client-driven superstructure,686.96,181,2025-07-19
9754,591,3,Assimilated composite access,54.0,92,2024-05-24
9755,443,7,Polarized radical Graphic Interface,80.08,363,2025-03-04
9756,168,1,User-friendly global process improvement,78.69,423,2023-11-06
9757,334,12,Cross-platform empowering toolset,109.83,71,2025-02-20
9758,411,1,Re-contextualized multi-state knowledgebase,794.03,287,2025-05-07
9759,434,13,Extended context-sensitive toolset,103.76,44,2023-02-10
9760,568,5,Enterprise-wide real-time throughput,6.46,122,2023-02-25
9761,582,3,Decentralized tangible toolset,594.16,343,2025-09-04
9762,401,15,Object-based fresh-thinking collaboration,437.64,387,2025-04-23
9763,22,13,Centralized 4thgeneration support,478.12,117,2024-02-28
9764,224,14,Right-sized 5thgeneration firmware,526.97,331,2024-12-10
9765,46,7,User-friendly real-time utilization,354.97,207,2025-10-07
9766,439,1,Centralized logistical product,713.87,174,2024-12-26
9767,21,9,Optional upward-trending interface,582.79,332,2023-03-17
9768,348,14,Pre-emptive 3rdgeneration extranet,829.69,347,2026-05-31
9769,55,9,Distributed human-resource focus group,200.2,213,2026-06-27
9770,192,6,Polarized actuating hub,47.91,363,2026-04-24
9771,518,14,Optimized multimedia ability,36.9,499,2025-01-29
9772,442,15,Networked hybrid focus group,269.01,409,2023-06-09
9773,600,10,Self-enabling 3rdgeneration analyzer,675.17,396,2023-05-19
9774,130,5,Diverse zero tolerance projection,194.0,33,2025-03-14
9775,50,6,Cross-platform upward-trending toolset,16.49,92,2026-05-06
9776,599,10,Synergized well-modulated task-force,871.95,225,2025-03-28
9777,95,10,Realigned impactful throughput,110.29,322,2025-10-30
9778,113,12,Horizontal context-sensitive data-warehouse,808.93,158,2026-06-05
9779,550,4,Operative executive structure,374.68,267,2024-06-23
9780,15,4,Multi-layered high-level info-mediaries,124.86,484,2023-07-11
9781,461,8,Distributed heuristic utilization,254.77,426,2023-07-11
9782,122,13,Fundamental client-driven complexity,433.01,224,2024-11-12
9783,381,1,Object-based heuristic success,872.28,341,2023-03-25
9784,286,4,Assimilated incremental definition,744.02,173,2024-02-12
9785,108,6,Automated exuding extranet,737.57,181,2023-09-28
9786,182,10,Cross-group impactful Local Area Network,293.4,366,2026-01-07
9787,254,14,Streamlined context-sensitive model,505.25,18,2024-02-10
9788,598,1,Implemented optimal function,195.54,253,2024-08-19
9789,569,7,Mandatory didactic toolset,400.67,184,2025-03-21
9790,484,6,Multi-lateral secondary challenge,768.81,395,2024-10-27
9791,77,15,Self-enabling full-range installation,287.34,132,2025-10-08
9792,292,4,Stand-alone uniform secured line,540.61,69,2025-10-13
9793,2,9,Cross-platform 5thgeneration workforce,98.66,29,2025-07-27
9794,559,1,Focused homogeneous policy,687.47,366,2023-02-22
9795,213,8,Cross-platform tertiary initiative,488.09,438,2023-01-05
9796,119,1,Synergistic clear-thinking migration,227.91,73,2023-01-12
9797,515,3,Vision-oriented neutral task-force,763.12,131,2023-07-18
9798,415,1,Up-sized leadingedge hardware,539.55,314,2023-02-20
9799,591,8,Automated stable moderator,316.0,360,2025-12-01
9800,548,13,Optional heuristic service-desk,718.15,58,2025-03-31
9801,409,2,Balanced incremental conglomeration,508.43,255,2025-03-22
9802,267,5,Reverse-engineered multimedia Graphic Interface,242.94,306,2023-04-09
9803,288,4,Streamlined optimal challenge,706.74,147,2025-03-27
9804,77,7,Expanded responsive challenge,862.95,72,2023-09-14
9805,173,8,User-friendly reciprocal matrix,622.38,451,2025-06-28
9806,136,7,Multi-layered value-added support,98.66,174,2024-07-04
9807,39,3,Advanced client-driven parallelism,653.12,9,2024-01-04
9808,536,11,Self-enabling bifurcated ability,275.53,407,2025-04-24
9809,365,12,Object-based real-time matrix,301.32,72,2023-07-06
9810,544,10,Fundamental dynamic installation,288.76,276,2025-11-04
9811,411,15,Implemented object-oriented info-mediaries,228.9,500,2026-03-25
9812,223,14,Persistent mobile database,176.81,299,2025-07-10
9813,282,6,Configurable global process improvement,175.21,310,2023-05-10
9814,546,1,Operative needs-based customer loyalty,162.71,277,2024-08-25
9815,570,8,Distributed fault-tolerant alliance,372.49,401,2024-09-14
9816,311,5,Public-key client-server archive,205.34,366,2024-04-04
9817,452,15,Reactive attitude-oriented core,212.49,394,2023-03-17
9818,64,9,Decentralized fresh-thinking array,299.7,173,2024-04-01
9819,480,10,Multi-lateral bifurcated throughput,278.82,200,2024-03-18
9820,108,9,Re-contextualized even-keeled methodology,645.21,334,2024-06-06
9821,185,12,Integrated upward-trending challenge,517.31,6,2023-11-21
9822,293,15,Progressive multi-state toolset,536.3,328,2025-09-24
9823,551,15,Decentralized 6thgeneration standardization,717.56,80,2024-02-20
9824,303,7,Balanced incremental encryption,653.37,337,2023-06-10
9825,325,2,Reduced discrete policy,711.59,459,2023-11-23
9826,115,13,Upgradable reciprocal concept,733.75,251,2025-04-05
9827,5,14,Business-focused background concept,473.11,311,2025-04-17
9828,46,2,Streamlined methodical matrices,22.65,484,2025-05-24
9829,325,9,Open-source well-modulated approach,797.61,228,2025-10-25
9830,164,12,Digitized demand-driven firmware,282.83,376,2025-01-26
9831,432,6,Versatile dynamic software,499.36,386,2026-03-26
9832,224,9,Cross-group grid-enabled knowledgebase,737.09,128,2023-03-27
9833,308,12,Mandatory web-enabled process improvement,268.64,172,2023-02-06
9834,239,15,Grass-roots grid-enabled support,518.95,204,2024-02-01
9835,540,15,Cloned attitude-oriented emulation,815.11,382,2024-06-03
9836,387,7,Future-proofed demand-driven implementation,544.38,11,2025-12-07
9837,123,5,Business-focused tertiary success,268.31,271,2025-03-12
9838,45,3,Multi-tiered 24/7 matrix,546.48,207,2024-11-08
9839,231,3,Phased tertiary productivity,620.15,363,2024-04-01
9840,79,6,Decentralized demand-driven architecture,598.19,103,2023-02-15
9841,491,1,Focused attitude-oriented extranet,422.32,307,2023-08-02
9842,44,13,Exclusive methodical Internet solution,265.87,269,2025-10-13
9843,529,7,Extended clear-thinking groupware,849.7,38,2025-01-05
9844,64,9,Optional user-facing definition,641.14,326,2024-04-07
9845,245,15,Versatile directional knowledge user,896.63,414,2024-10-14
9846,73,3,User-centric client-server projection,547.52,76,2026-05-19
9847,258,6,User-friendly full-range superstructure,249.66,44,2025-11-06
9848,214,4,Seamless context-sensitive protocol,701.96,286,2025-12-02
9849,111,5,Object-based interactive knowledgebase,587.28,385,2024-09-21
9850,149,15,Multi-channeled 24hour database,318.29,234,2024-09-23
9851,228,9,Configurable fresh-thinking artificial intelligence,760.51,23,2024-02-14
9852,365,14,Advanced directional alliance,607.61,332,2023-04-24
9853,454,9,Adaptive value-added matrix,387.87,228,2024-11-12
9854,343,1,Open-source leadingedge collaboration,35.93,164,2024-01-25
9855,327,8,Business-focused 6thgeneration adapter,716.9,435,2025-02-24
9856,62,11,Persistent content-based circuit,201.84,439,2025-07-15
9857,214,4,Proactive context-sensitive encoding,897.69,34,2024-07-05
9858,186,5,Up-sized encompassing capacity,427.22,43,2024-12-30
9859,96,14,Team-oriented user-facing algorithm,393.91,114,2023-11-03
9860,324,7,Expanded 24/7 process improvement,377.08,32,2024-07-17
9861,521,15,Mandatory scalable artificial intelligence,693.55,407,2023-11-17
9862,271,11,Devolved executive Local Area Network,221.65,154,2026-01-22
9863,351,2,Function-based background protocol,402.03,82,2025-07-09
9864,371,12,Enterprise-wide mission-critical Graphical User Interface,448.42,103,2023-05-04
9865,397,2,Total empowering encoding,238.08,467,2025-03-11
9866,31,2,Open-architected holistic product,445.87,130,2023-06-26
9867,387,5,Grass-roots context-sensitive initiative,27.95,371,2023-05-04
9868,63,14,Reverse-engineered reciprocal paradigm,656.92,79,2024-11-01
9869,423,11,Profit-focused eco-centric Graphical User Interface,462.11,103,2024-11-06
9870,437,14,Adaptive next generation data-warehouse,118.12,266,2024-05-25
9871,571,8,Persistent dynamic productivity,432.42,195,2024-11-03
9872,267,1,Sharable stable intranet,124.98,152,2025-08-22
9873,125,5,Optimized regional neural-net,313.36,453,2024-01-31
9874,463,5,Re-contextualized grid-enabled interface,594.52,3,2023-09-19
9875,545,11,Ameliorated object-oriented contingency,704.73,214,2024-12-30
9876,442,6,Implemented modular firmware,166.84,114,2025-02-09
9877,491,6,Balanced bi-directional adapter,352.69,232,2025-01-27
9878,258,6,Centralized even-keeled contingency,608.41,132,2023-01-29
9879,240,13,Down-sized 24hour circuit,277.92,324,2025-11-10
9880,587,4,Decentralized global migration,546.52,184,2026-06-24
9881,367,6,Multi-layered zero administration encoding,216.98,336,2024-09-03
9882,174,3,Open-source full-range firmware,618.82,438,2026-03-30
9883,269,8,Function-based demand-driven groupware,35.09,131,2024-06-16
9884,507,14,Re-engineered cohesive pricing structure,360.95,258,2024-02-16
9885,12,2,Multi-tiered heuristic encoding,850.65,373,2025-08-17
9886,395,13,Secured leadingedge superstructure,623.64,310,2023-12-03
9887,457,1,Operative explicit circuit,248.93,122,2025-11-13
9888,554,6,Devolved static definition,814.7,75,2025-11-29
9889,462,2,Grass-roots bi-directional service-desk,766.89,180,2025-11-26
9890,239,5,Pre-emptive empowering task-force,588.03,332,2024-06-29
9891,231,1,Ergonomic non-volatile knowledgebase,122.64,298,2026-06-23
9892,478,15,Decentralized bottom-line task-force,646.53,281,2024-10-13
9893,319,5,Optional systemic archive,786.19,90,2024-07-28
9894,63,3,Customer-focused uniform synergy,555.68,393,2024-06-15
9895,549,13,User-friendly exuding customer loyalty,11.62,357,2025-05-18
9896,528,9,Expanded tertiary policy,349.78,370,2026-06-23
9897,572,11,Fully-configurable solution-oriented architecture,561.51,276,2025-07-13
9898,411,4,Function-based zero tolerance secured line,800.09,430,2024-06-06
9899,179,8,Extended executive data-warehouse,153.16,224,2025-08-11
9900,107,2,Reduced systemic migration,319.09,281,2025-07-23
9901,199,8,Extended responsive migration,704.92,274,2023-06-24
9902,350,15,Reactive fresh-thinking customer loyalty,368.93,429,2025-04-06
9903,161,2,Virtual explicit collaboration,667.79,108,2025-02-13
9904,486,14,Operative content-based alliance,81.78,379,2025-12-16
9905,508,4,Cross-group high-level intranet,61.43,10,2024-03-17
9906,78,10,Persistent optimal flexibility,623.29,60,2025-03-25
9907,436,7,Assimilated well-modulated orchestration,781.07,367,2023-09-04
9908,435,3,Upgradable 24/7 Graphic Interface,283.08,345,2025-03-24
9909,559,9,Sharable non-volatile synergy,652.06,329,2025-06-02
9910,492,15,Open-source radical adapter,830.66,88,2023-06-05
9911,515,3,Face-to-face secondary knowledgebase,166.23,237,2026-03-12
9912,186,3,Cloned didactic superstructure,235.57,207,2026-02-04
9913,434,8,Reduced 24hour leverage,42.95,351,2025-07-22
9914,105,7,Multi-tiered motivating encryption,758.67,47,2024-07-02
9915,532,11,Quality-focused fault-tolerant attitude,515.84,235,2026-06-02
9916,145,6,Devolved system-worthy core,413.2,189,2023-12-20
9917,197,6,Open-architected bifurcated projection,896.94,305,2025-10-26
9918,57,1,Configurable bifurcated database,707.7,96,2024-08-21
9919,72,4,Optimized reciprocal project,700.69,122,2024-05-29
9920,350,5,Polarized object-oriented database,120.07,146,2025-09-06
9921,99,2,Realigned 4thgeneration infrastructure,314.54,161,2025-11-26
9922,191,14,User-centric asynchronous pricing structure,166.75,33,2026-02-15
9923,116,14,Vision-oriented 6thgeneration attitude,511.37,43,2025-06-29
9924,95,13,User-friendly holistic time-frame,545.27,0,2025-07-12
9925,27,7,Monitored client-driven groupware,413.3,334,2025-05-25
9926,203,14,Operative fault-tolerant policy,784.09,107,2023-07-19
9927,401,15,Quality-focused value-added leverage,777.92,160,2024-05-14
9928,567,4,Optional mission-critical framework,177.87,455,2024-08-29
9929,166,6,Versatile multimedia migration,293.53,4,2024-04-01
9930,370,4,Multi-channeled encompassing extranet,222.54,470,2023-12-25
9931,91,1,Distributed asynchronous customer loyalty,94.7,172,2024-09-06
9932,414,8,Cloned logistical application,298.11,438,2026-05-05
9933,71,5,Multi-lateral systematic model,523.48,342,2026-05-24
9934,367,14,Reduced heuristic definition,515.89,436,2025-07-08
9935,483,1,Networked intermediate system engine,213.05,359,2025-09-10
9936,2,6,Innovative heuristic matrix,388.58,336,2023-09-15
9937,379,9,Organized human-resource synergy,180.57,21,2023-05-18
9938,273,13,Distributed discrete approach,830.87,168,2024-09-19
9939,380,7,Multi-layered analyzing core,725.11,442,2024-01-31
9940,406,14,Centralized full-range budgetary management,426.38,261,2025-11-21
9941,236,7,Business-focused analyzing synergy,452.98,120,2025-05-08
9942,308,11,Balanced asynchronous access,284.14,158,2026-04-01
9943,520,15,Up-sized composite functionalities,109.77,338,2025-04-06
9944,199,13,Expanded context-sensitive help-desk,123.39,211,2025-07-07
9945,198,10,Public-key bandwidth-monitored encoding,129.95,13,2025-02-11
9946,24,5,Seamless intangible core,130.83,297,2024-08-26
9947,151,10,Synergized directional attitude,550.79,71,2023-06-06
9948,92,10,Phased web-enabled methodology,747.4,136,2025-07-04
9949,269,4,Versatile intangible definition,579.85,405,2024-11-29
9950,52,7,Front-line background approach,543.83,247,2026-01-13
9951,174,1,Self-enabling logistical synergy,520.38,377,2024-02-29
9952,515,8,Decentralized static frame,125.27,60,2023-07-13
9953,142,15,Object-based multimedia customer loyalty,21.57,261,2023-11-06
9954,518,4,User-centric motivating solution,530.82,420,2026-05-05
9955,42,2,Reactive background orchestration,335.32,1,2025-01-22
9956,358,5,Advanced client-driven help-desk,443.6,218,2023-06-11
9957,446,9,Horizontal executive throughput,888.91,31,2025-03-06
9958,526,1,Up-sized neutral data-warehouse,855.26,19,2024-09-27
9959,32,1,Business-focused human-resource conglomeration,778.66,167,2024-07-07
9960,431,9,Universal asynchronous Local Area Network,20.16,411,2024-02-15
9961,122,14,Fully-configurable stable portal,782.91,140,2024-03-08
9962,247,7,Upgradable composite solution,5.86,183,2025-10-07
9963,269,4,Enhanced discrete alliance,171.25,376,2023-08-09
9964,123,15,Optional holistic architecture,887.24,136,2026-03-22
9965,341,10,Polarized logistical open system,570.06,335,2026-06-30
9966,134,10,Enhanced explicit system engine,78.38,349,2025-08-28
9967,111,10,Cross-platform background matrix,344.13,453,2026-06-26
9968,49,10,Business-focused value-added synergy,778.52,120,2025-02-15
9969,300,2,Face-to-face multi-state time-frame,443.63,213,2024-10-11
9970,583,3,Triple-buffered exuding moratorium,21.16,430,2025-01-24
9971,588,5,Optimized scalable migration,490.11,104,2025-03-25
9972,26,15,Cloned mobile firmware,515.16,13,2023-06-02
9973,431,14,Pre-emptive well-modulated orchestration,470.25,54,2023-06-18
9974,349,15,Team-oriented asymmetric firmware,884.01,338,2024-03-19
9975,427,1,Intuitive contextually-based Graphic Interface,563.53,149,2024-03-06
9976,307,6,Devolved zero-defect approach,570.33,100,2024-06-30
9977,505,4,Synchronized dynamic attitude,117.85,1,2026-04-09
9978,424,1,Re-contextualized discrete service-desk,851.59,190,2024-02-07
9979,343,4,Function-based transitional archive,724.65,498,2023-03-01
9980,368,4,Fully-configurable heuristic model,165.25,394,2024-12-05
9981,443,12,Customizable national moderator,159.64,157,2026-02-22
9982,560,12,Streamlined responsive task-force,773.31,331,2026-01-09
9983,18,14,Balanced user-facing website,720.51,305,2025-10-11
9984,45,5,Customizable logistical implementation,373.55,282,2024-11-07
9985,331,6,Fundamental modular budgetary management,883.5,49,2025-04-08
9986,584,12,Sharable maximized portal,193.23,367,2024-08-02
9987,33,14,Total responsive frame,303.03,391,2025-07-11
9988,297,2,Fundamental actuating Graphical User Interface,77.08,327,2026-03-04
9989,210,6,Re-engineered scalable website,183.12,50,2023-01-04
9990,241,9,Compatible explicit support,581.32,296,2023-05-31
9991,406,14,Visionary zero administration policy,693.4,254,2025-06-21
9992,28,10,Profound secondary matrix,781.29,184,2023-11-14
9993,75,9,Expanded holistic projection,822.9,170,2025-10-29
9994,388,9,Intuitive holistic complexity,788.4,21,2024-06-18
9995,194,10,De-engineered systemic emulation,238.07,302,2023-01-29
9996,34,13,Enterprise-wide leadingedge function,465.72,338,2025-12-23
9997,147,6,De-engineered high-level customer loyalty,697.42,403,2026-01-10
9998,333,8,Down-sized executive circuit,464.95,102,2026-05-31
9999,558,1,Sharable context-sensitive encryption,176.59,12,2024-03-14
10000,464,8,De-engineered actuating installation,189.49,42,2023-11-11
10001,53,6,Reverse-engineered actuating initiative,870.6,404,2026-02-10
10002,420,10,Progressive interactive workforce,579.99,156,2025-11-29
10003,364,4,Adaptive analyzing moderator,624.24,233,2024-05-31
10004,533,8,Vision-oriented tertiary Graphical User Interface,852.88,39,2024-01-22
10005,263,1,Balanced regional adapter,651.9,178,2023-08-29
10006,281,1,Ergonomic static access,290.87,380,2023-05-28
10007,567,2,Customer-focused neutral initiative,222.26,432,2025-03-02
10008,77,8,Stand-alone client-driven access,791.37,1,2023-03-18
10009,283,9,Diverse systematic moderator,738.67,155,2023-08-12
10010,139,11,Implemented asynchronous monitoring,177.1,128,2025-11-02
10011,107,1,Multi-channeled eco-centric capacity,787.83,298,2024-08-05
10012,334,3,Virtual multi-state capability,289.89,452,2024-05-24
10013,586,7,Cross-group next generation monitoring,135.76,431,2025-01-09
10014,442,2,Organized client-driven installation,248.04,51,2023-11-15
10015,578,9,Secured radical concept,403.67,32,2023-04-30
10016,196,11,Phased hybrid software,120.63,170,2023-10-26
10017,262,2,Persevering cohesive infrastructure,449.14,220,2023-08-13
10018,114,2,Future-proofed non-volatile frame,796.91,157,2025-11-20
10019,240,3,Business-focused zero administration model,229.18,360,2023-03-19
10020,416,12,Upgradable national core,311.78,387,2023-10-05
10021,422,14,Open-architected optimal functionalities,73.36,63,2025-03-05
10022,423,12,Networked directional definition,509.39,264,2023-06-30
10023,62,1,Phased secondary budgetary management,73.92,84,2024-02-29
10024,225,12,Grass-roots exuding budgetary management,25.51,214,2025-07-20
10025,594,14,Configurable system-worthy migration,346.47,188,2025-03-10
10026,476,15,Re-contextualized fresh-thinking interface,224.92,113,2026-01-28
10027,197,7,Multi-lateral regional encoding,456.91,50,2024-08-23
10028,247,5,Assimilated tangible ability,256.98,456,2023-12-14
10029,180,13,Multi-layered context-sensitive success,457.24,383,2025-09-23
10030,271,11,Universal didactic encoding,544.45,28,2024-10-04
10031,205,9,Progressive explicit project,608.16,440,2026-03-16
10032,14,6,Fundamental disintermediate model,658.45,188,2023-01-16
10033,277,3,Secured static infrastructure,474.6,35,2025-06-11
10034,557,4,Face-to-face transitional data-warehouse,360.53,169,2025-07-01
10035,504,3,Function-based zero-defect monitoring,81.77,358,2025-10-24
10036,503,3,Customizable encompassing array,422.83,488,2023-09-08
10037,52,14,Open-architected web-enabled matrix,844.44,298,2023-06-12
10038,359,12,Optimized executive help-desk,417.2,445,2026-03-18
10039,522,12,Balanced zero tolerance intranet,754.37,448,2023-06-22
10040,383,6,Public-key interactive flexibility,305.85,282,2024-09-30
10041,366,12,Business-focused real-time knowledgebase,877.32,188,2023-12-09
10042,435,5,Pre-emptive leadingedge Local Area Network,225.89,162,2023-10-15
10043,142,2,Persistent zero tolerance flexibility,438.09,65,2026-02-03
10044,313,3,Pre-emptive bottom-line software,241.71,268,2025-09-09
10045,176,10,User-centric fault-tolerant workforce,483.58,339,2023-11-28
10046,24,15,Enhanced clear-thinking leverage,143.64,38,2025-07-28
10047,177,7,Switchable cohesive focus group,286.34,54,2024-05-14
10048,270,3,Fundamental optimizing capability,34.3,320,2024-11-18
10049,503,9,Configurable regional open architecture,679.38,125,2023-08-07
10050,298,6,Diverse homogeneous concept,863.12,442,2025-02-16
10051,141,12,Expanded 3rdgeneration middleware,338.72,31,2024-03-23
10052,62,15,Customer-focused zero tolerance encryption,128.94,435,2023-05-14
10053,225,1,Open-architected heuristic process improvement,18.6,57,2024-03-07
10054,68,5,Innovative intangible website,384.73,426,2024-09-21
10055,190,2,Total logistical solution,257.38,238,2025-09-06
10056,515,11,Mandatory mission-critical database,788.05,14,2025-01-30
10057,344,11,Robust systematic hierarchy,817.96,70,2023-09-30
10058,490,8,Synergistic executive approach,26.06,338,2023-09-17
10059,438,1,Re-contextualized secondary challenge,667.73,288,2025-08-13
10060,410,10,Pre-emptive analyzing throughput,841.84,242,2026-06-08
10061,598,12,Mandatory bottom-line firmware,869.68,479,2025-07-10
10062,189,6,Cross-platform uniform knowledge user,365.54,302,2025-06-12
10063,314,2,Visionary asynchronous interface,61.95,178,2023-02-01
10064,459,12,Upgradable upward-trending throughput,393.83,148,2026-06-19
10065,390,8,Cross-platform disintermediate challenge,155.25,228,2025-04-05
10066,195,4,Integrated real-time software,510.43,259,2023-02-23
10067,42,8,Centralized human-resource policy,106.29,54,2026-06-15
10068,290,8,Business-focused mission-critical approach,286.18,336,2024-12-30
10069,189,3,Self-enabling 3rdgeneration capacity,45.69,33,2023-10-22
10070,496,14,Future-proofed systematic concept,730.61,4,2024-07-31
10071,146,3,Synergistic even-keeled Graphic Interface,860.81,189,2026-03-13
10072,229,4,Right-sized motivating utilization,585.8,465,2023-10-11
10073,216,13,Reduced explicit intranet,498.95,413,2024-09-15
10074,238,4,Reactive solution-oriented Graphic Interface,104.97,458,2023-06-02
10075,442,7,Ameliorated transitional initiative,666.08,318,2025-08-23
10076,315,11,Versatile dedicated benchmark,280.11,449,2025-04-26
10077,597,8,Synergistic grid-enabled neural-net,40.49,58,2023-08-18
10078,540,13,Multi-tiered clear-thinking moderator,647.23,169,2023-05-20
10079,113,2,Monitored transitional emulation,336.2,279,2025-07-18
10080,132,4,Down-sized tangible encryption,526.68,467,2024-02-08
10081,507,2,Extended attitude-oriented paradigm,293.15,188,2025-11-22
10082,411,1,Configurable impactful frame,167.67,154,2023-09-24
10083,216,7,Triple-buffered encompassing Internet solution,783.71,370,2024-09-11
10084,348,13,Polarized uniform methodology,460.98,369,2024-08-07
10085,386,12,Object-based non-volatile migration,524.77,105,2025-07-02
10086,71,13,Enhanced real-time circuit,256.62,331,2026-02-03
10087,509,6,Function-based 6thgeneration info-mediaries,778.55,265,2023-02-17
10088,366,11,Intuitive secondary forecast,625.86,321,2023-05-15
10089,70,15,Down-sized bifurcated collaboration,877.53,432,2025-10-16
10090,542,5,Automated cohesive moderator,570.75,142,2023-04-11
10091,62,3,Intuitive disintermediate data-warehouse,661.29,422,2024-06-17
10092,522,10,Extended national algorithm,233.65,141,2024-09-20
10093,237,8,Exclusive zero-defect service-desk,548.64,104,2025-04-11
10094,400,7,Right-sized composite firmware,861.4,146,2024-09-25
10095,552,13,Synchronized exuding success,360.52,376,2025-07-28
10096,120,2,Diverse global function,487.01,38,2025-04-13
10097,70,9,Stand-alone incremental infrastructure,156.06,250,2025-06-21
10098,226,5,Distributed well-modulated process improvement,742.14,237,2024-08-13
10099,428,8,Reduced optimal matrices,875.27,379,2024-08-20
10100,384,12,Programmable neutral data-warehouse,117.25,458,2024-04-26
10101,249,11,Customizable homogeneous installation,572.43,52,2025-11-23
10102,533,2,Self-enabling cohesive superstructure,289.28,253,2024-10-31
10103,292,2,Enhanced empowering hardware,738.41,405,2024-11-17
10104,284,11,Vision-oriented multi-state success,691.89,324,2024-12-21
10105,352,11,Open-source tangible ability,397.17,233,2023-03-03
10106,472,10,Future-proofed multi-state moderator,706.39,31,2025-09-02
10107,453,11,Inverse user-facing matrix,54.46,158,2025-02-03
10108,346,4,Persevering national utilization,28.98,10,2023-05-26
10109,497,4,Grass-roots 3rdgeneration software,97.96,475,2024-06-20
10110,107,3,Sharable static monitoring,426.32,492,2024-12-20
10111,180,2,Profit-focused explicit emulation,576.28,294,2026-02-09
10112,366,7,Mandatory bifurcated artificial intelligence,405.77,65,2024-06-13
10113,54,6,Balanced real-time productivity,332.58,403,2023-11-29
10114,335,14,Right-sized context-sensitive website,755.16,255,2025-08-18
10115,296,11,Reverse-engineered fresh-thinking policy,480.94,220,2024-10-18
10116,160,15,Programmable regional hierarchy,586.81,157,2023-11-15
10117,277,4,Open-architected zero administration methodology,396.79,79,2025-10-31
10118,139,13,Upgradable optimal circuit,142.76,94,2023-09-18
10119,53,5,Distributed mission-critical standardization,70.19,214,2024-08-22
10120,585,7,Automated optimal product,42.55,82,2025-02-09
10121,349,3,Ameliorated user-facing workforce,644.08,488,2023-08-07
10122,286,9,Reactive intangible interface,417.88,24,2026-06-29
10123,422,8,Adaptive uniform application,855.77,224,2023-12-15
10124,383,1,Monitored transitional flexibility,54.17,122,2023-11-26
10125,121,12,Adaptive methodical hierarchy,517.78,199,2026-06-28
10126,200,13,Visionary local interface,165.53,191,2023-01-03
10127,433,12,User-centric contextually-based matrices,315.89,203,2026-03-09
10128,398,15,Re-contextualized intangible projection,567.38,344,2024-11-18
10129,554,9,Cross-platform bifurcated concept,231.8,342,2024-12-20
10130,130,4,Quality-focused intermediate parallelism,360.23,297,2024-06-25
10131,74,2,Down-sized client-driven conglomeration,815.39,13,2023-03-10
10132,175,1,Diverse 4thgeneration methodology,486.29,192,2025-10-03
10133,414,12,Implemented client-server paradigm,35.5,29,2025-04-23
10134,148,4,Devolved web-enabled Graphic Interface,851.29,49,2025-01-12
10135,123,12,Pre-emptive mission-critical neural-net,867.09,238,2024-10-07
10136,128,10,Reduced needs-based contingency,341.79,302,2024-01-02
10137,591,7,User-friendly systemic matrices,29.57,267,2025-05-31
10138,363,4,Operative responsive Local Area Network,77.14,138,2024-03-09
10139,277,15,Pre-emptive 6thgeneration knowledge user,164.42,16,2025-10-11
10140,48,15,Horizontal 6thgeneration toolset,261.68,40,2023-04-03
10141,467,8,Optimized multi-tasking archive,155.68,73,2026-02-23
10142,478,5,Proactive eco-centric algorithm,558.01,486,2026-05-08
10143,341,15,Visionary zero-defect info-mediaries,458.45,98,2025-03-30
10144,499,15,Focused national Graphic Interface,267.28,276,2025-03-25
10145,34,2,User-centric solution-oriented Graphical User Interface,440.09,200,2025-08-22
10146,543,8,Devolved fault-tolerant functionalities,860.09,463,2025-10-26
10147,529,1,Enhanced exuding benchmark,110.68,32,2024-02-28
10148,34,11,Grass-roots bandwidth-monitored task-force,318.3,351,2026-04-03
10149,155,4,Stand-alone asymmetric Local Area Network,479.01,186,2023-12-03
10150,152,4,Organic systemic projection,421.57,171,2023-04-01
10151,277,5,Synergistic 5thgeneration functionalities,717.1,410,2023-03-03
10152,408,11,Reverse-engineered asymmetric structure,221.72,95,2024-06-24
10153,286,9,Front-line upward-trending instruction set,614.72,204,2026-01-29
10154,257,7,Decentralized needs-based Graphic Interface,36.0,432,2023-08-13
10155,174,7,Networked tangible conglomeration,98.81,370,2025-01-20
10156,333,11,Advanced background monitoring,283.33,239,2026-04-14
10157,254,4,Open-source bandwidth-monitored attitude,594.52,292,2025-08-18
10158,58,3,Innovative scalable functionalities,113.08,452,2024-09-01
10159,391,2,Customizable value-added toolset,668.42,313,2023-03-13
10160,320,8,Networked zero-defect leverage,604.1,37,2023-04-14
10161,153,10,De-engineered homogeneous solution,772.27,338,2025-01-21
10162,270,5,Devolved intangible help-desk,78.87,383,2023-04-02
10163,272,4,Secured homogeneous budgetary management,442.9,443,2023-03-09
10164,171,10,Optimized dedicated functionalities,595.9,234,2023-03-09
10165,339,1,Business-focused context-sensitive definition,188.99,211,2023-12-11
10166,244,8,Digitized didactic architecture,736.67,385,2024-07-15
10167,407,11,Fundamental cohesive collaboration,245.32,166,2025-03-24
10168,10,5,Exclusive grid-enabled framework,485.87,459,2025-01-01
10169,89,2,Public-key 6thgeneration project,528.7,16,2025-04-08
10170,328,13,Switchable well-modulated architecture,356.65,120,2023-12-27
10171,191,11,Future-proofed reciprocal initiative,366.8,309,2023-05-26
10172,119,2,Automated optimizing workforce,733.72,260,2024-11-20
10173,117,3,Cross-platform systemic framework,316.13,364,2023-12-17
10174,466,3,Function-based maximized model,717.87,297,2023-06-08
10175,416,10,Multi-channeled didactic model,265.59,71,2023-10-26
10176,134,15,Advanced web-enabled functionalities,764.03,72,2024-12-14
10177,253,9,Switchable logistical process improvement,235.23,282,2025-06-26
10178,339,13,Grass-roots asymmetric success,775.65,494,2025-03-10
10179,89,8,Compatible discrete emulation,367.66,347,2025-09-19
10180,166,3,De-engineered next generation definition,604.54,441,2025-01-15
10181,534,15,Future-proofed next generation forecast,737.33,500,2024-04-27
10182,447,7,Customizable 24hour paradigm,17.57,299,2026-02-20
10183,222,4,Exclusive interactive time-frame,897.38,144,2023-04-08
10184,527,4,Compatible national function,661.1,410,2024-02-03
10185,484,9,Progressive contextually-based adapter,200.23,435,2023-08-19
10186,361,14,Decentralized national hierarchy,572.88,93,2025-03-07
10187,425,9,Operative global time-frame,368.19,329,2025-11-26
10188,25,9,Function-based heuristic data-warehouse,850.37,246,2026-04-20
10189,379,7,Integrated cohesive interface,305.62,26,2023-02-21
10190,51,3,Distributed solution-oriented hub,731.34,248,2025-01-16
10191,14,10,Proactive user-facing structure,185.52,209,2023-02-02
10192,288,8,Adaptive value-added core,786.97,316,2023-11-15
10193,574,1,User-centric scalable function,215.19,113,2025-07-15
10194,90,5,Multi-tiered coherent projection,132.09,57,2024-03-18
10195,484,5,Quality-focused tangible collaboration,407.36,90,2025-10-18
10196,583,4,Future-proofed explicit implementation,523.0,323,2023-10-22
10197,418,12,Multi-tiered needs-based database,634.52,318,2024-07-24
10198,585,6,Compatible user-facing challenge,237.72,255,2025-05-03
10199,129,10,Self-enabling bandwidth-monitored array,225.5,373,2024-05-19
10200,405,12,Switchable didactic initiative,518.82,494,2025-11-12
10201,220,3,Re-engineered user-facing emulation,678.03,15,2025-08-23
10202,179,13,Decentralized encompassing software,825.31,43,2026-06-17
10203,354,10,Digitized zero-defect methodology,454.59,322,2025-05-02
10204,78,11,Phased content-based service-desk,453.55,301,2025-11-02
10205,32,10,Implemented optimizing attitude,483.15,370,2023-05-08
10206,270,1,Adaptive global throughput,564.34,118,2025-03-17
10207,182,8,Fully-configurable exuding contingency,136.19,137,2024-09-10
10208,338,14,Cross-group demand-driven contingency,118.68,247,2025-01-06
10209,266,3,Universal object-oriented paradigm,353.78,119,2023-10-02
10210,496,3,Persevering client-driven Internet solution,170.9,75,2023-07-28
10211,323,6,Synergized maximized parallelism,218.1,163,2023-04-13
10212,99,7,Exclusive executive instruction set,558.55,296,2024-01-20
10213,191,10,Reactive attitude-oriented focus group,839.44,226,2024-06-03
10214,371,2,Synergized global pricing structure,81.37,340,2025-03-19
10215,347,14,Fully-configurable bi-directional analyzer,633.56,399,2023-05-21
10216,433,1,Ameliorated coherent contingency,494.24,88,2024-08-29
10217,333,15,Seamless upward-trending monitoring,100.07,102,2026-04-05
10218,436,7,Focused zero administration software,732.94,2,2024-11-29
10219,476,6,Reverse-engineered impactful algorithm,760.22,328,2026-03-23
10220,416,7,Object-based global synergy,670.75,464,2025-09-07
10221,68,11,Decentralized needs-based artificial intelligence,88.67,43,2024-03-10
10222,138,11,Fully-configurable directional model,8.41,79,2024-01-31
10223,588,2,Enterprise-wide user-facing superstructure,526.73,44,2026-01-05
10224,270,7,Enterprise-wide responsive flexibility,300.0,186,2023-04-22
10225,421,15,Grass-roots radical utilization,199.48,297,2025-11-07
10226,349,15,De-engineered transitional focus group,710.04,496,2025-02-13
10227,470,15,Integrated value-added conglomeration,664.98,215,2025-01-08
10228,364,10,Horizontal scalable parallelism,558.69,385,2026-04-03
10229,78,10,Cross-group non-volatile model,344.28,422,2025-04-24
10230,600,8,Fundamental homogeneous definition,368.34,379,2024-01-12
10231,142,4,Optional dynamic leverage,343.51,156,2026-03-17
10232,588,13,Sharable fresh-thinking installation,719.83,351,2023-08-02
10233,297,4,Diverse incremental projection,408.02,2,2024-07-04
10234,202,15,Compatible contextually-based budgetary management,613.47,498,2023-11-14
10235,304,10,Fully-configurable incremental collaboration,97.7,214,2023-11-15
10236,441,4,Self-enabling asymmetric artificial intelligence,112.07,239,2025-08-19
10237,279,12,Pre-emptive needs-based installation,811.1,75,2024-01-06
10238,149,2,Implemented scalable data-warehouse,772.76,348,2024-09-09
10239,135,11,Innovative even-keeled leverage,101.39,366,2026-04-24
10240,492,4,User-centric logistical collaboration,876.08,47,2026-03-26
10241,29,15,Reactive responsive Local Area Network,213.14,227,2024-02-22
10242,107,8,Synergistic transitional open system,297.35,16,2023-12-28
10243,375,9,Team-oriented fresh-thinking product,216.58,286,2024-10-31
10244,16,9,Digitized tertiary circuit,663.3,120,2023-12-11
10245,486,2,Reactive maximized definition,26.82,160,2024-02-29
10246,331,2,Multi-tiered dedicated strategy,868.9,162,2025-05-23
10247,207,11,Organic optimal challenge,639.52,115,2023-05-15
10248,451,2,Synergistic directional access,546.86,493,2023-05-13
10249,390,4,User-centric bottom-line data-warehouse,837.13,100,2024-12-14
10250,268,8,Organized intermediate moratorium,567.25,359,2025-01-04
10251,267,14,Quality-focused high-level open architecture,891.98,124,2025-11-02
10252,171,6,De-engineered coherent concept,275.9,248,2025-04-20
10253,558,10,Multi-channeled discrete forecast,867.7,352,2023-10-29
10254,34,7,Digitized dedicated infrastructure,831.12,68,2026-03-12
10255,261,6,Integrated explicit instruction set,696.37,352,2023-03-27
10256,178,15,Visionary 4thgeneration project,463.43,155,2024-12-10
10257,472,2,Synergistic upward-trending protocol,608.47,213,2026-03-19
10258,103,13,Compatible attitude-oriented encryption,509.94,329,2025-11-19
10259,88,7,Self-enabling client-driven encryption,670.47,189,2024-08-23
10260,201,2,Inverse 3rdgeneration conglomeration,828.64,164,2024-05-24
10261,429,6,Cross-group didactic hardware,94.32,111,2025-11-25
10262,445,2,Cross-platform client-driven framework,709.08,212,2025-08-12
10263,298,14,Progressive static hardware,350.49,220,2023-07-25
10264,440,14,Seamless zero-defect portal,14.7,139,2024-05-08
10265,232,8,Upgradable actuating conglomeration,615.34,247,2024-04-30
10266,392,8,Persevering responsive emulation,75.0,255,2024-06-15
10267,496,1,Switchable incremental knowledge user,378.75,385,2025-02-06
10268,246,13,Operative modular website,74.89,55,2025-07-17
10269,542,14,Assimilated national productivity,690.46,154,2023-01-01
10270,398,10,Open-source non-volatile projection,693.79,71,2026-05-01
10271,437,8,Innovative context-sensitive alliance,887.42,437,2023-04-18
10272,280,2,Networked needs-based support,501.37,86,2026-06-09
10273,201,2,Centralized client-driven project,556.19,500,2023-08-05
10274,387,15,Profound client-server model,402.18,473,2025-07-15
10275,322,12,Polarized background adapter,622.11,285,2025-02-27
10276,265,8,Inverse discrete ability,868.28,7,2023-08-28
10277,148,11,Expanded upward-trending array,330.43,126,2023-09-05
10278,464,6,Networked full-range encryption,296.94,0,2024-06-17
10279,401,14,Secured content-based secured line,97.0,57,2024-08-27
10280,240,9,Fully-configurable web-enabled artificial intelligence,761.87,462,2024-07-10
10281,51,4,Visionary context-sensitive array,544.68,238,2023-09-15
10282,388,8,Operative systemic parallelism,305.98,176,2025-06-20
10283,429,14,Cloned didactic projection,532.11,29,2026-04-06
10284,302,2,Profound multi-tasking protocol,235.9,182,2023-05-07
10285,362,7,Team-oriented heuristic customer loyalty,180.97,346,2023-04-26
10286,224,9,Enterprise-wide well-modulated adapter,300.42,164,2023-11-25
10287,520,13,Profit-focused multi-state model,472.94,97,2023-08-26
10288,216,3,Future-proofed high-level methodology,557.87,218,2025-09-22
10289,525,4,Secured executive methodology,805.16,440,2024-09-24
10290,208,15,Business-focused human-resource intranet,326.23,358,2025-01-17
10291,593,2,Adaptive grid-enabled ability,784.94,237,2025-08-12
10292,420,4,Advanced human-resource neural-net,463.45,262,2025-03-13
10293,590,3,Object-based tangible task-force,131.86,364,2024-07-06
10294,233,8,Enhanced local definition,624.61,100,2025-05-12
10295,415,3,Proactive full-range service-desk,454.81,49,2023-06-07
10296,473,13,Synergized client-driven ability,108.7,413,2025-06-14
10297,380,14,User-centric optimizing application,194.89,326,2024-12-02
10298,341,6,Operative empowering archive,879.61,310,2024-07-05
10299,379,13,Front-line solution-oriented implementation,47.64,340,2026-03-09
10300,534,10,Pre-emptive secondary open system,306.5,398,2023-09-21
10301,270,9,Sharable mission-critical groupware,374.63,400,2023-05-06
10302,588,12,Innovative analyzing help-desk,418.23,77,2025-12-02
10303,342,6,Ergonomic attitude-oriented pricing structure,626.55,141,2023-09-06
10304,458,10,Future-proofed 5thgeneration pricing structure,187.91,426,2026-06-16
10305,307,15,Multi-tiered maximized parallelism,201.3,159,2026-03-05
10306,122,5,Future-proofed real-time website,147.2,36,2024-12-30
10307,259,5,Switchable high-level parallelism,651.37,447,2023-03-09
10308,594,7,Face-to-face impactful migration,419.03,199,2023-10-29
10309,319,15,User-centric client-server focus group,132.62,488,2025-01-08
10310,507,5,Stand-alone disintermediate forecast,34.52,11,2025-01-27
10311,163,12,Ergonomic bi-directional moderator,604.4,248,2025-08-10
10312,21,4,Advanced context-sensitive archive,334.51,471,2025-08-03
10313,442,7,Triple-buffered zero-defect workforce,840.85,409,2024-04-19
10314,52,8,Synergized content-based adapter,711.46,337,2025-06-23
10315,585,13,Switchable optimal circuit,548.85,164,2023-06-07
10316,1,10,Inverse intermediate Internet solution,30.19,360,2024-12-25
10317,101,10,Sharable human-resource strategy,766.48,11,2025-09-25
10318,174,14,Front-line bandwidth-monitored methodology,720.99,116,2024-07-28
10319,418,2,Synchronized even-keeled extranet,329.47,21,2024-07-10
10320,122,12,Front-line next generation service-desk,667.67,255,2023-04-13
10321,526,3,Optimized 6thgeneration matrices,509.4,71,2023-04-18
10322,147,14,Expanded 6thgeneration core,289.34,387,2024-03-07
10323,30,1,Customizable intermediate emulation,165.5,352,2024-12-29
10324,46,2,Re-contextualized zero administration hierarchy,705.82,47,2024-09-14
10325,452,5,Reverse-engineered bifurcated benchmark,813.06,424,2025-07-01
10326,181,10,Profit-focused regional open system,517.1,362,2024-12-12
10327,380,6,Networked background moderator,118.25,246,2025-10-29
10328,193,12,Innovative needs-based core,558.13,129,2026-06-09
10329,507,6,Expanded composite methodology,434.67,394,2024-08-22
10330,321,7,Reverse-engineered demand-driven analyzer,835.79,144,2024-08-03
10331,140,14,Pre-emptive needs-based core,347.04,100,2024-03-07
10332,252,13,Balanced actuating Internet solution,809.38,324,2026-02-16
10333,558,15,Open-architected heuristic utilization,280.24,373,2025-04-28
10334,351,2,Ergonomic directional hub,515.8,21,2024-02-29
10335,298,9,Networked stable leverage,183.84,27,2026-02-19
10336,142,5,Digitized cohesive frame,84.82,21,2023-08-29
10337,433,13,Extended national database,48.88,338,2024-06-05
10338,270,13,Secured multimedia open architecture,525.57,103,2025-01-19
10339,580,4,Reduced composite firmware,787.6,148,2023-09-01
10340,497,11,Business-focused object-oriented capability,438.2,452,2024-02-03
10341,209,5,Decentralized bandwidth-monitored synergy,647.86,333,2024-04-23
10342,44,13,Open-architected 24/7 process improvement,634.66,469,2025-07-18
10343,114,9,Customer-focused explicit hardware,649.13,77,2023-07-24
10344,545,3,Expanded 24/7 process improvement,87.35,196,2023-02-04
10345,445,11,Reduced impactful hardware,173.56,84,2024-03-26
10346,69,9,Fundamental content-based attitude,836.1,236,2025-12-03
10347,117,11,Up-sized local functionalities,81.03,412,2023-02-25
10348,558,13,Focused tangible analyzer,853.61,31,2023-11-12
10349,242,15,Mandatory scalable methodology,489.78,123,2025-03-28
10350,592,11,Proactive homogeneous portal,434.28,3,2023-10-15
10351,365,8,Reactive holistic alliance,549.28,162,2024-05-06
10352,367,7,Up-sized solution-oriented application,282.09,337,2023-05-11
10353,72,10,Team-oriented 4thgeneration knowledgebase,591.65,96,2024-12-15
10354,299,15,Exclusive heuristic synergy,703.34,355,2024-01-14
10355,536,7,Vision-oriented regional algorithm,227.86,289,2025-03-14
10356,167,5,Assimilated methodical framework,727.48,339,2023-11-18
10357,238,9,Business-focused zero-defect budgetary management,633.63,495,2026-06-29
10358,148,1,Sharable cohesive emulation,206.79,243,2024-12-07
10359,78,5,Optimized human-resource implementation,292.09,310,2023-04-01
10360,25,11,Innovative web-enabled paradigm,176.16,345,2025-01-17
10361,491,3,Distributed logistical Graphical User Interface,471.46,192,2026-06-14
10362,248,10,Versatile multi-tasking conglomeration,309.28,295,2023-07-03
10363,26,7,Balanced web-enabled installation,765.88,246,2024-04-08
10364,226,4,Fully-configurable human-resource instruction set,828.1,94,2025-06-29
10365,394,6,Configurable modular archive,738.92,485,2024-08-28
10366,554,11,Profit-focused local migration,51.95,91,2024-09-06
10367,591,7,Re-engineered empowering info-mediaries,355.12,315,2026-03-23
10368,176,4,Monitored composite orchestration,866.74,185,2026-01-26
10369,354,12,Reverse-engineered 3rdgeneration framework,301.41,93,2023-02-25
10370,76,1,Extended interactive strategy,613.68,57,2025-01-15
10371,318,5,Organic next generation success,697.53,281,2024-09-26
10372,504,10,Devolved analyzing infrastructure,131.37,228,2024-07-09
10373,59,6,Configurable local Graphic Interface,98.83,372,2026-01-30
10374,478,1,Open-architected secondary orchestration,876.28,347,2023-10-03
10375,175,2,Progressive maximized moderator,651.69,231,2025-07-23
10376,337,10,Operative well-modulated success,552.99,68,2024-12-06
10377,258,12,Exclusive impactful intranet,807.7,305,2025-12-20
10378,247,10,Balanced logistical collaboration,71.61,492,2024-03-03
10379,181,1,Integrated bottom-line core,623.56,54,2023-04-17
10380,236,11,Streamlined content-based framework,440.66,260,2023-05-19
10381,57,3,Switchable eco-centric projection,818.64,451,2026-05-08
10382,465,3,Mandatory dedicated leverage,537.91,418,2025-07-06
10383,335,6,Open-source analyzing leverage,796.73,58,2023-11-15
10384,442,4,Phased full-range functionalities,419.65,329,2023-04-25
10385,506,13,Optimized coherent conglomeration,548.48,394,2024-03-09
10386,213,12,Secured context-sensitive database,25.66,92,2023-11-21
10387,358,2,Phased high-level projection,422.92,219,2025-06-13
10388,546,10,Down-sized leadingedge leverage,551.98,60,2023-12-03
10389,501,5,Seamless leadingedge task-force,379.0,50,2024-03-01
10390,220,5,Versatile zero tolerance functionalities,331.15,455,2024-12-12
10391,576,3,Progressive multi-state leverage,576.88,484,2025-01-22
10392,408,15,Adaptive intermediate forecast,318.65,81,2023-05-11
10393,594,3,Vision-oriented fault-tolerant portal,540.14,371,2024-10-29
10394,34,10,Compatible value-added structure,807.07,290,2024-09-14
10395,305,2,Focused composite application,676.87,255,2025-01-16
10396,214,13,Switchable client-driven superstructure,397.89,433,2024-02-06
10397,463,13,Face-to-face mobile strategy,502.29,363,2023-12-26
10398,358,7,Total fresh-thinking productivity,841.99,394,2025-11-06
10399,363,9,Multi-layered multi-tasking knowledge user,388.42,159,2025-10-16
10400,448,7,Object-based well-modulated support,527.27,460,2024-10-24
10401,509,8,Persevering human-resource access,652.0,164,2023-08-29
10402,575,7,Customizable local concept,776.1,481,2023-04-18
10403,406,8,Self-enabling tangible success,541.16,396,2026-04-05
10404,424,15,Compatible reciprocal moratorium,255.64,172,2023-05-17
10405,102,6,Distributed asynchronous open system,529.37,2,2024-10-03
10406,141,14,Profit-focused demand-driven pricing structure,897.96,169,2025-04-25
10407,516,8,Optional clear-thinking array,7.48,446,2023-12-06
10408,435,5,Optional global structure,343.21,312,2025-10-20
10409,366,1,Proactive intangible middleware,764.02,279,2023-04-07
10410,307,12,Up-sized multi-state process improvement,360.69,429,2023-01-14
10411,400,4,Profound next generation synergy,458.95,400,2024-01-11
10412,517,6,Switchable user-facing database,33.33,151,2023-07-29
10413,428,3,Synergized static website,687.9,169,2023-01-01
10414,167,1,Face-to-face local help-desk,577.25,80,2024-01-05
10415,343,3,Organized value-added infrastructure,103.35,392,2024-04-04
10416,575,1,Self-enabling attitude-oriented benchmark,161.22,418,2024-07-30
10417,272,12,Progressive context-sensitive product,738.99,449,2023-10-03
10418,505,7,Configurable systematic ability,222.91,489,2023-07-16
10419,301,9,Synchronized full-range pricing structure,420.3,302,2025-08-23
10420,94,6,Proactive motivating architecture,604.97,67,2026-05-08
10421,337,5,Intuitive directional migration,335.87,412,2026-02-21
10422,247,12,Upgradable web-enabled synergy,886.42,160,2024-04-02
10423,233,6,Down-sized holistic functionalities,452.69,338,2024-08-23
10424,585,10,Face-to-face eco-centric time-frame,566.44,308,2026-06-11
10425,69,7,Open-source zero tolerance artificial intelligence,533.39,114,2024-12-14
10426,348,3,Sharable intermediate parallelism,124.45,366,2025-08-27
10427,330,2,Inverse 5thgeneration application,121.12,3,2026-03-16
10428,46,2,Mandatory eco-centric website,495.64,254,2024-09-10
10429,589,8,Advanced context-sensitive Graphical User Interface,228.23,32,2023-09-08
10430,82,5,Devolved 3rdgeneration function,804.84,216,2024-05-04
10431,215,7,Multi-channeled maximized paradigm,766.29,289,2026-01-16
10432,99,15,Grass-roots logistical protocol,783.97,161,2023-01-06
10433,289,11,Horizontal responsive middleware,895.78,164,2026-05-24
10434,399,11,Configurable human-resource encoding,765.38,316,2025-07-15
10435,276,1,Object-based bandwidth-monitored intranet,30.05,360,2025-01-11
10436,503,6,Distributed optimizing implementation,700.0,106,2024-06-20
10437,298,6,Proactive asynchronous intranet,542.38,139,2023-12-11
10438,92,1,Quality-focused eco-centric hardware,645.89,83,2023-02-04
10439,522,15,Self-enabling encompassing portal,268.49,45,2025-11-18
10440,192,9,Expanded regional system engine,566.32,486,2025-04-13
10441,329,5,Triple-buffered system-worthy framework,515.39,426,2025-08-10
10442,561,8,Horizontal fault-tolerant website,160.78,168,2023-03-13
10443,383,5,Persevering mission-critical challenge,111.88,454,2023-09-05
10444,50,10,Function-based disintermediate database,188.52,189,2025-07-05
10445,478,1,Mandatory encompassing extranet,884.15,437,2025-06-25
10446,594,7,Programmable executive flexibility,593.33,15,2025-04-03
10447,95,15,Versatile clear-thinking emulation,605.02,300,2024-07-18
10448,116,4,Reduced 4thgeneration solution,685.58,417,2023-07-25
10449,176,14,Devolved neutral matrix,490.06,403,2026-02-13
10450,210,7,Re-contextualized motivating help-desk,763.8,160,2025-01-07
10451,374,9,Distributed intangible secured line,872.6,248,2025-08-06
10452,64,12,Polarized dynamic Internet solution,371.25,317,2023-09-27
10453,140,7,Re-contextualized neutral collaboration,541.14,336,2023-08-15
10454,384,7,Seamless explicit challenge,509.19,343,2024-05-30
10455,30,7,Re-engineered multimedia process improvement,798.33,435,2025-12-08
10456,183,8,Proactive asynchronous encryption,385.11,9,2023-01-23
10457,174,12,Implemented 5thgeneration definition,206.65,416,2023-06-07
10458,141,1,Ergonomic grid-enabled pricing structure,830.98,390,2024-06-14
10459,375,10,Proactive systematic secured line,639.07,196,2026-04-10
10460,113,6,Quality-focused client-server protocol,856.57,240,2024-02-25
10461,268,10,Robust multimedia extranet,238.9,99,2026-02-25
10462,355,15,Enterprise-wide mission-critical hierarchy,573.11,216,2024-02-15
10463,210,8,Multi-layered maximized benchmark,325.87,443,2025-11-14
10464,276,10,Profound empowering pricing structure,624.97,124,2026-01-12
10465,485,15,Multi-tiered coherent alliance,637.52,254,2023-01-06
10466,116,9,Diverse real-time portal,466.69,322,2023-06-29
10467,123,12,Digitized full-range open system,211.27,407,2025-08-27
10468,334,15,Quality-focused disintermediate extranet,603.3,81,2024-03-02
10469,207,2,Optional optimal info-mediaries,243.01,85,2024-07-18
10470,84,11,Implemented next generation utilization,815.18,6,2025-08-10
10471,101,3,Quality-focused holistic array,443.25,248,2026-05-17
10472,427,4,Upgradable content-based open system,224.88,261,2025-09-20
10473,42,14,Face-to-face 6thgeneration service-desk,463.83,35,2024-01-29
10474,177,3,Self-enabling stable contingency,664.03,425,2025-11-05
10475,146,3,Persevering transitional conglomeration,791.87,156,2024-07-31
10476,532,5,Reactive homogeneous access,594.62,366,2024-05-04
10477,326,2,Devolved maximized methodology,545.32,263,2026-02-24
10478,101,7,Ergonomic actuating Graphic Interface,793.22,300,2024-12-24
10479,488,2,Innovative interactive standardization,723.79,17,2024-08-18
10480,145,11,Ergonomic radical open system,783.97,318,2026-04-25
10481,18,1,Robust needs-based portal,634.45,443,2024-01-17
10482,524,5,Virtual bottom-line interface,151.83,140,2023-07-19
10483,511,1,Cross-group optimizing service-desk,637.31,276,2024-04-02
10484,98,4,User-friendly zero tolerance application,447.5,346,2024-07-18
10485,215,5,Multi-channeled multi-tasking capability,36.24,455,2023-05-02
10486,350,12,Decentralized content-based encoding,602.46,293,2023-12-16
10487,341,12,Pre-emptive uniform paradigm,727.12,46,2025-10-16
10488,229,4,Pre-emptive encompassing definition,225.1,177,2025-12-02
10489,118,4,Ameliorated background analyzer,370.6,83,2023-11-29
10490,49,2,Function-based directional benchmark,567.2,171,2023-11-16
10491,499,10,Profound system-worthy portal,379.51,188,2024-08-12
10492,414,3,User-friendly asymmetric circuit,77.78,197,2025-07-14
10493,9,11,Centralized system-worthy access,52.91,84,2023-03-31
10494,527,3,Virtual optimal adapter,850.77,421,2023-09-29
10495,275,1,User-centric national productivity,414.06,396,2025-02-12
10496,444,5,Quality-focused directional leverage,648.53,325,2024-11-22
10497,219,7,Upgradable grid-enabled open system,141.36,294,2023-09-19
10498,120,13,Persistent 4thgeneration conglomeration,628.01,454,2024-11-12
10499,45,11,Upgradable impactful customer loyalty,769.03,53,2024-05-06
10500,278,5,Monitored secondary data-warehouse,831.98,193,2026-01-14
10501,594,6,Polarized web-enabled archive,29.21,67,2026-02-27
10502,85,14,Persevering maximized functionalities,743.6,146,2025-11-07
10503,600,15,Business-focused bi-directional toolset,536.15,182,2024-07-10
10504,598,5,Expanded optimal interface,663.07,224,2023-10-16
10505,361,5,Expanded stable methodology,422.23,75,2023-04-23
10506,296,8,User-centric methodical capacity,229.37,427,2024-09-19
10507,129,11,Vision-oriented encompassing moratorium,101.44,428,2025-01-08
10508,422,4,Vision-oriented intermediate Graphic Interface,514.25,300,2023-01-04
10509,270,14,Business-focused static intranet,348.92,51,2024-08-03
10510,309,5,Face-to-face interactive data-warehouse,278.11,355,2025-01-13
10511,497,5,Operative bifurcated productivity,467.54,408,2024-08-21
10512,326,3,Function-based 24hour knowledgebase,288.77,360,2025-11-13
10513,524,9,Down-sized fresh-thinking collaboration,601.37,201,2024-09-02
10514,389,6,Function-based scalable algorithm,778.8,453,2026-02-21
10515,235,15,Self-enabling national workforce,27.26,121,2023-06-18
10516,488,15,Diverse empowering array,504.49,79,2023-06-06
10517,244,10,Open-source non-volatile policy,92.63,397,2025-06-13
10518,512,6,Inverse bandwidth-monitored system engine,238.26,112,2026-06-14
10519,220,8,Mandatory discrete hardware,438.97,458,2023-09-29
10520,452,12,Focused directional solution,114.16,185,2024-05-29
10521,156,3,Reactive fault-tolerant frame,235.35,84,2024-10-11
10522,2,12,Polarized fault-tolerant budgetary management,187.18,269,2024-03-07
10523,282,13,Fully-configurable uniform open architecture,92.65,147,2025-08-30
10524,141,3,Self-enabling upward-trending extranet,210.47,442,2025-07-21
10525,150,1,Cross-group mission-critical projection,402.86,467,2023-05-21
10526,495,6,Polarized encompassing attitude,198.79,244,2023-04-11
10527,54,14,Cross-group next generation focus group,389.48,82,2024-04-25
10528,571,11,Enterprise-wide systematic model,566.17,462,2025-09-29
10529,467,4,Persevering web-enabled leverage,207.36,190,2023-11-23
10530,100,1,Fully-configurable needs-based conglomeration,480.22,469,2025-12-20
10531,194,11,Horizontal multi-tasking intranet,416.73,182,2026-01-23
10532,184,7,Organized fresh-thinking database,850.04,81,2023-06-29
10533,541,10,Diverse 4thgeneration pricing structure,256.62,394,2025-01-26
10534,103,12,Visionary actuating access,59.53,267,2024-12-10
10535,520,10,Organic bifurcated pricing structure,636.71,296,2025-11-22
10536,96,9,Persistent needs-based array,114.6,51,2026-05-17
10537,277,3,Synergized explicit matrices,507.41,254,2026-02-21
10538,241,5,Decentralized static monitoring,125.73,328,2023-01-05
10539,422,5,Self-enabling zero-defect hierarchy,174.77,336,2026-04-19
10540,327,6,Automated mission-critical intranet,173.32,158,2024-02-05
10541,193,5,Ergonomic fault-tolerant parallelism,509.63,232,2023-07-22
10542,456,3,Business-focused client-driven software,564.76,138,2023-04-14
10543,579,11,Intuitive actuating instruction set,849.37,94,2024-08-19
10544,152,5,Diverse modular support,698.77,423,2023-03-07
10545,26,10,Synergized dedicated Local Area Network,582.46,348,2025-07-30
10546,231,2,Business-focused human-resource moderator,341.67,113,2023-10-01
10547,301,11,Multi-lateral executive adapter,208.53,336,2025-11-22
10548,510,13,Managed responsive extranet,864.84,156,2024-06-05
10549,492,9,Integrated tangible firmware,219.0,293,2023-02-28
10550,498,2,Multi-channeled high-level database,806.55,42,2023-12-09
10551,375,8,Organized content-based array,559.37,276,2026-04-19
10552,443,15,Expanded dedicated product,542.11,39,2023-04-13
10553,151,5,De-engineered client-driven model,767.01,291,2025-10-27
10554,184,8,Seamless empowering artificial intelligence,689.88,143,2024-08-18
10555,369,3,Diverse reciprocal monitoring,899.61,225,2025-02-25
10556,585,10,User-friendly user-facing matrix,567.51,39,2024-12-29
10557,147,14,User-friendly incremental hub,815.87,107,2023-06-24
10558,93,15,Upgradable responsive encryption,697.92,237,2025-10-06
10559,519,10,Managed fault-tolerant methodology,324.36,218,2025-04-10
10560,367,14,Grass-roots multimedia monitoring,823.14,476,2023-08-07
10561,548,1,Integrated tangible knowledgebase,52.1,141,2024-08-30
10562,22,13,Universal 4thgeneration throughput,133.8,224,2025-03-09
10563,61,2,Switchable neutral challenge,600.5,64,2024-03-31
10564,100,7,Cross-group systemic projection,128.16,431,2025-08-23
10565,377,2,Pre-emptive methodical instruction set,26.92,17,2023-02-09
10566,221,7,De-engineered transitional conglomeration,774.93,384,2026-01-05
10567,358,8,Switchable mission-critical productivity,775.53,122,2026-04-14
10568,487,11,Cross-group high-level middleware,216.9,138,2025-07-12
10569,94,12,Cloned stable archive,625.38,137,2025-01-19
10570,515,2,Streamlined bandwidth-monitored system engine,779.86,116,2023-04-08
10571,181,2,Enterprise-wide mission-critical matrix,160.75,412,2023-06-09
10572,549,3,Cloned 4thgeneration matrices,176.83,99,2025-08-29
10573,138,6,Centralized optimizing toolset,743.7,47,2023-10-13
10574,534,15,Multi-lateral logistical synergy,32.99,445,2024-02-26
10575,89,1,Customer-focused executive implementation,143.03,78,2024-04-21
10576,452,1,Enhanced motivating benchmark,329.81,196,2025-07-19
10577,302,9,Switchable static archive,651.81,89,2024-12-18
10578,164,14,Configurable neutral knowledge user,896.31,294,2023-11-24
10579,334,5,Synergistic static open system,764.72,410,2025-03-16
10580,345,14,Vision-oriented zero tolerance infrastructure,681.11,344,2024-07-24
10581,507,7,Universal bi-directional process improvement,204.16,39,2025-06-04
10582,95,5,User-friendly clear-thinking ability,336.66,460,2026-05-03
10583,55,4,Public-key systemic Graphic Interface,349.46,115,2024-12-28
10584,289,3,Ameliorated asymmetric analyzer,750.53,104,2025-06-22
10585,164,5,Down-sized responsive standardization,396.09,231,2025-02-25
10586,129,3,Open-source systematic frame,371.35,357,2025-09-13
10587,400,2,Versatile demand-driven portal,446.23,329,2025-06-20
10588,13,5,Decentralized full-range Internet solution,725.24,384,2024-11-17
10589,171,13,Triple-buffered grid-enabled time-frame,132.81,370,2023-12-16
10590,45,6,Business-focused multimedia matrices,539.64,218,2024-06-17
10591,151,6,User-friendly analyzing knowledgebase,263.62,230,2025-12-26
10592,54,7,Reduced upward-trending matrix,248.26,246,2023-06-20
10593,408,1,Proactive fault-tolerant secured line,626.66,96,2024-08-17
10594,524,10,Profit-focused foreground framework,439.8,484,2024-03-30
10595,71,2,Mandatory 24/7 system engine,388.23,62,2024-12-13
10596,390,14,Customer-focused logistical analyzer,312.17,454,2026-03-05
10597,380,3,Visionary leadingedge project,834.64,49,2024-10-13
10598,287,13,Stand-alone full-range orchestration,169.28,2,2023-07-11
10599,356,1,Expanded explicit secured line,610.54,133,2024-03-13
10600,477,10,Seamless fault-tolerant projection,878.27,31,2025-12-10
10601,426,14,Networked user-facing model,495.5,271,2025-11-14
10602,247,6,Distributed local intranet,476.93,383,2025-01-26
10603,361,9,Open-architected high-level firmware,582.17,486,2024-04-04
10604,438,5,Monitored tangible attitude,292.0,324,2026-02-24
10605,460,6,Virtual multimedia definition,690.14,229,2026-03-22
10606,579,13,Automated logistical policy,686.28,247,2024-06-16
10607,137,6,Focused homogeneous hardware,661.61,472,2023-11-28
10608,595,11,Cross-platform contextually-based solution,885.23,374,2024-09-13
10609,219,7,Polarized systematic orchestration,479.52,408,2025-09-04
10610,335,7,User-friendly real-time firmware,466.03,299,2025-10-10
10611,541,6,Programmable full-range support,60.24,354,2025-07-16
10612,536,14,Integrated explicit Internet solution,578.57,220,2025-09-12
10613,186,13,Synchronized client-server solution,289.1,29,2025-11-13
10614,110,6,Synergized high-level help-desk,479.29,278,2025-04-07
10615,450,9,Optional stable database,608.81,473,2026-05-04
10616,268,6,Monitored intermediate Graphic Interface,101.93,433,2026-05-18
10617,228,11,Multi-channeled national collaboration,815.5,81,2024-08-03
10618,423,8,Horizontal didactic adapter,68.56,365,2026-02-26
10619,159,8,Multi-lateral context-sensitive utilization,305.89,110,2025-06-18
10620,109,1,Advanced regional structure,789.91,370,2023-10-28
10621,377,14,Object-based secondary leverage,553.12,197,2024-01-26
10622,326,2,Fully-configurable disintermediate knowledge user,722.43,286,2025-09-22
10623,360,8,Face-to-face content-based model,54.74,104,2024-01-06
10624,43,10,Programmable human-resource toolset,647.89,192,2023-06-06
10625,227,11,Digitized attitude-oriented benchmark,569.92,33,2024-08-13
10626,320,13,Compatible global hub,369.57,404,2023-08-10
10627,494,3,Operative real-time array,640.48,425,2024-08-14
10628,73,11,Mandatory demand-driven framework,56.31,218,2025-10-06
10629,336,9,Fundamental empowering throughput,857.89,198,2026-03-09
10630,228,3,Grass-roots logistical adapter,639.69,395,2025-12-09
10631,273,1,Team-oriented web-enabled encoding,68.4,46,2025-07-23
10632,80,14,Exclusive systematic methodology,174.68,17,2024-05-23
10633,497,1,Ergonomic 24/7 Graphic Interface,559.09,51,2025-12-19
10634,271,7,Digitized cohesive challenge,750.98,302,2023-04-27
10635,566,8,Inverse coherent encoding,431.09,357,2024-04-24
10636,488,4,Innovative next generation architecture,874.12,54,2025-05-02
10637,585,13,Front-line full-range algorithm,133.14,176,2026-06-02
10638,174,8,Switchable foreground installation,282.02,474,2023-04-07
10639,87,1,Switchable user-facing open architecture,19.51,204,2026-06-01
10640,454,8,Virtual contextually-based installation,266.38,0,2026-05-02
10641,474,1,Streamlined content-based circuit,61.37,110,2023-09-28
10642,380,11,Reactive clear-thinking time-frame,609.64,400,2025-03-26
10643,391,12,Business-focused logistical access,780.55,278,2023-01-18
10644,387,2,Object-based maximized contingency,7.88,466,2024-11-24
10645,250,13,Business-focused static approach,411.11,3,2025-10-20
10646,64,14,Ameliorated logistical neural-net,23.5,3,2023-11-03
10647,144,3,Cross-platform human-resource toolset,653.78,86,2025-03-21
10648,574,14,Synergistic bottom-line artificial intelligence,200.26,483,2026-06-11
10649,43,6,Synchronized zero tolerance software,90.73,381,2023-03-15
10650,125,15,Assimilated user-facing portal,870.0,39,2026-01-23
10651,70,12,Streamlined exuding open architecture,344.02,100,2024-07-04
10652,115,1,Extended methodical access,705.68,468,2025-08-06
10653,447,10,Universal client-server orchestration,468.74,244,2023-05-13
10654,41,14,Intuitive cohesive budgetary management,882.75,144,2026-06-11
10655,313,2,De-engineered context-sensitive project,77.99,411,2025-05-21
10656,235,14,Cross-platform heuristic portal,165.62,76,2023-11-07
10657,372,2,Enterprise-wide user-facing artificial intelligence,512.83,131,2023-10-04
10658,338,9,Grass-roots human-resource Graphic Interface,569.84,62,2025-06-05
10659,457,3,Multi-layered multi-tasking contingency,102.14,459,2025-09-19
10660,21,14,Operative incremental complexity,705.57,416,2024-10-31
10661,260,14,Right-sized radical focus group,274.76,417,2026-05-03
10662,400,6,Organized 3rdgeneration definition,297.51,497,2023-11-18
10663,283,15,Cloned discrete circuit,666.24,461,2023-06-21
10664,531,11,Reactive client-driven productivity,868.14,72,2024-10-28
10665,270,11,Extended radical capacity,474.75,169,2025-08-13
10666,354,10,Future-proofed 3rdgeneration parallelism,754.22,168,2023-01-05
10667,175,5,Vision-oriented multimedia groupware,131.77,128,2023-10-11
10668,429,4,User-friendly bifurcated extranet,224.36,191,2024-01-03
10669,233,2,Front-line background info-mediaries,595.21,322,2024-10-18
10670,295,9,Fundamental object-oriented architecture,401.15,482,2023-09-13
10671,199,3,Fully-configurable zero-defect strategy,7.12,8,2025-03-31
10672,93,12,Implemented even-keeled access,189.68,410,2023-09-24
10673,15,4,Innovative radical task-force,99.74,268,2025-04-30
10674,461,7,Multi-tiered dedicated extranet,749.36,402,2025-08-04
10675,287,5,Customizable transitional middleware,468.66,85,2023-12-31
10676,523,12,Open-architected optimizing support,442.82,5,2025-10-18
10677,200,10,Realigned intangible installation,60.28,471,2024-09-04
10678,443,4,Proactive intermediate encryption,32.99,296,2025-03-02
10679,428,7,Implemented encompassing hub,780.92,387,2025-06-13
10680,179,10,Enhanced next generation application,343.61,323,2023-11-17
10681,445,11,Synergistic next generation functionalities,284.13,312,2026-05-10
10682,72,15,Organic empowering attitude,882.76,21,2024-06-10
10683,505,2,Upgradable cohesive function,885.66,152,2026-05-04
10684,336,14,Organized impactful model,235.03,425,2024-10-18
10685,515,14,Proactive asymmetric project,241.89,155,2025-04-13
10686,353,8,Expanded reciprocal service-desk,418.32,484,2023-08-30
10687,252,12,User-friendly bandwidth-monitored hub,734.61,324,2025-07-11
10688,114,6,Re-engineered 5thgeneration structure,181.77,85,2025-08-11
10689,515,12,Stand-alone system-worthy website,525.89,325,2023-12-24
10690,534,15,Pre-emptive human-resource synergy,764.76,394,2024-03-16
10691,150,15,Devolved regional product,705.77,88,2025-08-17
10692,387,7,Function-based homogeneous encryption,864.96,131,2025-12-30
10693,297,3,Optional local leverage,452.15,156,2026-05-01
10694,297,7,Distributed logistical concept,621.28,175,2024-07-17
10695,61,4,Devolved radical conglomeration,803.54,15,2023-02-27
10696,160,11,Open-source systemic firmware,94.6,153,2024-04-23
10697,394,7,Seamless multi-state info-mediaries,297.08,435,2026-02-27
10698,301,6,Programmable didactic ability,809.7,103,2026-02-08
10699,567,3,Stand-alone uniform middleware,884.99,110,2023-10-07
10700,255,5,Monitored transitional adapter,711.56,170,2024-05-16
10701,224,6,Multi-tiered leadingedge collaboration,351.89,263,2023-11-28
10702,136,13,Stand-alone 5thgeneration paradigm,686.42,306,2025-04-30
10703,374,13,Business-focused asynchronous artificial intelligence,438.42,188,2024-09-13
10704,153,11,Right-sized bifurcated customer loyalty,9.73,403,2024-03-28
10705,561,1,Triple-buffered dedicated knowledgebase,106.16,119,2025-08-13
10706,407,2,Implemented content-based paradigm,714.13,39,2025-01-18
10707,468,8,Re-contextualized cohesive superstructure,873.87,50,2024-09-28
10708,92,2,Function-based multimedia definition,833.19,182,2025-12-18
10709,111,11,Adaptive contextually-based superstructure,345.49,78,2024-03-09
10710,71,6,Streamlined bandwidth-monitored ability,222.79,139,2023-11-25
10711,562,2,Progressive local model,106.26,279,2025-08-05
10712,415,6,Organic 24hour forecast,39.94,397,2023-05-12
10713,386,4,Fundamental transitional monitoring,809.02,229,2025-01-16
10714,24,6,Self-enabling holistic hub,798.84,419,2026-05-25
10715,141,2,Secured tertiary interface,785.21,189,2023-05-12
10716,40,11,Synchronized hybrid core,844.99,285,2023-07-09
10717,64,1,Fully-configurable transitional customer loyalty,581.78,437,2024-06-26
10718,302,4,Public-key mobile flexibility,18.53,71,2025-07-29
10719,500,4,Optional real-time time-frame,128.79,7,2025-02-07
10720,344,7,Secured bottom-line projection,511.43,74,2025-07-03
10721,423,11,Re-engineered content-based algorithm,173.87,4,2025-12-13
10722,178,7,Vision-oriented didactic array,777.83,478,2023-12-04
10723,404,13,Multi-layered multi-state function,403.5,377,2024-04-08
10724,103,2,Visionary zero-defect capacity,281.9,40,2023-05-06
10725,470,6,Mandatory incremental architecture,209.66,305,2025-10-27
10726,488,2,Fundamental coherent task-force,252.3,136,2024-01-16
10727,443,12,Right-sized directional neural-net,806.17,68,2026-04-27
10728,227,1,Focused bifurcated archive,715.72,343,2024-06-10
10729,391,15,Intuitive radical synergy,105.25,481,2024-02-12
10730,519,12,Enhanced even-keeled leverage,185.58,463,2025-11-02
10731,65,7,Automated web-enabled array,450.0,362,2023-10-03
10732,554,12,Inverse optimizing moderator,537.58,160,2024-09-28
10733,53,6,Business-focused tangible projection,481.4,336,2025-08-29
10734,266,4,Organized contextually-based moderator,504.08,298,2024-08-22
10735,501,15,Mandatory secondary secured line,305.75,407,2025-11-06
10736,496,13,Innovative well-modulated knowledge user,742.11,333,2024-09-17
10737,342,14,Programmable well-modulated portal,548.36,467,2026-02-28
10738,570,10,Integrated asynchronous algorithm,491.15,95,2024-08-12
10739,349,6,Robust mission-critical methodology,624.27,13,2024-07-26
10740,156,2,Devolved radical system engine,24.08,57,2024-09-06
10741,410,2,Phased attitude-oriented emulation,103.01,424,2025-08-27
10742,457,9,Advanced upward-trending success,292.93,143,2025-01-31
10743,214,10,Universal hybrid projection,666.31,332,2023-03-06
10744,355,8,Object-based intangible Local Area Network,634.59,279,2025-02-17
10745,394,15,Team-oriented non-volatile system engine,119.6,380,2025-06-01
10746,181,14,Realigned solution-oriented capability,707.53,121,2026-03-06
10747,347,13,Enhanced zero administration instruction set,220.9,475,2023-01-18
10748,34,12,Phased grid-enabled portal,606.14,458,2023-09-19
10749,355,12,Right-sized needs-based moratorium,319.36,100,2026-05-03
10750,343,14,Distributed systematic complexity,594.59,443,2025-01-26
10751,410,12,Secured methodical website,189.49,431,2025-09-25
10752,224,2,Self-enabling attitude-oriented Internet solution,162.25,183,2023-11-20
10753,319,6,Switchable user-facing application,480.09,430,2025-09-29
10754,33,2,Progressive maximized knowledge user,202.68,48,2023-08-28
10755,65,8,Networked national Internet solution,319.18,251,2024-05-01
10756,212,6,Mandatory systematic secured line,503.67,210,2023-10-18
10757,302,14,Integrated motivating infrastructure,508.97,90,2023-09-12
10758,345,2,Open-source client-server portal,309.1,296,2024-09-24
10759,319,4,Robust multi-state utilization,500.1,453,2026-01-26
10760,488,2,Cloned multimedia attitude,414.55,35,2024-04-18
10761,332,11,Managed tangible neural-net,796.18,110,2024-12-14
10762,526,11,Triple-buffered zero-defect conglomeration,528.1,467,2023-04-26
10763,359,13,Multi-tiered real-time circuit,739.69,275,2023-12-23
10764,339,7,Implemented didactic policy,147.34,465,2025-09-18
10765,219,10,Team-oriented discrete functionalities,384.94,143,2024-02-12
10766,207,14,Reverse-engineered exuding artificial intelligence,116.57,42,2023-11-12
10767,1,11,Business-focused optimizing structure,541.51,72,2026-01-30
10768,431,11,Automated multi-tasking database,482.5,369,2025-09-01
10769,572,5,Synchronized responsive leverage,142.08,355,2025-08-24
10770,493,6,Pre-emptive local functionalities,97.08,113,2025-03-24
10771,451,13,Inverse leadingedge orchestration,127.4,354,2026-04-23
10772,451,14,Secured solution-oriented emulation,849.83,483,2024-12-25
10773,37,14,Synchronized non-volatile task-force,348.52,315,2026-04-29
10774,107,11,Synergistic human-resource migration,840.23,65,2026-01-24
10775,322,14,Face-to-face disintermediate adapter,665.71,265,2024-11-06
10776,579,14,Switchable uniform parallelism,251.38,40,2025-05-10
10777,293,14,Ergonomic directional help-desk,516.8,105,2023-07-23
10778,86,2,Focused context-sensitive orchestration,291.25,387,2026-01-14
10779,326,5,Sharable human-resource benchmark,868.05,87,2025-03-03
10780,129,2,Centralized non-volatile artificial intelligence,468.51,201,2023-01-21
10781,252,13,Self-enabling system-worthy protocol,879.35,127,2023-12-14
10782,237,11,Phased solution-oriented help-desk,335.54,62,2026-01-31
10783,334,14,Synchronized didactic database,158.68,304,2023-07-02
10784,438,14,Versatile mobile customer loyalty,321.91,47,2024-02-13
10785,64,14,Total motivating structure,398.98,415,2024-05-07
10786,528,8,Reduced systemic superstructure,75.28,343,2024-08-18
10787,524,5,Reduced user-facing emulation,615.04,488,2024-07-08
10788,316,15,Adaptive solution-oriented model,783.42,15,2023-01-09
10789,476,11,Enhanced modular instruction set,266.55,172,2025-07-12
10790,501,8,Future-proofed uniform architecture,828.64,62,2024-08-24
10791,431,14,Enterprise-wide modular leverage,757.53,422,2024-12-10
10792,103,9,Profound uniform productivity,192.91,205,2024-05-15
10793,206,13,Cloned system-worthy functionalities,161.63,187,2024-03-30
10794,249,12,Switchable logistical strategy,393.02,20,2024-11-11
10795,468,12,Monitored optimizing conglomeration,321.09,352,2025-11-01
10796,389,7,Centralized non-volatile migration,787.9,232,2023-04-30
10797,192,14,Managed responsive complexity,816.14,172,2023-02-17
10798,468,12,Centralized contextually-based methodology,889.7,218,2025-05-23
10799,46,15,Seamless 24/7 conglomeration,350.96,328,2025-01-01
10800,20,9,Exclusive clear-thinking orchestration,843.15,364,2023-10-31
10801,437,2,Visionary homogeneous benchmark,853.96,215,2025-11-16
10802,420,6,Digitized fresh-thinking artificial intelligence,314.79,433,2024-03-04
10803,140,7,Balanced dynamic archive,688.09,130,2025-10-13
10804,278,14,Open-source logistical algorithm,101.02,363,2024-06-15
10805,66,3,Quality-focused incremental capability,606.87,7,2024-06-16
10806,201,10,User-centric multi-state policy,395.17,145,2025-11-20
10807,216,6,Business-focused methodical projection,526.84,395,2025-03-05
10808,52,1,Realigned maximized knowledgebase,9.77,34,2026-02-04
10809,160,1,Customer-focused optimal productivity,811.99,249,2023-08-05
10810,397,11,Quality-focused foreground moratorium,198.96,454,2026-02-03
10811,125,10,Public-key web-enabled toolset,197.88,346,2026-04-06
10812,149,8,Optimized solution-oriented interface,77.69,48,2025-11-02
10813,590,13,Compatible holistic task-force,202.24,430,2023-08-05
10814,548,8,Vision-oriented upward-trending extranet,788.34,65,2023-07-17
10815,424,6,Multi-lateral heuristic alliance,7.43,434,2025-12-10
10816,76,8,Intuitive regional Graphic Interface,664.62,233,2025-05-12
10817,9,2,Intuitive web-enabled algorithm,462.71,494,2025-11-30
10818,442,12,Cross-group logistical Internet solution,398.37,431,2024-10-16
10819,129,3,Intuitive modular migration,373.28,156,2026-05-07
10820,89,6,Team-oriented explicit productivity,120.17,265,2026-06-12
10821,231,3,Robust human-resource task-force,461.77,464,2025-04-06
10822,447,6,Synergistic optimizing paradigm,715.29,41,2025-09-25
10823,501,4,Organized optimal productivity,74.53,42,2026-06-12
10824,472,15,Face-to-face upward-trending info-mediaries,264.22,125,2023-08-25
10825,246,6,Profound mobile concept,128.16,497,2025-09-28
10826,437,13,Profound logistical moderator,168.21,410,2024-12-06
10827,351,10,Sharable motivating knowledgebase,226.09,251,2025-05-16
10828,379,2,Future-proofed homogeneous frame,88.07,265,2023-09-19
10829,329,7,Visionary dynamic secured line,679.33,217,2024-11-22
10830,113,7,Versatile 3rdgeneration workforce,196.97,56,2025-07-22
10831,174,8,Proactive attitude-oriented superstructure,90.59,168,2024-05-30
10832,548,12,Quality-focused non-volatile firmware,178.88,88,2025-12-31
10833,96,14,Adaptive full-range Internet solution,665.56,483,2024-02-04
10834,295,2,Polarized incremental firmware,214.66,170,2023-02-18
10835,193,4,Polarized logistical architecture,258.5,6,2025-08-27
10836,319,10,Visionary non-volatile installation,377.15,324,2025-10-31
10837,452,6,Cross-group foreground architecture,404.03,330,2024-08-28
10838,439,12,Focused zero administration data-warehouse,287.19,362,2024-06-02
10839,552,3,Multi-lateral reciprocal flexibility,107.83,433,2025-09-27
10840,223,10,Object-based mobile hub,882.62,337,2023-12-29
10841,109,13,Open-architected static concept,118.74,168,2024-10-29
10842,523,9,Multi-channeled full-range circuit,845.78,490,2025-08-22
10843,287,14,Visionary multi-tasking synergy,40.78,398,2024-12-20
10844,60,4,Polarized fresh-thinking contingency,693.72,174,2023-05-16
10845,213,5,Synergistic multi-state methodology,688.9,194,2025-02-03
10846,56,9,Profound mission-critical focus group,635.63,212,2024-10-23
10847,429,10,Phased content-based collaboration,508.57,219,2024-03-24
10848,559,8,Multi-tiered empowering customer loyalty,711.33,150,2025-09-08
10849,504,2,Multi-channeled discrete framework,209.47,44,2023-12-05
10850,348,12,Pre-emptive attitude-oriented workforce,218.32,410,2025-11-28
10851,255,5,User-friendly disintermediate matrices,778.2,44,2023-02-22
10852,435,6,Synergized real-time array,699.99,423,2023-10-05
10853,457,7,Stand-alone fresh-thinking capability,755.78,187,2025-05-13
10854,161,12,Synchronized bandwidth-monitored contingency,697.12,448,2025-05-12
10855,511,11,Integrated impactful definition,49.08,120,2026-05-27
10856,239,4,Monitored system-worthy emulation,881.16,225,2025-09-24
10857,466,5,Cross-platform eco-centric strategy,283.69,48,2023-03-10
10858,573,5,Up-sized modular approach,186.65,240,2023-09-07
10859,115,9,Synergized executive contingency,171.47,360,2023-04-23
10860,13,4,Stand-alone explicit open system,605.77,468,2024-07-17
10861,37,10,Seamless well-modulated core,663.48,171,2025-11-12
10862,188,8,Configurable mission-critical monitoring,663.72,58,2025-09-21
10863,203,11,Centralized 24hour benchmark,658.24,69,2023-04-19
10864,217,2,Face-to-face demand-driven migration,599.55,223,2025-03-24
10865,405,5,Configurable high-level portal,811.51,359,2025-01-06
10866,99,14,Compatible 4thgeneration interface,851.82,477,2024-06-30
10867,487,9,Operative needs-based function,712.65,255,2026-06-28
10868,479,9,Horizontal tangible workforce,496.44,155,2024-12-17
10869,513,11,Public-key asynchronous capability,635.55,251,2026-06-22
10870,365,8,Organic reciprocal architecture,632.0,244,2023-06-24
10871,102,5,Organized clear-thinking alliance,787.04,44,2025-07-27
10872,301,7,Enhanced optimizing challenge,64.99,444,2026-06-07
10873,56,15,Pre-emptive responsive service-desk,341.13,362,2023-12-29
10874,231,11,Multi-channeled optimal workforce,647.38,411,2024-12-26
10875,99,1,Open-source 6thgeneration capacity,487.31,332,2024-02-23
10876,137,13,Horizontal high-level approach,446.38,264,2025-03-25
10877,402,9,Focused responsive middleware,771.69,277,2026-05-26
10878,586,9,Robust user-facing time-frame,274.98,9,2023-02-12
10879,235,3,Multi-channeled contextually-based analyzer,848.14,480,2024-11-08
10880,62,11,Organic uniform migration,209.33,25,2024-10-10
10881,144,5,Cloned clear-thinking instruction set,88.93,139,2023-12-11
10882,41,12,User-centric even-keeled emulation,401.46,208,2025-02-04
10883,98,13,Exclusive high-level matrices,204.53,172,2023-12-31
10884,577,5,Centralized fresh-thinking attitude,542.16,243,2025-06-14
10885,55,4,Realigned reciprocal artificial intelligence,642.23,322,2026-03-12
10886,428,14,Inverse upward-trending Local Area Network,621.96,15,2026-01-10
10887,277,13,Visionary object-oriented concept,877.26,323,2026-03-07
10888,169,13,Fully-configurable bottom-line synergy,648.05,244,2023-04-21
10889,309,13,Reduced disintermediate leverage,289.01,267,2025-05-18
10890,556,8,Upgradable contextually-based parallelism,361.59,73,2026-03-08
10891,460,7,Ameliorated logistical analyzer,444.36,77,2023-08-21
10892,201,6,Multi-layered next generation archive,273.51,164,2025-04-07
10893,70,5,Automated stable algorithm,650.52,435,2023-09-04
10894,353,12,Optimized responsive framework,181.64,340,2025-11-14
10895,196,11,Compatible upward-trending neural-net,792.05,285,2026-03-26
10896,372,4,Multi-layered system-worthy orchestration,881.97,33,2024-01-01
10897,52,1,Advanced upward-trending synergy,470.21,169,2026-03-27
10898,44,5,Synergized directional throughput,47.71,398,2023-03-02
10899,180,5,Team-oriented systemic data-warehouse,98.07,346,2025-07-12
10900,33,4,Diverse 6thgeneration contingency,366.98,128,2024-01-11
10901,250,13,Exclusive methodical moderator,444.36,127,2024-03-21
10902,80,4,Optimized dynamic ability,272.54,324,2023-11-02
10903,319,2,Customizable explicit conglomeration,266.65,320,2025-06-19
10904,127,13,User-friendly asynchronous product,463.75,460,2025-09-14
10905,403,3,Cross-platform mission-critical matrices,761.3,388,2025-09-10
10906,481,10,Triple-buffered didactic flexibility,768.92,337,2024-08-25
10907,145,11,Team-oriented national product,550.67,50,2023-03-13
10908,107,8,Profit-focused solution-oriented firmware,126.52,456,2024-07-01
10909,555,13,User-centric regional groupware,124.37,362,2024-11-28
10910,89,15,Future-proofed 3rdgeneration portal,434.72,172,2023-02-10
10911,503,11,Profound 24hour matrix,512.84,120,2023-06-14
10912,231,3,Customer-focused global concept,250.09,30,2024-07-16
10913,399,14,Grass-roots asymmetric access,76.85,460,2025-05-09
10914,327,2,Multi-layered actuating extranet,551.23,200,2023-12-18
10915,493,2,Organic secondary flexibility,252.32,247,2023-04-16
10916,435,6,Implemented zero administration project,833.77,272,2025-06-06
10917,520,7,Customizable 24hour knowledgebase,150.79,394,2024-03-14
10918,453,9,Team-oriented global access,337.96,384,2025-07-07
10919,474,2,Re-contextualized stable workforce,610.09,497,2025-08-06
10920,126,3,De-engineered 24/7 installation,63.91,302,2026-03-14
10921,200,14,Profound zero tolerance implementation,626.22,446,2026-05-24
10922,89,8,Business-focused local hub,344.81,380,2025-09-06
10923,2,11,Distributed leadingedge Local Area Network,777.08,250,2023-01-24
10924,2,3,Sharable responsive info-mediaries,158.27,224,2026-03-28
10925,435,13,Devolved 4thgeneration approach,148.93,141,2024-09-18
10926,345,3,Re-contextualized 5thgeneration website,400.99,434,2024-08-17
10927,201,1,Centralized dynamic info-mediaries,630.95,5,2024-03-25
10928,559,8,Optimized needs-based protocol,453.13,386,2023-03-23
10929,431,13,Business-focused contextually-based leverage,870.5,216,2024-11-28
10930,578,5,Versatile empowering productivity,665.31,44,2026-01-11
10931,425,9,Networked even-keeled frame,582.74,421,2024-09-14
10932,524,8,Re-engineered asynchronous moderator,628.76,308,2024-02-01
10933,183,1,Proactive interactive circuit,192.51,297,2023-10-17
10934,171,7,Persistent high-level throughput,499.84,476,2025-04-04
10935,514,8,Optional bandwidth-monitored strategy,27.93,350,2024-02-28
10936,482,6,Virtual scalable open architecture,338.07,377,2025-10-02
10937,545,6,Extended multi-state extranet,708.58,146,2024-11-02
10938,496,12,Fundamental upward-trending implementation,625.81,197,2024-10-26
10939,220,1,Front-line methodical website,524.08,133,2025-05-07
10940,295,4,Operative homogeneous moratorium,21.16,258,2023-08-17
10941,228,3,Public-key web-enabled info-mediaries,139.33,177,2025-08-01
10942,380,1,Extended regional capability,236.51,70,2023-12-02
10943,432,7,Configurable context-sensitive capability,278.78,122,2025-02-03
10944,4,10,Function-based solution-oriented project,256.7,463,2024-10-07
10945,379,12,Implemented logistical knowledgebase,583.94,227,2024-04-20
10946,101,5,Multi-layered cohesive protocol,694.23,77,2025-05-18
10947,433,3,Centralized executive Local Area Network,135.2,336,2024-06-02
10948,504,8,Switchable exuding superstructure,388.47,103,2026-02-11
10949,156,13,Persevering actuating emulation,613.91,257,2023-05-02
10950,493,2,Enterprise-wide executive capacity,59.46,73,2024-06-06
10951,324,9,Optimized executive structure,696.4,366,2025-12-17
10952,439,5,Synergistic even-keeled success,106.31,235,2026-04-18
10953,246,10,Programmable modular project,544.68,199,2026-06-08
10954,490,10,Optimized zero administration service-desk,223.92,447,2024-04-03
10955,208,4,Re-contextualized tertiary implementation,457.39,370,2024-02-06
10956,540,8,Grass-roots mission-critical installation,737.94,283,2025-11-15
10957,216,9,Reactive didactic infrastructure,649.14,204,2025-12-05
10958,595,13,Devolved intangible website,478.73,176,2025-11-16
10959,126,8,Vision-oriented exuding artificial intelligence,193.29,445,2025-06-07
10960,552,2,Visionary fault-tolerant architecture,820.38,193,2024-12-14
10961,185,12,Enhanced empowering Internet solution,132.13,170,2023-03-18
10962,503,13,Organized homogeneous service-desk,746.0,308,2026-06-14
10963,242,8,Mandatory dynamic hardware,491.35,251,2024-04-21
10964,369,3,Public-key optimizing database,107.03,309,2025-12-06
10965,26,7,Progressive optimizing process improvement,848.07,130,2026-05-07
10966,414,1,Advanced tertiary collaboration,601.86,475,2024-03-03
10967,297,3,Multi-layered tertiary superstructure,536.85,428,2026-06-17
10968,360,1,Grass-roots analyzing focus group,489.35,237,2023-11-12
10969,158,7,Expanded mobile neural-net,598.08,222,2024-01-15
10970,548,2,Total object-oriented time-frame,808.93,230,2025-04-07
10971,451,8,Integrated contextually-based ability,668.19,227,2026-01-07
10972,424,8,Organic impactful analyzer,605.26,117,2026-05-17
10973,494,2,Fundamental regional knowledgebase,481.82,34,2026-05-31
10974,47,6,Programmable static customer loyalty,588.58,224,2024-06-26
10975,441,9,Open-architected client-server info-mediaries,854.9,293,2026-03-10
10976,234,4,Polarized encompassing productivity,34.53,110,2025-09-22
10977,288,1,Multi-lateral user-facing hierarchy,603.42,80,2024-06-08
10978,144,7,Visionary systemic customer loyalty,110.02,363,2024-04-27
10979,248,3,Networked dynamic solution,255.28,284,2025-08-25
10980,511,4,Decentralized motivating circuit,353.62,55,2025-12-17
10981,550,5,Synergistic empowering challenge,703.03,56,2026-06-11
10982,550,14,Monitored well-modulated system engine,370.92,201,2023-06-16
10983,217,3,Progressive stable application,524.38,10,2025-03-30
10984,244,6,User-centric high-level groupware,874.7,93,2024-06-25
10985,479,7,Digitized interactive superstructure,764.38,306,2026-02-01
10986,357,8,Compatible background extranet,690.09,413,2025-03-23
10987,536,6,Exclusive value-added system engine,35.89,238,2023-10-14
10988,567,15,Face-to-face radical leverage,610.81,153,2024-04-09
10989,521,11,Down-sized foreground hub,642.27,181,2025-12-10
10990,9,1,Down-sized stable pricing structure,523.14,415,2026-04-20
10991,524,7,Automated impactful adapter,393.14,351,2026-03-10
10992,165,13,Networked regional leverage,629.05,137,2024-10-03
10993,17,15,Synergistic secondary solution,297.42,446,2024-07-01
10994,30,5,Devolved fresh-thinking monitoring,455.37,239,2024-04-02
10995,354,12,Digitized maximized emulation,548.58,191,2024-07-13
10996,232,14,Function-based 4thgeneration analyzer,261.94,406,2024-10-20
10997,241,7,Seamless holistic hardware,757.57,316,2026-03-03
10998,402,2,Compatible holistic approach,645.64,249,2025-10-19
10999,588,10,Right-sized bandwidth-monitored data-warehouse,574.22,233,2023-10-19
11000,154,3,Virtual bi-directional utilization,131.53,219,2024-09-21
11001,388,12,Quality-focused clear-thinking access,609.08,387,2024-10-25
11002,248,4,Progressive asynchronous system engine,855.06,5,2023-10-30
11003,509,1,Ergonomic national productivity,126.54,396,2025-01-14
11004,62,14,Assimilated full-range focus group,762.89,431,2025-05-09
11005,482,13,Networked global focus group,804.1,223,2026-02-27
11006,250,14,Digitized contextually-based interface,486.07,19,2024-10-15
11007,111,5,Right-sized grid-enabled Local Area Network,325.71,445,2026-02-08
11008,387,11,Inverse intermediate software,536.92,5,2023-08-28
11009,446,9,User-friendly fresh-thinking matrices,802.33,36,2023-11-14
11010,39,8,Managed non-volatile info-mediaries,311.12,3,2023-04-22
11011,26,7,Grass-roots optimal functionalities,552.61,394,2026-06-19
11012,83,6,Universal 6thgeneration archive,332.51,452,2024-12-10
11013,583,4,Public-key full-range time-frame,780.62,457,2023-11-18
11014,148,14,Fully-configurable upward-trending moderator,236.22,163,2024-12-29
11015,447,6,Polarized demand-driven matrices,168.54,92,2023-09-18
11016,99,5,Networked didactic knowledgebase,670.04,274,2026-06-13
11017,317,5,Seamless modular Graphic Interface,691.27,97,2026-06-27
11018,586,10,Profound logistical database,339.38,43,2025-07-04
11019,412,10,Universal heuristic complexity,541.72,106,2023-04-17
11020,245,9,Persistent real-time frame,75.82,222,2026-04-10
11021,335,10,Centralized real-time structure,821.38,246,2023-01-28
11022,358,12,Pre-emptive solution-oriented algorithm,595.06,391,2025-06-10
11023,379,12,Seamless 3rdgeneration moratorium,63.31,429,2025-06-02
11024,214,7,Extended homogeneous concept,813.58,333,2023-05-11
11025,144,9,Versatile mobile hub,767.17,149,2023-03-26
11026,515,11,Implemented dedicated website,106.19,232,2024-01-26
11027,26,11,Implemented high-level encryption,341.29,406,2026-05-16
11028,235,14,Robust logistical complexity,479.67,35,2024-07-18
11029,322,3,Organized mobile process improvement,492.97,455,2025-11-29
11030,597,10,Up-sized non-volatile website,683.14,455,2026-03-03
11031,407,3,Multi-lateral needs-based monitoring,457.25,492,2024-04-25
11032,8,13,Fully-configurable disintermediate software,579.36,282,2024-08-10
11033,58,6,Organic composite infrastructure,134.32,257,2025-01-05
11034,49,6,Cross-group object-oriented flexibility,348.07,26,2026-02-20
11035,195,12,Object-based optimizing time-frame,100.61,49,2023-11-03
11036,419,1,Phased neutral attitude,240.08,373,2026-01-23
11037,363,12,Visionary zero administration frame,898.93,290,2025-05-12
11038,334,5,Multi-tiered dynamic knowledge user,553.86,282,2023-05-20
11039,562,5,Balanced logistical structure,248.73,7,2026-05-01
11040,248,9,Synchronized directional architecture,849.66,424,2025-05-26
11041,362,5,Multi-layered 4thgeneration initiative,415.84,318,2024-01-18
11042,512,11,Customer-focused motivating challenge,760.77,26,2025-02-02
11043,260,9,Advanced zero-defect parallelism,414.33,271,2025-08-24
11044,38,6,Centralized national parallelism,362.19,78,2024-04-05
11045,29,14,De-engineered eco-centric toolset,708.34,372,2023-04-07
11046,381,7,Distributed logistical methodology,896.94,299,2024-09-24
11047,279,11,Persistent neutral projection,355.24,55,2025-01-08
11048,11,14,Configurable bi-directional Local Area Network,92.15,430,2024-03-28
11049,343,1,Ergonomic system-worthy methodology,378.25,321,2025-02-06
11050,386,7,Compatible tangible task-force,753.51,433,2025-01-07
11051,30,6,Total systemic contingency,557.72,427,2025-11-13
11052,370,11,Face-to-face national protocol,338.48,234,2025-05-26
11053,338,8,Front-line optimal benchmark,486.34,294,2024-03-11
11054,488,10,Profound 24hour model,631.08,127,2026-04-10
11055,99,15,Centralized encompassing initiative,543.64,249,2024-06-29
11056,232,8,Cross-platform regional product,141.0,290,2026-04-30
11057,43,12,Reduced actuating groupware,175.66,445,2023-11-09
11058,85,12,Universal responsive approach,712.7,397,2026-03-06
11059,397,13,Monitored demand-driven workforce,762.88,303,2023-09-13
11060,28,3,Upgradable intermediate infrastructure,412.72,464,2024-07-11
11061,510,2,Integrated contextually-based intranet,818.8,393,2024-09-23
11062,192,5,Universal mobile focus group,609.63,116,2023-12-11
11063,83,2,Synergized cohesive archive,71.46,323,2026-04-04
11064,51,3,Monitored scalable capacity,395.98,213,2023-10-01
11065,241,8,Distributed optimal parallelism,407.76,323,2026-02-04
11066,112,13,Managed logistical complexity,201.18,438,2024-05-25
11067,8,10,Cloned zero-defect initiative,816.08,275,2024-05-13
11068,101,5,Business-focused attitude-oriented migration,336.14,83,2024-05-26
11069,503,9,Centralized composite attitude,829.62,407,2023-01-27
11070,213,5,Customer-focused national secured line,350.35,409,2024-02-06
11071,186,9,Decentralized directional Graphic Interface,401.45,324,2023-11-11
11072,374,7,Horizontal user-facing middleware,291.29,493,2026-02-05
11073,403,7,Vision-oriented client-server projection,685.56,17,2024-11-14
11074,568,1,Expanded upward-trending installation,33.07,366,2025-01-07
11075,570,10,Up-sized didactic application,593.54,471,2024-03-16
11076,558,2,Synergized bandwidth-monitored task-force,298.22,426,2025-02-01
11077,55,15,Re-engineered impactful extranet,87.8,160,2024-07-06
11078,227,11,Digitized grid-enabled pricing structure,491.42,352,2024-11-13
11079,465,9,Profound directional website,100.34,325,2023-04-12
11080,493,8,Right-sized fault-tolerant concept,560.78,466,2024-07-14
11081,110,13,Proactive methodical workforce,257.42,271,2025-11-30
11082,118,6,Inverse homogeneous customer loyalty,604.38,431,2023-08-22
11083,303,5,Total mission-critical Graphical User Interface,387.77,47,2026-05-06
11084,350,5,Implemented 6thgeneration Internet solution,103.91,47,2023-03-14
11085,4,14,Programmable clear-thinking focus group,752.82,470,2025-01-14
11086,425,14,Operative dynamic extranet,131.63,202,2025-03-11
11087,439,9,Multi-layered fault-tolerant functionalities,500.18,148,2024-10-04
11088,341,4,Open-source foreground artificial intelligence,700.65,324,2025-03-28
11089,226,8,Innovative intermediate migration,838.38,254,2025-05-21
11090,444,6,Digitized real-time migration,546.01,455,2024-12-22
11091,47,3,Reactive hybrid groupware,598.11,141,2024-07-30
11092,136,4,Progressive grid-enabled solution,805.18,287,2023-07-29
11093,439,3,Fully-configurable dedicated success,170.16,219,2024-07-05
11094,523,14,Future-proofed exuding success,282.19,330,2023-08-09
11095,540,11,Streamlined bandwidth-monitored contingency,355.9,159,2025-02-27
11096,165,9,Mandatory modular knowledgebase,467.46,206,2024-03-22
11097,344,9,Secured bottom-line attitude,846.72,337,2025-02-05
11098,212,4,Re-contextualized user-facing paradigm,82.59,184,2023-06-18
11099,205,2,Extended leadingedge structure,611.4,100,2024-12-08
11100,442,2,Ameliorated national service-desk,734.62,484,2025-06-28
11101,5,3,Open-architected empowering projection,439.2,148,2025-08-30
11102,193,5,Centralized context-sensitive success,279.5,500,2026-03-29
11103,197,8,Versatile full-range open system,157.87,89,2024-04-09
11104,113,8,Organic methodical application,688.46,38,2026-06-03
11105,418,9,Optional global ability,148.62,87,2024-12-10
11106,535,9,Public-key fresh-thinking open system,310.3,484,2025-12-06
11107,280,11,Switchable zero tolerance neural-net,181.33,110,2024-10-05
11108,508,5,Team-oriented foreground software,18.51,229,2024-09-21
11109,458,5,Seamless fault-tolerant array,29.7,231,2024-02-04
11110,489,3,Realigned attitude-oriented firmware,519.35,214,2023-08-02
11111,499,6,Triple-buffered fresh-thinking capacity,369.55,224,2025-09-20
11112,586,13,Proactive discrete superstructure,764.48,197,2023-09-13
11113,519,15,Compatible neutral contingency,222.4,148,2024-06-21
11114,153,6,Triple-buffered systemic frame,116.26,259,2023-03-18
11115,324,5,Ergonomic multi-tasking definition,303.69,39,2026-04-13
11116,130,5,Sharable even-keeled help-desk,98.49,472,2023-09-22
11117,527,7,Function-based clear-thinking attitude,217.01,280,2024-05-29
11118,7,2,Configurable interactive focus group,866.7,432,2023-06-28
11119,463,1,Fundamental intangible monitoring,802.21,332,2025-02-18
11120,258,10,Cross-platform systemic instruction set,819.55,155,2024-09-18
11121,334,4,Enhanced human-resource emulation,899.39,252,2024-12-16
11122,184,1,Face-to-face optimizing software,91.24,184,2025-02-19
11123,98,5,Cloned systemic challenge,394.66,344,2023-08-12
11124,389,11,Open-architected global knowledgebase,850.86,39,2024-12-19
11125,486,4,Programmable global circuit,173.06,217,2025-11-26
11126,277,1,Mandatory dedicated project,652.82,45,2024-02-17
11127,274,2,Customizable cohesive task-force,568.2,259,2023-05-21
11128,16,10,Integrated 24hour attitude,10.15,56,2026-03-21
11129,384,8,Cross-group bottom-line methodology,579.9,336,2024-09-04
11130,354,2,Decentralized executive middleware,283.9,183,2023-07-22
11131,287,10,Polarized client-server process improvement,772.14,333,2025-01-05
11132,335,9,Distributed leadingedge software,698.44,277,2025-09-23
11133,218,7,Optional asynchronous moderator,496.38,489,2025-08-14
11134,180,10,Right-sized discrete intranet,357.66,371,2023-06-09
11135,530,1,Polarized foreground workforce,483.9,123,2025-12-01
11136,532,15,Secured motivating migration,66.37,423,2026-01-12
11137,319,9,Open-architected fault-tolerant capacity,130.22,239,2023-12-14
11138,201,11,Down-sized dynamic budgetary management,797.4,421,2026-05-02
11139,33,8,Devolved web-enabled pricing structure,835.6,403,2024-09-30
11140,395,5,Re-contextualized object-oriented core,229.4,1,2024-04-28
11141,23,11,Open-source local hardware,11.13,343,2023-01-06
11142,268,6,Open-source static portal,643.31,63,2026-06-03
11143,49,9,Triple-buffered transitional intranet,79.85,262,2025-09-08
11144,237,4,Exclusive bi-directional info-mediaries,52.21,90,2025-10-06
11145,387,4,Extended logistical parallelism,644.46,71,2025-07-24
11146,188,3,Customer-focused empowering application,190.01,254,2024-03-30
11147,437,10,Customizable context-sensitive utilization,772.1,30,2024-06-20
11148,213,3,Organic motivating focus group,825.53,197,2023-04-02
11149,340,10,Virtual bi-directional alliance,48.02,237,2024-04-23
11150,366,4,Triple-buffered fault-tolerant initiative,297.99,72,2023-12-03
11151,429,13,Persistent solution-oriented project,742.83,466,2025-01-19
11152,267,10,Seamless full-range hierarchy,189.39,494,2024-12-05
11153,215,10,Operative web-enabled database,424.06,97,2024-09-17
11154,379,2,Cross-group didactic hardware,179.28,337,2024-12-11
11155,445,5,Cloned radical architecture,134.82,30,2025-02-16
11156,64,12,Focused client-driven emulation,27.81,287,2026-06-28
11157,470,3,Multi-tiered eco-centric concept,423.0,451,2023-01-23
11158,322,2,Business-focused responsive knowledgebase,236.23,357,2024-05-11
11159,118,15,Streamlined coherent forecast,767.94,148,2023-07-06
11160,71,10,Balanced responsive initiative,555.35,45,2024-02-14
11161,445,6,Fundamental non-volatile task-force,380.79,367,2023-04-12
11162,161,12,Persevering impactful firmware,327.82,147,2023-12-21
11163,439,1,Vision-oriented methodical matrices,42.71,65,2026-01-10
11164,589,11,Focused scalable capability,168.91,96,2025-12-02
11165,266,4,Decentralized local toolset,327.19,236,2026-06-01
11166,193,9,Cross-group composite Graphical User Interface,583.41,163,2026-03-19
11167,308,6,Configurable secondary model,789.02,287,2026-03-03
11168,172,3,Customizable static benchmark,296.79,328,2025-09-15
11169,286,14,Right-sized optimizing open architecture,440.08,90,2026-05-06
11170,278,10,Profound regional knowledge user,403.44,181,2025-03-26
11171,376,6,User-friendly intermediate moratorium,96.4,263,2025-11-16
11172,342,7,Robust secondary service-desk,185.64,96,2025-05-26
11173,503,7,Reverse-engineered bi-directional moratorium,383.95,395,2025-07-18
11174,60,4,Networked client-driven success,76.84,1,2023-06-10
11175,172,3,Innovative disintermediate array,566.52,125,2024-04-04
11176,529,8,Ergonomic multimedia projection,324.0,107,2024-06-20
11177,183,2,Organized composite attitude,274.66,377,2025-11-13
11178,220,14,Multi-tiered methodical knowledgebase,714.51,147,2024-11-10
11179,465,5,Decentralized fresh-thinking standardization,509.68,269,2024-04-18
11180,436,15,Business-focused tangible ability,470.7,102,2026-02-24
11181,131,6,Right-sized coherent service-desk,139.86,444,2024-08-09
11182,221,1,Cross-group asymmetric access,562.81,98,2024-11-30
11183,255,15,Compatible object-oriented customer loyalty,681.2,88,2023-05-12
11184,361,2,Switchable next generation database,443.71,348,2024-08-09
11185,389,7,Seamless even-keeled project,851.27,10,2025-06-04
11186,546,12,Function-based contextually-based customer loyalty,518.73,289,2023-11-07
11187,262,8,Synergistic multi-tasking toolset,96.29,183,2025-09-01
11188,329,7,Secured incremental system engine,802.85,8,2026-01-22
11189,48,11,Phased bi-directional extranet,819.44,19,2024-03-12
11190,21,3,Digitized full-range function,165.65,52,2023-10-14
11191,215,10,Proactive actuating projection,307.72,186,2023-08-07
11192,184,2,Right-sized homogeneous Local Area Network,774.84,213,2026-05-06
11193,525,4,Networked analyzing open architecture,127.07,78,2026-02-11
11194,364,15,Progressive human-resource monitoring,237.12,134,2023-09-17
11195,169,7,Assimilated bi-directional productivity,737.85,321,2023-09-30
11196,423,12,Cloned zero-defect adapter,899.22,65,2023-08-22
11197,303,5,Organized disintermediate Local Area Network,290.88,465,2025-08-30
11198,109,6,User-friendly optimal pricing structure,583.16,136,2024-10-21
11199,128,14,Object-based encompassing parallelism,557.98,250,2026-01-18
11200,452,8,Cloned cohesive extranet,497.64,414,2023-03-08
11201,81,11,Managed value-added process improvement,116.56,180,2026-05-25
11202,103,4,Open-architected system-worthy open architecture,164.85,274,2024-09-03
11203,191,4,Secured next generation concept,816.19,361,2025-03-16
11204,195,6,Visionary multi-tasking instruction set,323.01,137,2025-04-28
11205,42,4,Diverse national Local Area Network,177.06,198,2026-02-26
11206,193,2,Reverse-engineered holistic infrastructure,36.4,449,2024-11-29
11207,456,2,Front-line zero administration capacity,512.97,126,2023-12-27
11208,206,12,Secured dynamic open system,495.62,181,2024-08-23
11209,349,6,Re-engineered 24/7 Graphical User Interface,128.18,495,2026-02-19
11210,481,7,Reverse-engineered multi-tasking architecture,576.75,82,2025-02-19
11211,7,15,Devolved asynchronous protocol,168.02,110,2024-11-06
11212,440,5,Customizable explicit policy,24.59,346,2026-04-09
11213,239,1,De-engineered upward-trending website,562.16,389,2026-06-15
11214,547,7,Enterprise-wide even-keeled collaboration,460.39,500,2023-06-10
11215,383,1,Secured uniform process improvement,436.11,287,2025-06-13
11216,508,10,Programmable background workforce,892.11,291,2026-03-16
11217,580,4,Configurable non-volatile product,602.74,486,2023-08-10
11218,584,11,Future-proofed explicit artificial intelligence,115.37,458,2026-03-09
11219,298,9,Down-sized systematic migration,873.17,466,2025-07-31
11220,280,7,User-centric explicit Local Area Network,110.34,120,2023-06-20
11221,9,1,Down-sized 24hour interface,132.1,46,2025-01-11
11222,345,2,Digitized 3rdgeneration forecast,447.51,467,2024-10-31
11223,533,13,Switchable composite help-desk,359.82,111,2025-07-16
11224,216,6,Cross-group uniform matrices,187.9,84,2025-08-27
11225,36,3,Implemented encompassing flexibility,456.69,417,2026-04-29
11226,412,7,Total homogeneous encoding,866.69,256,2025-06-05
11227,546,6,Optimized multi-state productivity,733.03,426,2024-07-04
11228,218,2,Reverse-engineered context-sensitive firmware,84.55,82,2023-05-18
11229,61,12,User-centric fault-tolerant groupware,605.75,207,2024-12-27
11230,87,5,Diverse incremental methodology,632.18,129,2025-08-03
11231,212,13,Profit-focused next generation orchestration,554.2,206,2025-01-14
11232,298,12,Monitored global definition,184.84,9,2024-11-27
11233,363,8,Team-oriented multi-state definition,448.26,339,2023-04-03
11234,210,11,Focused fault-tolerant contingency,54.24,338,2023-10-22
11235,473,6,Diverse global encoding,518.07,21,2026-02-15
11236,559,10,Enhanced analyzing flexibility,688.17,280,2025-02-23
11237,463,10,Cloned mobile monitoring,174.19,169,2025-12-03
11238,307,4,Profound background access,233.98,82,2024-01-21
11239,103,5,Multi-lateral uniform contingency,512.79,393,2024-11-13
11240,172,12,Innovative object-oriented ability,95.76,176,2026-01-27
11241,444,1,Future-proofed didactic protocol,384.7,329,2023-01-11
11242,525,2,Reduced explicit matrices,498.63,349,2024-07-12
11243,49,11,Right-sized non-volatile monitoring,518.94,444,2026-06-21
11244,599,2,Down-sized neutral open architecture,288.67,408,2024-09-10
11245,107,5,Multi-tiered national project,6.9,403,2023-05-03
11246,572,6,Integrated grid-enabled matrix,17.76,40,2024-05-10
11247,273,8,Profit-focused transitional leverage,568.17,366,2023-11-27
11248,412,15,Vision-oriented encompassing conglomeration,201.15,212,2024-06-05
11249,74,15,Visionary responsive system engine,168.44,411,2025-04-23
11250,311,8,Reverse-engineered upward-trending moratorium,126.4,354,2024-06-30
11251,225,12,Ameliorated bifurcated software,519.52,441,2024-01-01
11252,293,6,Function-based neutral throughput,194.62,475,2025-03-25
11253,14,14,Cross-platform dedicated leverage,263.86,129,2023-02-23
11254,550,2,Distributed regional database,410.92,362,2024-07-20
11255,142,6,Team-oriented coherent open system,607.05,475,2026-03-15
11256,410,9,Balanced 6thgeneration projection,587.94,384,2024-01-16
11257,464,13,Polarized client-driven benchmark,732.67,221,2025-10-27
11258,182,1,Expanded leadingedge migration,513.7,280,2026-01-29
11259,105,3,Visionary modular alliance,141.4,401,2025-02-25
11260,400,2,Synchronized content-based capability,842.48,452,2023-11-23
11261,550,1,Exclusive real-time support,546.86,249,2023-01-04
11262,166,1,Switchable motivating toolset,549.13,431,2025-08-16
11263,16,10,Decentralized impactful methodology,394.6,126,2025-01-03
11264,104,14,Face-to-face empowering encryption,748.42,162,2026-06-29
11265,80,2,Virtual grid-enabled strategy,424.91,332,2024-03-12
11266,242,2,Sharable zero-defect support,398.67,69,2024-12-18
11267,209,4,Configurable next generation analyzer,451.47,242,2023-01-04
11268,545,7,User-centric explicit throughput,51.02,459,2024-04-27
11269,479,13,Total encompassing model,433.33,176,2026-02-01
11270,472,3,Proactive empowering capability,692.93,101,2025-08-14
11271,89,8,Visionary multi-tasking time-frame,128.82,350,2023-08-24
11272,332,4,Optional systemic functionalities,219.9,12,2023-01-16
11273,205,15,Diverse 5thgeneration middleware,782.48,172,2025-02-22
11274,590,15,Synchronized demand-driven Graphical User Interface,728.03,139,2025-06-30
11275,258,15,Reactive value-added artificial intelligence,811.51,97,2024-04-28
11276,72,15,Switchable reciprocal contingency,94.85,46,2026-05-03
11277,425,9,De-engineered contextually-based infrastructure,207.98,148,2026-01-09
11278,309,3,Synergistic next generation model,131.2,335,2025-06-04
11279,203,2,Assimilated multi-state firmware,334.31,452,2024-03-10
11280,19,10,Public-key even-keeled ability,793.05,314,2023-03-02
11281,212,11,Mandatory homogeneous adapter,867.04,483,2024-09-29
11282,583,2,Object-based multi-state info-mediaries,225.84,182,2025-02-19
11283,351,4,Fundamental zero-defect conglomeration,773.68,363,2025-02-15
11284,443,8,Focused fault-tolerant product,83.71,205,2024-09-18
11285,429,15,Profound uniform policy,816.71,100,2024-11-04
11286,86,12,Synergistic value-added success,835.36,166,2023-12-12
11287,189,9,Digitized zero-defect encoding,680.6,69,2024-03-11
11288,143,15,Exclusive zero tolerance synergy,295.98,110,2024-09-24
11289,524,11,Intuitive multi-state infrastructure,292.28,95,2026-05-04
11290,458,13,Object-based stable instruction set,553.03,108,2024-06-07
11291,417,6,Horizontal empowering customer loyalty,876.29,233,2024-10-07
11292,563,4,Decentralized executive archive,898.67,113,2024-12-10
11293,181,2,Profound bandwidth-monitored orchestration,603.77,254,2023-01-01
11294,397,5,Inverse upward-trending neural-net,10.82,221,2024-08-13
11295,91,3,Right-sized intermediate info-mediaries,180.66,354,2023-06-06
11296,332,5,Pre-emptive homogeneous initiative,41.6,157,2024-06-19
11297,472,9,Synergistic intangible focus group,187.9,452,2025-07-15
11298,343,1,Customizable discrete installation,100.8,100,2023-10-18
11299,510,11,Phased mobile system engine,23.73,97,2024-07-05
11300,585,2,Devolved intangible standardization,231.15,443,2023-02-03
11301,355,3,Public-key cohesive utilization,345.47,309,2025-03-23
11302,206,14,Re-contextualized directional project,836.06,478,2024-09-01
11303,172,8,Vision-oriented directional matrix,839.63,373,2023-06-01
11304,192,15,De-engineered zero-defect task-force,786.98,484,2024-06-19
11305,321,5,Future-proofed 6thgeneration project,186.41,249,2025-05-06
11306,522,11,Synergized zero tolerance implementation,850.21,246,2026-06-05
11307,444,8,Inverse system-worthy synergy,594.9,199,2025-09-08
11308,191,7,Monitored reciprocal initiative,538.28,209,2024-02-03
11309,5,15,User-centric mobile capacity,710.2,353,2024-04-21
11310,212,4,Organized impactful orchestration,123.66,314,2026-02-22
11311,564,3,Configurable optimizing conglomeration,731.54,424,2025-07-15
11312,2,3,De-engineered optimizing portal,578.67,213,2025-09-18
11313,124,10,Multi-channeled empowering conglomeration,512.16,36,2024-08-30
11314,290,10,Realigned 5thgeneration parallelism,89.14,276,2024-12-21
11315,123,5,Profound multi-state encoding,662.58,181,2025-05-15
11316,127,7,Persistent optimizing methodology,666.41,407,2024-03-03
11317,558,5,Programmable user-facing Graphical User Interface,526.92,167,2023-11-04
11318,408,1,Future-proofed grid-enabled software,738.11,263,2024-01-12
11319,162,9,Multi-lateral 3rdgeneration portal,415.28,160,2025-04-07
11320,74,5,Diverse cohesive utilization,701.91,385,2023-01-23
11321,580,15,Exclusive 5thgeneration workforce,345.41,35,2025-01-24
11322,174,10,Sharable homogeneous encryption,792.89,80,2024-11-21
11323,463,9,Operative 5thgeneration framework,541.18,466,2026-01-25
11324,517,6,Cross-platform zero administration solution,718.18,22,2025-05-17
11325,583,1,Implemented exuding paradigm,176.14,416,2024-03-31
11326,293,12,Sharable composite toolset,674.84,247,2023-05-26
11327,81,3,User-centric 6thgeneration alliance,49.08,240,2024-03-11
11328,26,14,Innovative discrete support,759.46,71,2024-04-24
11329,541,11,Multi-channeled mission-critical emulation,734.58,185,2026-03-20
11330,339,12,Re-contextualized cohesive productivity,785.57,49,2023-10-13
11331,158,1,Managed directional standardization,420.89,75,2024-02-08
11332,47,13,Optimized secondary project,188.15,190,2026-02-07
11333,154,4,Extended optimizing conglomeration,205.75,276,2026-06-18
11334,368,2,Diverse multi-state interface,99.47,61,2024-05-08
11335,597,8,Enterprise-wide neutral moratorium,687.96,240,2024-05-13
11336,555,14,Inverse national groupware,596.95,308,2023-11-19
11337,450,9,Face-to-face encompassing portal,892.17,199,2025-06-15
11338,547,14,Triple-buffered exuding migration,144.94,200,2023-01-16
11339,565,12,Visionary even-keeled array,267.27,66,2026-04-29
11340,393,13,Ergonomic foreground circuit,785.93,434,2025-04-15
11341,337,2,Reverse-engineered intermediate instruction set,277.6,351,2024-06-16
11342,522,7,Grass-roots solution-oriented artificial intelligence,308.22,138,2024-02-10
11343,25,15,Horizontal homogeneous Local Area Network,365.62,419,2023-02-17
11344,392,9,Integrated bi-directional attitude,62.79,346,2026-02-14
11345,306,13,Quality-focused asynchronous throughput,511.58,320,2023-09-10
11346,518,12,Synergistic heuristic info-mediaries,397.93,25,2023-12-21
11347,527,2,Reactive impactful budgetary management,61.33,5,2023-01-10
11348,531,5,Inverse stable database,217.66,331,2024-03-23
11349,600,2,Integrated solution-oriented extranet,899.7,459,2023-06-22
11350,594,12,Streamlined system-worthy capability,496.98,386,2023-06-04
11351,449,10,Upgradable upward-trending framework,372.13,457,2024-02-04
11352,22,11,Front-line real-time pricing structure,307.15,0,2025-07-19
11353,287,10,Organic clear-thinking pricing structure,863.72,27,2024-08-01
11354,290,4,Extended foreground implementation,762.97,87,2025-06-22
11355,100,14,Organic intermediate moratorium,757.23,85,2026-03-14
11356,572,15,Grass-roots 6thgeneration database,586.82,3,2023-10-18
11357,533,5,User-friendly static system engine,878.92,332,2024-06-24
11358,115,13,Polarized attitude-oriented flexibility,706.74,44,2025-02-12
11359,219,11,Configurable tangible strategy,865.59,414,2024-01-02
11360,280,14,Stand-alone upward-trending methodology,57.09,379,2025-12-13
11361,339,14,Re-contextualized system-worthy adapter,107.61,456,2025-05-26
11362,239,3,Proactive content-based website,220.26,53,2024-02-06
11363,502,1,Fundamental motivating infrastructure,881.13,376,2024-10-17
11364,495,12,Digitized directional customer loyalty,599.92,39,2023-03-19
11365,249,8,Synergized needs-based model,372.77,81,2023-12-25
11366,425,14,Public-key user-facing methodology,657.77,307,2024-07-02
11367,126,12,Balanced exuding approach,297.03,184,2025-12-29
11368,216,9,Optional asymmetric adapter,318.17,410,2025-06-02
11369,240,6,Team-oriented cohesive portal,446.29,37,2023-08-31
11370,422,5,Up-sized needs-based conglomeration,709.69,142,2025-06-07
11371,421,14,Cloned mobile intranet,452.88,412,2025-09-07
11372,109,14,Polarized systematic Internet solution,175.1,350,2026-06-23
11373,61,13,Seamless fresh-thinking Internet solution,812.02,397,2023-05-01
11374,183,14,Grass-roots upward-trending extranet,545.52,51,2024-11-24
11375,534,13,Team-oriented mission-critical secured line,773.89,438,2024-11-29
11376,124,14,Robust content-based parallelism,93.1,188,2025-12-12
11377,84,15,Organic 4thgeneration system engine,113.05,483,2023-04-19
11378,97,5,Networked discrete hub,348.65,67,2024-01-27
11379,380,4,Networked upward-trending superstructure,801.54,324,2026-04-27
11380,407,9,Open-source 6thgeneration installation,150.88,303,2023-01-31
11381,100,13,Streamlined eco-centric application,247.25,24,2026-01-06
11382,117,14,Fundamental bifurcated utilization,130.81,124,2024-11-20
11383,440,4,Monitored didactic interface,731.84,204,2025-10-11
11384,392,7,Multi-channeled scalable policy,48.9,231,2023-07-14
11385,407,9,Assimilated explicit process improvement,526.78,237,2025-12-18
11386,569,9,Ameliorated methodical process improvement,250.8,239,2025-11-15
11387,471,2,Switchable bi-directional hierarchy,493.02,437,2026-06-14
11388,204,14,Innovative cohesive Graphic Interface,859.14,117,2024-09-21
11389,511,11,Upgradable asymmetric website,808.84,382,2023-04-04
11390,357,2,Profit-focused value-added policy,16.29,418,2024-06-07
11391,486,4,Organic bifurcated frame,892.27,321,2026-02-10
11392,32,3,Right-sized leadingedge Local Area Network,898.08,84,2023-07-13
11393,221,2,Team-oriented uniform matrices,635.34,356,2024-09-02
11394,524,3,Reverse-engineered client-driven parallelism,283.38,453,2023-07-09
11395,309,12,Seamless homogeneous archive,214.48,140,2024-08-28
11396,317,7,Front-line background encoding,512.53,272,2026-04-20
11397,304,3,Proactive attitude-oriented application,717.77,288,2025-04-25
11398,227,5,Visionary non-volatile capability,523.77,428,2023-02-02
11399,22,15,Centralized methodical Graphic Interface,86.83,231,2025-05-09
11400,539,12,Multi-tiered scalable collaboration,658.69,115,2024-05-20
11401,284,6,Future-proofed context-sensitive Local Area Network,11.46,132,2023-08-01
11402,373,2,Monitored 5thgeneration complexity,601.62,101,2023-03-31
11403,220,1,Implemented optimizing utilization,401.74,199,2025-03-10
11404,73,8,Public-key mission-critical alliance,8.71,359,2023-08-06
11405,398,11,Distributed 24hour migration,652.37,284,2024-07-02
11406,424,5,Intuitive multi-tasking product,717.57,275,2023-10-05
11407,32,15,Synergistic clear-thinking intranet,541.38,250,2023-09-17
11408,544,5,Right-sized didactic flexibility,692.68,470,2023-05-26
11409,525,2,Operative foreground service-desk,483.42,293,2025-03-16
11410,144,4,Switchable intermediate function,703.75,130,2024-06-08
11411,58,6,Configurable coherent conglomeration,336.04,72,2024-09-25
11412,511,13,Cross-group impactful hardware,417.77,42,2024-03-31
11413,585,7,Exclusive discrete installation,768.83,332,2025-04-06
11414,157,1,Exclusive actuating process improvement,637.9,298,2023-06-02
11415,418,1,Managed mobile middleware,855.54,495,2024-07-12
11416,599,11,Managed eco-centric time-frame,829.66,487,2023-08-13
11417,489,12,Customer-focused dynamic model,632.23,442,2024-02-01
11418,70,15,Programmable methodical alliance,563.53,32,2025-06-17
11419,58,12,Expanded 6thgeneration functionalities,722.66,216,2025-12-15
11420,385,4,Synergized directional productivity,736.88,68,2023-07-24
11421,559,13,Exclusive discrete open architecture,329.89,284,2026-03-25
11422,221,14,Upgradable transitional orchestration,314.5,481,2024-05-27
11423,53,13,Decentralized value-added capacity,724.73,246,2023-03-22
11424,375,12,User-centric background access,413.64,423,2023-11-22
11425,427,6,Implemented optimizing function,352.5,177,2025-02-25
11426,285,2,Advanced disintermediate capacity,614.12,161,2025-03-20
11427,400,7,Stand-alone even-keeled moratorium,414.5,171,2025-07-27
11428,115,2,Synchronized regional service-desk,740.84,71,2023-03-21
11429,507,1,Adaptive actuating groupware,98.58,352,2023-02-06
11430,346,11,Object-based value-added contingency,476.18,290,2024-01-28
11431,377,10,Synchronized grid-enabled synergy,383.36,323,2026-04-22
11432,191,13,Open-source background complexity,853.63,209,2024-01-09
11433,371,12,Ameliorated regional leverage,784.89,70,2024-12-07
11434,472,7,Extended content-based conglomeration,74.96,14,2024-05-01
11435,193,6,Team-oriented asymmetric website,785.21,310,2025-11-17
11436,265,9,Persevering encompassing algorithm,47.21,264,2025-05-05
11437,68,9,Open-source web-enabled Graphical User Interface,390.84,389,2025-11-23
11438,196,13,Organic global instruction set,13.98,129,2024-02-23
11439,287,3,Customer-focused impactful methodology,149.13,308,2025-10-12
11440,554,6,Extended client-driven conglomeration,199.11,423,2023-09-11
11441,4,2,Persevering upward-trending attitude,642.2,112,2026-04-08
11442,558,10,Total fresh-thinking function,744.62,4,2026-03-03
11443,15,5,Profit-focused fault-tolerant budgetary management,11.58,126,2025-09-30
11444,431,6,Cloned content-based solution,500.95,426,2026-03-07
11445,17,2,Sharable 24/7 challenge,803.07,21,2024-11-25
11446,444,6,Focused dynamic circuit,663.51,75,2024-12-21
11447,461,9,Robust holistic toolset,442.15,344,2026-05-09
11448,48,10,Re-contextualized stable collaboration,295.78,28,2023-10-20
11449,473,12,Synergized modular open architecture,543.66,3,2024-07-09
11450,401,4,Synergized multimedia strategy,358.45,439,2023-05-20
11451,590,15,Customizable regional attitude,104.71,391,2024-01-31
11452,535,7,Decentralized global functionalities,793.39,271,2026-01-12
11453,193,7,Customer-focused real-time circuit,124.1,300,2025-04-29
11454,82,7,Monitored actuating parallelism,631.91,199,2025-06-30
11455,487,15,Robust bandwidth-monitored matrix,64.48,469,2025-07-26
11456,326,3,Decentralized high-level installation,539.96,366,2026-03-14
11457,307,15,Organic non-volatile Graphic Interface,607.59,92,2025-02-26
11458,102,6,Cross-platform local encryption,769.86,362,2026-01-11
11459,474,15,Monitored reciprocal conglomeration,488.17,373,2023-06-30
11460,272,2,Persistent client-driven hub,622.68,132,2024-11-02
11461,168,13,Phased system-worthy synergy,402.96,421,2025-08-25
11462,37,6,Extended bi-directional algorithm,39.15,273,2025-08-25
11463,346,15,Business-focused reciprocal functionalities,307.47,164,2025-05-30
11464,167,5,Inverse user-facing alliance,269.28,421,2025-12-30
11465,83,9,Expanded value-added solution,669.8,408,2026-01-04
11466,546,11,Horizontal reciprocal adapter,739.93,197,2025-06-24
11467,529,10,Diverse motivating ability,645.48,442,2023-02-21
11468,104,4,Right-sized real-time functionalities,798.99,57,2026-03-27
11469,206,9,Open-source leadingedge customer loyalty,417.85,224,2024-07-24
11470,83,5,Optimized coherent protocol,788.71,11,2023-07-27
11471,247,5,Optimized bandwidth-monitored matrices,753.48,417,2026-01-06
11472,318,4,Cross-group scalable orchestration,499.12,454,2023-12-24
11473,559,11,Ergonomic asynchronous strategy,689.01,38,2024-09-28
11474,18,5,Managed web-enabled budgetary management,354.41,159,2025-08-30
11475,546,7,Optimized responsive infrastructure,620.15,100,2025-01-02
11476,451,15,Integrated 3rdgeneration info-mediaries,678.55,110,2025-04-20
11477,167,8,Function-based background service-desk,824.53,119,2023-04-08
11478,514,11,Exclusive demand-driven instruction set,515.56,123,2024-09-18
11479,327,13,Phased regional secured line,270.55,203,2025-10-21
11480,291,13,Synergistic logistical contingency,813.08,493,2024-01-01
11481,65,12,Synchronized mobile solution,847.77,21,2026-05-01
11482,330,5,Horizontal didactic help-desk,862.68,198,2026-02-25
11483,429,2,Compatible attitude-oriented emulation,441.01,410,2024-01-21
11484,59,13,Streamlined stable capability,812.83,289,2023-01-07
11485,587,10,Re-contextualized 4thgeneration standardization,73.0,445,2026-03-15
11486,513,14,Optimized coherent focus group,719.79,474,2024-07-25
11487,407,8,Integrated 24hour focus group,380.33,238,2023-02-09
11488,589,6,Front-line secondary knowledgebase,110.69,385,2023-03-23
11489,221,12,Face-to-face national attitude,756.76,206,2023-11-30
11490,327,8,Proactive secondary migration,625.33,68,2023-05-22
11491,59,12,Fully-configurable maximized contingency,565.12,17,2023-10-19
11492,540,1,Organic responsive application,315.06,388,2026-04-24
11493,352,6,Horizontal even-keeled methodology,25.85,411,2023-04-23
11494,263,5,Digitized solution-oriented attitude,250.38,176,2025-05-23
11495,392,11,Assimilated user-facing artificial intelligence,218.21,483,2025-02-05
11496,460,15,Future-proofed regional database,144.95,190,2025-06-07
11497,159,13,Realigned 24/7 algorithm,796.42,445,2024-01-19
11498,23,3,Realigned optimal website,106.67,163,2026-01-12
11499,582,3,Ameliorated tertiary solution,741.02,287,2024-03-10
11500,578,12,Networked incremental ability,24.58,99,2025-07-30
11501,30,2,Optional heuristic methodology,671.12,328,2025-09-06
11502,402,12,Synergized 24/7 moderator,668.13,494,2025-07-23
11503,190,1,Progressive eco-centric benchmark,606.23,110,2023-11-09
11504,286,9,Team-oriented content-based project,882.43,98,2023-10-16
11505,233,11,Multi-tiered bandwidth-monitored application,421.62,472,2025-09-13
11506,375,7,Multi-channeled regional projection,444.91,313,2024-07-08
11507,385,7,Sharable 4thgeneration circuit,779.48,166,2024-02-23
11508,191,5,Progressive 3rdgeneration collaboration,109.49,390,2024-08-24
11509,518,5,Future-proofed 6thgeneration attitude,144.8,332,2026-02-24
11510,521,9,Reduced global capability,656.7,454,2025-09-23
11511,452,6,Inverse multimedia process improvement,431.24,324,2024-08-08
11512,448,13,Decentralized radical focus group,313.33,173,2025-06-18
11513,563,6,Open-source methodical orchestration,358.05,153,2025-01-20
11514,90,13,Multi-tiered foreground approach,627.49,91,2024-07-21
11515,141,8,Open-source demand-driven methodology,513.19,135,2025-03-01
11516,552,11,User-centric needs-based parallelism,119.05,334,2026-06-17
11517,573,6,Monitored web-enabled success,86.61,177,2023-10-23
11518,188,11,Diverse full-range challenge,471.62,499,2024-03-01
11519,335,2,Visionary mission-critical info-mediaries,82.39,239,2025-09-11
11520,544,7,Right-sized modular complexity,220.27,321,2023-05-20
11521,281,5,Compatible 3rdgeneration infrastructure,506.0,244,2025-09-20
11522,452,5,Switchable holistic focus group,403.22,208,2024-02-08
11523,599,8,Focused intermediate conglomeration,594.74,39,2023-02-07
11524,198,2,Virtual executive leverage,473.86,224,2024-01-02
11525,510,8,Exclusive even-keeled groupware,786.93,485,2025-05-06
11526,57,14,Assimilated empowering capability,371.77,276,2025-11-01
11527,535,11,Centralized disintermediate conglomeration,346.9,341,2024-08-02
11528,179,1,Reverse-engineered dedicated firmware,300.8,359,2023-03-04
11529,333,8,Vision-oriented client-driven structure,483.8,151,2025-04-06
11530,180,3,Face-to-face didactic hub,741.51,207,2024-03-04
11531,269,13,Multi-lateral static service-desk,369.22,47,2025-12-24
11532,415,14,Cross-group non-volatile knowledge user,289.59,58,2024-12-09
11533,239,2,Optional neutral matrices,123.7,150,2023-05-27
11534,240,12,Focused static hub,471.52,321,2026-06-15
11535,514,11,Team-oriented 6thgeneration encoding,758.36,319,2023-04-07
11536,545,12,Intuitive well-modulated migration,748.6,220,2025-11-08
11537,438,6,Configurable fresh-thinking hierarchy,710.11,471,2024-06-03
11538,448,14,Exclusive full-range framework,371.81,27,2023-07-29
11539,507,1,Streamlined grid-enabled migration,720.87,377,2024-12-17
11540,581,4,Organized leadingedge artificial intelligence,554.59,237,2023-03-17
11541,110,15,Centralized even-keeled frame,734.27,171,2025-01-26
11542,169,3,Secured logistical open system,351.94,39,2023-10-01
11543,270,7,Public-key full-range open system,861.33,191,2024-11-16
11544,158,12,Stand-alone client-driven contingency,593.98,376,2026-05-16
11545,370,12,Monitored web-enabled software,440.24,231,2024-02-05
11546,325,2,Multi-layered high-level customer loyalty,344.54,122,2023-10-13
11547,6,14,De-engineered non-volatile application,166.0,408,2025-08-06
11548,128,2,Quality-focused systemic open system,196.8,41,2025-10-21
11549,52,1,Team-oriented solution-oriented implementation,133.09,382,2024-07-23
11550,532,1,Networked real-time strategy,33.52,391,2025-12-28
11551,261,8,Assimilated zero administration throughput,876.5,161,2024-11-12
11552,369,8,Decentralized cohesive groupware,617.56,126,2024-08-17
11553,222,3,Realigned asynchronous Internet solution,506.55,117,2026-05-26
11554,70,4,Advanced fresh-thinking help-desk,119.01,339,2023-05-16
11555,563,13,Sharable encompassing hub,741.85,123,2025-05-01
11556,400,10,Persistent encompassing infrastructure,731.52,134,2026-07-01
11557,530,4,Intuitive global superstructure,325.69,262,2023-01-21
11558,537,5,Public-key national website,354.08,264,2025-10-15
11559,212,3,Networked logistical paradigm,521.97,400,2025-07-17
11560,324,9,Persistent multimedia Local Area Network,249.21,171,2025-05-24
11561,146,8,Reverse-engineered heuristic orchestration,100.78,331,2024-01-24
11562,478,1,Ergonomic encompassing parallelism,564.48,132,2024-09-04
11563,402,14,Synchronized context-sensitive analyzer,551.08,141,2024-12-13
11564,578,9,Seamless logistical migration,879.81,371,2023-03-01
11565,63,7,Digitized empowering process improvement,362.3,416,2023-02-27
11566,588,5,Universal analyzing framework,423.29,101,2023-04-22
11567,427,3,Total content-based forecast,830.11,217,2024-08-18
11568,416,12,Re-engineered demand-driven functionalities,886.36,257,2025-12-25
11569,580,10,Visionary 6thgeneration conglomeration,500.27,90,2024-07-02
11570,275,13,Down-sized national access,273.96,464,2024-05-11
11571,85,3,Re-engineered interactive firmware,656.44,350,2024-07-27
11572,144,11,Cross-group multi-tasking instruction set,836.34,296,2023-12-20
11573,470,5,Front-line impactful knowledge user,529.38,350,2026-03-07
11574,46,10,Expanded leadingedge intranet,466.52,350,2023-06-13
11575,147,3,Re-engineered dedicated hardware,39.05,490,2023-06-01
11576,350,11,Implemented needs-based paradigm,91.22,70,2025-11-05
11577,363,2,Fully-configurable 3rdgeneration matrix,193.13,260,2024-07-25
11578,33,6,Ameliorated reciprocal access,265.13,55,2025-03-05
11579,340,3,Self-enabling 24hour time-frame,896.63,250,2023-01-17
11580,2,13,Innovative radical budgetary management,485.99,463,2025-07-14
11581,511,8,Enhanced encompassing budgetary management,337.74,314,2023-04-21
11582,48,4,Distributed scalable moderator,162.43,493,2025-06-01
11583,28,8,Business-focused encompassing open architecture,221.51,389,2025-08-08
11584,522,12,Streamlined user-facing parallelism,261.8,82,2025-05-22
11585,479,5,Managed maximized model,793.18,158,2025-05-14
11586,279,11,Vision-oriented dynamic capability,201.21,397,2023-05-07
11587,214,3,Object-based optimizing Local Area Network,200.34,118,2026-01-20
11588,363,13,Re-engineered static challenge,235.49,228,2025-06-09
11589,493,4,Down-sized dynamic ability,54.33,182,2026-01-27
11590,352,9,Visionary modular Graphical User Interface,160.74,317,2025-05-15
11591,285,13,Distributed intermediate Graphical User Interface,310.43,491,2026-06-08
11592,430,9,Profit-focused client-driven superstructure,137.91,138,2024-02-26
11593,96,15,Devolved solution-oriented model,126.88,340,2023-06-13
11594,153,6,Balanced interactive strategy,857.61,187,2025-10-23
11595,514,10,Horizontal systemic complexity,470.12,376,2026-06-17
11596,173,12,Ameliorated fault-tolerant utilization,189.36,244,2026-01-17
11597,123,5,Ergonomic dynamic Internet solution,104.4,472,2024-11-06
11598,479,1,Distributed client-driven benchmark,598.36,230,2023-04-30
11599,469,8,Grass-roots reciprocal website,749.28,360,2024-01-17
11600,308,5,User-friendly executive alliance,808.38,418,2024-12-04
11601,308,12,Optional optimizing neural-net,744.01,240,2024-10-29
11602,449,2,Programmable directional hardware,97.27,429,2023-08-14
11603,383,13,De-engineered 24/7 algorithm,680.47,212,2025-12-14
11604,499,4,Synergized maximized moratorium,109.81,21,2023-09-25
11605,306,3,Multi-tiered multi-state matrices,351.54,151,2024-10-11
11606,440,15,Virtual contextually-based alliance,211.59,484,2024-07-26
11607,438,9,Face-to-face composite attitude,261.6,262,2024-03-13
11608,102,13,Grass-roots dynamic service-desk,16.23,293,2023-01-30
11609,197,14,Multi-lateral responsive groupware,314.84,347,2024-12-07
11610,516,12,Mandatory asynchronous pricing structure,431.22,193,2024-01-25
11611,192,12,Realigned client-driven capacity,723.57,179,2023-03-12
11612,192,8,Cloned systemic product,572.28,310,2023-11-13
11613,399,5,Optimized modular utilization,169.9,381,2023-01-14
11614,178,4,Enhanced impactful core,497.06,224,2023-11-29
11615,529,14,Synchronized coherent toolset,494.87,250,2024-05-25
11616,446,7,Inverse analyzing core,840.72,456,2024-09-21
11617,583,8,Down-sized foreground algorithm,42.45,332,2024-10-02
11618,593,12,Pre-emptive context-sensitive matrix,560.34,372,2023-08-28
11619,577,14,Compatible multi-tasking alliance,367.19,322,2024-07-01
11620,226,12,Virtual optimizing moderator,597.56,364,2024-05-05
11621,354,7,Function-based intangible projection,133.46,297,2024-11-13
11622,28,3,Right-sized systemic structure,70.45,39,2023-09-05
11623,521,8,Reverse-engineered mobile policy,9.8,22,2023-01-09
11624,42,9,Exclusive reciprocal monitoring,785.44,91,2023-09-19
11625,57,6,Visionary client-server moderator,216.02,383,2023-12-08
11626,44,9,Universal 6thgeneration concept,529.85,294,2025-01-05
11627,393,13,Managed intangible challenge,49.11,292,2025-12-18
11628,32,5,Open-architected clear-thinking emulation,385.07,36,2025-07-04
11629,120,14,Universal leadingedge infrastructure,765.01,442,2023-07-08
11630,293,8,Diverse object-oriented service-desk,777.67,92,2024-06-23
11631,477,14,Multi-tiered fresh-thinking workforce,320.43,289,2026-06-11
11632,103,13,Intuitive multi-tasking artificial intelligence,113.98,249,2024-01-28
11633,582,1,Proactive executive standardization,712.53,214,2024-10-25
11634,60,12,Distributed encompassing support,365.58,271,2025-10-26
11635,374,8,Fundamental bifurcated initiative,646.68,398,2023-03-21
11636,188,8,Multi-lateral motivating implementation,853.58,100,2023-09-06
11637,435,1,Fully-configurable upward-trending function,218.56,178,2023-04-19
11638,158,12,Future-proofed value-added success,278.3,445,2024-11-27
11639,16,7,Pre-emptive user-facing moratorium,740.96,487,2024-02-13
11640,130,12,Fully-configurable contextually-based initiative,419.39,427,2023-05-05
11641,358,3,Synchronized composite firmware,760.65,140,2023-06-30
11642,438,10,Robust radical architecture,733.2,398,2024-10-04
11643,442,15,Integrated eco-centric core,273.29,274,2025-05-01
11644,388,8,Centralized asynchronous function,359.9,325,2024-06-04
11645,422,10,Ergonomic neutral methodology,771.93,61,2024-07-23
11646,170,12,Operative directional time-frame,456.99,4,2023-02-05
11647,6,15,Visionary impactful framework,814.07,6,2023-08-13
11648,217,13,Persevering intangible function,846.99,227,2024-06-22
11649,196,8,Front-line zero-defect orchestration,461.96,250,2023-07-19
11650,18,13,Advanced full-range matrix,429.85,259,2024-01-01
11651,196,3,Integrated responsive product,136.8,433,2026-01-15
11652,229,4,Grass-roots grid-enabled open system,435.38,399,2023-12-03
11653,145,14,Sharable uniform conglomeration,896.84,368,2024-04-26
11654,276,6,Ergonomic systemic data-warehouse,44.73,175,2024-07-19
11655,122,8,Focused intermediate solution,446.95,188,2025-08-03
11656,552,7,Function-based user-facing projection,898.82,223,2023-06-10
11657,44,12,Configurable optimizing alliance,588.07,18,2023-02-08
11658,360,10,Robust demand-driven knowledgebase,82.22,62,2025-12-20
11659,391,3,Adaptive dynamic ability,581.48,137,2025-10-20
11660,245,10,Monitored 24/7 artificial intelligence,197.64,488,2024-02-27
11661,309,9,Synchronized 6thgeneration infrastructure,599.91,43,2024-08-07
11662,58,3,Compatible bandwidth-monitored conglomeration,358.3,301,2025-03-07
11663,231,2,Public-key reciprocal groupware,863.39,496,2024-12-12
11664,360,11,Cross-platform homogeneous orchestration,475.49,332,2023-02-08
11665,516,8,Persevering multi-state success,336.62,395,2024-11-24
11666,472,6,Cross-platform intermediate migration,93.16,353,2024-03-10
11667,113,9,Open-source executive Local Area Network,836.42,114,2026-02-03
11668,140,4,Devolved 6thgeneration moratorium,444.62,340,2026-01-05
11669,288,5,Compatible logistical capacity,234.22,274,2024-10-16
11670,17,2,Devolved value-added concept,602.51,323,2026-01-14
11671,90,4,Expanded background hierarchy,458.36,366,2024-09-02
11672,112,9,User-friendly homogeneous model,847.18,90,2026-06-15
11673,232,3,Phased exuding capacity,856.22,378,2024-07-27
11674,331,8,Exclusive zero tolerance challenge,46.1,240,2025-07-08
11675,256,4,Quality-focused bifurcated capacity,757.66,249,2023-03-19
11676,69,1,Programmable content-based utilization,382.89,98,2025-04-02
11677,46,6,Customer-focused motivating firmware,268.58,370,2026-03-03
11678,499,2,Implemented foreground implementation,169.53,295,2024-04-22
11679,81,11,Re-contextualized executive circuit,39.06,79,2025-03-05
11680,169,11,Vision-oriented high-level time-frame,584.97,239,2024-10-04
11681,429,14,Profit-focused contextually-based capacity,698.25,372,2026-05-09
11682,1,7,Synchronized homogeneous function,627.18,153,2023-08-26
11683,518,7,Robust maximized solution,556.52,198,2023-01-22
11684,369,7,Synergized tangible archive,365.61,430,2023-07-25
11685,87,14,Adaptive systematic utilization,664.62,284,2024-01-18
11686,564,10,Organized attitude-oriented framework,121.04,44,2023-02-05
11687,493,6,Enhanced bifurcated Local Area Network,454.87,155,2024-03-25
11688,370,9,Sharable bottom-line system engine,728.95,11,2026-04-13
11689,505,6,Profound solution-oriented benchmark,204.77,101,2025-02-11
11690,203,2,Multi-lateral coherent approach,862.19,296,2023-10-03
11691,514,11,Total zero administration portal,534.6,296,2023-07-13
11692,529,11,Horizontal asynchronous workforce,366.83,337,2025-08-30
11693,328,11,Team-oriented neutral architecture,358.24,221,2024-03-22
11694,257,15,Profound eco-centric knowledgebase,288.85,140,2026-04-26
11695,392,15,Realigned interactive circuit,255.38,350,2023-12-14
11696,177,1,Customer-focused multimedia algorithm,377.35,423,2026-03-08
11697,588,11,Expanded heuristic customer loyalty,142.08,396,2024-12-03
11698,542,13,Business-focused incremental moratorium,220.33,5,2024-02-10
11699,359,9,Enhanced holistic matrices,57.85,359,2026-02-04
11700,472,6,Mandatory directional database,368.11,488,2024-05-18
11701,261,12,Optional global superstructure,264.4,49,2023-03-22
11702,520,9,Quality-focused national open system,316.44,119,2024-08-17
11703,571,15,Switchable homogeneous protocol,493.96,471,2023-06-24
11704,191,8,Open-source tangible collaboration,653.64,83,2025-07-16
11705,454,9,Customizable radical algorithm,706.13,147,2023-04-07
11706,509,10,Cross-group bottom-line extranet,752.6,320,2024-01-20
11707,141,9,Diverse mobile frame,75.69,285,2023-07-02
11708,396,11,Phased reciprocal pricing structure,429.07,460,2025-10-02
11709,463,11,Seamless intermediate emulation,88.94,3,2024-04-07
11710,292,1,Up-sized mobile infrastructure,161.17,493,2025-10-03
11711,225,7,Universal 24hour protocol,64.1,159,2024-10-16
11712,466,13,Universal context-sensitive forecast,894.97,54,2025-08-28
11713,68,9,Re-contextualized didactic solution,248.43,270,2023-01-12
11714,19,13,Virtual zero tolerance protocol,60.63,384,2023-02-01
11715,93,4,De-engineered needs-based circuit,218.71,426,2023-12-12
11716,121,5,Programmable regional process improvement,742.96,301,2023-02-07
11717,262,15,Centralized needs-based Graphical User Interface,12.17,47,2024-05-21
11718,585,3,Pre-emptive eco-centric focus group,102.49,338,2026-02-17
11719,80,10,Expanded 5thgeneration forecast,139.24,393,2025-10-04
11720,151,5,Re-engineered background hierarchy,263.28,330,2025-07-07
11721,431,5,Upgradable homogeneous toolset,293.45,38,2025-11-26
11722,318,7,Centralized multimedia intranet,506.97,455,2023-07-22
11723,383,15,Enhanced full-range matrix,621.0,279,2024-02-06
11724,212,15,Multi-layered heuristic algorithm,360.46,168,2026-06-25
11725,454,5,Fundamental eco-centric utilization,441.2,22,2026-04-24
11726,107,5,Vision-oriented attitude-oriented project,466.22,379,2023-09-01
11727,190,12,Balanced encompassing Graphical User Interface,607.59,385,2023-01-31
11728,524,13,Enhanced exuding circuit,205.68,482,2025-12-05
11729,135,14,Persevering multi-tasking frame,672.55,177,2025-05-14
11730,125,10,Realigned bottom-line open system,425.73,325,2026-04-04
11731,388,9,Down-sized multimedia synergy,798.77,69,2025-02-11
11732,413,7,Multi-layered solution-oriented help-desk,616.73,297,2023-08-31
11733,395,12,Horizontal full-range emulation,762.0,432,2026-03-06
11734,162,12,Triple-buffered empowering superstructure,646.8,234,2025-07-16
11735,28,11,Team-oriented reciprocal orchestration,755.56,415,2025-05-19
11736,386,6,Organized context-sensitive workforce,413.07,463,2024-08-30
11737,552,12,Re-contextualized client-driven matrices,384.67,430,2026-05-07
11738,461,8,Organic optimizing pricing structure,598.92,163,2026-05-14
11739,476,8,Multi-lateral executive challenge,393.14,109,2025-11-04
11740,17,1,Automated client-server hub,812.68,162,2023-03-11
11741,422,9,Visionary non-volatile firmware,124.12,335,2024-05-23
11742,487,4,Seamless grid-enabled help-desk,754.88,114,2026-03-05
11743,245,5,Persistent web-enabled complexity,423.52,144,2023-07-11
11744,180,7,Fully-configurable cohesive Graphic Interface,451.38,256,2025-04-08
11745,346,8,Multi-channeled 24hour projection,51.71,125,2026-01-20
11746,377,5,Re-engineered maximized Graphical User Interface,756.89,1,2025-01-06
11747,160,2,Expanded coherent function,875.87,449,2024-03-06
11748,139,2,User-centric composite frame,227.44,1,2024-11-11
11749,527,13,Upgradable responsive open system,397.73,286,2026-04-10
11750,172,13,Implemented upward-trending circuit,567.6,268,2023-01-31
11751,169,12,Virtual 24hour productivity,699.27,482,2023-11-17
11752,355,6,Robust upward-trending instruction set,700.6,445,2025-10-20
11753,408,10,Diverse fresh-thinking Local Area Network,682.15,28,2025-11-14
11754,536,9,Proactive responsive support,197.67,416,2023-03-07
11755,450,10,Fully-configurable full-range complexity,660.06,371,2023-05-21
11756,11,7,Function-based attitude-oriented database,119.01,350,2023-06-20
11757,355,12,Streamlined scalable task-force,257.41,395,2024-09-19
11758,301,10,Cross-group upward-trending hierarchy,75.46,423,2025-10-04
11759,318,15,Reduced next generation workforce,765.79,1,2026-01-23
11760,293,9,Open-architected homogeneous instruction set,669.58,249,2023-09-12
11761,115,12,Organic eco-centric Internet solution,398.65,394,2023-11-21
11762,301,10,Secured asymmetric open system,477.94,161,2026-04-14
11763,387,4,Versatile intangible infrastructure,234.2,216,2025-02-04
11764,49,10,Exclusive stable methodology,229.29,213,2023-10-17
11765,402,8,Face-to-face client-driven migration,164.75,5,2025-11-01
11766,389,3,Profound motivating standardization,505.87,252,2023-04-27
11767,86,15,Object-based coherent help-desk,643.43,73,2023-07-26
11768,382,14,Profit-focused fault-tolerant capacity,768.46,217,2025-07-08
11769,64,2,Switchable 24hour toolset,610.83,317,2023-06-06
11770,524,8,Enhanced content-based extranet,111.29,56,2023-01-15
11771,275,13,De-engineered fault-tolerant function,303.57,312,2026-03-18
11772,163,12,Devolved cohesive strategy,801.93,243,2023-06-10
11773,529,14,Re-engineered zero administration portal,549.37,478,2023-02-15
11774,154,3,Cross-platform logistical capacity,75.49,53,2026-02-11
11775,597,11,Implemented executive algorithm,360.83,160,2023-03-13
11776,196,15,Cloned encompassing success,284.63,55,2023-07-04
11777,486,4,Proactive coherent project,269.34,480,2025-09-15
11778,263,15,Digitized client-driven conglomeration,83.74,208,2024-12-08
11779,373,5,Up-sized exuding orchestration,298.25,412,2024-01-11
11780,254,14,Face-to-face responsive access,189.75,174,2025-01-15
11781,77,7,Integrated foreground policy,715.45,386,2024-09-09
11782,90,6,Universal neutral task-force,592.0,207,2024-02-01
11783,25,12,Cross-platform national attitude,180.77,102,2024-04-21
11784,525,7,Multi-layered analyzing task-force,644.9,260,2025-03-29
11785,341,1,User-friendly explicit projection,53.77,479,2024-08-26
11786,269,4,Reverse-engineered methodical protocol,296.38,460,2024-10-11
11787,2,2,Public-key bandwidth-monitored encryption,884.43,44,2025-04-26
11788,375,4,Future-proofed human-resource projection,360.86,236,2023-02-10
11789,403,11,Compatible needs-based groupware,394.46,218,2025-09-09
11790,498,9,Polarized client-server forecast,564.42,420,2024-03-01
11791,272,2,Programmable leadingedge conglomeration,281.49,175,2023-11-03
11792,281,14,Face-to-face regional open architecture,251.53,479,2025-06-06
11793,282,13,Intuitive maximized productivity,527.65,350,2024-10-09
11794,222,6,Synchronized radical focus group,826.04,292,2023-02-05
11795,272,4,Down-sized 4thgeneration array,867.29,376,2023-06-05
11796,534,5,Open-source disintermediate budgetary management,40.14,454,2025-02-14
11797,214,10,Multi-lateral optimizing orchestration,142.3,364,2024-06-11
11798,414,6,Visionary bandwidth-monitored strategy,92.99,462,2024-02-23
11799,149,15,Automated 5thgeneration installation,412.9,25,2023-03-12
11800,307,10,Multi-channeled directional software,591.65,53,2023-12-21
11801,440,13,Public-key background infrastructure,858.45,462,2024-07-27
11802,242,9,Persistent stable hub,242.42,241,2023-02-22
11803,575,2,Diverse needs-based process improvement,520.38,81,2023-02-05
11804,372,1,Proactive mission-critical leverage,837.18,48,2025-02-23
11805,217,4,Profound regional solution,512.05,376,2023-11-07
11806,250,14,Horizontal heuristic attitude,855.52,200,2023-09-18
11807,326,10,Advanced analyzing knowledgebase,897.07,68,2026-02-05
11808,439,6,Virtual explicit knowledge user,443.18,402,2023-09-03
11809,114,12,Cross-platform human-resource throughput,777.21,311,2023-12-12
11810,301,10,Future-proofed leadingedge project,670.21,71,2025-11-12
11811,217,1,Advanced content-based forecast,795.99,218,2023-12-21
11812,245,13,Cloned executive capacity,481.14,262,2024-03-09
11813,175,5,Universal fault-tolerant knowledgebase,330.82,212,2025-10-08
11814,585,2,Re-engineered non-volatile service-desk,446.73,204,2023-09-08
11815,587,7,Team-oriented didactic service-desk,12.03,317,2023-06-24
11816,98,8,Robust well-modulated help-desk,130.87,485,2023-11-02
11817,243,4,Operative bottom-line orchestration,851.6,360,2024-10-30
11818,579,2,Object-based methodical matrix,227.76,107,2025-01-10
11819,212,2,Managed heuristic pricing structure,815.64,126,2024-12-22
11820,443,3,Team-oriented eco-centric parallelism,642.09,278,2025-07-31
11821,141,12,Managed needs-based database,283.42,181,2023-02-15
11822,280,12,Face-to-face system-worthy orchestration,836.95,466,2023-02-27
11823,589,5,Ameliorated reciprocal attitude,97.65,406,2025-07-03
11824,509,2,Future-proofed directional emulation,681.65,219,2026-02-01
11825,170,9,Cross-platform national Local Area Network,601.23,275,2023-12-21
11826,80,9,Mandatory dedicated groupware,587.21,148,2024-08-07
11827,396,9,Phased 24/7 concept,149.13,469,2023-07-18
11828,410,4,Diverse incremental intranet,340.97,306,2025-09-26
11829,5,4,Profit-focused contextually-based forecast,473.24,436,2024-08-06
11830,450,15,User-centric empowering core,211.46,497,2023-11-29
11831,223,15,Innovative local adapter,129.44,70,2024-05-31
11832,163,14,Synchronized interactive intranet,392.34,231,2026-02-13
11833,220,7,Function-based methodical budgetary management,463.63,40,2023-11-21
11834,349,5,Optional reciprocal Graphical User Interface,98.09,175,2023-10-07
11835,534,13,Optional solution-oriented neural-net,439.19,416,2026-01-13
11836,287,8,Operative actuating attitude,315.71,3,2024-07-22
11837,265,8,Proactive maximized moratorium,258.3,46,2025-06-25
11838,435,5,Mandatory 24hour matrix,197.26,137,2023-06-09
11839,4,6,Proactive empowering capacity,415.12,153,2023-03-10
11840,396,12,Decentralized full-range Internet solution,292.95,386,2024-12-17
11841,223,3,Organic dynamic process improvement,523.22,323,2023-09-20
11842,275,5,Reactive holistic collaboration,753.06,339,2026-01-06
11843,238,5,Versatile intermediate access,655.54,60,2026-03-27
11844,378,6,Public-key composite database,827.55,385,2026-01-31
11845,461,8,Assimilated system-worthy application,289.72,414,2024-06-24
11846,506,3,Phased exuding superstructure,646.7,401,2023-09-05
11847,330,11,Networked value-added capacity,408.16,466,2025-05-26
11848,434,3,Robust composite implementation,314.91,365,2023-01-02
11849,107,12,Fundamental 24/7 solution,388.77,88,2024-01-19
11850,27,5,Object-based bi-directional function,179.68,426,2025-07-07
11851,455,2,De-engineered empowering collaboration,236.84,443,2024-08-07
11852,562,15,Customizable web-enabled firmware,430.94,144,2025-11-26
11853,257,10,Open-architected incremental help-desk,870.1,219,2023-08-28
11854,357,3,Cross-platform needs-based workforce,833.45,446,2024-05-01
11855,6,6,Reactive client-server success,677.56,281,2023-10-01
11856,53,14,Devolved upward-trending concept,883.34,437,2023-04-07
11857,521,3,Virtual context-sensitive interface,24.08,242,2025-10-25
11858,5,10,Compatible heuristic productivity,453.87,459,2024-01-09
11859,176,1,Universal logistical interface,524.33,66,2024-12-30
11860,182,11,Reverse-engineered impactful algorithm,107.93,331,2026-04-30
11861,281,13,Horizontal transitional task-force,134.05,325,2024-12-08
11862,266,8,Reverse-engineered responsive help-desk,510.58,108,2023-04-12
11863,161,8,De-engineered coherent Graphical User Interface,779.45,297,2023-09-25
11864,595,1,Fundamental bi-directional Local Area Network,154.93,44,2023-02-16
11865,16,13,Self-enabling 4thgeneration parallelism,606.94,85,2023-12-13
11866,491,10,Vision-oriented static frame,507.47,408,2023-10-06
11867,370,14,Vision-oriented 24/7 open architecture,419.92,499,2026-03-14
11868,525,15,Fundamental dedicated synergy,475.25,170,2026-06-08
11869,257,15,Digitized dynamic standardization,194.44,220,2023-03-11
11870,238,3,Polarized foreground contingency,757.45,153,2023-04-11
11871,565,1,Synergistic responsive standardization,770.82,239,2025-08-27
11872,33,1,Virtual dynamic archive,213.5,395,2025-12-29
11873,107,8,Robust global customer loyalty,99.68,177,2023-04-11
11874,389,9,Customer-focused regional secured line,298.34,150,2025-02-19
11875,14,9,Enhanced zero-defect attitude,461.52,287,2026-04-14
11876,379,14,Universal 5thgeneration instruction set,520.42,489,2023-04-13
11877,555,6,Realigned fault-tolerant contingency,109.76,183,2023-06-22
11878,192,3,Synergized interactive Graphical User Interface,583.26,261,2025-05-03
11879,393,1,Profit-focused asynchronous service-desk,24.26,293,2026-04-09
11880,468,12,Organized bottom-line website,264.32,143,2023-08-13
11881,106,13,Stand-alone optimizing matrices,400.62,191,2026-04-08
11882,64,4,Organized radical moratorium,368.14,426,2025-10-22
11883,501,4,Balanced high-level standardization,426.74,356,2024-12-05
11884,22,13,Extended 6thgeneration firmware,99.57,161,2026-05-18
11885,590,7,Focused 4thgeneration algorithm,457.99,266,2024-02-22
11886,276,13,Future-proofed bi-directional system engine,210.18,69,2026-03-01
11887,453,9,Customer-focused non-volatile productivity,829.37,218,2025-10-01
11888,77,6,Inverse intermediate portal,284.45,481,2024-01-13
11889,581,12,Mandatory multi-tasking algorithm,687.56,173,2026-06-25
11890,332,13,Open-architected fresh-thinking collaboration,438.98,403,2026-04-05
11891,310,8,Operative local flexibility,605.98,335,2025-10-14
11892,53,1,Re-contextualized mobile implementation,423.61,45,2026-05-14
11893,86,12,Business-focused demand-driven protocol,581.56,381,2023-04-07
11894,238,6,Integrated bottom-line success,173.84,205,2024-04-01
11895,358,10,Versatile homogeneous Internet solution,137.94,320,2025-08-20
11896,184,4,Triple-buffered local capacity,242.8,490,2024-11-24
11897,89,6,Automated asynchronous leverage,291.87,492,2026-01-17
11898,445,7,Ameliorated mission-critical time-frame,226.59,475,2023-08-14
11899,279,11,Open-source system-worthy alliance,203.01,238,2023-04-26
11900,385,2,Triple-buffered bottom-line toolset,62.54,155,2023-10-26
11901,119,2,Up-sized leadingedge capacity,760.44,356,2025-12-04
11902,513,10,Grass-roots attitude-oriented analyzer,726.26,313,2024-06-09
11903,118,10,Down-sized tertiary migration,137.4,363,2025-03-02
11904,334,11,Monitored incremental database,524.68,60,2025-09-01
11905,211,4,Business-focused leadingedge attitude,357.54,199,2025-05-16
11906,313,9,Focused eco-centric installation,112.38,114,2023-06-30
11907,224,13,Public-key context-sensitive website,408.23,135,2023-02-17
11908,1,12,Managed multi-state approach,88.09,279,2023-04-29
11909,120,14,Stand-alone bifurcated policy,101.22,459,2025-04-19
11910,254,9,Sharable fault-tolerant archive,152.33,140,2024-07-09
11911,241,3,Operative tangible solution,349.06,395,2024-06-27
11912,583,14,Synchronized human-resource knowledge user,661.96,41,2025-11-18
11913,514,2,Polarized context-sensitive analyzer,579.34,249,2025-10-22
11914,339,14,Multi-layered responsive throughput,296.53,230,2026-05-09
11915,116,6,Reverse-engineered content-based model,260.06,122,2025-03-31
11916,594,9,Assimilated clear-thinking alliance,813.17,20,2024-03-13
11917,277,6,Polarized human-resource array,544.18,131,2025-12-29
11918,210,1,Intuitive homogeneous attitude,877.32,145,2026-06-17
11919,280,1,Configurable methodical implementation,474.43,311,2023-05-23
11920,35,1,Monitored eco-centric Internet solution,377.67,166,2025-03-31
11921,554,2,Expanded 24/7 flexibility,544.57,359,2024-03-18
11922,193,15,Innovative motivating project,874.46,458,2024-01-26
11923,88,7,Ergonomic next generation throughput,426.21,491,2023-12-11
11924,399,13,Grass-roots modular algorithm,349.39,8,2024-05-01
11925,50,8,Cloned bi-directional software,315.54,172,2026-02-28
11926,589,10,Versatile system-worthy Graphical User Interface,29.23,484,2025-05-31
11927,285,1,Fundamental multi-state parallelism,466.71,30,2025-02-08
11928,459,2,Ameliorated scalable product,56.35,53,2025-06-23
11929,385,6,Public-key web-enabled productivity,92.66,411,2024-10-29
11930,167,14,Reactive bandwidth-monitored toolset,755.78,276,2025-02-22
11931,337,4,Managed full-range knowledge user,653.26,148,2026-04-01
11932,279,6,Reactive analyzing approach,623.06,364,2025-12-27
11933,201,10,Ergonomic content-based function,173.44,268,2025-01-16
11934,446,7,Distributed multi-tasking algorithm,660.96,170,2024-06-08
11935,579,4,Innovative intermediate hub,233.9,236,2025-11-10
11936,109,13,Total next generation throughput,137.24,210,2025-11-25
11937,562,9,Multi-tiered encompassing task-force,660.2,3,2025-08-18
11938,572,14,Universal 3rdgeneration portal,341.41,360,2024-05-03
11939,181,1,Fundamental analyzing functionalities,77.42,237,2023-03-23
11940,224,1,Down-sized contextually-based utilization,444.01,397,2025-12-11
11941,124,8,Virtual systemic circuit,666.02,65,2024-05-26
11942,177,6,Implemented hybrid strategy,305.19,271,2026-01-19
11943,117,2,Enterprise-wide national model,583.9,366,2026-06-27
11944,120,3,Operative transitional challenge,665.25,237,2025-05-07
11945,101,15,Inverse context-sensitive infrastructure,329.52,48,2026-01-22
11946,31,8,Phased grid-enabled database,897.74,440,2024-06-28
11947,319,3,Versatile fault-tolerant system engine,240.61,239,2025-06-09
11948,20,1,Sharable stable pricing structure,232.28,337,2023-10-12
11949,354,10,Centralized uniform middleware,402.16,210,2024-10-08
11950,509,2,Versatile hybrid alliance,169.33,131,2024-09-02
11951,359,9,Compatible dynamic workforce,274.68,225,2026-03-09
11952,362,2,Pre-emptive exuding concept,537.59,32,2024-06-04
11953,588,14,Realigned leadingedge application,812.26,9,2023-05-17
11954,271,1,Cross-group background moderator,624.97,300,2023-02-13
11955,343,5,Secured optimal toolset,838.1,153,2024-09-29
11956,586,7,Organized bi-directional open system,157.11,380,2025-02-05
11957,149,14,Assimilated leadingedge attitude,103.02,178,2024-05-19
11958,565,15,Reduced intermediate orchestration,743.44,233,2024-03-20
11959,597,15,Synergized bandwidth-monitored focus group,715.41,344,2023-04-09
11960,469,15,Balanced next generation firmware,366.3,380,2025-04-03
11961,498,6,Fully-configurable human-resource frame,632.9,433,2024-06-09
11962,305,3,Mandatory fresh-thinking access,17.61,431,2024-05-07
11963,107,14,Organized tertiary data-warehouse,879.3,164,2025-09-11
11964,506,1,User-centric cohesive process improvement,366.91,461,2024-12-11
11965,571,2,Synergistic multi-state capability,96.7,67,2024-07-22
11966,378,13,Profit-focused local frame,57.25,242,2025-06-15
11967,564,4,Configurable logistical data-warehouse,394.82,167,2023-03-29
11968,432,12,Decentralized clear-thinking Local Area Network,462.85,447,2023-07-30
11969,583,3,Innovative discrete orchestration,892.65,235,2023-09-03
11970,429,7,Vision-oriented stable middleware,158.32,438,2026-05-28
11971,235,6,Customizable 6thgeneration success,166.28,214,2023-01-03
11972,87,8,Business-focused upward-trending function,897.65,490,2025-07-05
11973,178,14,Centralized encompassing alliance,377.9,171,2025-10-31
11974,69,14,Secured mission-critical data-warehouse,808.1,65,2025-06-09
11975,101,4,Cross-platform actuating architecture,305.23,406,2024-06-16
11976,140,14,Cross-platform encompassing neural-net,409.88,432,2023-01-12
11977,85,11,Programmable fault-tolerant system engine,888.62,497,2026-02-02
11978,132,4,Down-sized empowering info-mediaries,186.01,396,2023-09-29
11979,59,1,Vision-oriented zero administration paradigm,153.62,441,2024-04-01
11980,45,5,Balanced asynchronous customer loyalty,747.85,445,2025-03-28
11981,483,12,Centralized demand-driven process improvement,281.43,399,2025-07-17
11982,97,9,Ergonomic didactic functionalities,832.05,367,2025-02-01
11983,226,4,User-friendly static customer loyalty,106.3,39,2024-11-27
11984,414,5,Innovative background conglomeration,628.87,112,2024-10-25
11985,425,3,Balanced static structure,856.07,480,2026-02-11
11986,472,6,Polarized eco-centric budgetary management,178.02,54,2025-11-08
11987,265,9,Cross-platform content-based workforce,840.59,434,2024-04-29
11988,244,7,Stand-alone clear-thinking model,262.47,77,2023-08-15
11989,353,3,Future-proofed cohesive software,739.33,445,2026-04-17
11990,425,5,Universal needs-based service-desk,330.63,266,2025-08-14
11991,65,7,Operative eco-centric challenge,348.67,332,2026-06-06
11992,215,12,Business-focused 24hour paradigm,47.19,67,2023-11-26
11993,99,7,Multi-channeled clear-thinking process improvement,683.54,282,2025-11-17
11994,48,8,Multi-tiered real-time challenge,7.79,262,2023-11-16
11995,86,14,Assimilated impactful paradigm,632.19,459,2024-11-15
11996,345,8,Devolved methodical Graphic Interface,240.25,415,2023-06-29
11997,138,13,Front-line empowering open architecture,679.3,51,2024-01-01
11998,107,9,Customizable demand-driven support,493.79,492,2024-02-04
11999,298,1,Innovative user-facing access,770.11,39,2025-08-18
12000,589,12,Implemented multimedia website,69.78,461,2024-09-14
