return_id,order_item_id,return_reason,return_date,refund_amount
1,95169,Arrived damaged,2024-12-09,216.04
2,34858,Item defective,2024-04-29,473.64
3,89083,Arrived damaged,2024-12-27,479.02
4,7544,Wrong size,2024-02-16,240.39
5,8444,Wrong size,2025-04-05,150.68
6,45122,Arrived damaged,2026-02-16,316.2
7,73992,Not as described,2024-01-12,442.36
8,82892,Item defective,2023-01-30,298.57
9,79777,Wrong size,2025-11-21,174.18
10,82192,Item defective,2024-02-17,384.36
11,86013,Changed my mind,2024-06-28,92.07
12,94087,Arrived damaged,2024-01-15,324.8
13,11452,Arrived damaged,2023-02-14,329.82
14,38340,Wrong size,2024-12-28,267.52
15,38645,Arrived damaged,2023-02-18,438.11
16,22227,Arrived damaged,2025-02-14,130.84
17,79365,Changed my mind,2024-11-08,211.29
18,60478,Wrong size,2025-05-29,263.26
19,49067,Wrong size,2023-12-11,424.93
20,79135,Not as described,2023-10-05,380.13
21,22738,Not as described,2023-07-17,116.38
22,38285,Changed my mind,2026-06-07,454.1
23,29373,Changed my mind,2025-10-12,277.74
24,79679,Not as described,2025-03-26,188.7
25,88281,Arrived damaged,2025-02-13,310.22
26,91475,Arrived damaged,2026-01-18,342.76
27,66028,Wrong size,2026-01-10,426.33
28,70900,Not as described,2023-09-26,155.14
29,35187,Not as described,2026-05-24,360.38
30,39383,Not as described,2024-01-03,499.17
31,3562,Changed my mind,2023-07-08,380.97
32,8958,Wrong size,2025-01-22,204.35
33,79203,Wrong size,2024-09-09,410.25
34,69583,Not as described,2025-09-13,58.33
35,10340,Item defective,2025-11-16,405.87
36,62392,Changed my mind,2024-11-17,396.96
37,50553,Not as described,2023-04-03,250.44
38,55922,Not as described,2026-03-05,216.01
39,32260,Arrived damaged,2023-11-09,480.37
40,693,Not as described,2023-02-25,478.38
41,73903,Not as described,2026-02-22,152.07
42,30509,Arrived damaged,2025-05-20,17.24
43,71578,Not as described,2026-03-21,310.97
44,26062,Wrong size,2026-01-27,75.37
45,93427,Item defective,2023-04-20,139.33
46,51756,Arrived damaged,2023-11-22,409.16
47,88666,Item defective,2023-06-22,18.84
48,57428,Item defective,2023-05-06,251.04
49,94306,Item defective,2025-09-19,164.15
50,84245,Arrived damaged,2026-03-16,216.69
51,98324,Item defective,2024-01-22,163.74
52,92548,Changed my mind,2024-07-08,310.38
53,93976,Wrong size,2023-03-30,332.25
54,58709,Wrong size,2025-10-20,348.08
55,8574,Arrived damaged,2024-10-28,25.84
56,59789,Not as described,2023-11-27,475.13
57,89305,Not as described,2023-01-20,138.79
58,14447,Item defective,2023-04-10,270.2
59,41716,Changed my mind,2026-04-22,392.2
60,93850,Arrived damaged,2024-10-21,364.02
61,41126,Item defective,2023-07-13,216.64
62,72807,Item defective,2024-03-02,183.53
63,51741,Not as described,2025-03-06,305.77
64,57902,Wrong size,2024-08-03,314.83
65,79588,Not as described,2023-06-27,197.32
66,69275,Item defective,2024-06-25,485.48
67,46988,Wrong size,2023-01-20,132.55
68,65893,Not as described,2023-10-15,340.0
69,52382,Changed my mind,2025-01-16,293.21
70,29378,Not as described,2025-11-03,22.28
71,71345,Not as described,2025-02-12,498.75
72,22301,Arrived damaged,2025-12-02,487.96
73,10689,Not as described,2023-07-03,188.68
74,97610,Changed my mind,2024-07-07,372.05
75,20762,Changed my mind,2025-12-02,48.47
76,75977,Wrong size,2024-11-08,228.71
77,33792,Not as described,2023-06-12,233.15
78,87581,Item defective,2024-07-16,16.21
79,43404,Wrong size,2024-10-15,273.83
80,80140,Item defective,2026-05-02,379.18
81,20467,Not as described,2026-02-18,484.83
82,52027,Wrong size,2023-11-05,36.41
83,22351,Not as described,2023-06-06,485.07
84,96835,Not as described,2023-11-02,93.11
85,89358,Arrived damaged,2023-07-11,139.14
86,15647,Changed my mind,2024-06-21,349.57
87,72414,Not as described,2023-08-02,493.71
88,44650,Wrong size,2023-08-27,145.46
89,43472,Arrived damaged,2023-09-30,447.5
90,16388,Wrong size,2024-12-24,363.64
91,69232,Item defective,2025-04-22,278.92
92,38874,Not as described,2025-05-02,426.82
93,45355,Wrong size,2024-04-20,106.32
94,63560,Item defective,2023-08-21,497.36
95,84169,Changed my mind,2023-05-02,305.61
96,49632,Arrived damaged,2025-09-02,68.29
97,30575,Wrong size,2023-02-11,171.48
98,95291,Wrong size,2024-07-16,217.1
99,9962,Not as described,2025-03-16,386.6
100,97434,Changed my mind,2024-04-06,290.23
101,40229,Item defective,2023-11-11,416.67
102,34219,Arrived damaged,2023-05-06,434.81
103,55527,Arrived damaged,2024-05-22,270.92
104,82569,Arrived damaged,2023-12-15,310.12
105,49795,Wrong size,2024-12-31,235.66
106,28440,Changed my mind,2024-04-05,461.0
107,35724,Arrived damaged,2023-11-22,381.57
108,48379,Item defective,2024-02-23,106.33
109,20259,Changed my mind,2025-01-16,239.14
110,98139,Arrived damaged,2025-10-18,255.28
111,72726,Arrived damaged,2024-07-03,456.89
112,7521,Not as described,2025-07-04,463.29
113,87220,Changed my mind,2023-04-15,459.11
114,29287,Arrived damaged,2025-11-18,261.84
115,4611,Changed my mind,2024-11-02,327.17
116,63893,Item defective,2025-05-07,229.62
117,7478,Arrived damaged,2023-07-05,198.3
118,71181,Not as described,2023-04-17,152.72
119,24186,Arrived damaged,2024-03-12,105.55
120,15625,Wrong size,2024-12-02,386.28
121,36052,Item defective,2023-09-01,135.9
122,20783,Not as described,2025-08-02,483.52
123,36973,Arrived damaged,2026-07-01,5.39
124,95525,Item defective,2025-07-14,25.0
125,82918,Arrived damaged,2026-02-01,195.45
126,23282,Not as described,2023-12-11,235.78
127,59114,Arrived damaged,2026-03-25,343.17
128,18352,Changed my mind,2024-07-23,387.52
129,63598,Item defective,2023-11-27,397.08
130,40092,Arrived damaged,2024-04-18,99.14
131,92254,Wrong size,2023-03-05,161.49
132,51460,Arrived damaged,2024-02-28,477.69
133,91601,Not as described,2024-05-14,36.22
134,40293,Changed my mind,2025-01-03,55.46
135,56191,Not as described,2024-08-26,236.32
136,83170,Arrived damaged,2024-10-06,397.7
137,26369,Item defective,2026-05-14,132.19
138,12303,Changed my mind,2024-03-27,248.5
139,52727,Not as described,2024-12-09,56.37
140,75522,Item defective,2025-08-02,381.8
141,8033,Arrived damaged,2023-05-08,74.55
142,89442,Wrong size,2025-02-10,362.96
143,12389,Arrived damaged,2025-10-13,214.44
144,52462,Arrived damaged,2023-12-20,160.91
145,81136,Arrived damaged,2024-11-26,360.83
146,58670,Item defective,2024-04-19,495.66
147,88588,Changed my mind,2025-04-02,261.44
148,81498,Changed my mind,2024-08-09,331.51
149,31141,Wrong size,2024-04-24,206.08
150,43761,Arrived damaged,2023-02-20,269.33
151,79676,Item defective,2024-12-06,175.02
152,79957,Arrived damaged,2023-05-18,34.86
153,58122,Arrived damaged,2025-03-30,31.93
154,85474,Item defective,2023-04-17,324.06
155,21467,Wrong size,2025-02-23,28.09
156,84564,Not as described,2024-02-09,191.44
157,6521,Not as described,2025-12-31,143.64
158,82425,Item defective,2025-10-27,317.07
159,72532,Item defective,2024-11-09,158.61
160,69421,Arrived damaged,2023-07-01,27.28
161,98459,Not as described,2025-10-12,72.09
162,46569,Item defective,2025-03-23,356.78
163,8752,Changed my mind,2025-06-13,9.7
164,40037,Wrong size,2025-03-21,139.02
165,90372,Item defective,2026-06-14,420.22
166,99855,Arrived damaged,2023-11-22,348.06
167,36062,Not as described,2024-08-18,396.78
168,63444,Not as described,2024-07-08,140.38
169,21772,Item defective,2025-09-15,140.77
170,29577,Not as described,2025-02-13,259.27
171,26576,Item defective,2026-02-17,432.87
172,97297,Not as described,2025-08-16,154.37
173,28821,Item defective,2025-07-27,460.23
174,95617,Arrived damaged,2023-11-01,245.36
175,49592,Wrong size,2024-08-12,52.02
176,24399,Item defective,2024-12-18,420.2
177,43530,Arrived damaged,2025-06-06,301.06
178,66584,Item defective,2026-06-23,86.57
179,81027,Wrong size,2024-12-24,221.83
180,69354,Changed my mind,2023-07-20,96.98
181,4157,Item defective,2023-09-11,344.25
182,69433,Changed my mind,2023-09-12,318.04
183,61098,Arrived damaged,2024-03-24,435.76
184,84896,Changed my mind,2023-11-06,158.37
185,76167,Changed my mind,2026-05-03,105.06
186,19598,Arrived damaged,2024-12-14,396.93
187,19546,Wrong size,2023-05-04,282.99
188,6274,Wrong size,2026-02-10,353.96
189,13836,Arrived damaged,2026-03-21,8.05
190,54217,Not as described,2024-01-15,18.26
191,73215,Item defective,2026-05-16,10.52
192,25596,Arrived damaged,2025-06-08,50.81
193,3660,Changed my mind,2025-01-05,143.22
194,31131,Changed my mind,2023-08-17,31.58
195,97159,Item defective,2024-03-11,99.63
196,48172,Arrived damaged,2025-03-25,365.14
197,8107,Not as described,2026-01-17,307.19
198,8917,Changed my mind,2025-12-16,419.85
199,89455,Wrong size,2025-05-07,430.66
200,91013,Changed my mind,2024-12-27,411.91
201,75922,Wrong size,2025-03-27,188.07
202,158,Not as described,2023-10-18,468.19
203,28411,Wrong size,2025-08-04,432.93
204,38342,Changed my mind,2023-02-07,296.71
205,36456,Changed my mind,2025-03-07,478.51
206,65551,Item defective,2025-08-02,43.5
207,75153,Arrived damaged,2023-10-18,158.11
208,74506,Arrived damaged,2025-11-22,296.7
209,26758,Changed my mind,2024-03-25,344.7
210,71920,Wrong size,2023-07-18,144.98
211,38766,Wrong size,2026-02-19,310.11
212,71027,Changed my mind,2023-08-25,330.64
213,66999,Wrong size,2025-04-21,172.83
214,23847,Changed my mind,2024-01-30,272.12
215,2718,Wrong size,2023-11-16,336.2
216,46416,Item defective,2024-06-12,107.76
217,43338,Changed my mind,2026-01-18,229.03
218,48210,Item defective,2023-08-15,250.99
219,92553,Item defective,2026-05-28,284.52
220,28645,Arrived damaged,2024-10-22,291.56
221,73779,Not as described,2024-01-29,469.13
222,58372,Arrived damaged,2023-03-26,201.08
223,78756,Item defective,2024-10-22,89.72
224,7704,Item defective,2025-04-28,365.88
225,42961,Item defective,2024-09-12,111.92
226,33708,Changed my mind,2023-10-14,475.46
227,53963,Changed my mind,2025-04-03,397.94
228,80533,Changed my mind,2026-01-28,284.97
229,27883,Not as described,2023-05-24,223.79
230,69278,Wrong size,2025-11-13,307.66
231,35679,Changed my mind,2023-04-15,324.53
232,67289,Changed my mind,2023-06-16,282.16
233,34495,Arrived damaged,2024-12-17,106.4
234,89991,Item defective,2024-02-09,61.99
235,49804,Changed my mind,2025-05-06,167.35
236,15029,Changed my mind,2025-04-05,483.44
237,77900,Changed my mind,2023-10-19,380.18
238,87200,Arrived damaged,2024-10-09,99.24
239,21179,Wrong size,2023-04-23,38.78
240,65039,Arrived damaged,2025-10-09,414.51
241,37448,Changed my mind,2023-12-26,56.28
242,17425,Not as described,2024-09-18,467.75
243,13802,Not as described,2026-02-12,49.64
244,39613,Item defective,2023-07-09,40.55
245,89668,Changed my mind,2024-06-03,307.87
246,50456,Wrong size,2024-05-14,306.42
247,14741,Wrong size,2025-07-22,294.91
248,92751,Item defective,2023-08-20,53.55
249,64701,Changed my mind,2024-05-14,68.57
250,422,Changed my mind,2026-06-13,68.14
251,72799,Arrived damaged,2024-12-11,321.97
252,23022,Changed my mind,2024-11-15,461.49
253,50770,Wrong size,2025-12-28,249.32
254,84125,Changed my mind,2025-08-31,299.07
255,88190,Wrong size,2025-09-18,75.71
256,98109,Arrived damaged,2025-11-16,268.1
257,56917,Changed my mind,2025-12-31,388.06
258,62821,Arrived damaged,2024-01-19,240.16
259,77172,Not as described,2023-07-20,200.78
260,92668,Item defective,2025-07-30,351.09
261,39184,Wrong size,2023-10-22,400.76
262,86376,Item defective,2023-05-19,462.46
263,89576,Not as described,2024-05-20,154.11
264,45252,Changed my mind,2024-08-31,250.83
265,48652,Item defective,2025-01-10,92.96
266,56692,Wrong size,2024-09-02,316.5
267,45201,Not as described,2024-12-22,43.84
268,74965,Changed my mind,2026-03-16,195.0
269,32507,Changed my mind,2023-09-20,234.04
270,20421,Changed my mind,2026-02-14,395.7
271,5216,Wrong size,2025-12-11,355.55
272,37935,Wrong size,2025-02-19,131.59
273,78589,Not as described,2026-06-30,402.34
274,65346,Arrived damaged,2024-12-09,234.58
275,57806,Not as described,2025-10-23,470.47
276,14296,Wrong size,2025-11-08,152.32
277,4205,Not as described,2025-04-21,489.85
278,43229,Changed my mind,2023-02-21,97.7
279,91099,Wrong size,2026-06-13,281.95
280,41212,Changed my mind,2023-04-16,170.55
281,26797,Not as described,2023-01-12,229.24
282,40381,Not as described,2024-06-17,207.12
283,9702,Arrived damaged,2025-05-09,402.87
284,96519,Changed my mind,2024-04-04,405.75
285,16925,Item defective,2023-07-20,12.86
286,98130,Arrived damaged,2024-09-01,374.2
287,98522,Arrived damaged,2023-09-06,227.25
288,82397,Wrong size,2026-06-02,116.71
289,90715,Changed my mind,2024-10-24,393.01
290,64996,Item defective,2024-01-13,33.01
291,61030,Not as described,2023-03-02,338.58
292,65821,Arrived damaged,2023-05-15,255.43
293,33704,Arrived damaged,2024-01-27,337.51
294,38083,Not as described,2023-09-04,254.82
295,88889,Changed my mind,2023-10-22,69.79
296,14850,Wrong size,2023-11-29,97.3
297,1734,Changed my mind,2023-06-01,81.46
298,11484,Wrong size,2025-03-02,9.53
299,94015,Wrong size,2025-08-26,185.17
300,47981,Arrived damaged,2023-08-05,330.97
301,7275,Item defective,2023-07-29,123.2
302,47754,Not as described,2024-12-08,85.1
303,17270,Arrived damaged,2024-02-03,79.74
304,2814,Item defective,2025-06-14,322.82
305,32257,Not as described,2024-06-08,233.43
306,43742,Arrived damaged,2023-06-18,415.18
307,56959,Wrong size,2023-04-30,163.93
308,4143,Arrived damaged,2025-05-10,370.9
309,50851,Item defective,2024-10-09,373.53
310,53200,Not as described,2025-01-28,438.69
311,31492,Wrong size,2026-06-09,498.82
312,91154,Arrived damaged,2024-12-27,285.76
313,71825,Not as described,2025-04-14,212.22
314,3690,Item defective,2023-11-15,293.51
315,53207,Not as described,2023-04-14,256.7
316,51309,Item defective,2026-02-11,92.37
317,80528,Arrived damaged,2023-04-18,189.24
318,43538,Not as described,2025-12-03,276.07
319,49249,Item defective,2023-07-10,322.79
320,48259,Not as described,2024-04-02,420.67
321,51022,Not as described,2023-07-08,61.52
322,48465,Arrived damaged,2025-10-26,65.46
323,13149,Not as described,2026-06-07,35.59
324,57722,Wrong size,2023-01-18,228.32
325,82554,Changed my mind,2024-06-18,174.77
326,41620,Item defective,2025-09-17,302.71
327,1122,Wrong size,2025-07-15,250.46
328,78675,Arrived damaged,2025-10-03,458.06
329,41552,Item defective,2026-03-21,467.38
330,57969,Arrived damaged,2024-11-10,170.18
331,53393,Wrong size,2023-05-01,219.47
332,43005,Not as described,2025-06-15,326.96
333,71434,Not as described,2023-10-29,271.53
334,43366,Wrong size,2023-05-01,116.01
335,67399,Wrong size,2023-03-07,441.63
336,36128,Not as described,2023-05-08,280.18
337,78700,Changed my mind,2024-05-28,121.79
338,78871,Arrived damaged,2023-05-14,26.91
339,84097,Arrived damaged,2023-04-28,239.64
340,59319,Arrived damaged,2023-02-23,266.64
341,65094,Arrived damaged,2023-07-26,498.77
342,15921,Item defective,2024-09-19,92.9
343,73181,Arrived damaged,2026-01-21,64.71
344,28882,Changed my mind,2026-03-26,16.3
345,90320,Not as described,2024-07-24,180.77
346,72444,Item defective,2026-03-06,430.24
347,44195,Item defective,2025-05-23,122.24
348,3520,Arrived damaged,2025-08-30,423.97
349,62816,Arrived damaged,2026-01-11,338.58
350,44462,Item defective,2024-10-21,229.08
351,2772,Wrong size,2024-05-27,286.38
352,10836,Wrong size,2024-02-12,112.76
353,48168,Item defective,2025-03-31,180.44
354,48958,Arrived damaged,2026-03-28,409.52
355,88410,Changed my mind,2023-03-22,417.43
356,93496,Changed my mind,2026-06-17,427.15
357,6516,Arrived damaged,2025-04-30,203.0
358,24826,Not as described,2025-04-02,138.47
359,52630,Not as described,2024-07-20,72.24
360,39691,Item defective,2025-05-16,310.79
361,35935,Not as described,2023-08-10,499.31
362,16208,Arrived damaged,2026-06-03,239.19
363,31113,Wrong size,2023-01-18,393.8
364,77620,Arrived damaged,2025-02-12,17.18
365,24804,Item defective,2023-12-22,488.75
366,82195,Arrived damaged,2024-09-08,437.94
367,80505,Not as described,2026-06-18,277.32
368,59105,Wrong size,2024-07-26,137.88
369,55525,Arrived damaged,2024-04-08,76.47
370,9824,Arrived damaged,2025-01-23,361.99
371,8704,Arrived damaged,2025-06-12,160.21
372,5813,Wrong size,2023-08-14,127.29
373,51968,Not as described,2024-03-21,440.71
374,10948,Arrived damaged,2026-01-16,386.39
375,71410,Changed my mind,2025-02-20,13.61
376,98877,Changed my mind,2023-10-14,136.64
377,10088,Arrived damaged,2026-06-28,248.27
378,26753,Item defective,2023-11-03,213.67
379,8384,Item defective,2024-08-14,72.27
380,15346,Arrived damaged,2025-11-19,304.07
381,50227,Item defective,2024-08-26,294.59
382,32233,Not as described,2026-01-25,54.08
383,63033,Changed my mind,2023-02-18,321.66
384,42060,Wrong size,2024-02-17,225.62
385,91302,Wrong size,2023-11-13,169.42
386,15656,Wrong size,2024-09-14,478.19
387,5302,Item defective,2024-01-31,409.32
388,50761,Wrong size,2025-09-17,143.38
389,3349,Item defective,2025-02-09,222.32
390,33290,Item defective,2024-09-30,51.65
391,93641,Not as described,2023-07-16,472.03
392,61413,Changed my mind,2024-04-16,362.93
393,55018,Not as described,2023-03-03,92.06
394,73759,Wrong size,2024-09-04,83.89
395,40158,Wrong size,2023-06-29,362.27
396,76845,Not as described,2023-06-26,443.55
397,43289,Changed my mind,2024-03-23,356.68
398,81374,Arrived damaged,2025-08-22,375.52
399,34440,Changed my mind,2026-06-21,51.46
400,2410,Not as described,2023-07-21,201.11
401,46668,Wrong size,2025-02-21,48.56
402,81649,Arrived damaged,2025-01-02,77.49
403,99906,Item defective,2023-05-08,102.65
404,85917,Not as described,2025-08-06,46.34
405,17651,Arrived damaged,2025-08-25,237.13
406,68003,Item defective,2025-09-08,181.7
407,13453,Wrong size,2026-02-05,238.99
408,39489,Changed my mind,2023-09-15,48.65
409,60727,Not as described,2026-01-21,185.66
410,20024,Changed my mind,2025-07-05,328.07
411,70935,Not as described,2024-07-14,424.64
412,51715,Not as described,2026-03-02,440.71
413,16639,Item defective,2023-10-07,426.17
414,60339,Not as described,2025-12-19,440.26
415,34400,Not as described,2026-06-11,267.96
416,84839,Item defective,2026-02-08,498.64
417,23826,Item defective,2025-09-30,391.45
418,34150,Changed my mind,2024-09-03,430.6
419,25848,Arrived damaged,2026-02-17,397.22
420,35684,Not as described,2025-05-19,210.83
421,95806,Not as described,2026-01-16,319.07
422,9632,Wrong size,2023-11-06,390.71
423,81583,Wrong size,2024-07-18,189.76
424,16505,Item defective,2025-11-02,305.39
425,28147,Not as described,2026-01-18,126.28
426,73674,Item defective,2023-06-24,186.08
427,9256,Not as described,2023-04-23,243.19
428,21436,Item defective,2026-05-27,37.28
429,8888,Not as described,2025-03-05,373.74
430,24807,Changed my mind,2023-01-09,381.5
431,65769,Changed my mind,2024-03-14,44.05
432,44856,Changed my mind,2024-03-16,260.59
433,76472,Wrong size,2026-01-25,437.15
434,92145,Arrived damaged,2024-05-26,132.63
435,58561,Arrived damaged,2025-03-07,366.14
436,62446,Wrong size,2025-11-10,159.15
437,41167,Item defective,2023-04-02,349.99
438,42852,Wrong size,2025-10-26,319.34
439,1382,Wrong size,2024-12-22,282.79
440,83782,Changed my mind,2023-08-16,300.33
441,91910,Arrived damaged,2023-02-15,222.73
442,97484,Wrong size,2023-09-22,295.95
443,86081,Arrived damaged,2025-11-01,293.07
444,65046,Wrong size,2023-04-11,498.59
445,5348,Arrived damaged,2023-10-05,423.08
446,71075,Changed my mind,2025-12-07,355.13
447,97329,Wrong size,2023-09-09,126.07
448,15568,Arrived damaged,2025-08-30,247.74
449,42863,Wrong size,2023-10-02,138.21
450,75314,Wrong size,2024-07-04,348.22
451,32649,Not as described,2024-04-16,432.64
452,25352,Wrong size,2026-03-28,283.22
453,50253,Wrong size,2023-03-15,156.15
454,17027,Wrong size,2024-01-23,151.92
455,66509,Not as described,2025-10-26,111.61
456,89262,Not as described,2024-10-23,189.02
457,54184,Wrong size,2024-11-20,110.21
458,98734,Wrong size,2024-11-07,228.18
459,97381,Arrived damaged,2026-02-22,292.43
460,76603,Changed my mind,2026-06-29,327.0
461,41569,Changed my mind,2023-07-04,232.4
462,96669,Item defective,2024-01-04,52.92
463,29123,Arrived damaged,2026-01-06,151.3
464,99888,Not as described,2023-04-15,42.82
465,22416,Changed my mind,2025-07-30,309.05
466,83066,Not as described,2023-07-09,289.08
467,31519,Wrong size,2023-03-01,20.37
468,21386,Changed my mind,2025-08-26,297.5
469,1407,Wrong size,2025-11-03,447.38
470,21292,Wrong size,2026-03-13,201.82
471,92573,Not as described,2025-09-23,143.92
472,24560,Not as described,2023-10-07,288.31
473,45651,Changed my mind,2023-01-13,189.49
474,32722,Item defective,2026-06-09,435.62
475,9948,Not as described,2026-05-24,136.39
476,69429,Not as described,2025-05-05,299.6
477,93082,Arrived damaged,2024-11-27,418.51
478,51531,Item defective,2025-02-01,202.25
479,3603,Wrong size,2025-07-08,393.37
480,41202,Wrong size,2025-01-03,471.46
481,36364,Not as described,2024-12-23,369.2
482,9986,Wrong size,2024-07-20,49.61
483,47616,Item defective,2024-10-24,284.39
484,94687,Changed my mind,2025-03-12,104.79
485,28643,Item defective,2024-01-30,337.17
486,56996,Arrived damaged,2025-06-02,269.93
487,68412,Arrived damaged,2025-09-20,404.72
488,37961,Wrong size,2026-04-24,99.6
489,78353,Arrived damaged,2023-02-01,187.85
490,38378,Changed my mind,2026-03-05,182.9
491,63025,Arrived damaged,2025-05-04,464.24
492,38939,Not as described,2024-09-15,412.01
493,95431,Item defective,2024-10-12,32.95
494,35050,Arrived damaged,2025-11-06,494.76
495,58879,Changed my mind,2026-06-15,220.13
496,12390,Not as described,2024-07-01,48.75
497,82920,Not as described,2024-10-12,409.42
498,62388,Item defective,2023-09-01,400.33
499,93631,Not as described,2023-02-15,74.61
500,98248,Changed my mind,2023-07-18,401.14
501,8565,Not as described,2023-12-29,276.43
502,18501,Item defective,2026-01-30,83.79
503,64414,Changed my mind,2024-02-14,57.77
504,72743,Arrived damaged,2026-06-21,41.87
505,98771,Changed my mind,2024-07-22,474.59
506,42922,Not as described,2024-09-18,465.49
507,51140,Not as described,2026-06-13,401.37
508,65031,Changed my mind,2023-04-21,207.13
509,23151,Wrong size,2024-02-23,461.53
510,49486,Changed my mind,2025-11-20,178.74
511,23424,Changed my mind,2023-07-07,69.52
512,56410,Arrived damaged,2026-02-22,393.47
513,97302,Not as described,2024-11-30,430.03
514,97076,Item defective,2024-04-22,454.74
515,59465,Not as described,2024-06-23,470.4
516,82190,Not as described,2025-07-16,214.85
517,79639,Changed my mind,2023-02-08,453.79
518,12565,Changed my mind,2024-02-05,449.51
519,4722,Not as described,2023-11-21,463.16
520,86285,Wrong size,2023-09-23,390.05
521,26588,Arrived damaged,2024-05-10,436.33
522,72609,Changed my mind,2023-10-11,371.43
523,71672,Changed my mind,2026-04-23,253.59
524,92275,Not as described,2026-06-27,129.6
525,70945,Changed my mind,2025-03-20,487.53
526,30322,Item defective,2024-11-30,57.38
527,8712,Arrived damaged,2023-01-16,111.25
528,57846,Item defective,2025-12-06,385.68
529,9980,Changed my mind,2024-10-22,385.37
530,98878,Item defective,2025-12-11,18.24
531,78890,Item defective,2025-06-20,41.97
532,66122,Arrived damaged,2023-10-29,129.28
533,74011,Wrong size,2023-04-23,365.05
534,76652,Item defective,2026-05-30,289.85
535,9463,Arrived damaged,2025-06-17,458.64
536,65388,Item defective,2023-08-14,79.83
537,1487,Not as described,2025-06-20,462.82
538,98513,Wrong size,2025-03-25,439.57
539,53088,Changed my mind,2024-07-20,185.12
540,34723,Arrived damaged,2026-02-27,201.62
541,58501,Arrived damaged,2023-12-01,9.89
542,75502,Changed my mind,2023-01-05,350.01
543,48494,Changed my mind,2024-12-17,332.7
544,60644,Not as described,2024-05-13,322.75
545,89284,Wrong size,2026-06-13,345.44
546,82989,Changed my mind,2025-04-14,342.14
547,11685,Arrived damaged,2024-06-08,194.19
548,48218,Item defective,2025-04-04,408.87
549,3414,Wrong size,2024-02-08,368.98
550,96678,Changed my mind,2024-09-08,285.77
551,97229,Not as described,2023-04-17,352.74
552,77762,Changed my mind,2025-10-21,12.11
553,63272,Item defective,2023-11-19,421.27
554,3796,Not as described,2024-01-10,462.87
555,69440,Wrong size,2025-01-14,210.91
556,27780,Arrived damaged,2025-12-27,126.68
557,36890,Wrong size,2024-03-20,463.83
558,74383,Changed my mind,2025-06-25,37.47
559,17408,Changed my mind,2026-01-12,235.79
560,26290,Not as described,2023-01-24,323.87
561,75809,Not as described,2024-02-13,98.84
562,42617,Not as described,2024-09-07,135.39
563,96628,Item defective,2023-03-01,346.8
564,86180,Not as described,2024-08-01,269.38
565,79990,Item defective,2023-12-27,462.27
566,50392,Wrong size,2025-11-06,365.11
567,85140,Wrong size,2025-10-08,261.97
568,58185,Not as described,2023-07-07,39.16
569,47813,Wrong size,2026-05-16,298.5
570,37215,Changed my mind,2024-08-24,22.91
571,43022,Arrived damaged,2024-07-12,56.66
572,84678,Not as described,2026-04-21,493.95
573,57541,Arrived damaged,2026-01-07,247.03
574,33277,Wrong size,2026-03-17,38.86
575,22711,Not as described,2023-01-28,121.41
576,91557,Changed my mind,2025-11-09,324.6
577,77802,Not as described,2024-11-19,342.1
578,46116,Item defective,2025-12-05,436.14
579,51269,Changed my mind,2023-10-10,423.03
580,32566,Changed my mind,2025-11-28,304.67
581,40372,Arrived damaged,2025-12-28,173.8
582,86731,Changed my mind,2024-03-19,354.22
583,75067,Arrived damaged,2025-12-01,114.09
584,52595,Changed my mind,2023-09-03,415.98
585,64372,Arrived damaged,2026-01-27,35.11
586,76139,Changed my mind,2024-08-13,318.75
587,40211,Item defective,2025-12-01,66.5
588,58808,Not as described,2023-08-29,327.37
589,20252,Item defective,2026-05-04,364.22
590,39962,Not as described,2024-06-24,60.59
591,88255,Arrived damaged,2023-12-29,83.45
592,49182,Arrived damaged,2025-03-03,198.25
593,17514,Item defective,2024-08-21,321.1
594,83380,Changed my mind,2025-01-03,283.87
595,60603,Wrong size,2024-08-02,271.5
596,65042,Wrong size,2025-08-13,49.47
597,39350,Not as described,2024-01-28,373.63
598,51080,Not as described,2025-02-22,412.25
599,47213,Changed my mind,2023-06-27,480.93
600,20184,Wrong size,2023-07-17,433.76
601,31850,Changed my mind,2024-09-28,402.24
602,6916,Not as described,2023-02-06,172.73
603,93127,Wrong size,2023-03-23,16.83
604,22471,Not as described,2025-01-24,412.67
605,6762,Arrived damaged,2023-10-21,93.74
606,12149,Item defective,2023-09-25,161.96
607,23971,Item defective,2026-04-01,57.45
608,47289,Wrong size,2026-05-16,272.91
609,68732,Item defective,2025-10-08,19.0
610,21461,Changed my mind,2024-07-19,397.83
611,87023,Changed my mind,2025-08-19,71.82
612,23155,Arrived damaged,2026-03-07,359.12
613,73591,Wrong size,2023-08-11,367.54
614,42804,Changed my mind,2026-06-21,66.46
615,77469,Wrong size,2024-05-16,463.13
616,95085,Item defective,2024-08-10,50.09
617,28623,Changed my mind,2023-11-22,301.7
618,74179,Arrived damaged,2025-01-24,439.83
619,76086,Wrong size,2024-04-26,492.88
620,79819,Item defective,2023-04-22,86.67
621,61586,Changed my mind,2024-10-06,151.38
622,48407,Wrong size,2025-12-03,149.69
623,19658,Item defective,2023-01-30,273.8
624,5434,Item defective,2023-05-08,308.31
625,68443,Not as described,2025-06-16,54.54
626,85241,Changed my mind,2023-12-15,317.14
627,93047,Not as described,2024-02-09,348.86
628,76082,Changed my mind,2026-02-09,16.18
629,18629,Wrong size,2025-04-25,485.17
630,57153,Arrived damaged,2026-02-13,283.15
631,32156,Wrong size,2024-12-09,245.66
632,67772,Arrived damaged,2025-06-29,106.73
633,14793,Arrived damaged,2024-05-24,425.56
634,99891,Wrong size,2024-03-06,160.33
635,42176,Not as described,2025-08-07,297.8
636,6486,Changed my mind,2023-03-25,41.7
637,57307,Arrived damaged,2024-08-08,477.61
638,1525,Changed my mind,2023-02-02,433.15
639,22181,Arrived damaged,2025-04-30,179.98
640,48909,Changed my mind,2025-04-30,107.11
641,10911,Item defective,2025-08-21,197.56
642,75301,Changed my mind,2025-07-02,77.36
643,90838,Wrong size,2025-06-23,127.17
644,72745,Not as described,2024-08-11,220.71
645,33646,Changed my mind,2024-06-14,112.1
646,85603,Arrived damaged,2024-06-14,141.88
647,91703,Item defective,2024-10-11,145.41
648,26145,Wrong size,2024-08-03,296.53
649,64666,Not as described,2025-11-07,219.49
650,16757,Item defective,2024-09-06,116.84
651,44885,Item defective,2025-01-30,369.54
652,91632,Arrived damaged,2025-12-25,76.9
653,85862,Arrived damaged,2023-03-17,421.62
654,32072,Item defective,2025-11-18,211.3
655,60858,Not as described,2023-08-26,476.45
656,14656,Item defective,2023-09-18,368.03
657,99627,Item defective,2023-10-30,145.07
658,84588,Not as described,2023-06-06,69.55
659,73426,Arrived damaged,2023-08-08,218.43
660,1171,Arrived damaged,2025-09-23,284.1
661,45110,Arrived damaged,2025-03-18,117.51
662,25032,Arrived damaged,2025-06-26,301.9
663,89544,Changed my mind,2023-09-23,346.17
664,82765,Changed my mind,2024-09-15,184.84
665,33937,Changed my mind,2026-06-21,6.7
666,18145,Changed my mind,2024-12-30,94.97
667,40438,Arrived damaged,2026-02-08,470.92
668,82402,Changed my mind,2023-02-10,29.29
669,13396,Wrong size,2026-06-15,233.18
670,91785,Wrong size,2025-10-23,243.97
671,23199,Item defective,2024-12-24,250.84
672,13657,Arrived damaged,2023-02-20,148.78
673,95328,Arrived damaged,2023-07-25,268.23
674,97864,Changed my mind,2025-12-16,365.53
675,29007,Changed my mind,2026-01-08,447.68
676,69602,Not as described,2026-05-23,464.45
677,54328,Wrong size,2023-01-29,463.3
678,45683,Arrived damaged,2024-05-25,486.99
679,40563,Wrong size,2026-04-15,77.66
680,55948,Not as described,2024-11-27,321.96
681,35777,Item defective,2024-02-16,382.99
682,55482,Wrong size,2026-05-21,438.69
683,5751,Item defective,2024-08-15,350.6
684,38961,Not as described,2025-12-08,456.79
685,89125,Arrived damaged,2023-01-05,35.83
686,3567,Item defective,2023-10-24,462.05
687,68654,Arrived damaged,2026-04-20,114.9
688,28579,Not as described,2025-11-02,245.97
689,61222,Item defective,2024-08-29,316.01
690,21931,Arrived damaged,2024-05-01,176.5
691,56270,Changed my mind,2023-02-23,105.16
692,23983,Not as described,2025-05-10,252.28
693,83425,Arrived damaged,2024-05-29,442.59
694,99185,Item defective,2025-03-28,221.92
695,29430,Arrived damaged,2025-09-26,203.8
696,74889,Arrived damaged,2024-04-19,268.35
697,93983,Changed my mind,2024-01-28,317.31
698,75926,Item defective,2025-06-08,161.41
699,45188,Arrived damaged,2024-07-14,370.36
700,98524,Arrived damaged,2023-09-06,132.27
701,21308,Changed my mind,2023-04-16,92.83
702,94480,Arrived damaged,2024-06-08,88.27
703,94216,Item defective,2025-07-31,337.88
704,76280,Wrong size,2025-08-04,35.11
705,61243,Changed my mind,2026-02-20,331.27
706,80450,Changed my mind,2024-11-12,116.09
707,38576,Arrived damaged,2024-02-28,463.89
708,55028,Not as described,2023-05-26,222.71
709,90434,Wrong size,2024-05-30,451.25
710,8432,Arrived damaged,2023-12-29,459.06
711,8318,Wrong size,2026-01-24,441.61
712,91447,Not as described,2024-01-23,52.17
713,2953,Item defective,2023-08-28,256.7
714,25193,Changed my mind,2024-05-29,426.1
715,3591,Changed my mind,2023-08-19,469.3
716,29018,Not as described,2026-04-04,218.02
717,95887,Wrong size,2024-10-18,117.48
718,75929,Item defective,2024-03-15,175.79
719,42876,Arrived damaged,2024-06-27,480.6
720,97048,Item defective,2024-10-12,93.11
721,21020,Item defective,2026-02-08,317.0
722,68500,Arrived damaged,2025-10-02,67.17
723,78226,Item defective,2023-04-11,35.93
724,45873,Item defective,2026-04-08,286.13
725,95223,Not as described,2025-05-06,317.91
726,13619,Not as described,2023-11-18,186.68
727,44253,Item defective,2024-07-04,260.97
728,99409,Wrong size,2023-11-22,413.09
729,61741,Arrived damaged,2023-09-12,167.72
730,91919,Changed my mind,2025-07-04,148.92
731,63973,Item defective,2026-06-12,430.32
732,10075,Wrong size,2024-11-10,152.63
733,46747,Item defective,2024-05-22,80.54
734,35325,Changed my mind,2023-02-15,280.24
735,9521,Changed my mind,2023-03-21,198.54
736,76142,Arrived damaged,2023-08-21,154.36
737,9853,Item defective,2023-02-10,56.08
738,11300,Not as described,2023-01-21,320.82
739,30890,Not as described,2024-11-20,456.05
740,18237,Not as described,2024-02-27,78.43
741,42677,Item defective,2025-06-07,465.81
742,4250,Item defective,2024-04-16,158.54
743,77754,Wrong size,2023-08-16,493.58
744,22185,Not as described,2024-02-28,187.82
745,19189,Not as described,2023-03-15,93.84
746,53056,Wrong size,2025-11-15,47.34
747,67220,Item defective,2026-06-28,9.4
748,74435,Wrong size,2025-04-23,290.02
749,45092,Wrong size,2026-01-25,488.11
750,52850,Arrived damaged,2023-09-16,286.11
751,98941,Wrong size,2023-09-27,79.31
752,40884,Wrong size,2024-04-19,348.01
753,61540,Arrived damaged,2024-11-22,487.11
754,94299,Not as described,2024-08-12,17.89
755,14828,Not as described,2023-11-06,496.38
756,3961,Wrong size,2026-04-19,78.36
757,36363,Item defective,2026-03-21,163.37
758,4610,Not as described,2023-09-18,410.19
759,11125,Item defective,2023-09-19,208.0
760,18991,Item defective,2023-10-04,409.34
761,34374,Arrived damaged,2023-08-13,183.54
762,87498,Not as described,2023-06-24,287.2
763,71805,Changed my mind,2025-02-14,66.21
764,47112,Item defective,2024-02-02,52.71
765,96224,Not as described,2025-06-04,172.49
766,81294,Arrived damaged,2023-03-16,387.55
767,63276,Changed my mind,2023-10-04,342.88
768,76422,Arrived damaged,2024-08-19,488.18
769,17213,Arrived damaged,2024-02-12,235.87
770,60546,Arrived damaged,2023-04-18,44.17
771,12835,Wrong size,2025-02-26,262.53
772,79356,Arrived damaged,2023-09-20,323.42
773,92866,Not as described,2024-10-22,82.14
774,97144,Item defective,2023-02-02,186.86
775,37788,Arrived damaged,2024-06-11,127.99
776,42866,Changed my mind,2024-12-18,377.17
777,8579,Wrong size,2023-07-10,438.65
778,71869,Not as described,2025-11-22,192.67
779,54573,Wrong size,2025-11-25,263.58
780,40169,Wrong size,2026-02-08,349.5
781,86237,Changed my mind,2025-05-22,208.45
782,76503,Item defective,2024-09-09,483.34
783,63824,Wrong size,2024-01-15,449.86
784,92645,Arrived damaged,2024-11-09,348.18
785,51671,Arrived damaged,2026-03-23,222.01
786,61459,Wrong size,2024-06-17,118.73
787,38050,Item defective,2023-07-28,341.01
788,30570,Changed my mind,2023-10-16,100.09
789,29705,Arrived damaged,2024-08-14,104.91
790,37207,Arrived damaged,2023-04-22,47.69
791,40127,Changed my mind,2024-09-05,303.76
792,27432,Item defective,2025-03-17,86.95
793,9714,Arrived damaged,2023-09-07,160.1
794,36520,Arrived damaged,2024-07-03,391.06
795,6770,Changed my mind,2024-02-12,129.42
796,44749,Not as described,2025-09-05,284.76
797,19659,Wrong size,2026-02-28,20.79
798,43610,Changed my mind,2023-10-05,495.26
799,77592,Arrived damaged,2026-05-01,445.11
800,35190,Wrong size,2024-09-03,124.45
801,79394,Wrong size,2026-01-24,129.15
802,87541,Item defective,2024-03-09,61.17
803,1779,Arrived damaged,2023-04-08,371.22
804,10518,Item defective,2025-02-07,14.5
805,5032,Changed my mind,2024-07-02,324.02
806,47186,Not as described,2024-11-06,15.7
807,43173,Item defective,2023-09-30,29.13
808,11958,Wrong size,2025-08-05,272.66
809,64895,Wrong size,2025-10-08,292.59
810,20454,Changed my mind,2024-09-28,47.24
811,5426,Not as described,2026-03-12,383.13
812,29848,Arrived damaged,2026-04-27,62.26
813,64488,Not as described,2023-12-16,26.63
814,89834,Wrong size,2024-07-19,481.11
815,68297,Not as described,2024-08-07,25.59
816,11674,Arrived damaged,2023-07-30,193.51
817,21739,Wrong size,2024-06-03,31.06
818,74937,Arrived damaged,2023-12-20,34.3
819,78277,Changed my mind,2023-04-07,13.86
820,53844,Changed my mind,2023-08-29,121.97
821,58789,Changed my mind,2024-03-15,489.89
822,96586,Item defective,2025-01-18,415.46
823,33537,Not as described,2025-08-17,192.58
824,96763,Arrived damaged,2025-07-29,387.48
825,48537,Not as described,2025-03-31,147.58
826,31979,Item defective,2025-07-07,15.49
827,64060,Arrived damaged,2024-03-10,383.25
828,5984,Not as described,2023-01-10,335.91
829,73452,Arrived damaged,2023-11-21,75.13
830,11410,Not as described,2026-04-22,472.12
831,30757,Changed my mind,2023-05-16,299.28
832,80590,Wrong size,2025-06-18,79.07
833,86464,Arrived damaged,2026-05-16,235.63
834,70047,Item defective,2024-08-10,326.42
835,86586,Not as described,2025-10-08,385.77
836,92957,Item defective,2023-04-02,412.78
837,47897,Wrong size,2023-05-25,461.91
838,1434,Item defective,2025-04-03,123.05
839,85888,Arrived damaged,2025-04-29,49.56
840,79334,Arrived damaged,2024-07-31,448.37
841,72388,Not as described,2023-09-27,108.52
842,19824,Arrived damaged,2026-06-15,443.89
843,9726,Changed my mind,2025-12-29,58.73
844,44639,Wrong size,2025-03-27,425.25
845,25570,Arrived damaged,2024-06-05,183.75
846,84957,Item defective,2024-02-11,276.4
847,62457,Wrong size,2025-12-09,230.5
848,91822,Wrong size,2025-09-17,410.33
849,54886,Arrived damaged,2024-05-01,383.57
850,29046,Item defective,2026-05-08,301.66
851,25510,Not as described,2023-09-14,285.21
852,8223,Item defective,2026-01-22,134.74
853,71296,Item defective,2024-12-16,204.28
854,58960,Arrived damaged,2024-07-25,173.29
855,17424,Changed my mind,2024-08-22,41.67
856,4547,Item defective,2023-01-05,29.77
857,5455,Wrong size,2024-03-25,445.3
858,67300,Changed my mind,2024-04-18,24.75
859,47039,Not as described,2024-06-01,239.63
860,18093,Changed my mind,2023-03-31,251.02
861,7869,Changed my mind,2024-10-12,256.21
862,61689,Wrong size,2024-03-10,185.97
863,3881,Changed my mind,2025-05-29,318.28
864,55165,Arrived damaged,2026-05-27,369.32
865,21534,Not as described,2026-06-02,153.09
866,26919,Not as described,2024-07-23,167.98
867,50861,Arrived damaged,2023-03-13,16.35
868,50569,Wrong size,2024-06-30,199.17
869,3848,Item defective,2025-06-19,144.09
870,25727,Changed my mind,2023-08-06,340.23
871,79014,Item defective,2024-07-18,173.52
872,58073,Not as described,2025-07-26,282.02
873,87738,Not as described,2025-02-16,190.6
874,43978,Not as described,2024-01-07,125.11
875,5069,Not as described,2023-01-03,52.03
876,67552,Wrong size,2024-02-05,29.48
877,72429,Arrived damaged,2023-11-07,373.85
878,78711,Not as described,2025-09-25,43.78
879,95491,Changed my mind,2023-04-10,481.93
880,25739,Arrived damaged,2025-01-02,492.17
881,34088,Wrong size,2024-10-27,139.49
882,77166,Item defective,2025-10-17,237.4
883,70426,Item defective,2023-11-20,346.39
884,16604,Item defective,2024-05-05,272.33
885,98182,Item defective,2023-11-17,479.5
886,66408,Changed my mind,2023-11-25,266.54
887,26673,Arrived damaged,2025-01-18,144.5
888,76995,Wrong size,2023-08-28,288.76
889,52413,Arrived damaged,2024-10-17,266.74
890,15756,Not as described,2026-06-04,197.9
891,43029,Wrong size,2026-05-16,351.32
892,76074,Wrong size,2025-04-06,51.91
893,54556,Changed my mind,2023-01-14,37.4
894,18006,Arrived damaged,2025-02-23,152.78
895,60444,Item defective,2023-04-06,314.96
896,44918,Changed my mind,2024-08-26,202.0
897,75355,Arrived damaged,2025-05-22,400.27
898,65860,Wrong size,2024-10-10,451.22
899,54888,Item defective,2024-05-15,37.69
900,41166,Changed my mind,2023-12-08,88.41
901,35573,Arrived damaged,2023-11-16,441.44
902,9828,Arrived damaged,2023-08-20,270.42
903,8061,Not as described,2024-02-08,327.58
904,89811,Not as described,2026-01-16,209.37
905,87522,Not as described,2025-09-03,404.69
906,66792,Changed my mind,2025-02-27,410.24
907,44247,Not as described,2023-09-10,158.77
908,41822,Item defective,2024-05-22,326.87
909,83957,Not as described,2025-04-19,221.12
910,87840,Wrong size,2023-05-01,33.23
911,43527,Arrived damaged,2025-07-23,125.13
912,66679,Arrived damaged,2026-05-09,244.88
913,40467,Changed my mind,2025-03-13,72.08
914,59107,Arrived damaged,2025-09-02,466.09
915,89692,Item defective,2025-11-02,151.39
916,66714,Item defective,2023-08-08,378.79
917,20197,Arrived damaged,2025-03-18,194.88
918,11352,Item defective,2025-04-12,265.11
919,42499,Item defective,2023-11-07,439.12
920,90164,Wrong size,2024-09-04,289.67
921,6007,Arrived damaged,2026-05-06,162.0
922,64781,Wrong size,2024-05-27,169.73
923,22705,Item defective,2023-07-31,95.81
924,43072,Changed my mind,2024-11-15,447.87
925,86980,Not as described,2023-09-27,78.85
926,46021,Wrong size,2024-07-15,147.76
927,85984,Arrived damaged,2025-04-29,73.37
928,78105,Changed my mind,2025-04-27,51.54
929,28968,Wrong size,2026-02-16,345.73
930,85029,Not as described,2026-03-30,136.0
931,22175,Wrong size,2024-08-07,65.05
932,60548,Arrived damaged,2023-04-02,293.38
933,79999,Item defective,2023-01-09,476.64
934,7243,Wrong size,2023-07-26,319.28
935,39933,Item defective,2023-12-20,251.3
936,52652,Changed my mind,2023-03-26,461.85
937,73207,Item defective,2023-12-21,357.34
938,93051,Item defective,2024-11-10,138.16
939,88845,Wrong size,2023-12-11,256.23
940,55758,Item defective,2025-09-25,155.95
941,69209,Arrived damaged,2023-11-26,166.54
942,42421,Item defective,2024-08-07,94.63
943,5687,Not as described,2024-01-17,185.44
944,82965,Changed my mind,2024-12-17,418.41
945,94105,Item defective,2024-08-23,360.48
946,2191,Arrived damaged,2026-04-21,40.03
947,76279,Not as described,2026-01-24,399.19
948,8854,Wrong size,2023-01-25,139.79
949,25517,Item defective,2026-05-17,246.35
950,73076,Arrived damaged,2026-03-24,370.15
951,49980,Not as described,2024-10-21,421.76
952,11605,Changed my mind,2026-06-11,80.41
953,59122,Arrived damaged,2023-08-04,224.11
954,59123,Changed my mind,2024-01-31,422.25
955,94671,Not as described,2026-06-15,359.41
956,69515,Arrived damaged,2023-05-13,307.7
957,51954,Wrong size,2023-10-13,269.01
958,81205,Arrived damaged,2025-08-17,296.62
959,90904,Changed my mind,2024-04-11,207.45
960,67058,Not as described,2024-06-16,388.2
961,86871,Item defective,2023-09-07,42.79
962,47090,Arrived damaged,2024-07-12,345.71
963,86760,Arrived damaged,2024-12-20,360.42
964,8909,Arrived damaged,2024-12-14,440.61
965,24165,Not as described,2024-06-12,247.7
966,65273,Arrived damaged,2024-07-03,285.09
967,88132,Arrived damaged,2023-03-04,365.89
968,87179,Not as described,2024-11-25,236.41
969,83764,Changed my mind,2025-03-28,328.29
970,29541,Arrived damaged,2025-12-07,156.15
971,87766,Changed my mind,2024-04-11,137.81
972,94489,Wrong size,2023-06-21,182.22
973,24916,Wrong size,2025-09-17,265.81
974,53228,Changed my mind,2023-11-15,348.13
975,85700,Arrived damaged,2024-07-07,272.34
976,61687,Wrong size,2025-05-08,121.86
977,33557,Wrong size,2023-11-12,360.03
978,68771,Changed my mind,2024-02-26,320.23
979,84460,Not as described,2025-10-09,499.46
980,35111,Changed my mind,2026-02-19,135.96
981,85318,Item defective,2023-07-12,381.91
982,67134,Wrong size,2024-02-13,8.54
983,55081,Changed my mind,2023-12-14,356.16
984,11530,Not as described,2023-05-10,344.61
985,44148,Not as described,2024-06-06,260.37
986,84044,Item defective,2024-10-26,302.01
987,79045,Arrived damaged,2024-07-31,203.08
988,79464,Arrived damaged,2024-10-11,491.7
989,25439,Item defective,2023-11-02,358.77
990,86471,Item defective,2023-06-16,309.97
991,8599,Not as described,2024-10-14,63.44
992,25459,Changed my mind,2025-05-30,454.92
993,97359,Wrong size,2024-09-09,193.33
994,72907,Wrong size,2025-05-11,39.65
995,19142,Item defective,2025-03-22,56.28
996,77459,Item defective,2024-10-25,366.79
997,91741,Changed my mind,2024-10-20,399.58
998,28771,Arrived damaged,2025-11-20,42.98
999,38473,Not as described,2025-10-12,233.57
1000,15800,Changed my mind,2026-01-28,301.1
1001,64703,Wrong size,2024-02-21,6.83
1002,12545,Wrong size,2025-10-11,293.54
1003,30818,Changed my mind,2024-05-07,401.07
1004,52443,Arrived damaged,2024-07-22,405.93
1005,72113,Arrived damaged,2024-03-24,99.22
1006,66956,Not as described,2026-06-22,404.5
1007,29884,Arrived damaged,2026-05-27,471.49
1008,73262,Wrong size,2023-11-07,437.53
1009,8065,Item defective,2026-06-13,157.59
1010,50663,Changed my mind,2024-04-24,142.64
1011,83631,Arrived damaged,2024-09-07,440.23
1012,93014,Item defective,2024-03-05,223.11
1013,16827,Arrived damaged,2023-12-08,14.41
1014,51665,Item defective,2025-12-21,179.81
1015,26779,Wrong size,2024-09-22,432.97
1016,23262,Item defective,2024-01-05,174.9
1017,39737,Wrong size,2026-01-11,33.4
1018,39651,Changed my mind,2023-04-27,236.62
1019,72452,Wrong size,2026-03-01,496.02
1020,83471,Wrong size,2023-02-18,239.91
1021,2867,Not as described,2023-10-30,363.79
1022,66035,Changed my mind,2023-07-15,473.34
1023,83019,Wrong size,2023-06-14,38.89
1024,81207,Changed my mind,2024-10-26,287.8
1025,19315,Not as described,2023-04-08,21.93
1026,24093,Arrived damaged,2026-05-18,9.88
1027,14410,Changed my mind,2023-07-29,273.93
1028,96422,Changed my mind,2025-10-12,406.71
1029,75595,Arrived damaged,2024-10-18,363.87
1030,51796,Wrong size,2025-12-27,378.45
1031,31200,Arrived damaged,2025-12-22,412.96
1032,20927,Not as described,2024-05-25,265.37
1033,37011,Changed my mind,2026-05-26,226.25
1034,97269,Not as described,2025-06-26,160.71
1035,65626,Item defective,2025-02-22,420.01
1036,77066,Not as described,2024-07-07,205.8
1037,16559,Item defective,2025-11-23,102.69
1038,87415,Not as described,2023-08-21,417.4
1039,32036,Item defective,2026-05-05,373.81
1040,59587,Not as described,2024-06-25,11.84
1041,76967,Arrived damaged,2025-12-01,322.57
1042,4506,Wrong size,2024-02-29,206.72
1043,22586,Not as described,2024-06-17,413.61
1044,45802,Arrived damaged,2024-10-20,51.43
1045,43441,Wrong size,2025-12-05,183.95
1046,83470,Wrong size,2025-02-10,116.96
1047,11440,Changed my mind,2025-03-15,97.38
1048,6997,Wrong size,2026-04-07,152.71
1049,20570,Item defective,2023-09-07,15.42
1050,55961,Wrong size,2025-02-10,261.54
1051,51197,Wrong size,2024-03-15,50.85
1052,25169,Item defective,2025-03-30,492.59
1053,75210,Changed my mind,2025-01-10,167.27
1054,87109,Changed my mind,2026-06-25,46.45
1055,1261,Arrived damaged,2026-01-08,48.98
1056,74619,Wrong size,2025-05-24,304.56
1057,93052,Item defective,2025-08-27,280.13
1058,8938,Arrived damaged,2023-11-03,221.31
1059,18059,Changed my mind,2025-04-26,342.03
1060,54895,Item defective,2025-08-27,403.2
1061,83651,Changed my mind,2024-05-17,15.22
1062,5305,Item defective,2025-02-27,483.99
1063,1070,Item defective,2023-09-20,221.85
1064,64088,Not as described,2023-01-10,141.04
1065,98471,Not as described,2023-11-13,323.36
1066,43856,Arrived damaged,2023-07-01,263.17
1067,52651,Item defective,2026-05-31,317.29
1068,5643,Wrong size,2023-06-15,272.76
1069,31852,Wrong size,2024-03-23,425.29
1070,92883,Not as described,2025-02-11,345.2
1071,93422,Wrong size,2025-04-05,98.44
1072,90867,Arrived damaged,2025-02-11,247.37
1073,3808,Not as described,2025-11-16,463.26
1074,13072,Wrong size,2025-05-01,80.24
1075,4321,Changed my mind,2026-05-23,52.79
1076,58415,Arrived damaged,2024-05-29,408.75
1077,47789,Item defective,2024-05-13,213.85
1078,83508,Arrived damaged,2024-01-14,240.54
1079,67782,Wrong size,2024-12-24,330.99
1080,54163,Changed my mind,2023-03-17,187.0
1081,60921,Arrived damaged,2025-06-19,462.76
1082,54095,Arrived damaged,2023-09-21,32.6
1083,32317,Wrong size,2026-05-27,408.09
1084,18732,Changed my mind,2025-07-23,24.24
1085,36853,Wrong size,2025-02-04,469.59
1086,29141,Item defective,2026-04-23,330.89
1087,33390,Arrived damaged,2025-12-10,239.74
1088,24080,Arrived damaged,2023-03-19,158.31
1089,93570,Item defective,2024-01-09,426.55
1090,3651,Item defective,2026-06-05,88.08
1091,69348,Arrived damaged,2025-01-27,76.02
1092,51867,Wrong size,2025-08-28,438.35
1093,96657,Arrived damaged,2025-03-05,222.02
1094,1733,Wrong size,2024-05-25,237.9
1095,80578,Item defective,2024-07-17,158.82
1096,70815,Changed my mind,2023-07-12,407.49
1097,80283,Not as described,2026-04-07,239.61
1098,43414,Item defective,2025-07-19,178.34
1099,25457,Wrong size,2026-04-28,183.37
1100,34417,Changed my mind,2026-05-02,392.83
1101,90552,Not as described,2023-12-14,331.45
1102,24569,Wrong size,2025-01-05,233.01
1103,41819,Item defective,2025-02-02,410.14
1104,26912,Wrong size,2025-03-12,498.98
1105,8017,Not as described,2026-04-14,374.94
1106,63660,Not as described,2024-08-14,95.83
1107,49256,Item defective,2025-11-05,80.72
1108,66554,Not as described,2024-01-27,301.5
1109,16154,Not as described,2025-08-08,271.48
1110,80672,Arrived damaged,2025-03-09,344.75
1111,8744,Changed my mind,2025-02-26,159.46
1112,35198,Item defective,2026-01-21,48.03
1113,27533,Wrong size,2023-12-25,198.12
1114,33117,Wrong size,2024-11-16,265.87
1115,14022,Changed my mind,2025-05-19,285.16
1116,92031,Arrived damaged,2026-03-16,82.69
1117,78869,Changed my mind,2023-03-12,262.52
1118,84887,Not as described,2026-06-24,140.2
1119,88943,Item defective,2024-10-25,497.72
1120,70920,Item defective,2024-07-03,450.5
1121,43783,Item defective,2025-09-01,390.41
1122,9952,Wrong size,2024-02-20,60.16
1123,5394,Wrong size,2023-11-27,49.44
1124,32782,Changed my mind,2025-12-18,80.38
1125,76971,Wrong size,2023-05-29,390.58
1126,17767,Not as described,2024-01-19,246.43
1127,43625,Changed my mind,2023-01-04,289.37
1128,61834,Changed my mind,2024-12-05,399.65
1129,27982,Changed my mind,2026-05-28,54.55
1130,25183,Wrong size,2024-10-24,348.64
1131,45715,Not as described,2024-04-06,268.66
1132,43650,Item defective,2026-06-16,391.48
1133,35305,Wrong size,2023-04-08,47.96
1134,52004,Wrong size,2023-12-05,71.49
1135,64040,Wrong size,2025-04-05,97.07
1136,27716,Changed my mind,2026-05-06,348.9
1137,57282,Arrived damaged,2025-02-01,494.39
1138,57948,Arrived damaged,2026-05-30,199.12
1139,71291,Not as described,2025-11-15,433.55
1140,13566,Not as described,2024-04-26,72.72
1141,11279,Item defective,2023-08-11,81.94
1142,2497,Not as described,2025-03-20,482.98
1143,90326,Wrong size,2023-05-10,168.28
1144,38525,Arrived damaged,2025-11-15,336.23
1145,52877,Wrong size,2023-05-20,160.7
1146,57401,Item defective,2025-08-28,373.6
1147,96631,Arrived damaged,2025-12-24,36.9
1148,36646,Wrong size,2026-03-25,224.64
1149,67509,Not as described,2023-04-22,377.19
1150,20349,Not as described,2024-07-24,438.03
1151,76233,Not as described,2023-07-03,342.45
1152,28038,Item defective,2023-04-10,48.19
1153,73748,Wrong size,2026-01-08,452.3
1154,28455,Wrong size,2023-05-06,204.54
1155,22247,Changed my mind,2023-10-04,447.9
1156,33389,Item defective,2024-07-13,59.19
1157,47583,Not as described,2026-02-13,52.75
1158,11692,Arrived damaged,2025-08-08,345.39
1159,62712,Changed my mind,2026-03-28,495.57
1160,29362,Item defective,2023-03-29,310.59
1161,99152,Item defective,2023-01-08,399.26
1162,66281,Wrong size,2026-04-09,345.0
1163,91156,Not as described,2025-12-06,256.29
1164,86704,Changed my mind,2026-03-03,357.97
1165,14963,Changed my mind,2024-05-08,7.74
1166,39841,Arrived damaged,2023-04-08,409.12
1167,72038,Not as described,2025-07-16,209.92
1168,23165,Item defective,2024-10-05,31.45
1169,55312,Not as described,2025-07-07,411.21
1170,78306,Arrived damaged,2024-09-24,99.93
1171,68248,Arrived damaged,2025-07-20,466.19
1172,10382,Changed my mind,2023-10-22,386.35
1173,64791,Arrived damaged,2024-02-06,211.3
1174,35617,Changed my mind,2024-12-16,478.38
1175,17434,Changed my mind,2024-09-27,491.93
1176,42939,Not as described,2024-11-13,394.71
1177,63921,Wrong size,2023-07-11,91.62
1178,80634,Not as described,2025-12-06,447.27
1179,31897,Item defective,2023-06-02,416.83
1180,87442,Wrong size,2025-02-09,162.29
1181,2824,Arrived damaged,2026-03-02,152.4
1182,99487,Item defective,2024-01-08,280.71
1183,18561,Arrived damaged,2026-05-22,41.56
1184,85370,Arrived damaged,2025-10-01,300.42
1185,77395,Arrived damaged,2024-09-30,388.78
1186,82567,Changed my mind,2025-10-08,77.66
1187,41888,Arrived damaged,2024-02-23,160.62
1188,25090,Item defective,2024-08-07,268.59
1189,30436,Changed my mind,2023-10-16,89.71
1190,26814,Not as described,2025-10-16,304.99
1191,19494,Wrong size,2024-11-04,336.46
1192,32757,Wrong size,2026-05-11,462.45
1193,3374,Changed my mind,2023-03-25,162.36
1194,37554,Item defective,2023-08-15,101.85
1195,85894,Changed my mind,2024-05-01,229.54
1196,23241,Arrived damaged,2024-07-25,426.1
1197,28056,Changed my mind,2024-07-08,454.37
1198,45564,Not as described,2025-10-19,272.31
1199,78320,Item defective,2025-02-23,56.2
1200,75967,Not as described,2024-06-20,289.72
1201,11859,Arrived damaged,2025-04-30,390.55
1202,91835,Changed my mind,2024-10-20,418.51
1203,69012,Changed my mind,2024-02-04,5.07
1204,14699,Item defective,2024-05-03,314.98
1205,94959,Item defective,2025-11-11,37.31
1206,26508,Wrong size,2023-04-11,290.12
1207,4971,Item defective,2025-02-19,193.59
1208,54098,Item defective,2024-09-16,93.62
1209,641,Changed my mind,2023-01-25,392.51
1210,38828,Not as described,2023-11-03,224.5
1211,33705,Not as described,2026-06-09,174.37
1212,75998,Arrived damaged,2024-04-20,78.64
1213,64842,Changed my mind,2023-04-18,247.39
1214,580,Wrong size,2023-12-26,439.81
1215,58096,Wrong size,2024-10-30,60.79
1216,33485,Arrived damaged,2023-03-29,271.53
1217,34926,Changed my mind,2023-03-31,317.54
1218,51018,Item defective,2024-06-17,38.6
1219,27847,Wrong size,2026-05-01,364.05
1220,92042,Arrived damaged,2023-04-27,462.08
1221,90254,Item defective,2024-03-05,345.42
1222,22279,Arrived damaged,2025-08-15,384.34
1223,12131,Item defective,2023-05-20,232.27
1224,62781,Wrong size,2025-07-05,292.92
1225,16028,Item defective,2024-04-09,498.74
1226,90827,Wrong size,2023-08-22,269.8
1227,18316,Not as described,2024-12-02,104.6
1228,21446,Wrong size,2023-01-22,345.42
1229,13242,Item defective,2025-01-17,238.14
1230,12790,Arrived damaged,2026-03-06,198.12
1231,81402,Wrong size,2023-12-11,279.48
1232,46489,Item defective,2025-01-28,431.97
1233,5782,Not as described,2026-04-02,187.71
1234,8866,Item defective,2023-07-16,234.41
1235,81899,Arrived damaged,2023-02-01,305.5
1236,22447,Wrong size,2025-01-02,468.47
1237,43363,Wrong size,2024-12-21,99.91
1238,57906,Changed my mind,2026-06-25,180.31
1239,46444,Not as described,2024-01-12,25.48
1240,14059,Wrong size,2025-05-22,55.38
1241,42924,Not as described,2025-08-17,325.07
1242,27550,Changed my mind,2024-10-04,215.76
1243,53973,Changed my mind,2026-01-25,351.66
1244,56335,Wrong size,2024-08-10,119.92
1245,3646,Arrived damaged,2023-03-22,208.7
1246,17774,Wrong size,2023-09-13,449.71
1247,33660,Wrong size,2025-04-02,233.9
1248,2884,Changed my mind,2025-03-29,367.2
1249,16168,Wrong size,2024-08-08,138.02
1250,62393,Arrived damaged,2024-09-20,180.1
1251,18195,Not as described,2023-11-18,241.0
1252,45704,Changed my mind,2025-01-05,118.44
1253,45080,Wrong size,2024-11-22,422.82
1254,38226,Arrived damaged,2023-12-23,18.19
1255,11661,Item defective,2023-11-27,373.33
1256,75816,Wrong size,2025-05-08,18.45
1257,86631,Changed my mind,2025-06-17,387.56
1258,12171,Not as described,2023-01-25,285.26
1259,1935,Arrived damaged,2024-11-18,304.42
1260,24867,Changed my mind,2023-12-07,103.53
1261,14570,Changed my mind,2025-06-08,382.97
1262,64509,Changed my mind,2026-05-24,268.9
1263,92562,Item defective,2023-04-03,78.26
1264,97832,Arrived damaged,2024-08-31,148.98
1265,31509,Not as described,2023-08-28,489.81
1266,39511,Wrong size,2025-06-08,110.0
1267,19757,Wrong size,2023-02-18,245.04
1268,37736,Not as described,2025-08-08,389.44
1269,67113,Not as described,2025-02-20,376.86
1270,95863,Item defective,2023-07-08,465.04
1271,43653,Item defective,2023-09-10,244.66
1272,72307,Arrived damaged,2023-12-18,272.06
1273,35282,Wrong size,2025-12-12,220.77
1274,18534,Arrived damaged,2024-03-07,462.23
1275,6904,Item defective,2025-02-21,284.81
1276,25716,Wrong size,2024-01-20,207.18
1277,88777,Not as described,2024-05-22,343.52
1278,87620,Wrong size,2025-06-09,117.97
1279,19741,Arrived damaged,2026-06-30,98.46
1280,46883,Wrong size,2023-09-29,80.98
1281,11175,Arrived damaged,2024-10-08,204.24
1282,83246,Item defective,2023-08-14,300.72
1283,95938,Item defective,2025-06-03,470.06
1284,8659,Not as described,2023-08-31,405.49
1285,3927,Not as described,2025-05-02,237.34
1286,5482,Changed my mind,2023-11-28,21.47
1287,97411,Item defective,2025-01-02,392.97
1288,51524,Not as described,2025-07-22,379.24
1289,15617,Not as described,2025-03-18,499.3
1290,92370,Not as described,2023-06-13,468.6
1291,84674,Not as described,2023-08-25,232.06
1292,19878,Changed my mind,2026-02-17,180.66
1293,84687,Changed my mind,2023-04-13,337.61
1294,99873,Arrived damaged,2026-06-27,472.24
1295,60122,Item defective,2025-04-28,52.08
1296,29281,Wrong size,2024-05-04,174.71
1297,93021,Changed my mind,2025-07-12,438.31
1298,50122,Not as described,2023-07-24,94.41
1299,67410,Wrong size,2023-05-14,330.67
1300,49041,Not as described,2023-08-15,280.46
1301,93521,Changed my mind,2026-05-16,431.45
1302,40258,Arrived damaged,2023-02-24,331.91
1303,70696,Wrong size,2025-12-03,44.27
1304,93380,Not as described,2023-12-21,391.92
1305,38905,Not as described,2024-10-13,444.29
1306,49075,Arrived damaged,2024-10-26,258.94
1307,27643,Changed my mind,2025-12-27,67.73
1308,65878,Wrong size,2025-03-15,363.68
1309,26841,Arrived damaged,2024-07-17,240.04
1310,25172,Changed my mind,2023-09-23,88.32
1311,21518,Arrived damaged,2025-10-17,296.96
1312,52022,Not as described,2025-10-10,164.57
1313,40493,Changed my mind,2025-12-20,259.71
1314,45747,Wrong size,2023-07-10,142.77
1315,47511,Wrong size,2025-08-25,275.28
1316,90879,Arrived damaged,2026-02-22,288.46
1317,63459,Not as described,2023-02-02,152.4
1318,15968,Item defective,2024-09-23,139.67
1319,76519,Arrived damaged,2024-03-15,129.89
1320,15397,Arrived damaged,2026-06-23,21.15
1321,61286,Item defective,2025-07-16,411.49
1322,76106,Changed my mind,2023-09-04,382.48
1323,14154,Item defective,2023-05-18,41.44
1324,20690,Item defective,2023-11-29,90.67
1325,9272,Arrived damaged,2026-04-11,301.01
1326,51515,Wrong size,2023-10-16,423.79
1327,3223,Item defective,2023-07-28,384.05
1328,16115,Not as described,2026-04-24,473.56
1329,44166,Wrong size,2026-05-09,200.1
1330,49996,Item defective,2025-01-07,178.09
1331,12269,Item defective,2023-04-25,126.1
1332,74822,Arrived damaged,2026-06-13,234.88
1333,35837,Changed my mind,2026-04-13,470.41
1334,13887,Arrived damaged,2023-08-24,202.01
1335,89660,Changed my mind,2026-06-14,336.61
1336,20503,Item defective,2024-01-09,444.65
1337,28753,Wrong size,2024-06-01,374.65
1338,66005,Wrong size,2025-02-23,227.93
1339,62181,Wrong size,2023-09-11,440.66
1340,49245,Wrong size,2024-04-25,119.33
1341,45102,Changed my mind,2025-04-18,348.2
1342,80394,Changed my mind,2026-04-27,388.83
1343,73087,Arrived damaged,2025-10-02,345.22
1344,85004,Changed my mind,2025-09-01,303.8
1345,2269,Wrong size,2023-02-09,207.91
1346,88474,Changed my mind,2024-03-19,271.63
1347,54156,Arrived damaged,2025-07-24,394.35
1348,37054,Changed my mind,2023-03-02,7.41
1349,59174,Wrong size,2023-09-28,366.19
1350,56815,Item defective,2023-10-27,44.81
1351,2677,Changed my mind,2024-11-11,85.16
1352,8514,Arrived damaged,2024-07-05,170.09
1353,68795,Arrived damaged,2023-03-27,84.81
1354,12324,Arrived damaged,2026-01-11,295.92
1355,58567,Changed my mind,2024-12-25,255.58
1356,11625,Arrived damaged,2024-05-08,328.57
1357,40917,Wrong size,2024-05-17,253.48
1358,69939,Item defective,2023-03-15,197.79
1359,19325,Item defective,2024-09-07,127.18
1360,20437,Arrived damaged,2026-01-29,40.76
1361,30544,Item defective,2023-03-09,263.94
1362,93327,Wrong size,2025-11-16,110.19
1363,55201,Item defective,2025-11-14,498.87
1364,92914,Item defective,2025-04-02,170.69
1365,12749,Wrong size,2025-06-25,436.53
1366,29755,Not as described,2025-08-31,341.84
1367,55325,Not as described,2025-03-12,106.44
1368,25821,Wrong size,2024-12-21,268.93
1369,85764,Not as described,2024-07-23,83.04
1370,40842,Not as described,2023-11-04,243.49
1371,36098,Arrived damaged,2024-02-22,309.15
1372,24492,Not as described,2025-05-03,161.7
1373,14620,Not as described,2023-08-13,192.47
1374,89014,Item defective,2025-03-09,379.72
1375,53678,Item defective,2024-06-06,362.46
1376,21402,Item defective,2023-08-29,429.48
1377,95839,Changed my mind,2023-08-19,200.4
1378,82462,Wrong size,2026-05-23,391.9
1379,13905,Not as described,2023-08-02,189.04
1380,21824,Changed my mind,2023-08-23,318.56
1381,10496,Wrong size,2023-01-27,75.5
1382,305,Not as described,2023-02-16,361.16
1383,52654,Changed my mind,2025-03-24,296.89
1384,61885,Not as described,2023-07-12,336.94
1385,86283,Wrong size,2025-07-30,445.47
1386,74946,Not as described,2023-09-13,432.89
1387,3401,Not as described,2025-09-25,160.08
1388,49935,Wrong size,2026-06-14,379.58
1389,83882,Item defective,2026-04-28,240.3
1390,30110,Arrived damaged,2024-04-30,109.88
1391,81253,Arrived damaged,2023-02-09,256.01
1392,79556,Item defective,2023-05-21,250.22
1393,66248,Arrived damaged,2023-04-19,134.87
1394,76206,Item defective,2025-05-07,477.12
1395,56834,Not as described,2024-02-01,280.84
1396,96505,Not as described,2023-03-21,407.39
1397,72582,Item defective,2023-07-25,112.85
1398,71462,Wrong size,2026-02-04,17.33
1399,98999,Item defective,2025-12-07,489.58
1400,36059,Arrived damaged,2025-05-13,366.32
1401,61936,Arrived damaged,2025-12-10,194.18
1402,18313,Item defective,2024-03-05,104.5
1403,86257,Not as described,2026-06-01,213.92
1404,45934,Arrived damaged,2025-11-19,326.58
1405,77550,Item defective,2023-04-20,438.93
1406,69740,Changed my mind,2023-05-24,423.68
1407,43098,Changed my mind,2026-06-27,470.9
1408,45413,Changed my mind,2024-07-02,29.98
1409,10104,Not as described,2025-09-16,358.84
1410,96246,Not as described,2026-06-22,172.3
1411,7605,Wrong size,2023-08-26,237.33
1412,39679,Changed my mind,2025-06-13,248.19
1413,80148,Item defective,2023-10-14,27.19
1414,49583,Arrived damaged,2025-09-29,390.98
1415,2652,Not as described,2026-03-07,272.54
1416,54122,Item defective,2023-01-18,487.48
1417,75236,Arrived damaged,2023-03-30,456.94
1418,78763,Not as described,2024-02-20,170.23
1419,67004,Not as described,2023-08-14,37.51
1420,39249,Arrived damaged,2025-09-22,450.53
1421,73503,Changed my mind,2024-01-09,457.27
1422,42902,Item defective,2026-02-03,49.43
1423,93664,Item defective,2023-11-06,273.36
1424,29569,Arrived damaged,2023-10-21,120.02
1425,68591,Wrong size,2025-11-08,83.34
1426,19882,Wrong size,2024-01-22,141.9
1427,70531,Item defective,2024-10-02,368.04
1428,72856,Arrived damaged,2023-06-06,300.04
1429,95893,Item defective,2023-11-08,213.05
1430,25483,Changed my mind,2024-12-10,484.48
1431,48075,Item defective,2026-02-25,441.72
1432,17163,Wrong size,2024-12-20,446.86
1433,26341,Not as described,2024-10-09,245.05
1434,54167,Not as described,2023-05-29,71.5
1435,22131,Item defective,2023-05-06,493.5
1436,8099,Wrong size,2026-06-25,107.31
1437,54755,Item defective,2023-06-19,285.26
1438,82519,Arrived damaged,2026-05-25,81.92
1439,2008,Arrived damaged,2023-04-30,13.64
1440,16334,Arrived damaged,2025-02-04,28.48
1441,74135,Arrived damaged,2024-05-19,251.9
1442,74253,Changed my mind,2025-01-13,204.43
1443,79834,Not as described,2025-06-03,237.81
1444,57436,Changed my mind,2024-11-29,241.33
1445,91474,Wrong size,2023-10-23,400.55
1446,20718,Not as described,2024-10-01,62.08
1447,63468,Not as described,2023-01-13,74.44
1448,21287,Wrong size,2023-09-15,458.79
1449,26926,Not as described,2023-09-08,131.55
1450,73233,Changed my mind,2023-07-01,126.37
1451,69679,Changed my mind,2023-05-19,96.57
1452,44520,Not as described,2023-11-30,430.3
1453,30151,Changed my mind,2024-11-28,348.26
1454,71125,Item defective,2024-05-23,167.33
1455,77708,Arrived damaged,2024-02-04,439.55
1456,2498,Not as described,2026-05-08,11.48
1457,72353,Wrong size,2023-06-17,305.57
1458,19697,Wrong size,2026-04-09,413.05
1459,74775,Changed my mind,2024-06-19,49.99
1460,37393,Changed my mind,2025-05-20,429.6
1461,78027,Not as described,2025-03-08,292.78
1462,6371,Not as described,2023-01-09,450.34
1463,98978,Not as described,2025-06-17,26.61
1464,10,Item defective,2023-04-11,103.78
1465,22325,Changed my mind,2025-11-05,59.14
1466,55945,Wrong size,2024-07-08,188.44
1467,96337,Arrived damaged,2023-03-03,63.34
1468,1372,Arrived damaged,2026-05-23,489.67
1469,72519,Changed my mind,2025-12-28,264.61
1470,59743,Not as described,2024-02-10,292.02
1471,15595,Wrong size,2024-07-09,50.7
1472,63711,Item defective,2025-02-08,198.45
1473,67604,Item defective,2026-01-06,72.77
1474,68547,Changed my mind,2023-05-29,93.72
1475,67500,Item defective,2025-04-02,218.53
1476,14108,Arrived damaged,2023-07-07,155.21
1477,89831,Item defective,2025-10-09,217.75
1478,30046,Not as described,2024-03-31,420.97
1479,56232,Item defective,2026-01-01,330.44
1480,38965,Arrived damaged,2025-12-08,215.74
1481,3090,Wrong size,2026-04-17,219.78
1482,79669,Changed my mind,2024-07-11,225.57
1483,13703,Wrong size,2024-12-21,131.69
1484,37635,Wrong size,2023-03-10,213.1
1485,37288,Wrong size,2025-10-14,396.26
1486,21716,Arrived damaged,2023-04-20,467.65
1487,20996,Item defective,2025-06-22,247.91
1488,91840,Not as described,2024-03-27,365.78
1489,23157,Item defective,2025-05-29,269.56
1490,23776,Item defective,2024-11-10,151.4
1491,18845,Not as described,2026-06-15,435.62
1492,81750,Not as described,2025-04-15,471.42
1493,64137,Changed my mind,2025-11-07,214.77
1494,99806,Wrong size,2023-11-10,385.9
1495,56530,Changed my mind,2025-11-24,106.37
1496,97391,Not as described,2024-07-28,192.91
1497,54454,Item defective,2024-02-12,227.29
1498,40487,Changed my mind,2024-01-09,22.74
1499,62240,Wrong size,2026-05-17,297.11
1500,74550,Changed my mind,2026-06-23,118.87
1501,88792,Item defective,2023-08-22,206.42
1502,62710,Arrived damaged,2024-11-06,357.62
1503,6088,Arrived damaged,2024-03-07,80.87
1504,16978,Not as described,2023-04-29,332.21
1505,29456,Changed my mind,2023-07-01,335.48
1506,33962,Wrong size,2025-07-24,37.22
1507,41181,Changed my mind,2025-12-10,301.54
1508,58901,Not as described,2023-02-22,333.15
1509,81581,Arrived damaged,2023-02-21,281.53
1510,80713,Changed my mind,2024-12-02,146.91
1511,61433,Arrived damaged,2025-07-06,396.7
1512,24146,Arrived damaged,2025-10-12,465.32
1513,66103,Item defective,2023-06-04,376.35
1514,88242,Changed my mind,2026-04-11,146.99
1515,89754,Wrong size,2023-02-14,40.41
1516,21301,Wrong size,2024-04-12,307.04
1517,79871,Not as described,2024-08-27,41.46
1518,99769,Arrived damaged,2023-06-08,5.53
1519,29860,Wrong size,2023-04-22,499.4
1520,38212,Wrong size,2024-04-03,346.8
1521,3123,Not as described,2025-03-25,57.45
1522,31480,Changed my mind,2023-01-02,463.74
1523,681,Item defective,2023-07-15,46.54
1524,79303,Not as described,2025-08-02,179.76
1525,99305,Changed my mind,2024-01-09,476.12
1526,11001,Not as described,2024-07-22,113.02
1527,9011,Item defective,2025-02-19,388.45
1528,10220,Not as described,2024-09-15,492.78
1529,48856,Wrong size,2024-10-12,30.12
1530,38113,Not as described,2026-04-18,87.67
1531,99410,Item defective,2024-01-20,225.1
1532,80988,Not as described,2024-07-24,287.17
1533,66569,Arrived damaged,2025-12-11,406.48
1534,52881,Not as described,2024-04-17,430.3
1535,27900,Item defective,2024-11-04,50.21
1536,71903,Arrived damaged,2023-10-10,439.65
1537,13769,Wrong size,2024-07-07,373.89
1538,48596,Item defective,2026-01-22,128.32
1539,62321,Arrived damaged,2023-03-24,46.03
1540,45625,Item defective,2025-11-19,334.66
1541,8933,Arrived damaged,2024-07-04,447.74
1542,66165,Wrong size,2025-11-03,310.42
1543,51039,Not as described,2025-05-01,190.95
1544,67827,Changed my mind,2025-05-16,279.03
1545,40818,Not as described,2024-02-18,311.79
1546,48746,Wrong size,2025-07-28,362.28
1547,50305,Item defective,2023-07-16,14.39
1548,67885,Arrived damaged,2023-10-30,235.71
1549,55383,Arrived damaged,2025-08-08,341.48
1550,12622,Item defective,2025-02-19,212.04
1551,75208,Changed my mind,2024-11-24,439.1
1552,98735,Changed my mind,2025-08-30,72.73
1553,16996,Item defective,2025-08-30,253.27
1554,18467,Changed my mind,2024-07-25,253.17
1555,81168,Item defective,2024-01-13,169.81
1556,60247,Arrived damaged,2023-02-01,68.9
1557,98567,Changed my mind,2023-01-21,22.95
1558,74624,Not as described,2023-04-04,152.26
1559,25182,Item defective,2024-07-09,266.58
1560,36139,Item defective,2024-08-09,10.08
1561,79540,Arrived damaged,2025-10-14,55.02
1562,60031,Wrong size,2025-08-28,491.69
1563,2870,Changed my mind,2023-08-05,402.51
1564,60943,Not as described,2024-06-12,303.24
1565,79638,Not as described,2023-04-05,378.81
1566,72813,Changed my mind,2024-10-16,283.48
1567,41863,Changed my mind,2023-10-23,197.79
1568,5427,Arrived damaged,2025-01-17,362.43
1569,73836,Item defective,2023-05-22,458.69
1570,13606,Changed my mind,2023-07-27,371.34
1571,60629,Item defective,2023-01-11,252.39
1572,33707,Wrong size,2025-02-20,482.26
1573,96442,Item defective,2026-02-10,140.79
1574,65305,Not as described,2024-12-01,311.66
1575,77983,Arrived damaged,2026-05-16,413.41
1576,65441,Wrong size,2024-08-23,177.06
1577,93267,Item defective,2024-06-19,52.93
1578,65653,Not as described,2023-02-14,196.17
1579,63684,Wrong size,2024-09-06,149.83
1580,69996,Wrong size,2023-01-14,13.2
1581,22769,Arrived damaged,2025-01-16,462.1
1582,9068,Arrived damaged,2025-09-27,211.86
1583,27480,Item defective,2025-07-24,7.74
1584,18957,Item defective,2024-06-17,494.7
1585,24925,Arrived damaged,2024-04-20,353.34
1586,51242,Changed my mind,2024-02-19,61.25
1587,15593,Item defective,2025-07-24,298.58
1588,55254,Item defective,2025-07-06,49.37
1589,51250,Item defective,2025-06-07,436.43
1590,24489,Changed my mind,2026-06-27,400.54
1591,63078,Item defective,2025-01-11,490.57
1592,36699,Item defective,2023-05-12,120.49
1593,44471,Arrived damaged,2024-03-12,467.97
1594,38158,Wrong size,2023-05-20,316.5
1595,4955,Not as described,2024-11-26,482.16
1596,62671,Item defective,2025-07-17,52.0
1597,38561,Item defective,2024-07-08,296.83
1598,54198,Wrong size,2025-11-17,77.87
1599,56438,Wrong size,2025-06-20,337.63
1600,98775,Item defective,2024-04-27,425.09
1601,38639,Not as described,2024-07-07,5.27
1602,53845,Changed my mind,2024-04-08,419.32
1603,50189,Item defective,2025-11-18,163.16
1604,25576,Item defective,2023-10-18,58.14
1605,74981,Not as described,2024-03-20,456.11
1606,20396,Item defective,2025-04-24,7.97
1607,57115,Item defective,2025-12-10,16.32
1608,1531,Wrong size,2025-11-04,428.48
1609,30710,Item defective,2024-02-24,406.13
1610,51892,Wrong size,2024-09-08,85.09
1611,84639,Arrived damaged,2024-05-08,88.63
1612,40669,Changed my mind,2023-01-10,243.6
1613,83446,Wrong size,2025-04-19,336.41
1614,61766,Wrong size,2023-03-13,363.88
1615,15410,Item defective,2026-03-10,67.25
1616,48572,Arrived damaged,2023-06-03,396.32
1617,95074,Changed my mind,2025-04-24,348.91
1618,10109,Arrived damaged,2024-09-26,17.67
1619,32597,Not as described,2026-03-15,447.58
1620,76244,Not as described,2023-06-01,91.42
1621,47339,Item defective,2023-04-10,487.82
1622,33921,Item defective,2023-06-29,438.49
1623,58171,Arrived damaged,2026-01-04,431.87
1624,50272,Item defective,2025-01-11,40.15
1625,50612,Item defective,2026-05-17,387.06
1626,61304,Changed my mind,2023-01-08,30.98
1627,44110,Changed my mind,2025-10-18,48.51
1628,18233,Wrong size,2024-02-16,222.73
1629,75740,Item defective,2024-03-06,322.92
1630,89232,Changed my mind,2026-01-16,64.9
1631,2968,Not as described,2025-08-09,160.09
1632,9863,Not as described,2024-01-16,490.03
1633,16816,Wrong size,2026-02-17,114.91
1634,17342,Changed my mind,2026-02-12,470.75
1635,98254,Item defective,2025-07-02,176.76
1636,19276,Arrived damaged,2024-02-06,360.24
1637,20091,Item defective,2024-08-09,231.36
1638,1971,Arrived damaged,2026-06-17,430.64
1639,87617,Arrived damaged,2026-01-11,337.65
1640,95538,Changed my mind,2023-08-28,115.16
1641,38506,Not as described,2024-01-11,134.27
1642,67031,Not as described,2025-08-08,34.7
1643,16004,Item defective,2023-04-12,287.25
1644,97816,Not as described,2024-09-10,176.74
1645,60088,Not as described,2023-04-03,326.01
1646,2433,Not as described,2024-12-20,148.51
1647,80537,Arrived damaged,2024-06-23,479.44
1648,53530,Not as described,2025-04-13,346.82
1649,51410,Not as described,2025-06-29,96.52
1650,50233,Not as described,2024-03-30,29.68
1651,76600,Item defective,2024-06-12,281.93
1652,96544,Wrong size,2025-12-14,238.56
1653,86403,Item defective,2025-07-27,16.47
1654,56769,Changed my mind,2025-11-16,432.23
1655,24126,Item defective,2025-04-26,355.48
1656,12470,Wrong size,2024-01-23,96.93
1657,26364,Not as described,2025-04-27,17.66
1658,95738,Changed my mind,2025-12-05,457.78
1659,4531,Changed my mind,2024-11-04,189.63
1660,23683,Not as described,2023-10-12,45.43
1661,26879,Arrived damaged,2025-09-10,115.61
1662,90670,Item defective,2026-03-13,69.92
1663,42336,Not as described,2025-07-18,87.1
1664,98716,Item defective,2026-06-03,142.36
1665,62820,Changed my mind,2024-04-28,167.45
1666,86526,Item defective,2024-02-17,168.03
1667,9469,Not as described,2023-07-31,473.7
1668,79980,Not as described,2023-03-05,255.1
1669,30427,Not as described,2024-07-20,345.37
1670,13939,Changed my mind,2026-06-06,168.59
1671,61043,Item defective,2023-01-25,112.68
1672,36028,Wrong size,2024-08-02,216.64
1673,82561,Wrong size,2025-06-15,315.99
1674,74701,Not as described,2025-05-05,291.78
1675,74127,Wrong size,2023-04-03,99.18
1676,69715,Changed my mind,2025-12-11,193.24
1677,42212,Wrong size,2023-10-05,164.77
1678,23576,Not as described,2024-11-03,236.74
1679,40066,Arrived damaged,2023-10-19,309.18
1680,77698,Not as described,2026-02-23,498.32
1681,57388,Changed my mind,2025-07-15,273.8
1682,70604,Wrong size,2023-06-10,426.95
1683,3975,Item defective,2025-11-21,289.68
1684,77239,Arrived damaged,2025-12-13,398.52
1685,14354,Item defective,2023-09-05,124.53
1686,520,Arrived damaged,2025-01-23,344.66
1687,85409,Item defective,2023-07-06,85.74
1688,84697,Not as described,2023-12-07,367.22
1689,41215,Changed my mind,2024-08-24,73.73
1690,52305,Changed my mind,2026-06-18,313.56
1691,57793,Changed my mind,2024-01-16,71.37
1692,11843,Not as described,2024-07-18,304.96
1693,181,Item defective,2025-06-23,201.44
1694,45871,Changed my mind,2024-09-03,49.19
1695,16437,Item defective,2023-09-26,76.96
1696,84390,Not as described,2024-08-28,255.37
1697,7703,Wrong size,2025-11-02,247.7
1698,70379,Wrong size,2024-06-07,216.55
1699,72829,Item defective,2025-12-07,279.32
1700,16790,Wrong size,2024-10-21,300.95
1701,53551,Item defective,2023-10-22,397.61
1702,52888,Item defective,2026-05-07,101.6
1703,16303,Changed my mind,2023-09-26,108.93
1704,32297,Wrong size,2025-08-24,173.58
1705,79732,Wrong size,2024-02-13,179.44
1706,54043,Arrived damaged,2023-06-11,116.99
1707,75582,Changed my mind,2025-03-22,427.54
1708,16476,Changed my mind,2025-05-10,166.12
1709,91874,Wrong size,2026-03-15,74.13
1710,57879,Changed my mind,2025-06-01,318.52
1711,10525,Changed my mind,2024-02-24,442.3
1712,15260,Not as described,2026-06-13,482.82
1713,32809,Not as described,2024-09-12,493.18
1714,59288,Not as described,2024-07-28,470.22
1715,29495,Wrong size,2023-09-26,491.37
1716,63776,Not as described,2025-07-29,431.37
1717,9877,Changed my mind,2024-08-11,258.59
1718,17300,Wrong size,2025-08-06,121.13
1719,76324,Arrived damaged,2024-01-18,336.35
1720,93880,Wrong size,2024-04-09,162.82
1721,53976,Changed my mind,2023-05-25,468.37
1722,64507,Changed my mind,2023-10-23,10.56
1723,62241,Arrived damaged,2023-03-02,176.26
1724,80239,Arrived damaged,2024-12-11,457.47
1725,5935,Item defective,2025-05-28,54.86
1726,39321,Changed my mind,2025-04-04,444.67
1727,17185,Not as described,2023-07-12,132.98
1728,57389,Changed my mind,2024-12-04,183.2
1729,84409,Item defective,2025-10-16,489.99
1730,76204,Not as described,2024-06-05,175.17
1731,4072,Wrong size,2023-08-01,486.06
1732,38578,Changed my mind,2024-09-10,92.48
1733,29669,Arrived damaged,2025-04-13,321.55
1734,47350,Changed my mind,2024-07-19,347.7
1735,52667,Item defective,2024-07-01,225.63
1736,62432,Item defective,2024-12-28,90.86
1737,72236,Wrong size,2026-05-04,373.18
1738,73398,Item defective,2025-01-01,287.02
1739,15996,Wrong size,2025-12-07,379.32
1740,58939,Wrong size,2023-10-28,214.69
1741,87911,Arrived damaged,2024-01-21,243.07
1742,45270,Item defective,2023-12-16,288.99
1743,17516,Item defective,2024-11-18,52.79
1744,6185,Wrong size,2025-05-20,146.41
1745,84636,Arrived damaged,2023-07-15,387.22
1746,48894,Not as described,2025-12-21,424.46
1747,49687,Changed my mind,2026-06-16,274.69
1748,1728,Changed my mind,2024-07-02,356.36
1749,4735,Arrived damaged,2026-05-10,221.55
1750,30252,Wrong size,2025-05-24,265.57
1751,60471,Wrong size,2025-10-03,301.16
1752,76349,Item defective,2023-10-23,313.67
1753,36464,Wrong size,2024-09-25,114.58
1754,60877,Item defective,2023-08-28,463.1
1755,76842,Arrived damaged,2026-03-31,96.0
1756,49324,Arrived damaged,2024-08-08,199.31
1757,64589,Wrong size,2023-03-17,430.71
1758,40703,Arrived damaged,2023-01-03,125.28
1759,73277,Wrong size,2025-11-06,216.27
1760,13800,Wrong size,2023-02-01,34.67
1761,57995,Changed my mind,2024-09-15,288.05
1762,68703,Arrived damaged,2024-12-15,311.66
1763,89891,Item defective,2023-08-04,460.81
1764,3766,Item defective,2024-01-13,480.9
1765,11509,Changed my mind,2025-03-10,53.89
1766,55798,Arrived damaged,2024-10-13,279.26
1767,28439,Not as described,2024-04-03,22.07
1768,35933,Changed my mind,2023-06-23,289.24
1769,65272,Wrong size,2024-01-23,23.75
1770,19942,Wrong size,2025-01-16,34.2
1771,55761,Item defective,2024-08-20,486.3
1772,53105,Wrong size,2025-08-29,289.59
1773,32754,Changed my mind,2026-03-21,43.15
1774,8473,Changed my mind,2023-12-02,47.87
1775,72432,Item defective,2026-06-17,384.32
1776,24044,Changed my mind,2023-05-05,18.9
1777,44064,Not as described,2025-12-04,411.55
1778,64202,Wrong size,2023-05-20,382.45
1779,81070,Not as described,2023-07-22,419.04
1780,44431,Not as described,2023-06-16,439.39
1781,95965,Changed my mind,2023-11-19,439.55
1782,42979,Item defective,2025-09-03,296.3
1783,23684,Arrived damaged,2023-09-07,290.66
1784,7600,Item defective,2025-10-25,84.83
1785,50886,Arrived damaged,2023-03-07,24.14
1786,5724,Not as described,2024-10-11,291.75
1787,2965,Not as described,2025-12-25,374.66
1788,49884,Changed my mind,2023-07-31,238.54
1789,80942,Not as described,2023-04-18,120.38
1790,79105,Wrong size,2023-09-20,383.98
1791,85799,Changed my mind,2024-08-19,264.75
1792,3640,Arrived damaged,2023-07-03,479.99
1793,74221,Changed my mind,2026-03-10,69.99
1794,15925,Item defective,2026-01-02,265.95
1795,29746,Changed my mind,2023-12-06,274.09
1796,82150,Arrived damaged,2025-08-07,466.43
1797,96319,Item defective,2023-02-10,175.74
1798,3107,Item defective,2024-04-13,189.0
1799,35850,Not as described,2023-01-15,251.32
1800,25164,Arrived damaged,2024-06-06,452.75
1801,28663,Arrived damaged,2024-08-28,370.27
1802,63735,Not as described,2023-05-05,215.93
1803,59479,Changed my mind,2023-12-18,450.01
1804,29662,Not as described,2025-10-30,357.89
1805,66930,Wrong size,2023-05-28,232.9
1806,17426,Arrived damaged,2025-03-11,483.79
1807,79104,Item defective,2023-05-11,114.25
1808,41665,Not as described,2023-02-08,82.57
1809,47792,Arrived damaged,2023-11-09,46.54
1810,48632,Item defective,2023-06-21,243.83
1811,5992,Arrived damaged,2023-09-23,182.76
1812,97308,Changed my mind,2024-08-14,457.47
1813,56937,Item defective,2025-05-22,437.13
1814,34388,Changed my mind,2026-02-03,385.74
1815,30638,Arrived damaged,2026-06-16,279.79
1816,47354,Wrong size,2023-02-02,383.02
1817,42329,Item defective,2024-01-28,78.03
1818,52288,Item defective,2025-04-02,414.19
1819,5923,Item defective,2026-04-12,402.52
1820,69754,Arrived damaged,2025-11-07,211.01
1821,38475,Arrived damaged,2024-03-09,389.02
1822,98343,Wrong size,2023-11-07,235.01
1823,22092,Item defective,2024-12-21,299.34
1824,89974,Wrong size,2024-05-30,23.4
1825,44445,Not as described,2024-02-03,433.96
1826,7031,Item defective,2025-04-29,424.04
1827,77018,Item defective,2026-01-08,270.05
1828,68491,Not as described,2026-05-10,115.24
1829,1594,Arrived damaged,2026-02-18,379.48
1830,47303,Item defective,2025-02-19,321.16
1831,15529,Item defective,2025-04-05,109.49
1832,97515,Not as described,2023-07-24,232.14
1833,3906,Item defective,2024-04-13,332.75
1834,36375,Arrived damaged,2026-05-31,462.78
1835,98201,Changed my mind,2025-12-15,450.85
1836,57448,Changed my mind,2024-06-08,113.54
1837,12452,Wrong size,2023-08-08,394.8
1838,14042,Arrived damaged,2025-06-21,166.92
1839,90279,Wrong size,2025-03-23,111.64
1840,36136,Wrong size,2023-11-27,25.35
1841,58844,Wrong size,2025-01-06,61.21
1842,5010,Item defective,2023-12-20,253.81
1843,810,Wrong size,2023-02-24,231.93
1844,63869,Wrong size,2026-01-31,108.4
1845,80078,Item defective,2025-03-28,262.07
1846,70025,Changed my mind,2024-11-13,275.29
1847,98801,Item defective,2023-04-17,176.29
1848,18187,Changed my mind,2026-02-13,253.52
1849,41355,Arrived damaged,2023-03-24,467.58
1850,90480,Item defective,2024-12-21,385.36
1851,38834,Wrong size,2024-06-30,287.91
1852,37796,Wrong size,2026-06-24,208.72
1853,70654,Changed my mind,2024-12-05,20.67
1854,77795,Arrived damaged,2025-04-06,117.79
1855,59732,Wrong size,2023-11-08,395.02
1856,32702,Item defective,2024-11-27,399.32
1857,70776,Wrong size,2025-10-21,138.34
1858,68323,Not as described,2025-07-12,58.09
1859,47477,Not as described,2023-08-09,224.82
1860,4194,Arrived damaged,2024-05-25,227.58
1861,60605,Not as described,2025-01-18,298.98
1862,77398,Changed my mind,2023-08-25,22.85
1863,6044,Wrong size,2023-01-09,15.75
1864,18174,Wrong size,2023-11-22,180.66
1865,80585,Arrived damaged,2025-01-10,294.5
1866,93740,Changed my mind,2023-12-09,100.01
1867,22883,Not as described,2025-10-02,18.53
1868,76449,Changed my mind,2025-06-05,206.93
1869,57938,Item defective,2023-10-04,94.21
1870,69625,Item defective,2025-08-09,89.04
1871,98967,Arrived damaged,2026-02-01,57.15
1872,73088,Wrong size,2026-05-21,403.78
1873,2835,Not as described,2023-06-18,365.32
1874,93037,Wrong size,2024-01-26,203.04
1875,55358,Wrong size,2025-09-30,115.5
1876,64155,Not as described,2024-08-17,298.41
1877,29103,Not as described,2025-01-19,357.96
1878,21449,Not as described,2024-01-10,338.67
1879,39471,Item defective,2024-07-30,44.82
1880,29545,Item defective,2024-11-14,388.79
1881,59828,Wrong size,2023-07-22,192.65
1882,79388,Wrong size,2025-08-26,74.84
1883,97854,Arrived damaged,2026-01-07,75.92
1884,8421,Arrived damaged,2025-08-31,404.42
1885,8291,Not as described,2023-07-29,431.84
1886,72748,Changed my mind,2025-01-22,398.82
1887,97509,Item defective,2023-10-30,65.12
1888,43912,Item defective,2024-11-04,460.39
1889,26161,Item defective,2024-01-22,249.15
1890,27290,Wrong size,2025-08-10,44.61
1891,80361,Item defective,2024-07-11,138.75
1892,4939,Item defective,2023-01-05,340.7
1893,96583,Changed my mind,2023-01-01,410.24
1894,55744,Not as described,2023-12-27,366.44
1895,18526,Changed my mind,2025-03-31,227.54
1896,59903,Not as described,2024-05-27,333.33
1897,70757,Arrived damaged,2023-08-05,154.98
1898,22110,Arrived damaged,2026-02-24,27.17
1899,44915,Wrong size,2023-04-18,405.7
1900,10214,Arrived damaged,2023-04-17,130.12
1901,9270,Item defective,2024-09-29,220.82
1902,26406,Wrong size,2025-09-14,386.89
1903,83434,Item defective,2026-07-01,310.3
1904,73838,Arrived damaged,2026-02-06,283.78
1905,88758,Item defective,2024-06-04,402.63
1906,75375,Wrong size,2024-11-17,45.24
1907,42850,Not as described,2024-04-26,246.87
1908,68698,Wrong size,2024-10-16,306.06
1909,97609,Item defective,2026-06-12,107.17
1910,30146,Wrong size,2024-08-21,189.34
1911,38509,Changed my mind,2026-03-31,277.21
1912,72798,Wrong size,2025-03-21,342.74
1913,90205,Not as described,2023-01-04,270.86
1914,43774,Not as described,2025-03-21,85.55
1915,75710,Not as described,2025-07-14,324.45
1916,63591,Not as described,2024-06-17,239.81
1917,57283,Item defective,2025-09-11,469.03
1918,54776,Arrived damaged,2026-03-25,11.87
1919,494,Arrived damaged,2024-08-31,158.94
1920,23717,Wrong size,2023-12-02,243.4
1921,23096,Changed my mind,2024-07-25,446.72
1922,81834,Changed my mind,2024-04-20,216.1
1923,17429,Not as described,2023-10-13,281.05
1924,43100,Arrived damaged,2025-11-29,111.46
1925,745,Arrived damaged,2025-05-16,266.39
1926,61172,Arrived damaged,2025-08-29,336.06
1927,83614,Not as described,2023-07-03,472.02
1928,28079,Changed my mind,2023-05-07,36.31
1929,20244,Wrong size,2024-01-28,100.61
1930,34254,Not as described,2025-07-21,364.27
1931,66285,Arrived damaged,2026-01-25,256.87
1932,31532,Changed my mind,2026-05-20,403.12
1933,55607,Item defective,2025-10-08,375.9
1934,94792,Changed my mind,2023-08-01,241.22
1935,97479,Arrived damaged,2025-03-08,131.37
1936,67417,Item defective,2024-04-26,248.77
1937,15930,Wrong size,2025-02-26,306.56
1938,36270,Changed my mind,2023-11-08,259.09
1939,22357,Changed my mind,2025-11-09,211.6
1940,82779,Wrong size,2026-05-05,410.79
1941,37820,Wrong size,2023-11-21,127.11
1942,58918,Item defective,2026-03-09,461.37
1943,11244,Item defective,2023-09-10,411.66
1944,60402,Item defective,2025-02-09,411.84
1945,1627,Changed my mind,2023-12-14,51.87
1946,13414,Arrived damaged,2026-01-15,432.86
1947,41765,Changed my mind,2025-04-11,436.3
1948,59642,Item defective,2023-04-28,277.06
1949,23286,Item defective,2023-07-22,68.27
1950,23780,Not as described,2023-12-28,386.03
1951,77951,Changed my mind,2025-05-12,133.54
1952,31871,Arrived damaged,2024-09-17,442.35
1953,56540,Wrong size,2025-12-26,161.81
1954,93074,Changed my mind,2025-08-06,498.52
1955,17212,Arrived damaged,2023-03-08,168.18
1956,82106,Wrong size,2024-09-10,12.29
1957,13383,Arrived damaged,2025-03-03,276.79
1958,61708,Not as described,2024-05-18,123.88
1959,84462,Wrong size,2024-02-01,491.84
1960,37932,Changed my mind,2023-08-19,280.79
1961,41172,Item defective,2023-07-25,40.04
1962,73637,Changed my mind,2024-03-15,119.21
1963,44386,Changed my mind,2025-02-07,296.61
1964,69176,Item defective,2024-12-09,335.97
1965,5094,Arrived damaged,2025-04-30,8.51
1966,23453,Wrong size,2024-06-21,305.38
1967,79296,Item defective,2023-12-21,434.88
1968,172,Not as described,2024-11-06,383.08
1969,33342,Wrong size,2024-10-14,148.58
1970,23695,Arrived damaged,2025-04-13,460.31
1971,3826,Wrong size,2025-09-18,475.99
1972,85051,Changed my mind,2025-10-22,38.08
1973,42550,Not as described,2026-01-28,269.18
1974,85657,Changed my mind,2025-06-02,37.08
1975,32386,Not as described,2025-07-13,386.27
1976,57238,Changed my mind,2024-08-10,216.45
1977,21191,Wrong size,2023-12-23,342.09
1978,54746,Item defective,2023-11-27,249.11
1979,22741,Wrong size,2023-06-26,465.64
1980,48643,Arrived damaged,2024-04-27,395.56
1981,85254,Not as described,2025-08-05,147.37
1982,29590,Changed my mind,2025-07-16,235.67
1983,10962,Item defective,2024-12-09,125.79
1984,32789,Arrived damaged,2025-05-11,21.63
1985,97090,Changed my mind,2024-11-13,204.91
1986,2134,Arrived damaged,2025-01-11,138.79
1987,48287,Arrived damaged,2024-08-16,317.28
1988,10889,Changed my mind,2026-02-06,273.06
1989,15255,Changed my mind,2024-02-25,393.23
1990,46274,Not as described,2023-05-01,281.46
1991,95064,Arrived damaged,2026-03-29,135.17
1992,41297,Item defective,2024-04-30,438.33
1993,42836,Not as described,2025-08-20,281.1
1994,41434,Changed my mind,2024-08-10,39.97
1995,85020,Wrong size,2023-01-29,160.38
1996,84436,Item defective,2023-11-11,228.1
1997,66657,Changed my mind,2024-08-03,172.36
1998,17498,Wrong size,2026-06-28,190.65
1999,54581,Wrong size,2024-02-26,69.11
2000,67650,Changed my mind,2023-07-01,54.25
2001,30791,Item defective,2023-04-24,188.8
2002,80956,Changed my mind,2024-09-03,465.9
2003,82608,Arrived damaged,2025-07-20,384.43
2004,80066,Arrived damaged,2023-04-17,86.76
2005,58400,Arrived damaged,2024-10-25,385.44
2006,96530,Changed my mind,2026-06-04,47.31
2007,28212,Changed my mind,2023-06-26,140.24
2008,8748,Item defective,2023-08-16,393.08
2009,32688,Not as described,2026-01-22,379.95
2010,2398,Not as described,2023-05-08,472.49
2011,3521,Changed my mind,2023-04-24,408.68
2012,51517,Changed my mind,2025-10-17,267.72
2013,314,Not as described,2024-05-23,454.53
2014,45594,Item defective,2025-07-09,310.21
2015,33366,Not as described,2023-11-30,315.4
2016,96197,Not as described,2023-01-09,335.95
2017,37673,Changed my mind,2024-11-21,200.26
2018,57280,Not as described,2026-06-28,400.84
2019,40396,Wrong size,2024-10-20,401.0
2020,89829,Arrived damaged,2026-04-24,381.58
2021,96876,Arrived damaged,2024-12-06,136.95
2022,6175,Arrived damaged,2026-06-02,420.97
2023,82679,Arrived damaged,2026-05-04,444.59
2024,95554,Item defective,2025-03-17,363.59
2025,92746,Arrived damaged,2025-08-27,222.78
2026,79418,Not as described,2025-03-21,211.21
2027,61196,Changed my mind,2023-08-08,439.06
2028,82102,Changed my mind,2024-05-02,15.67
2029,60375,Arrived damaged,2023-08-04,84.33
2030,22748,Arrived damaged,2026-03-21,134.58
2031,23203,Arrived damaged,2025-02-07,335.65
2032,1513,Wrong size,2023-01-29,384.43
2033,95629,Item defective,2023-04-30,465.35
2034,61083,Wrong size,2023-07-15,92.84
2035,89406,Item defective,2024-07-02,207.09
2036,45016,Item defective,2025-07-12,454.14
2037,66932,Wrong size,2025-10-14,451.03
2038,4820,Not as described,2023-05-27,301.51
2039,84010,Item defective,2023-07-04,107.4
2040,69308,Arrived damaged,2025-11-13,390.85
2041,24474,Changed my mind,2025-09-11,31.85
2042,76982,Item defective,2023-05-22,15.17
2043,24816,Item defective,2025-02-12,78.23
2044,29538,Wrong size,2026-04-21,59.59
2045,78379,Wrong size,2024-12-21,90.8
2046,35171,Not as described,2023-12-06,239.63
2047,50320,Not as described,2023-02-25,465.36
2048,47085,Changed my mind,2025-09-20,268.41
2049,29882,Wrong size,2025-10-03,263.43
2050,67269,Item defective,2025-05-28,203.96
2051,38764,Arrived damaged,2025-11-28,68.98
2052,72394,Wrong size,2024-02-09,341.26
2053,56224,Wrong size,2023-12-26,467.43
2054,58031,Wrong size,2025-02-12,261.22
2055,23810,Changed my mind,2025-03-02,243.62
2056,31826,Not as described,2024-11-04,421.15
2057,38064,Not as described,2023-03-12,484.17
2058,8648,Changed my mind,2023-01-20,184.79
2059,49310,Changed my mind,2024-09-24,395.76
2060,28011,Item defective,2024-06-25,176.38
2061,34360,Item defective,2025-04-07,140.82
2062,92952,Changed my mind,2023-10-07,357.87
2063,44858,Not as described,2026-02-11,208.61
2064,95195,Item defective,2024-05-30,24.59
2065,92052,Not as described,2026-01-12,303.12
2066,57668,Item defective,2024-04-16,386.77
2067,21085,Arrived damaged,2023-07-17,395.82
2068,59237,Arrived damaged,2024-04-12,51.97
2069,31296,Arrived damaged,2024-09-10,278.3
2070,58194,Wrong size,2024-02-08,237.78
2071,28081,Changed my mind,2023-11-01,162.14
2072,37663,Not as described,2023-01-12,265.13
2073,69730,Changed my mind,2023-10-27,284.12
2074,93317,Changed my mind,2025-02-20,487.06
2075,28464,Changed my mind,2024-11-13,443.19
2076,26008,Not as described,2026-03-21,115.66
2077,91913,Arrived damaged,2023-11-15,383.87
2078,78827,Arrived damaged,2023-11-07,341.22
2079,77744,Wrong size,2024-10-16,335.4
2080,4827,Wrong size,2024-07-18,272.47
2081,91792,Not as described,2024-08-01,113.55
2082,60254,Arrived damaged,2023-06-03,178.74
2083,55426,Not as described,2024-03-26,232.13
2084,29654,Not as described,2025-09-30,63.33
2085,42508,Wrong size,2024-05-30,198.46
2086,72395,Wrong size,2024-03-05,68.72
2087,80829,Wrong size,2023-08-08,328.2
2088,3784,Item defective,2023-09-13,205.13
2089,32511,Changed my mind,2025-10-28,217.87
2090,19330,Wrong size,2023-05-31,451.31
2091,64684,Item defective,2023-12-10,327.11
2092,41391,Not as described,2023-10-23,280.49
2093,67327,Changed my mind,2023-09-07,32.21
2094,94576,Item defective,2025-05-19,283.42
2095,4759,Item defective,2024-10-17,443.19
2096,74424,Changed my mind,2023-10-15,282.35
2097,52392,Item defective,2025-02-25,432.52
2098,47740,Item defective,2026-03-16,468.54
2099,72411,Changed my mind,2025-08-22,155.37
2100,4764,Changed my mind,2025-04-04,487.55
2101,33458,Item defective,2025-05-19,479.65
2102,87520,Wrong size,2024-01-02,351.36
2103,59060,Changed my mind,2025-05-16,415.5
2104,48311,Wrong size,2025-09-03,166.0
2105,77014,Not as described,2025-01-15,329.71
2106,74721,Not as described,2023-03-31,278.3
2107,45939,Changed my mind,2024-01-25,115.95
2108,26408,Not as described,2026-05-11,448.37
2109,50954,Arrived damaged,2024-05-03,407.71
2110,69610,Arrived damaged,2024-11-28,441.88
2111,80389,Changed my mind,2026-03-03,185.48
2112,14194,Item defective,2026-05-24,297.48
2113,63910,Arrived damaged,2024-04-17,304.28
2114,97328,Arrived damaged,2023-05-24,421.52
2115,92988,Not as described,2023-11-19,68.72
2116,22024,Not as described,2024-07-05,87.33
2117,56932,Changed my mind,2025-01-30,439.15
2118,73809,Item defective,2024-03-05,198.07
2119,53262,Wrong size,2026-01-09,482.77
2120,43019,Arrived damaged,2024-11-03,292.48
2121,90642,Not as described,2025-04-27,126.98
2122,28227,Item defective,2023-12-19,416.6
2123,85334,Not as described,2023-10-11,277.69
2124,26197,Changed my mind,2024-04-19,120.81
2125,27989,Item defective,2024-10-17,59.61
2126,35430,Changed my mind,2025-07-18,434.78
2127,37665,Wrong size,2024-03-26,114.64
2128,69304,Changed my mind,2025-08-09,173.61
2129,48330,Wrong size,2025-08-28,19.92
2130,78506,Arrived damaged,2025-07-01,191.43
2131,7829,Arrived damaged,2023-11-18,241.36
2132,30869,Item defective,2025-12-10,285.04
2133,17848,Changed my mind,2026-03-21,380.55
2134,32815,Arrived damaged,2026-03-05,284.7
2135,15081,Item defective,2023-09-05,212.83
2136,79691,Item defective,2025-02-13,108.09
2137,99868,Wrong size,2025-08-03,37.56
2138,78719,Wrong size,2026-02-15,379.65
2139,95793,Item defective,2025-08-24,184.43
2140,40630,Not as described,2024-09-16,397.08
2141,11110,Arrived damaged,2023-07-18,247.74
2142,32349,Not as described,2023-11-01,252.58
2143,14564,Not as described,2026-06-07,27.79
2144,73831,Not as described,2025-03-07,29.67
2145,32108,Changed my mind,2025-12-06,455.82
2146,36647,Item defective,2025-02-15,490.33
2147,50524,Arrived damaged,2024-04-08,280.2
2148,59170,Item defective,2024-07-19,235.74
2149,58533,Changed my mind,2023-05-27,283.65
2150,98470,Arrived damaged,2025-10-20,71.3
2151,51440,Not as described,2023-10-25,472.09
2152,53157,Item defective,2023-06-06,135.91
2153,83912,Arrived damaged,2024-04-15,473.84
2154,60394,Changed my mind,2024-11-22,459.15
2155,48719,Changed my mind,2025-10-31,454.17
2156,84497,Item defective,2025-10-19,103.79
2157,97222,Item defective,2025-05-06,245.3
2158,27486,Item defective,2023-03-30,361.77
2159,49086,Arrived damaged,2023-07-25,266.37
2160,47685,Wrong size,2023-10-13,129.11
2161,68827,Wrong size,2025-01-24,388.81
2162,87009,Wrong size,2023-11-15,230.99
2163,46513,Arrived damaged,2023-09-16,105.6
2164,56303,Arrived damaged,2023-03-05,125.89
2165,73444,Not as described,2023-10-07,436.2
2166,42294,Not as described,2026-03-13,110.03
2167,97134,Item defective,2025-12-14,334.67
2168,4313,Item defective,2024-10-20,74.75
2169,79243,Changed my mind,2025-05-06,377.09
2170,89772,Changed my mind,2023-06-08,394.18
2171,58003,Arrived damaged,2024-10-23,32.85
2172,93706,Item defective,2023-09-28,131.99
2173,73145,Arrived damaged,2024-06-30,177.56
2174,80349,Wrong size,2026-03-16,52.92
2175,35697,Wrong size,2024-10-18,24.67
2176,52018,Changed my mind,2024-08-06,421.02
2177,93618,Item defective,2023-04-07,394.88
2178,40421,Arrived damaged,2023-08-25,475.9
2179,46558,Wrong size,2024-11-23,422.4
2180,7212,Item defective,2024-07-11,162.98
2181,84292,Wrong size,2024-11-04,452.53
2182,6679,Wrong size,2024-10-14,40.03
2183,86024,Changed my mind,2024-09-01,252.09
2184,27856,Item defective,2024-09-19,434.78
2185,62235,Wrong size,2024-06-03,151.89
2186,24078,Not as described,2023-02-15,467.65
2187,82301,Arrived damaged,2023-05-13,455.23
2188,89393,Changed my mind,2023-02-06,89.88
2189,34144,Not as described,2025-06-24,227.64
2190,91587,Item defective,2025-03-16,100.96
2191,1176,Changed my mind,2026-06-16,262.42
2192,93128,Changed my mind,2025-10-19,291.01
2193,28674,Changed my mind,2024-08-14,393.96
2194,74079,Arrived damaged,2025-03-19,48.72
2195,56416,Changed my mind,2026-06-23,305.31
2196,70076,Arrived damaged,2026-01-19,47.41
2197,97433,Arrived damaged,2025-05-28,401.26
2198,59146,Item defective,2025-03-14,436.57
2199,91360,Wrong size,2024-09-30,25.99
2200,82361,Wrong size,2023-08-26,92.36
2201,38794,Wrong size,2024-02-09,206.24
2202,39867,Not as described,2023-08-27,182.43
2203,24386,Changed my mind,2024-06-30,143.28
2204,92199,Changed my mind,2024-06-27,473.46
2205,84643,Not as described,2024-01-01,23.29
2206,59126,Not as described,2025-12-03,116.64
2207,21635,Arrived damaged,2024-04-22,249.21
2208,6187,Wrong size,2024-10-11,450.57
2209,74203,Not as described,2023-12-08,147.79
2210,10490,Item defective,2023-04-19,11.42
2211,65976,Not as described,2023-02-25,90.03
2212,59212,Arrived damaged,2024-11-10,113.13
2213,58130,Wrong size,2023-09-14,63.57
2214,93889,Arrived damaged,2026-05-29,136.72
2215,53674,Wrong size,2023-07-15,136.13
2216,88945,Not as described,2023-07-01,484.35
2217,18294,Item defective,2026-05-07,452.28
2218,64311,Wrong size,2023-04-21,478.19
2219,46390,Changed my mind,2024-03-06,165.55
2220,62106,Wrong size,2024-11-27,341.37
2221,19204,Not as described,2025-05-20,190.85
2222,8390,Item defective,2026-03-29,498.01
2223,49617,Item defective,2026-02-08,38.2
2224,48027,Not as described,2023-10-02,240.51
2225,10558,Item defective,2026-05-04,132.68
2226,21136,Arrived damaged,2025-12-13,305.58
2227,14140,Arrived damaged,2025-01-24,257.47
2228,10540,Arrived damaged,2025-03-28,55.85
2229,25327,Item defective,2025-10-07,270.19
2230,62637,Arrived damaged,2024-03-06,145.52
2231,41175,Not as described,2024-01-21,54.02
2232,32788,Arrived damaged,2024-12-28,489.64
2233,77824,Not as described,2025-11-08,494.76
2234,44992,Arrived damaged,2025-11-14,202.37
2235,45265,Wrong size,2024-05-11,233.85
2236,12179,Wrong size,2023-05-08,164.23
2237,37983,Changed my mind,2023-06-12,77.26
2238,69893,Wrong size,2024-05-04,260.87
2239,9687,Not as described,2025-06-27,451.05
2240,66747,Item defective,2024-09-20,14.98
2241,69234,Wrong size,2024-01-24,38.07
2242,12250,Arrived damaged,2025-06-08,249.61
2243,64057,Item defective,2024-10-25,297.58
2244,88112,Item defective,2026-03-23,235.16
2245,28018,Item defective,2023-09-23,234.63
2246,65035,Wrong size,2023-06-13,202.86
2247,4340,Wrong size,2025-01-14,152.81
2248,20993,Wrong size,2023-12-20,26.09
2249,48226,Not as described,2026-03-07,437.77
2250,62701,Item defective,2023-11-13,240.0
2251,50311,Item defective,2023-05-14,492.39
2252,26575,Wrong size,2023-08-28,171.42
2253,93596,Changed my mind,2026-02-24,99.21
2254,76191,Arrived damaged,2024-01-23,31.61
2255,2940,Not as described,2024-01-17,66.23
2256,38034,Arrived damaged,2023-01-08,166.33
2257,86078,Arrived damaged,2023-05-15,465.84
2258,12037,Not as described,2026-04-26,419.31
2259,66844,Not as described,2026-06-17,213.6
2260,78394,Wrong size,2023-07-25,283.61
2261,26662,Item defective,2023-09-03,139.83
2262,38604,Not as described,2026-05-22,135.02
2263,57101,Changed my mind,2023-04-29,415.29
2264,27011,Wrong size,2025-09-06,221.69
2265,72089,Arrived damaged,2025-06-22,374.26
2266,84792,Wrong size,2023-11-13,361.53
2267,1206,Arrived damaged,2026-05-24,251.23
2268,46355,Item defective,2025-04-29,92.55
2269,56067,Item defective,2024-05-29,439.17
2270,30559,Wrong size,2024-04-02,301.92
2271,84227,Wrong size,2025-10-10,55.33
2272,74336,Wrong size,2024-01-25,147.53
2273,25159,Wrong size,2023-01-25,386.48
2274,71611,Wrong size,2024-01-05,479.02
2275,90694,Changed my mind,2025-05-19,387.25
2276,2459,Wrong size,2024-08-17,328.34
2277,38621,Arrived damaged,2023-05-08,457.29
2278,10901,Arrived damaged,2024-11-11,72.13
2279,15394,Changed my mind,2025-10-01,129.71
2280,65668,Item defective,2023-03-17,125.38
2281,96016,Arrived damaged,2024-05-03,229.98
2282,66394,Changed my mind,2026-04-23,244.8
2283,40020,Wrong size,2024-03-10,388.86
2284,40500,Item defective,2025-09-21,81.28
2285,18416,Wrong size,2025-03-08,23.07
2286,12506,Arrived damaged,2024-06-21,65.57
2287,28625,Arrived damaged,2026-05-22,147.16
2288,2561,Changed my mind,2025-12-12,55.04
2289,15119,Wrong size,2026-01-23,198.67
2290,21315,Item defective,2023-05-21,290.48
2291,11667,Arrived damaged,2025-04-07,271.96
2292,29213,Item defective,2023-12-18,482.66
2293,2500,Arrived damaged,2023-04-05,469.38
2294,89555,Changed my mind,2023-11-30,306.68
2295,37369,Arrived damaged,2024-03-02,193.43
2296,2865,Arrived damaged,2024-11-22,423.33
2297,98171,Changed my mind,2024-05-21,230.73
2298,69373,Arrived damaged,2026-02-15,221.31
2299,24434,Not as described,2026-07-01,335.46
2300,68107,Not as described,2025-08-04,306.14
2301,92366,Arrived damaged,2025-11-28,254.03
2302,70419,Item defective,2023-03-29,322.86
2303,88021,Arrived damaged,2025-10-26,408.5
2304,35324,Arrived damaged,2025-09-20,216.4
2305,68476,Wrong size,2024-03-20,150.18
2306,48333,Item defective,2024-04-26,350.93
2307,22104,Wrong size,2025-09-16,378.45
2308,48148,Changed my mind,2024-09-29,452.67
2309,74651,Item defective,2025-02-12,359.15
2310,32654,Wrong size,2025-09-26,300.54
2311,49744,Arrived damaged,2023-08-31,288.9
2312,74527,Changed my mind,2024-10-28,12.53
2313,72740,Not as described,2023-11-17,152.25
2314,33184,Item defective,2026-05-14,8.56
2315,8583,Wrong size,2026-01-03,192.02
2316,50597,Item defective,2026-04-16,415.01
2317,28423,Not as described,2023-10-06,494.98
2318,37302,Not as described,2023-05-09,386.91
2319,84418,Wrong size,2025-07-10,416.66
2320,32241,Changed my mind,2024-01-21,311.77
2321,24993,Changed my mind,2025-10-28,94.43
2322,59158,Not as described,2024-04-02,272.44
2323,62742,Wrong size,2024-03-16,260.42
2324,33840,Changed my mind,2025-05-06,419.54
2325,15916,Not as described,2025-09-01,271.07
2326,7207,Not as described,2024-04-29,298.75
2327,42366,Changed my mind,2026-05-21,457.12
2328,30267,Arrived damaged,2023-05-20,29.3
2329,37731,Changed my mind,2025-05-23,379.05
2330,3042,Wrong size,2024-04-05,266.01
2331,53510,Wrong size,2024-02-22,438.51
2332,89614,Wrong size,2026-02-19,485.03
2333,91917,Wrong size,2025-08-26,205.99
2334,42202,Not as described,2023-02-02,422.3
2335,45121,Wrong size,2025-11-28,359.88
2336,60396,Changed my mind,2023-11-15,85.22
2337,97606,Wrong size,2025-06-23,455.62
2338,5055,Arrived damaged,2026-06-14,298.46
2339,29614,Item defective,2025-06-17,494.26
2340,41784,Wrong size,2023-03-19,218.11
2341,70555,Arrived damaged,2023-03-23,440.03
2342,81932,Not as described,2024-10-28,320.63
2343,29053,Not as described,2025-10-29,169.39
2344,28330,Wrong size,2025-11-14,320.57
2345,43965,Item defective,2025-08-10,137.04
2346,16701,Not as described,2024-11-26,270.07
2347,69032,Changed my mind,2025-07-12,215.69
2348,48630,Not as described,2025-09-02,144.43
2349,49678,Not as described,2024-03-23,95.7
2350,69219,Arrived damaged,2024-07-17,150.24
2351,41147,Changed my mind,2024-03-31,220.5
2352,97972,Not as described,2025-05-05,340.57
2353,7871,Not as described,2024-09-07,10.57
2354,78815,Not as described,2025-12-08,224.45
2355,83152,Arrived damaged,2025-11-28,199.55
2356,49926,Changed my mind,2023-08-19,103.65
2357,74864,Wrong size,2025-01-31,335.89
2358,41443,Item defective,2023-12-21,239.85
2359,63313,Not as described,2023-01-25,430.78
2360,18760,Arrived damaged,2026-04-22,147.55
2361,93530,Arrived damaged,2023-06-17,485.98
2362,82816,Item defective,2025-10-13,292.37
2363,96775,Not as described,2023-01-11,271.14
2364,83960,Wrong size,2025-11-27,340.96
2365,64376,Arrived damaged,2023-07-29,398.92
2366,88290,Changed my mind,2025-01-28,254.86
2367,23933,Wrong size,2024-05-22,304.02
2368,75674,Arrived damaged,2023-09-08,404.64
2369,81743,Changed my mind,2023-04-08,432.59
2370,5990,Wrong size,2023-06-08,285.72
2371,25122,Arrived damaged,2026-04-17,331.2
2372,62907,Wrong size,2025-07-04,70.02
2373,26714,Wrong size,2025-04-30,240.48
2374,19377,Changed my mind,2024-06-22,439.31
2375,46870,Changed my mind,2026-03-26,43.91
2376,92258,Not as described,2025-11-05,72.27
2377,77075,Arrived damaged,2026-01-04,49.14
2378,69512,Item defective,2023-06-03,219.43
2379,40940,Changed my mind,2025-02-10,86.38
2380,21583,Wrong size,2025-07-21,80.83
2381,75576,Changed my mind,2025-12-29,442.79
2382,48416,Not as described,2026-03-15,251.82
2383,45906,Wrong size,2026-03-11,120.92
2384,47153,Wrong size,2025-08-22,333.94
2385,80958,Item defective,2023-08-18,440.26
2386,53608,Changed my mind,2024-12-02,109.38
2387,2279,Wrong size,2024-10-05,206.01
2388,59669,Wrong size,2025-12-23,329.82
2389,26066,Not as described,2026-01-27,346.54
2390,7601,Changed my mind,2024-02-22,108.67
2391,32828,Arrived damaged,2024-10-27,150.23
2392,81304,Item defective,2025-10-19,397.04
2393,59495,Item defective,2024-08-12,320.81
2394,9816,Not as described,2023-05-23,407.63
2395,50463,Not as described,2024-12-29,233.38
2396,58495,Not as described,2024-08-24,5.68
2397,73097,Wrong size,2025-08-27,323.57
2398,82177,Changed my mind,2023-01-22,475.23
2399,3,Item defective,2025-04-26,91.8
2400,37549,Changed my mind,2023-10-07,302.44
2401,14068,Changed my mind,2023-01-11,472.85
2402,31195,Not as described,2026-06-28,257.73
2403,31730,Arrived damaged,2025-03-10,248.24
2404,92002,Not as described,2024-12-22,498.79
2405,78959,Arrived damaged,2023-08-25,369.24
2406,10358,Changed my mind,2023-12-27,317.0
2407,89773,Not as described,2026-01-29,304.03
2408,3837,Wrong size,2023-05-17,29.67
2409,61283,Not as described,2024-12-04,386.66
2410,86417,Item defective,2023-02-07,399.43
2411,89522,Arrived damaged,2024-11-30,303.68
2412,84111,Changed my mind,2023-03-28,316.47
2413,68602,Item defective,2025-07-03,392.78
2414,92131,Arrived damaged,2023-09-10,356.42
2415,4496,Changed my mind,2026-03-24,58.38
2416,75448,Changed my mind,2023-09-12,25.47
2417,32077,Changed my mind,2025-11-12,436.55
2418,61353,Arrived damaged,2024-10-24,40.02
2419,17961,Not as described,2026-02-21,310.68
2420,91633,Not as described,2025-01-10,436.29
2421,89251,Not as described,2023-02-08,306.39
2422,49853,Not as described,2024-03-06,251.12
2423,51401,Arrived damaged,2023-03-19,91.01
2424,16096,Item defective,2025-11-22,22.55
2425,87257,Not as described,2024-02-24,34.46
2426,1022,Wrong size,2023-05-19,315.75
2427,94361,Changed my mind,2024-05-10,409.02
2428,53095,Wrong size,2026-05-25,490.46
2429,70859,Not as described,2025-10-09,413.84
2430,38703,Wrong size,2023-11-28,112.62
2431,90413,Not as described,2024-01-05,361.78
2432,95999,Wrong size,2023-11-26,389.36
2433,90299,Wrong size,2023-02-04,59.66
2434,78538,Wrong size,2023-08-25,396.98
2435,8330,Item defective,2024-02-09,381.02
2436,10533,Changed my mind,2025-09-12,234.24
2437,56508,Changed my mind,2025-05-02,290.63
2438,12371,Changed my mind,2025-07-07,222.52
2439,1560,Wrong size,2026-04-05,207.74
2440,13136,Item defective,2026-05-26,299.82
2441,4261,Changed my mind,2024-10-22,73.2
2442,60087,Arrived damaged,2025-12-27,123.18
2443,43467,Wrong size,2023-01-03,309.04
2444,76746,Arrived damaged,2023-03-07,415.36
2445,79151,Item defective,2025-04-28,223.72
2446,80299,Item defective,2025-08-04,88.47
2447,9161,Not as described,2023-04-25,171.2
2448,22363,Arrived damaged,2024-03-22,440.37
2449,19389,Item defective,2024-10-10,124.01
2450,16956,Not as described,2024-01-05,251.86
2451,54108,Arrived damaged,2025-08-07,105.88
2452,70545,Arrived damaged,2025-03-15,371.0
2453,92499,Not as described,2024-03-01,453.94
2454,58685,Changed my mind,2024-03-07,148.61
2455,36167,Item defective,2024-09-14,345.54
2456,35888,Changed my mind,2026-04-19,343.46
2457,40382,Wrong size,2025-05-26,493.85
2458,62046,Changed my mind,2026-01-18,144.18
2459,77812,Arrived damaged,2023-09-30,164.7
2460,55875,Not as described,2023-07-09,264.34
2461,77773,Not as described,2024-10-14,155.54
2462,93170,Changed my mind,2025-03-07,80.94
2463,43221,Wrong size,2025-12-19,179.91
2464,83576,Not as described,2026-06-06,396.93
2465,65669,Not as described,2026-01-31,55.02
2466,97026,Arrived damaged,2026-05-07,395.61
2467,40154,Arrived damaged,2023-05-07,493.52
2468,43242,Changed my mind,2025-04-01,54.7
2469,72157,Wrong size,2024-11-11,183.76
2470,75556,Item defective,2024-12-19,408.46
2471,93811,Item defective,2023-05-04,197.09
2472,78150,Not as described,2023-01-20,253.37
2473,9556,Changed my mind,2025-04-06,60.01
2474,4896,Not as described,2026-04-18,198.01
2475,86252,Item defective,2025-05-31,149.85
2476,60445,Changed my mind,2025-06-09,368.35
2477,76960,Wrong size,2023-02-13,65.07
2478,75975,Not as described,2023-07-19,360.91
2479,54053,Arrived damaged,2023-10-05,138.66
2480,12295,Changed my mind,2026-03-20,47.78
2481,87443,Item defective,2025-01-01,248.69
2482,25627,Changed my mind,2024-12-25,102.64
2483,41582,Changed my mind,2024-10-25,302.71
2484,37683,Not as described,2023-08-27,335.66
2485,49585,Arrived damaged,2024-04-08,432.83
2486,89615,Not as described,2024-02-02,58.26
2487,62403,Item defective,2025-05-04,450.43
2488,54957,Wrong size,2024-09-21,18.86
2489,72124,Not as described,2024-12-04,130.75
2490,32862,Changed my mind,2023-11-29,386.62
2491,46627,Item defective,2025-05-08,56.41
2492,44719,Item defective,2023-03-14,244.65
2493,34305,Changed my mind,2024-04-10,265.02
2494,53881,Not as described,2025-08-31,163.75
2495,52701,Item defective,2023-12-08,86.99
2496,69609,Wrong size,2023-07-23,488.55
2497,38198,Not as described,2024-10-02,482.06
2498,57143,Item defective,2025-05-31,264.22
2499,463,Arrived damaged,2023-02-12,169.81
2500,59492,Item defective,2025-04-04,210.0
2501,88235,Changed my mind,2026-03-24,423.6
2502,15224,Changed my mind,2023-12-16,216.09
2503,78685,Wrong size,2025-03-10,432.71
2504,54334,Changed my mind,2024-05-18,112.2
2505,5180,Wrong size,2024-09-21,410.47
2506,22434,Wrong size,2025-09-11,318.74
2507,7206,Changed my mind,2026-04-12,484.81
2508,4009,Arrived damaged,2024-10-31,296.89
2509,38913,Item defective,2026-01-15,477.74
2510,47500,Arrived damaged,2026-06-12,480.3
2511,87137,Not as described,2023-07-07,229.59
2512,54330,Wrong size,2023-07-29,450.59
2513,86047,Wrong size,2025-12-06,119.59
2514,59092,Changed my mind,2024-09-03,466.29
2515,16666,Changed my mind,2023-03-21,214.42
2516,42042,Changed my mind,2025-05-13,103.32
2517,90566,Arrived damaged,2026-03-03,183.39
2518,33762,Arrived damaged,2025-08-17,81.15
2519,36996,Wrong size,2025-11-05,41.01
2520,84800,Wrong size,2026-03-04,328.01
2521,59027,Item defective,2025-05-12,297.55
2522,67297,Not as described,2025-08-12,142.38
2523,3210,Changed my mind,2024-09-10,222.98
2524,95753,Arrived damaged,2025-01-09,137.0
2525,45358,Arrived damaged,2025-03-04,465.92
2526,660,Not as described,2024-11-19,157.82
2527,90737,Changed my mind,2024-10-27,400.81
2528,33900,Changed my mind,2024-05-29,57.72
2529,76271,Wrong size,2025-06-21,472.24
2530,2631,Not as described,2023-05-29,52.42
2531,85387,Wrong size,2024-05-15,60.68
2532,59276,Wrong size,2023-04-10,130.94
2533,88391,Item defective,2024-11-18,172.98
2534,62529,Item defective,2025-06-11,369.51
2535,88452,Not as described,2024-09-14,331.66
2536,95895,Item defective,2025-01-29,158.06
2537,63008,Wrong size,2023-05-02,116.82
2538,84994,Changed my mind,2025-06-29,402.33
2539,61521,Not as described,2024-06-21,378.78
2540,90334,Not as described,2023-01-08,215.84
2541,82557,Not as described,2025-11-18,93.44
2542,82621,Wrong size,2024-05-26,74.29
2543,40410,Wrong size,2025-06-15,449.13
2544,25515,Wrong size,2024-08-25,140.57
2545,43330,Wrong size,2025-04-07,125.09
2546,69709,Wrong size,2025-03-22,357.11
2547,97611,Item defective,2025-07-30,295.72
2548,40257,Changed my mind,2026-04-13,11.76
2549,5682,Wrong size,2025-05-21,444.64
2550,30113,Changed my mind,2023-04-19,463.41
2551,20272,Item defective,2023-07-09,307.73
2552,53984,Item defective,2024-04-13,237.5
2553,76483,Wrong size,2025-01-27,381.95
2554,53239,Not as described,2026-04-24,310.44
2555,91574,Arrived damaged,2025-02-26,52.85
2556,66447,Arrived damaged,2024-09-24,322.94
2557,6945,Arrived damaged,2023-10-21,458.1
2558,82715,Arrived damaged,2025-06-08,405.83
2559,7751,Wrong size,2023-01-27,27.31
2560,24099,Item defective,2024-07-08,236.44
2561,41056,Not as described,2025-11-08,248.46
2562,83095,Item defective,2023-05-30,169.22
2563,71478,Not as described,2023-08-02,51.33
2564,60862,Item defective,2025-04-06,16.23
2565,5327,Arrived damaged,2025-09-27,47.67
2566,29242,Wrong size,2024-03-25,255.33
2567,2608,Item defective,2023-05-23,248.53
2568,97902,Wrong size,2025-06-05,334.54
2569,62651,Changed my mind,2024-04-12,90.8
2570,43970,Not as described,2024-07-01,259.05
2571,24685,Arrived damaged,2023-02-14,76.57
2572,54977,Wrong size,2026-06-22,174.88
2573,7473,Arrived damaged,2023-05-15,135.32
2574,82338,Item defective,2026-02-06,391.15
2575,63768,Changed my mind,2023-07-09,283.42
2576,88328,Item defective,2025-11-08,378.91
2577,49372,Item defective,2026-01-28,384.59
2578,38831,Not as described,2024-02-16,54.73
2579,19981,Changed my mind,2024-08-02,358.2
2580,60219,Not as described,2025-02-28,80.21
2581,79561,Wrong size,2025-05-14,488.54
2582,1718,Not as described,2025-08-06,352.23
2583,93902,Changed my mind,2023-11-27,154.22
2584,35336,Changed my mind,2025-06-29,70.01
2585,88037,Arrived damaged,2023-10-31,473.35
2586,65857,Changed my mind,2025-05-27,355.4
2587,42770,Item defective,2023-11-22,218.15
2588,46496,Changed my mind,2024-07-02,149.24
2589,37285,Wrong size,2026-05-03,104.37
2590,6323,Not as described,2026-04-16,337.74
2591,859,Arrived damaged,2025-02-04,301.29
2592,75798,Arrived damaged,2024-07-22,76.62
2593,58640,Item defective,2024-10-03,126.28
2594,23006,Item defective,2025-05-30,412.84
2595,96839,Changed my mind,2023-11-13,372.99
2596,71275,Item defective,2023-01-13,93.79
2597,22078,Changed my mind,2024-11-23,328.97
2598,15385,Not as described,2024-05-05,463.38
2599,61038,Item defective,2025-07-20,152.25
2600,50639,Arrived damaged,2023-04-15,19.04
2601,79594,Arrived damaged,2026-01-12,176.04
2602,59848,Arrived damaged,2024-04-01,405.78
2603,67923,Arrived damaged,2025-12-18,191.35
2604,43917,Wrong size,2026-01-02,43.67
2605,43346,Arrived damaged,2026-01-15,187.86
2606,74501,Changed my mind,2026-02-05,190.55
2607,11193,Wrong size,2023-06-28,146.12
2608,81188,Item defective,2023-12-24,457.9
2609,28708,Not as described,2023-04-12,327.55
2610,82122,Not as described,2025-10-13,466.62
2611,42901,Not as described,2023-11-23,439.19
2612,8508,Wrong size,2024-06-07,180.46
2613,84354,Changed my mind,2025-10-08,56.59
2614,18878,Item defective,2023-06-01,226.62
2615,62117,Arrived damaged,2024-08-09,212.96
2616,16871,Wrong size,2024-09-19,112.1
2617,55665,Item defective,2023-01-30,179.39
2618,97264,Item defective,2024-02-24,265.13
2619,15572,Wrong size,2025-12-06,98.07
2620,22753,Arrived damaged,2025-10-20,95.46
2621,65300,Wrong size,2023-07-25,256.58
2622,3673,Item defective,2026-04-29,498.02
2623,33311,Changed my mind,2023-06-08,287.27
2624,37945,Wrong size,2023-11-30,6.09
2625,83783,Changed my mind,2026-05-06,455.4
2626,17242,Item defective,2025-07-23,23.05
2627,36304,Not as described,2023-08-24,447.15
2628,74260,Item defective,2024-10-18,403.78
2629,58323,Arrived damaged,2024-09-26,238.81
2630,5692,Item defective,2025-04-12,66.12
2631,14555,Wrong size,2026-03-04,321.18
2632,17828,Not as described,2024-01-09,34.67
2633,65316,Arrived damaged,2024-08-28,51.62
2634,27961,Item defective,2026-01-02,474.71
2635,89337,Arrived damaged,2023-11-15,268.66
2636,10909,Not as described,2023-09-16,255.93
2637,4394,Arrived damaged,2025-10-09,199.54
2638,25360,Wrong size,2024-01-11,166.34
2639,91618,Changed my mind,2024-04-26,117.13
2640,68819,Item defective,2023-04-02,112.72
2641,12783,Item defective,2024-06-07,282.76
2642,30962,Item defective,2024-02-22,368.35
2643,63879,Changed my mind,2026-04-17,176.98
2644,4048,Arrived damaged,2025-01-03,149.96
2645,42180,Wrong size,2025-05-30,485.3
2646,47418,Item defective,2026-04-07,87.82
2647,4967,Item defective,2026-03-05,79.17
2648,34022,Item defective,2023-02-09,112.71
2649,49846,Wrong size,2023-01-14,361.18
2650,58989,Arrived damaged,2026-06-04,8.98
2651,34790,Arrived damaged,2024-02-08,279.89
2652,3490,Arrived damaged,2024-08-15,137.78
2653,96420,Changed my mind,2024-03-15,29.16
2654,47340,Not as described,2023-08-04,72.39
2655,26148,Changed my mind,2025-06-12,170.96
2656,86358,Changed my mind,2023-11-28,139.11
2657,99205,Item defective,2023-06-02,163.75
2658,66689,Wrong size,2026-03-06,56.73
2659,21512,Wrong size,2023-10-15,463.12
2660,82375,Wrong size,2026-02-18,357.62
2661,24149,Wrong size,2025-07-14,208.88
2662,18604,Changed my mind,2023-10-22,67.64
2663,69351,Changed my mind,2023-10-08,133.44
2664,31915,Not as described,2023-03-05,310.38
2665,74693,Arrived damaged,2026-05-15,369.88
2666,20541,Wrong size,2023-08-13,32.25
2667,79157,Arrived damaged,2024-12-14,318.52
2668,11372,Arrived damaged,2024-05-31,439.45
2669,47452,Arrived damaged,2023-02-09,195.46
2670,82277,Not as described,2023-12-11,400.53
2671,74756,Wrong size,2025-04-12,82.26
2672,6423,Wrong size,2025-05-03,105.46
2673,76464,Changed my mind,2024-06-12,267.74
2674,46671,Wrong size,2024-01-22,301.48
2675,14244,Not as described,2023-10-08,462.26
2676,33580,Changed my mind,2024-02-24,361.83
2677,59304,Arrived damaged,2023-01-21,336.12
2678,13175,Not as described,2025-07-04,452.36
2679,91289,Item defective,2023-06-14,201.34
2680,66700,Not as described,2024-01-18,46.63
2681,58134,Not as described,2023-11-28,284.84
2682,87287,Arrived damaged,2023-01-23,199.71
2683,52293,Wrong size,2026-02-21,477.22
2684,43817,Changed my mind,2024-08-01,123.69
2685,99291,Not as described,2026-04-25,233.84
2686,45607,Item defective,2025-08-16,391.78
2687,62166,Arrived damaged,2023-06-26,457.1
2688,74485,Not as described,2024-08-09,499.26
2689,70996,Not as described,2025-09-26,72.77
2690,59470,Arrived damaged,2025-11-23,52.09
2691,83333,Item defective,2024-04-23,109.28
2692,75045,Changed my mind,2024-04-29,394.33
2693,75331,Arrived damaged,2025-07-23,232.37
2694,70398,Item defective,2025-02-13,183.72
2695,23095,Wrong size,2026-06-15,202.71
2696,22305,Not as described,2026-04-17,323.43
2697,29107,Item defective,2023-08-18,82.55
2698,55225,Changed my mind,2025-04-04,296.89
2699,77512,Changed my mind,2023-05-17,489.35
2700,11382,Item defective,2023-03-09,400.02
2701,1062,Wrong size,2024-06-13,42.11
2702,81459,Wrong size,2024-06-23,392.28
2703,83341,Item defective,2025-06-12,416.01
2704,24128,Item defective,2023-05-11,146.07
2705,13572,Arrived damaged,2024-06-11,199.42
2706,20470,Not as described,2026-05-10,443.27
2707,56342,Arrived damaged,2024-10-29,159.9
2708,63655,Arrived damaged,2026-02-27,320.37
2709,38202,Wrong size,2023-02-20,174.35
2710,87569,Wrong size,2026-06-20,63.97
2711,79445,Arrived damaged,2023-02-19,165.28
2712,41694,Changed my mind,2023-02-27,495.88
2713,4073,Changed my mind,2024-07-04,180.21
2714,29479,Not as described,2023-04-23,227.92
2715,96253,Item defective,2023-06-03,80.11
2716,70669,Arrived damaged,2025-09-21,456.75
2717,39281,Item defective,2025-06-13,398.84
2718,4886,Changed my mind,2023-03-08,318.14
2719,31838,Wrong size,2023-09-23,203.11
2720,34492,Changed my mind,2025-08-21,12.94
2721,94084,Arrived damaged,2026-05-31,371.3
2722,57323,Wrong size,2026-03-06,213.66
2723,27077,Arrived damaged,2025-06-30,213.15
2724,74786,Wrong size,2026-04-01,265.15
2725,34426,Item defective,2024-12-25,82.65
2726,55301,Item defective,2023-06-26,129.78
2727,26185,Not as described,2024-03-16,442.88
2728,71066,Not as described,2023-10-30,408.99
2729,82526,Arrived damaged,2026-03-03,484.45
2730,66148,Item defective,2025-02-05,359.01
2731,89328,Not as described,2024-09-29,402.08
2732,29931,Arrived damaged,2025-04-16,418.22
2733,29572,Changed my mind,2025-02-09,368.98
2734,45545,Not as described,2023-09-11,293.12
2735,6431,Arrived damaged,2024-03-16,372.05
2736,76998,Item defective,2024-04-12,319.54
2737,61565,Wrong size,2024-08-16,16.61
2738,42239,Arrived damaged,2026-06-12,70.16
2739,96275,Changed my mind,2023-03-20,99.35
2740,23657,Wrong size,2025-01-03,70.66
2741,79287,Item defective,2025-06-06,328.09
2742,69501,Changed my mind,2025-08-22,469.92
2743,54441,Wrong size,2025-03-24,300.11
2744,34517,Not as described,2025-11-25,439.84
2745,43220,Changed my mind,2023-04-30,30.49
2746,30802,Item defective,2023-05-21,62.94
2747,56196,Changed my mind,2025-06-02,495.19
2748,15990,Changed my mind,2025-03-10,48.74
2749,19485,Arrived damaged,2024-01-25,102.33
2750,55095,Changed my mind,2026-06-06,257.37
2751,42164,Not as described,2026-04-06,289.19
2752,84620,Not as described,2026-04-13,137.22
2753,70349,Changed my mind,2025-02-11,383.7
2754,82429,Wrong size,2025-12-27,72.17
2755,22577,Wrong size,2023-01-31,264.68
2756,78954,Item defective,2023-08-02,348.3
2757,28075,Wrong size,2024-09-22,184.86
2758,41785,Not as described,2024-07-10,481.72
2759,67067,Arrived damaged,2024-02-07,76.95
2760,41997,Changed my mind,2025-04-24,380.99
2761,13015,Changed my mind,2025-03-18,229.97
2762,48775,Arrived damaged,2023-05-30,164.46
2763,91078,Item defective,2025-09-30,481.82
2764,17411,Changed my mind,2025-03-12,244.66
2765,40811,Wrong size,2026-03-13,164.44
2766,66550,Not as described,2025-07-29,206.8
2767,41365,Arrived damaged,2024-09-13,465.66
2768,55442,Item defective,2023-09-03,244.01
2769,93878,Wrong size,2023-08-31,203.43
2770,96719,Not as described,2026-06-11,478.73
2771,83150,Wrong size,2023-08-04,418.49
2772,3294,Not as described,2025-03-19,194.22
2773,40068,Arrived damaged,2024-06-25,281.77
2774,37997,Not as described,2024-12-18,273.11
2775,95152,Wrong size,2023-07-24,487.97
2776,22293,Not as described,2024-11-29,345.08
2777,17354,Wrong size,2023-08-24,359.34
2778,58515,Arrived damaged,2023-09-16,261.3
2779,39275,Changed my mind,2023-12-05,45.83
2780,16880,Changed my mind,2024-05-31,438.38
2781,68778,Arrived damaged,2026-01-21,301.63
2782,47585,Wrong size,2023-08-29,315.14
2783,13588,Item defective,2024-09-15,360.81
2784,76027,Not as described,2023-02-07,7.08
2785,69945,Arrived damaged,2024-02-02,315.78
2786,51713,Wrong size,2026-06-08,299.14
2787,70107,Changed my mind,2025-04-21,493.87
2788,26286,Wrong size,2026-06-30,262.17
2789,92495,Changed my mind,2023-03-02,340.94
2790,7259,Wrong size,2024-10-18,21.85
2791,82607,Arrived damaged,2023-01-09,152.92
2792,77910,Changed my mind,2025-08-17,286.52
2793,89071,Changed my mind,2024-04-17,460.83
2794,7878,Arrived damaged,2023-02-04,95.78
2795,43593,Item defective,2025-10-25,17.94
2796,15887,Arrived damaged,2026-02-15,404.51
2797,82556,Wrong size,2024-08-26,236.32
2798,67871,Wrong size,2024-04-28,186.82
2799,86667,Wrong size,2025-07-22,181.4
2800,18803,Not as described,2023-11-28,130.05
2801,21009,Wrong size,2025-03-14,397.35
2802,57234,Wrong size,2024-12-14,391.76
2803,42270,Item defective,2025-02-04,93.35
2804,63648,Changed my mind,2025-12-03,459.71
2805,4513,Changed my mind,2024-08-03,285.94
2806,24361,Arrived damaged,2025-10-07,209.18
2807,955,Not as described,2023-01-09,300.53
2808,87188,Item defective,2025-11-21,198.72
2809,3602,Changed my mind,2025-06-12,28.89
2810,95989,Arrived damaged,2024-07-16,74.22
2811,12916,Wrong size,2025-04-02,419.56
2812,8363,Wrong size,2025-04-13,21.19
2813,57173,Not as described,2026-01-27,11.78
2814,81360,Not as described,2023-07-23,254.4
2815,94794,Item defective,2023-09-09,410.32
2816,16715,Changed my mind,2024-09-23,80.56
2817,87557,Wrong size,2024-07-04,26.57
2818,50759,Arrived damaged,2025-10-28,161.17
2819,22295,Changed my mind,2025-01-19,327.75
2820,40853,Changed my mind,2023-11-27,459.51
2821,55835,Wrong size,2025-12-25,10.24
2822,91762,Arrived damaged,2025-07-10,144.37
2823,98250,Arrived damaged,2025-02-04,172.54
2824,65325,Item defective,2023-03-04,364.75
2825,38892,Arrived damaged,2025-08-25,360.93
2826,85319,Wrong size,2025-10-16,462.42
2827,31256,Changed my mind,2024-02-25,30.54
2828,89626,Item defective,2024-02-27,273.77
2829,83260,Arrived damaged,2023-12-18,305.19
2830,93012,Arrived damaged,2023-08-23,90.63
2831,70948,Changed my mind,2023-12-03,169.75
2832,34142,Arrived damaged,2023-08-08,485.19
2833,32185,Changed my mind,2024-03-15,435.99
2834,14099,Changed my mind,2023-04-06,81.17
2835,23612,Changed my mind,2025-01-07,152.41
2836,34753,Arrived damaged,2024-01-08,280.98
2837,46070,Arrived damaged,2026-03-16,257.67
2838,97407,Arrived damaged,2025-07-11,454.14
2839,57395,Changed my mind,2026-06-23,235.7
2840,71515,Changed my mind,2024-05-24,125.9
2841,18450,Not as described,2024-10-30,67.56
2842,36834,Wrong size,2024-12-28,126.69
2843,30147,Wrong size,2023-09-01,370.41
2844,99870,Wrong size,2023-08-20,402.5
2845,3560,Changed my mind,2024-08-19,80.93
2846,46381,Changed my mind,2024-08-06,124.97
2847,91149,Wrong size,2025-01-23,477.18
2848,40204,Item defective,2024-10-09,490.04
2849,24908,Item defective,2025-04-18,282.79
2850,52195,Not as described,2025-08-24,108.16
2851,1933,Item defective,2026-03-22,16.09
2852,80729,Not as described,2024-04-06,161.27
2853,77860,Changed my mind,2025-04-18,294.93
2854,33028,Wrong size,2026-03-26,142.25
2855,68480,Arrived damaged,2026-05-23,286.85
2856,10866,Changed my mind,2025-08-15,102.29
2857,72120,Not as described,2025-06-04,116.59
2858,24248,Wrong size,2026-02-23,385.11
2859,84241,Item defective,2023-04-23,335.73
2860,48760,Arrived damaged,2025-10-18,59.05
2861,33509,Changed my mind,2023-10-14,173.29
2862,45213,Wrong size,2025-08-03,490.45
2863,80671,Not as described,2024-01-12,37.56
2864,75609,Arrived damaged,2023-10-14,51.93
2865,77390,Item defective,2026-03-27,22.3
2866,21186,Arrived damaged,2025-11-30,197.88
2867,71167,Arrived damaged,2025-10-01,237.91
2868,97656,Not as described,2025-06-20,441.53
2869,62748,Wrong size,2023-12-16,137.34
2870,79233,Item defective,2023-11-18,130.33
2871,67228,Item defective,2025-07-26,137.84
2872,74188,Not as described,2026-03-31,484.58
2873,4653,Not as described,2025-09-12,195.64
2874,26414,Wrong size,2024-06-16,348.26
2875,58476,Item defective,2025-10-13,293.15
2876,35368,Item defective,2024-06-18,53.57
2877,38682,Not as described,2023-06-16,372.75
2878,37607,Not as described,2024-12-07,14.03
2879,78922,Arrived damaged,2024-09-24,490.9
2880,89191,Wrong size,2023-12-21,329.34
2881,62398,Item defective,2024-01-28,399.47
2882,19013,Changed my mind,2023-02-13,152.78
2883,79425,Arrived damaged,2025-08-31,66.4
2884,14335,Item defective,2026-02-22,225.05
2885,45841,Wrong size,2026-01-29,155.22
2886,76041,Item defective,2024-12-10,209.55
2887,63841,Not as described,2024-08-01,173.32
2888,16379,Item defective,2023-12-25,227.1
2889,42362,Wrong size,2024-05-27,330.3
2890,11013,Item defective,2025-04-05,316.83
2891,88240,Not as described,2023-08-15,302.12
2892,27138,Changed my mind,2025-05-03,328.57
2893,89776,Item defective,2023-03-12,146.87
2894,55230,Arrived damaged,2024-11-17,417.74
2895,11962,Arrived damaged,2024-01-18,418.7
2896,73180,Wrong size,2023-02-20,116.33
2897,55887,Not as described,2023-06-13,468.25
2898,7531,Item defective,2024-03-11,40.09
2899,52383,Wrong size,2024-09-11,391.48
2900,78206,Item defective,2025-02-09,330.11
2901,59262,Not as described,2025-01-21,349.01
2902,71770,Not as described,2025-03-17,342.9
2903,5947,Arrived damaged,2024-07-16,67.67
2904,20959,Item defective,2024-06-06,454.36
2905,99293,Arrived damaged,2025-04-06,217.44
2906,64228,Arrived damaged,2023-11-22,47.84
2907,20331,Wrong size,2024-08-26,63.29
2908,43409,Item defective,2024-10-11,370.24
2909,78927,Wrong size,2024-01-27,42.72
2910,68607,Wrong size,2026-03-06,428.54
2911,83863,Arrived damaged,2025-08-25,328.59
2912,79905,Item defective,2026-06-21,316.29
2913,96501,Item defective,2025-08-15,92.79
2914,54617,Item defective,2026-05-31,257.97
2915,5722,Arrived damaged,2023-02-10,487.73
2916,60993,Wrong size,2026-05-24,453.92
2917,24333,Not as described,2024-06-15,210.85
2918,33813,Arrived damaged,2023-10-11,101.17
2919,98649,Wrong size,2026-06-03,21.45
2920,53612,Item defective,2024-12-13,85.43
2921,43977,Arrived damaged,2024-02-02,365.1
2922,85301,Item defective,2024-04-06,391.41
2923,75430,Item defective,2023-08-29,346.33
2924,2763,Changed my mind,2023-06-10,189.54
2925,14873,Item defective,2023-04-04,368.82
2926,32811,Not as described,2025-04-29,276.71
2927,74522,Changed my mind,2025-07-17,47.51
2928,13317,Changed my mind,2023-09-14,359.69
2929,82873,Item defective,2024-07-31,493.05
2930,98501,Arrived damaged,2024-12-16,188.57
2931,43249,Changed my mind,2025-03-21,242.94
2932,68086,Changed my mind,2023-04-02,200.91
2933,95699,Not as described,2024-08-24,213.11
2934,25162,Arrived damaged,2026-01-10,56.17
2935,80328,Arrived damaged,2023-10-10,40.33
2936,19661,Wrong size,2024-04-12,260.32
2937,9645,Changed my mind,2024-06-13,401.11
2938,34342,Arrived damaged,2025-09-22,82.25
2939,33101,Arrived damaged,2025-04-16,392.1
2940,76512,Changed my mind,2024-09-26,436.28
2941,60113,Not as described,2025-07-22,273.63
2942,44512,Changed my mind,2025-04-06,292.09
2943,14302,Not as described,2023-10-10,164.03
2944,44176,Wrong size,2025-02-11,282.25
2945,80490,Item defective,2023-06-28,493.07
2946,27092,Not as described,2024-11-15,244.24
2947,82491,Item defective,2023-05-25,360.54
2948,3327,Arrived damaged,2023-07-15,78.52
2949,68530,Wrong size,2023-07-19,194.44
2950,88744,Not as described,2026-02-09,138.92
2951,72152,Arrived damaged,2024-01-17,9.36
2952,75318,Not as described,2026-03-24,264.55
2953,37377,Not as described,2025-10-22,449.35
2954,86284,Item defective,2025-05-26,11.38
2955,99745,Changed my mind,2024-02-02,9.65
2956,61013,Wrong size,2024-08-24,33.73
2957,24754,Changed my mind,2024-05-23,392.58
2958,78882,Wrong size,2024-07-15,167.13
2959,48204,Changed my mind,2023-12-09,258.7
2960,11597,Not as described,2025-03-09,96.35
2961,38677,Changed my mind,2023-12-20,315.56
2962,33000,Wrong size,2023-07-16,179.09
2963,979,Item defective,2025-08-31,358.57
2964,58621,Arrived damaged,2025-09-28,247.67
2965,5027,Arrived damaged,2023-10-28,210.98
2966,99456,Changed my mind,2025-06-22,82.38
2967,20265,Arrived damaged,2024-09-25,267.32
2968,76314,Item defective,2023-02-24,437.13
2969,86748,Item defective,2023-01-05,420.69
2970,97063,Item defective,2024-07-31,45.43
2971,92447,Item defective,2024-01-03,85.73
2972,8570,Not as described,2024-02-27,103.98
2973,22565,Item defective,2026-06-20,12.45
2974,79299,Arrived damaged,2026-03-03,399.94
2975,57137,Not as described,2025-07-21,384.06
2976,8462,Arrived damaged,2024-12-31,133.46
2977,84706,Not as described,2024-05-02,233.01
2978,88231,Changed my mind,2026-03-01,55.22
2979,23592,Item defective,2023-06-16,210.22
2980,45150,Item defective,2024-09-05,313.1
2981,7647,Arrived damaged,2026-04-29,139.68
2982,53559,Wrong size,2025-01-17,67.19
2983,57768,Wrong size,2024-10-14,41.97
2984,24831,Changed my mind,2026-04-13,380.5
2985,31449,Changed my mind,2024-12-30,320.85
2986,17209,Item defective,2024-06-29,235.78
2987,29084,Arrived damaged,2026-05-20,193.07
2988,61728,Wrong size,2023-07-27,95.54
2989,96185,Wrong size,2023-10-11,334.61
2990,69592,Wrong size,2023-09-18,232.93
2991,30143,Not as described,2024-02-15,109.87
2992,68522,Wrong size,2026-06-12,58.57
2993,39938,Changed my mind,2025-11-27,25.74
2994,4546,Wrong size,2023-10-24,155.47
2995,25055,Item defective,2024-09-21,201.96
2996,75468,Changed my mind,2024-05-14,82.45
2997,15477,Changed my mind,2023-03-07,48.27
2998,936,Changed my mind,2026-06-18,267.1
2999,41240,Wrong size,2026-03-16,259.43
3000,79600,Changed my mind,2026-02-28,439.99
3001,12210,Item defective,2024-05-09,52.9
3002,10304,Arrived damaged,2025-07-30,142.58
3003,99377,Changed my mind,2023-01-12,182.19
3004,14635,Arrived damaged,2024-12-31,172.32
3005,37851,Wrong size,2026-03-02,103.23
3006,22802,Changed my mind,2023-04-02,109.27
3007,75419,Item defective,2024-04-15,465.48
3008,76630,Wrong size,2023-03-19,473.74
3009,1373,Wrong size,2024-05-10,178.91
3010,13629,Not as described,2024-03-13,157.1
3011,40469,Item defective,2025-06-20,462.75
3012,59987,Arrived damaged,2024-09-22,36.72
3013,38398,Item defective,2026-01-06,221.03
3014,2831,Wrong size,2025-01-02,345.61
3015,19842,Not as described,2024-07-25,258.6
3016,49305,Arrived damaged,2024-09-02,236.15
3017,74955,Changed my mind,2025-11-26,483.22
3018,90216,Wrong size,2025-06-10,422.17
3019,40054,Arrived damaged,2023-06-21,71.11
3020,31785,Arrived damaged,2025-10-21,275.59
3021,88620,Changed my mind,2023-11-27,266.73
3022,8164,Arrived damaged,2026-03-21,207.48
3023,71338,Not as described,2025-12-01,75.49
3024,59853,Arrived damaged,2023-04-18,228.84
3025,53938,Not as described,2026-01-19,340.87
3026,78214,Item defective,2025-11-14,147.52
3027,85781,Arrived damaged,2026-01-08,149.18
3028,42443,Item defective,2024-02-13,300.09
3029,21848,Arrived damaged,2025-06-30,142.05
3030,4354,Wrong size,2026-04-13,487.04
3031,97945,Wrong size,2025-07-13,199.94
3032,67132,Not as described,2023-10-13,153.07
3033,89586,Item defective,2025-04-17,246.33
3034,65522,Changed my mind,2025-01-29,130.05
3035,78186,Item defective,2025-09-21,243.44
3036,27277,Item defective,2024-07-02,82.01
3037,30613,Changed my mind,2024-09-19,135.62
3038,4393,Wrong size,2025-07-12,23.01
3039,88736,Not as described,2026-03-26,440.75
3040,16375,Wrong size,2023-11-08,381.06
3041,60805,Wrong size,2023-03-22,418.32
3042,54265,Changed my mind,2023-05-19,403.02
3043,84192,Arrived damaged,2024-11-12,233.55
3044,62729,Arrived damaged,2024-07-20,428.13
3045,77203,Not as described,2026-03-01,59.38
3046,42248,Not as described,2024-11-18,102.71
3047,19155,Not as described,2023-07-04,485.64
3048,18780,Changed my mind,2026-02-20,164.3
3049,94252,Item defective,2024-09-15,498.15
3050,52410,Wrong size,2025-07-02,277.84
3051,43184,Changed my mind,2025-02-24,305.27
3052,2774,Not as described,2025-02-07,423.4
3053,17111,Arrived damaged,2023-09-25,353.11
3054,37734,Wrong size,2025-10-27,452.97
3055,8323,Item defective,2023-02-05,26.66
3056,54971,Wrong size,2024-09-11,64.68
3057,33892,Changed my mind,2024-10-28,77.33
3058,55009,Item defective,2025-10-31,190.75
3059,59300,Wrong size,2023-09-27,447.83
3060,92633,Not as described,2023-04-12,409.56
3061,16443,Wrong size,2024-12-28,411.38
3062,28294,Item defective,2024-11-09,63.45
3063,52747,Not as described,2024-09-21,255.71
3064,47582,Arrived damaged,2023-08-12,265.97
3065,2666,Wrong size,2026-02-10,55.96
3066,13475,Changed my mind,2025-08-06,46.79
3067,96989,Changed my mind,2024-06-13,210.26
3068,78621,Changed my mind,2023-10-07,329.19
3069,78111,Wrong size,2025-12-12,483.79
3070,49076,Changed my mind,2024-12-22,368.12
3071,4200,Arrived damaged,2026-04-15,480.13
3072,64560,Changed my mind,2023-06-02,25.94
3073,64712,Not as described,2024-03-26,77.06
3074,76355,Changed my mind,2024-09-06,89.59
3075,20105,Wrong size,2025-06-26,481.69
3076,74491,Changed my mind,2023-12-14,149.3
3077,74126,Arrived damaged,2024-04-02,468.34
3078,11853,Arrived damaged,2024-02-17,425.99
3079,43001,Changed my mind,2025-11-01,126.03
3080,72506,Item defective,2025-05-23,256.94
3081,54468,Not as described,2024-03-07,8.07
3082,61090,Item defective,2023-04-27,9.17
3083,49761,Changed my mind,2025-11-26,185.88
3084,9977,Not as described,2025-10-07,204.87
3085,43801,Wrong size,2026-05-28,123.27
3086,58542,Not as described,2026-04-17,310.26
3087,90862,Item defective,2025-01-11,285.58
3088,85729,Arrived damaged,2024-12-24,221.78
3089,23145,Item defective,2023-06-05,171.94
3090,16047,Item defective,2025-05-04,360.27
3091,5534,Arrived damaged,2024-05-13,265.09
3092,25634,Not as described,2023-05-09,52.57
3093,66494,Wrong size,2025-01-22,458.86
3094,86856,Arrived damaged,2025-05-10,265.69
3095,74526,Item defective,2023-02-02,34.4
3096,53746,Changed my mind,2025-12-16,235.84
3097,87434,Not as described,2024-08-11,399.84
3098,69751,Wrong size,2024-01-20,64.76
3099,84054,Not as described,2024-12-08,380.79
3100,88885,Changed my mind,2025-11-22,167.45
3101,58574,Item defective,2025-04-29,424.98
3102,32251,Not as described,2024-04-12,66.55
3103,48720,Changed my mind,2025-11-03,71.04
3104,24208,Wrong size,2024-03-23,77.13
3105,95544,Arrived damaged,2025-08-08,437.31
3106,30278,Changed my mind,2026-05-26,385.78
3107,35281,Arrived damaged,2024-02-05,254.42
3108,18,Arrived damaged,2023-08-19,351.29
3109,94416,Wrong size,2023-03-04,344.22
3110,48828,Not as described,2024-11-21,239.65
3111,58399,Wrong size,2024-06-21,183.48
3112,78915,Item defective,2023-02-24,183.35
3113,85187,Changed my mind,2025-11-09,438.46
3114,76044,Item defective,2023-01-21,218.3
3115,49813,Arrived damaged,2026-04-23,303.06
3116,34639,Wrong size,2024-12-17,44.32
3117,32933,Changed my mind,2023-01-10,466.0
3118,28733,Wrong size,2025-10-16,22.95
3119,57593,Changed my mind,2023-12-10,164.04
3120,86578,Wrong size,2024-12-24,67.09
3121,92298,Wrong size,2025-07-19,356.14
3122,17835,Item defective,2025-08-11,24.91
3123,22583,Wrong size,2024-07-05,486.47
3124,39319,Not as described,2025-12-01,298.3
3125,24362,Changed my mind,2023-01-09,75.57
3126,9115,Arrived damaged,2026-06-30,371.52
3127,72273,Changed my mind,2024-05-21,315.35
3128,46061,Not as described,2026-03-24,264.66
3129,26224,Wrong size,2025-02-02,29.22
3130,5176,Item defective,2023-07-23,259.32
3131,36335,Item defective,2025-12-16,296.17
3132,65727,Not as described,2024-10-23,108.5
3133,85205,Changed my mind,2025-09-06,199.19
3134,60613,Not as described,2026-05-21,306.11
3135,2440,Changed my mind,2023-03-19,125.58
3136,7783,Arrived damaged,2025-02-21,238.8
3137,63767,Changed my mind,2024-03-17,218.29
3138,5825,Item defective,2024-04-18,375.99
3139,58725,Changed my mind,2024-08-20,464.72
3140,42513,Arrived damaged,2024-04-05,233.92
3141,61879,Wrong size,2024-11-02,142.24
3142,77208,Not as described,2024-12-04,71.95
3143,8092,Item defective,2023-01-18,250.39
3144,76719,Changed my mind,2024-08-28,128.46
3145,94591,Item defective,2026-04-16,119.72
3146,26599,Not as described,2025-02-06,404.03
3147,94920,Wrong size,2023-05-01,450.67
3148,56306,Wrong size,2023-03-02,48.9
3149,79904,Not as described,2024-05-30,353.23
3150,60325,Not as described,2023-07-17,438.23
3151,50778,Wrong size,2025-04-14,360.08
3152,12879,Wrong size,2023-08-28,447.59
3153,13241,Arrived damaged,2025-12-27,103.95
3154,37452,Arrived damaged,2025-09-03,69.64
3155,99061,Item defective,2026-03-17,121.47
3156,53201,Not as described,2026-06-09,64.84
3157,32095,Wrong size,2024-03-07,370.74
3158,96671,Item defective,2024-02-16,259.68
3159,47603,Arrived damaged,2026-04-19,84.51
3160,42204,Item defective,2026-06-24,433.15
3161,87202,Arrived damaged,2024-10-29,153.05
3162,34585,Not as described,2026-03-28,376.32
3163,54171,Item defective,2025-01-21,365.2
3164,38787,Arrived damaged,2025-08-15,283.27
3165,94002,Not as described,2025-10-07,422.52
3166,35303,Changed my mind,2023-01-13,488.33
3167,6920,Not as described,2025-07-07,371.98
3168,50880,Arrived damaged,2023-02-03,175.4
3169,93950,Arrived damaged,2024-07-04,280.72
3170,14448,Changed my mind,2026-04-01,421.47
3171,37799,Wrong size,2024-09-06,152.33
3172,3135,Changed my mind,2024-02-01,170.32
3173,51596,Not as described,2023-04-16,29.06
3174,36043,Arrived damaged,2025-01-29,406.36
3175,95233,Changed my mind,2023-10-17,44.54
3176,22374,Item defective,2025-06-09,211.24
3177,58650,Item defective,2025-07-17,318.7
3178,55077,Arrived damaged,2024-06-26,252.27
3179,93023,Arrived damaged,2025-05-22,212.68
3180,11718,Changed my mind,2023-06-11,39.85
3181,9566,Wrong size,2023-11-10,182.27
3182,90058,Item defective,2024-04-05,60.96
3183,6610,Wrong size,2024-06-29,382.19
3184,21630,Arrived damaged,2026-04-04,385.03
3185,87669,Not as described,2026-06-10,295.95
3186,17499,Wrong size,2023-01-22,282.67
3187,40008,Wrong size,2025-10-21,410.33
3188,97249,Changed my mind,2023-07-29,422.94
3189,63561,Item defective,2026-05-13,240.67
3190,6062,Item defective,2024-01-26,204.92
3191,38372,Item defective,2024-12-02,456.07
3192,44227,Changed my mind,2025-02-27,150.28
3193,12289,Changed my mind,2025-10-10,39.44
3194,29708,Changed my mind,2023-05-12,425.52
3195,80849,Not as described,2026-03-28,137.33
3196,25447,Changed my mind,2023-06-13,188.04
3197,10872,Wrong size,2023-03-29,451.61
3198,9284,Item defective,2023-02-24,207.86
3199,2840,Changed my mind,2023-12-29,407.56
3200,49961,Item defective,2023-12-27,36.61
3201,71078,Not as described,2026-05-01,71.61
3202,88591,Arrived damaged,2025-01-06,332.25
3203,25860,Wrong size,2026-05-13,347.9
3204,48457,Arrived damaged,2025-04-01,400.27
3205,59791,Item defective,2023-08-17,168.85
3206,98862,Wrong size,2023-09-04,458.36
3207,37405,Arrived damaged,2023-11-07,364.48
3208,47247,Not as described,2025-04-25,257.61
3209,82401,Not as described,2024-09-08,27.05
3210,18707,Wrong size,2023-05-24,194.54
3211,73594,Wrong size,2023-05-28,10.63
3212,58779,Not as described,2023-02-28,372.31
3213,7197,Wrong size,2025-07-18,305.93
3214,2248,Wrong size,2023-08-16,101.68
3215,64485,Wrong size,2024-08-20,387.4
3216,15953,Wrong size,2024-03-17,185.37
3217,16198,Arrived damaged,2023-10-15,458.12
3218,48949,Changed my mind,2023-08-30,439.25
3219,47365,Wrong size,2024-10-15,282.72
3220,12589,Not as described,2025-04-02,61.23
3221,2258,Changed my mind,2023-08-17,200.48
3222,82575,Item defective,2024-08-24,238.14
3223,11781,Changed my mind,2024-05-23,207.0
3224,34291,Changed my mind,2024-04-08,456.92
3225,15093,Item defective,2023-11-01,282.43
3226,42746,Wrong size,2023-11-05,124.32
3227,89479,Not as described,2025-06-11,73.05
3228,59675,Arrived damaged,2025-11-14,447.3
3229,32064,Not as described,2024-01-05,271.06
3230,86301,Changed my mind,2023-05-11,55.36
3231,68900,Arrived damaged,2025-03-11,386.06
3232,22997,Wrong size,2025-09-01,240.96
3233,35447,Not as described,2023-04-12,37.6
3234,76172,Arrived damaged,2023-02-23,453.85
3235,70255,Item defective,2023-08-09,459.85
3236,8190,Changed my mind,2025-06-21,384.21
3237,44119,Wrong size,2023-07-14,470.63
3238,28696,Changed my mind,2025-08-12,13.52
3239,42734,Item defective,2026-05-11,319.57
3240,84448,Changed my mind,2024-05-07,195.22
3241,42129,Not as described,2023-12-20,38.74
3242,28462,Arrived damaged,2023-05-05,422.25
3243,44385,Changed my mind,2023-01-14,212.49
3244,2431,Arrived damaged,2025-12-21,372.25
3245,32729,Changed my mind,2025-12-18,402.86
3246,22314,Item defective,2026-06-14,421.53
3247,44661,Wrong size,2025-03-31,208.71
3248,19950,Item defective,2024-06-06,257.63
3249,98868,Changed my mind,2024-07-31,203.92
3250,70917,Wrong size,2025-05-01,334.35
3251,84711,Wrong size,2024-07-23,146.02
3252,42066,Arrived damaged,2026-05-04,243.32
3253,42578,Changed my mind,2025-07-24,149.89
3254,57609,Not as described,2023-11-21,254.67
3255,91534,Item defective,2023-09-05,296.75
3256,95819,Wrong size,2025-06-17,435.77
3257,19381,Item defective,2024-01-06,236.06
3258,98790,Not as described,2024-04-17,410.22
3259,96048,Changed my mind,2025-05-09,38.7
3260,13817,Changed my mind,2023-12-16,369.87
3261,52302,Not as described,2023-03-07,148.77
3262,71496,Item defective,2024-06-09,257.74
3263,76742,Item defective,2024-12-10,223.29
3264,7993,Item defective,2024-10-02,192.74
3265,81194,Arrived damaged,2024-09-28,129.35
3266,91093,Item defective,2025-01-25,498.94
3267,75971,Arrived damaged,2024-03-09,161.99
3268,42088,Arrived damaged,2023-07-28,238.48
3269,54025,Item defective,2023-10-10,259.46
3270,31014,Arrived damaged,2026-01-11,271.13
3271,2691,Changed my mind,2024-05-04,480.95
3272,14502,Changed my mind,2023-09-04,168.22
3273,66913,Wrong size,2025-08-18,123.08
3274,81159,Not as described,2026-02-25,221.91
3275,82222,Wrong size,2024-05-26,106.67
3276,39656,Not as described,2023-01-02,235.86
3277,5814,Wrong size,2025-10-04,262.99
3278,57162,Wrong size,2025-08-28,377.2
3279,78126,Arrived damaged,2026-06-03,369.11
3280,64031,Item defective,2025-11-28,269.98
3281,78239,Not as described,2026-05-26,491.74
3282,39448,Not as described,2023-11-26,372.23
3283,61069,Item defective,2023-10-29,406.96
3284,47801,Arrived damaged,2026-06-02,285.13
3285,86444,Changed my mind,2024-10-29,26.9
3286,87476,Arrived damaged,2023-07-27,137.8
3287,17957,Item defective,2023-02-27,260.01
3288,37471,Wrong size,2024-03-17,8.25
3289,21023,Arrived damaged,2024-10-01,169.29
3290,67735,Wrong size,2024-10-27,456.16
3291,42497,Wrong size,2024-02-18,38.62
3292,24204,Wrong size,2024-02-29,71.35
3293,97535,Arrived damaged,2025-10-29,470.62
3294,16957,Not as described,2025-02-26,341.19
3295,65469,Arrived damaged,2023-06-06,453.81
3296,98684,Not as described,2025-09-09,453.08
3297,95662,Item defective,2026-02-23,274.91
3298,27036,Changed my mind,2025-02-23,258.75
3299,46125,Not as described,2025-01-03,244.59
3300,94629,Wrong size,2024-06-24,302.4
3301,11756,Arrived damaged,2024-04-18,153.58
3302,35124,Item defective,2024-08-31,37.65
3303,4535,Wrong size,2025-12-04,304.94
3304,80173,Arrived damaged,2026-06-04,198.78
3305,56139,Arrived damaged,2025-12-20,489.34
3306,67450,Changed my mind,2023-01-04,363.87
3307,48874,Item defective,2026-01-23,260.87
3308,26144,Item defective,2025-09-22,94.45
3309,18057,Not as described,2025-10-01,140.02
3310,63737,Item defective,2026-03-17,287.97
3311,93263,Changed my mind,2026-04-25,297.06
3312,74810,Wrong size,2025-10-30,140.98
3313,66547,Item defective,2023-08-22,245.48
3314,68925,Arrived damaged,2024-10-05,426.76
3315,15401,Changed my mind,2025-11-02,477.97
3316,442,Not as described,2026-06-30,77.62
3317,29293,Changed my mind,2024-10-31,43.02
3318,6550,Changed my mind,2024-11-10,238.12
3319,72739,Wrong size,2024-01-10,390.61
3320,25285,Not as described,2024-05-02,117.09
3321,82628,Not as described,2023-11-28,439.76
3322,99711,Changed my mind,2026-01-20,195.16
3323,72662,Changed my mind,2023-04-07,425.34
3324,80522,Arrived damaged,2024-12-09,357.11
3325,71792,Arrived damaged,2025-09-27,63.8
3326,76940,Item defective,2024-05-20,331.28
3327,5890,Wrong size,2025-08-24,267.9
3328,45846,Item defective,2025-07-30,386.29
3329,2862,Changed my mind,2023-12-08,141.83
3330,96561,Not as described,2025-05-23,278.67
3331,51543,Item defective,2023-08-14,411.4
3332,82227,Arrived damaged,2025-06-28,214.88
3333,26265,Not as described,2025-04-16,242.64
3334,76440,Changed my mind,2026-03-10,182.56
3335,76514,Arrived damaged,2024-02-23,88.67
3336,14615,Wrong size,2026-03-29,117.67
3337,35780,Arrived damaged,2025-11-23,80.09
3338,37123,Item defective,2024-08-15,126.52
3339,88657,Wrong size,2023-06-10,472.22
3340,60042,Item defective,2026-06-07,310.48
3341,66511,Wrong size,2025-02-20,343.44
3342,25050,Item defective,2023-04-04,184.77
3343,25473,Not as described,2025-07-23,135.04
3344,50128,Arrived damaged,2025-08-03,163.68
3345,4420,Not as described,2024-01-08,363.79
3346,5695,Item defective,2024-08-25,166.48
3347,21577,Changed my mind,2023-12-31,379.89
3348,45998,Changed my mind,2023-07-09,116.45
3349,12519,Wrong size,2024-02-01,265.04
3350,57684,Wrong size,2026-02-14,95.3
3351,16552,Item defective,2025-11-08,497.79
3352,45206,Item defective,2025-11-04,128.98
3353,88772,Arrived damaged,2025-04-18,494.93
3354,55003,Changed my mind,2024-01-26,361.64
3355,75802,Wrong size,2024-10-24,437.99
3356,96979,Item defective,2024-12-05,352.65
3357,27895,Wrong size,2026-04-23,244.26
3358,52859,Wrong size,2024-08-30,38.26
3359,34408,Not as described,2023-08-30,261.62
3360,48301,Not as described,2024-01-19,116.04
3361,57425,Changed my mind,2024-06-08,60.76
3362,6269,Wrong size,2024-03-30,407.57
3363,73920,Wrong size,2024-10-26,396.74
3364,22754,Wrong size,2025-07-14,237.91
3365,32911,Changed my mind,2025-08-31,323.63
3366,54135,Item defective,2023-05-17,187.04
3367,56997,Wrong size,2025-04-24,330.37
3368,16616,Changed my mind,2023-03-10,300.38
3369,48034,Changed my mind,2024-01-19,440.77
3370,41231,Changed my mind,2023-11-19,353.81
3371,11948,Arrived damaged,2025-11-12,278.55
3372,93797,Item defective,2026-02-04,241.41
3373,88095,Arrived damaged,2023-03-04,410.66
3374,14671,Item defective,2026-02-25,98.43
3375,8185,Not as described,2024-09-08,450.27
3376,23474,Not as described,2024-04-24,184.8
3377,19609,Arrived damaged,2023-05-25,114.36
3378,97660,Not as described,2023-12-06,416.22
3379,40687,Arrived damaged,2025-02-27,24.66
3380,30647,Arrived damaged,2024-08-11,47.19
3381,3070,Item defective,2024-12-15,39.35
3382,46154,Arrived damaged,2025-08-06,20.26
3383,94308,Arrived damaged,2025-01-22,112.57
3384,3539,Changed my mind,2026-03-14,319.6
3385,39702,Changed my mind,2025-04-08,14.91
3386,55489,Not as described,2023-12-22,420.34
3387,72280,Arrived damaged,2024-09-27,81.4
3388,68877,Not as described,2026-02-27,259.29
3389,76901,Changed my mind,2025-03-04,155.61
3390,27677,Arrived damaged,2023-07-15,418.87
3391,57994,Changed my mind,2025-12-07,402.95
3392,74250,Wrong size,2024-03-04,53.76
3393,91616,Arrived damaged,2024-10-21,437.41
3394,46561,Not as described,2023-04-11,205.34
3395,24328,Wrong size,2023-10-19,371.89
3396,1598,Item defective,2025-02-04,123.05
3397,34425,Arrived damaged,2025-04-12,324.02
3398,97234,Changed my mind,2024-07-09,275.14
3399,59317,Wrong size,2026-03-30,44.37
3400,42360,Item defective,2025-09-14,447.54
3401,25451,Item defective,2023-10-13,207.65
3402,29198,Arrived damaged,2025-06-23,211.31
3403,12862,Changed my mind,2026-06-06,344.72
3404,18912,Arrived damaged,2024-04-19,475.85
3405,11190,Changed my mind,2023-03-13,77.33
3406,22953,Item defective,2024-12-21,455.32
3407,51834,Arrived damaged,2025-12-09,486.68
3408,54769,Arrived damaged,2024-10-18,100.95
3409,21147,Not as described,2025-10-18,356.17
3410,2602,Item defective,2025-05-09,82.83
3411,78806,Wrong size,2024-02-07,100.39
3412,97663,Changed my mind,2026-02-01,74.14
3413,70551,Wrong size,2025-10-25,211.9
3414,22428,Changed my mind,2023-05-13,328.75
3415,14133,Wrong size,2026-03-26,165.71
3416,96620,Item defective,2025-04-12,184.03
3417,94233,Wrong size,2023-02-13,242.38
3418,84289,Wrong size,2024-11-12,89.19
3419,91157,Not as described,2023-01-24,436.35
3420,39415,Wrong size,2024-10-08,490.75
3421,36437,Item defective,2025-07-11,326.86
3422,60857,Wrong size,2023-03-10,164.73
3423,68276,Changed my mind,2026-05-18,275.74
3424,90942,Not as described,2025-11-25,488.1
3425,57284,Item defective,2023-05-31,326.46
3426,24568,Item defective,2024-04-07,116.68
3427,84555,Not as described,2024-10-25,31.6
3428,5748,Item defective,2026-04-20,98.13
3429,52411,Not as described,2024-11-15,80.84
3430,43371,Wrong size,2024-06-26,463.54
3431,46362,Item defective,2023-04-06,189.52
3432,23365,Changed my mind,2023-08-19,482.14
3433,57370,Arrived damaged,2026-06-27,106.29
3434,90438,Arrived damaged,2025-01-23,388.74
3435,63978,Arrived damaged,2025-08-10,336.11
3436,24997,Arrived damaged,2023-10-23,36.2
3437,13403,Item defective,2024-01-25,176.97
3438,93456,Wrong size,2023-12-12,323.69
3439,71851,Arrived damaged,2025-06-19,160.96
3440,16900,Not as described,2024-09-08,373.91
3441,7365,Not as described,2023-05-13,28.24
3442,45082,Arrived damaged,2024-12-06,453.36
3443,84260,Item defective,2025-08-16,489.44
3444,60253,Arrived damaged,2024-03-03,433.23
3445,39721,Arrived damaged,2024-05-07,66.49
3446,80939,Wrong size,2023-02-05,295.82
3447,35872,Changed my mind,2026-05-13,135.99
3448,74742,Changed my mind,2024-10-28,25.99
3449,21273,Not as described,2026-02-19,405.59
3450,56454,Not as described,2026-05-17,437.33
3451,5536,Not as described,2024-11-02,402.58
3452,24114,Item defective,2023-01-13,150.88
3453,80815,Wrong size,2023-03-17,209.86
3454,98111,Changed my mind,2026-03-01,459.85
3455,96759,Changed my mind,2025-04-06,357.77
3456,55906,Changed my mind,2025-12-06,307.46
3457,19515,Changed my mind,2024-03-29,241.61
3458,43745,Wrong size,2023-01-25,278.95
3459,27882,Wrong size,2025-03-16,409.29
3460,52323,Changed my mind,2025-05-05,353.09
3461,13337,Not as described,2023-08-17,352.65
3462,50531,Changed my mind,2023-04-13,143.87
3463,56915,Wrong size,2023-07-26,76.48
3464,3229,Item defective,2026-05-21,491.32
3465,33965,Changed my mind,2025-11-25,440.96
3466,49805,Changed my mind,2025-11-03,215.33
3467,11282,Arrived damaged,2024-02-25,250.02
3468,34460,Wrong size,2025-10-24,159.14
3469,54819,Arrived damaged,2023-12-08,162.0
3470,92144,Wrong size,2024-11-02,234.49
3471,17661,Wrong size,2023-02-13,161.66
3472,47564,Arrived damaged,2024-08-17,159.83
3473,15195,Arrived damaged,2025-03-21,348.24
3474,66874,Changed my mind,2025-04-19,445.63
3475,48043,Not as described,2023-02-23,229.88
3476,3276,Item defective,2025-05-26,395.81
3477,84650,Not as described,2026-06-07,8.76
3478,86139,Wrong size,2026-01-05,52.6
3479,2463,Changed my mind,2023-12-09,169.06
3480,91402,Arrived damaged,2023-04-27,406.17
3481,63024,Changed my mind,2024-06-10,218.46
3482,18483,Wrong size,2026-05-04,105.13
3483,79393,Item defective,2023-07-13,336.15
3484,96394,Not as described,2024-12-02,175.99
3485,73259,Arrived damaged,2026-05-07,272.77
3486,5894,Item defective,2023-07-26,482.58
3487,52069,Not as described,2025-07-18,151.13
3488,47162,Not as described,2024-04-16,272.87
3489,21563,Not as described,2023-06-17,15.88
3490,44645,Wrong size,2024-06-11,488.87
3491,85801,Not as described,2025-12-28,154.48
3492,78237,Arrived damaged,2025-04-14,374.26
3493,93118,Wrong size,2025-06-04,313.92
3494,94076,Changed my mind,2025-08-26,37.79
3495,48420,Wrong size,2024-09-18,84.01
3496,19564,Wrong size,2024-11-02,289.16
3497,72179,Wrong size,2025-12-07,340.13
3498,1809,Not as described,2025-03-10,357.12
3499,42657,Not as described,2024-11-04,360.71
3500,96436,Item defective,2024-11-13,166.1
3501,51369,Item defective,2025-07-18,32.36
3502,76965,Arrived damaged,2023-08-05,65.12
3503,63739,Changed my mind,2023-06-08,496.3
3504,26483,Wrong size,2026-06-10,180.56
3505,64168,Wrong size,2023-10-30,12.2
3506,20505,Not as described,2024-01-02,258.2
3507,35473,Wrong size,2024-12-17,154.28
3508,15994,Arrived damaged,2025-02-24,157.51
3509,36991,Item defective,2024-10-14,60.35
3510,27770,Item defective,2024-09-08,32.48
3511,65899,Arrived damaged,2024-01-17,474.83
3512,72929,Wrong size,2026-06-27,31.35
3513,25379,Not as described,2026-02-03,225.3
3514,83616,Not as described,2024-02-24,475.17
3515,29129,Not as described,2023-10-06,123.09
3516,2307,Not as described,2025-08-20,396.11
3517,80826,Item defective,2025-11-17,51.15
3518,98150,Item defective,2025-01-21,179.73
3519,3129,Arrived damaged,2023-05-24,129.35
3520,62267,Not as described,2023-10-04,207.49
3521,55894,Changed my mind,2023-01-18,485.84
3522,95743,Changed my mind,2026-02-16,451.36
3523,23640,Wrong size,2025-10-08,426.64
3524,91513,Changed my mind,2025-07-09,310.41
3525,16820,Item defective,2023-11-03,449.76
3526,72127,Wrong size,2023-05-25,49.16
3527,82875,Not as described,2026-02-25,443.4
3528,9471,Changed my mind,2026-01-31,334.77
3529,31965,Item defective,2025-03-25,260.56
3530,28747,Item defective,2024-02-10,456.9
3531,50068,Arrived damaged,2026-06-09,30.99
3532,63681,Changed my mind,2023-03-13,17.8
3533,26088,Item defective,2025-02-21,401.76
3534,74834,Wrong size,2026-06-12,195.37
3535,58358,Arrived damaged,2024-06-29,251.0
3536,49146,Arrived damaged,2025-01-03,207.76
3537,34278,Not as described,2023-06-28,466.36
3538,37065,Changed my mind,2025-02-18,40.12
3539,41813,Arrived damaged,2023-09-13,292.27
3540,86108,Wrong size,2026-05-12,23.53
3541,3995,Item defective,2026-02-09,19.42
3542,75861,Changed my mind,2024-06-15,226.07
3543,71880,Arrived damaged,2025-12-06,209.9
3544,36908,Item defective,2023-11-10,382.16
3545,340,Wrong size,2023-04-19,293.23
3546,65709,Not as described,2024-02-09,451.96
3547,37651,Wrong size,2026-05-30,465.81
3548,91646,Not as described,2024-11-07,498.16
3549,78543,Item defective,2024-03-29,371.29
3550,98706,Item defective,2025-04-03,250.33
3551,5528,Changed my mind,2023-05-01,350.97
3552,12271,Wrong size,2025-01-22,454.39
3553,29212,Item defective,2026-04-05,319.31
3554,2779,Changed my mind,2025-04-19,320.37
3555,80620,Wrong size,2024-05-25,134.1
3556,76654,Item defective,2025-05-21,383.34
3557,68256,Not as described,2025-09-25,270.24
3558,45977,Changed my mind,2025-10-25,76.48
3559,58426,Wrong size,2023-12-27,376.81
3560,48563,Wrong size,2023-05-07,194.8
3561,88272,Not as described,2023-12-31,282.98
3562,14648,Changed my mind,2024-07-08,290.84
3563,79893,Not as described,2026-06-09,72.86
3564,74958,Changed my mind,2026-01-21,51.82
3565,19642,Changed my mind,2025-02-09,468.18
3566,45104,Arrived damaged,2024-12-03,490.84
3567,64564,Item defective,2024-10-13,182.7
3568,17880,Changed my mind,2023-02-09,313.48
3569,71466,Wrong size,2024-05-04,199.65
3570,6082,Changed my mind,2025-03-24,15.83
3571,19814,Changed my mind,2023-01-15,313.96
3572,21246,Wrong size,2024-09-16,111.74
3573,58722,Not as described,2024-06-09,240.56
3574,24558,Arrived damaged,2023-12-19,456.04
3575,37336,Not as described,2024-10-08,430.57
3576,98521,Wrong size,2023-01-18,475.36
3577,91129,Wrong size,2023-11-04,80.76
3578,1820,Changed my mind,2024-12-05,351.31
3579,21645,Changed my mind,2024-11-27,14.17
3580,58626,Wrong size,2023-10-31,105.08
3581,13686,Changed my mind,2025-10-29,20.23
3582,61507,Changed my mind,2023-10-27,226.98
3583,98133,Changed my mind,2026-05-24,417.21
3584,97812,Changed my mind,2023-11-13,86.8
3585,99045,Wrong size,2024-12-10,68.59
3586,31694,Changed my mind,2025-10-18,134.55
3587,18968,Wrong size,2023-01-25,428.12
3588,90858,Wrong size,2023-04-08,101.69
3589,8382,Arrived damaged,2026-03-19,73.64
3590,29247,Item defective,2023-10-21,111.73
3591,36614,Item defective,2023-01-29,87.15
3592,19490,Item defective,2025-11-08,98.19
3593,91831,Arrived damaged,2023-01-05,364.06
3594,97018,Item defective,2024-05-31,265.27
3595,26152,Wrong size,2023-03-27,13.29
3596,66954,Arrived damaged,2025-07-25,20.86
3597,8380,Arrived damaged,2025-06-06,282.25
3598,95170,Arrived damaged,2024-10-21,146.77
3599,80949,Item defective,2025-09-11,348.62
3600,11393,Changed my mind,2023-10-22,338.51
3601,96385,Arrived damaged,2023-03-09,212.63
3602,9129,Wrong size,2025-10-18,30.97
3603,74720,Wrong size,2024-12-11,215.12
3604,99634,Wrong size,2026-01-02,432.99
3605,95866,Changed my mind,2025-12-10,348.71
3606,62990,Item defective,2025-12-22,402.59
3607,49455,Not as described,2025-10-20,142.96
3608,34847,Wrong size,2025-11-30,177.13
3609,62499,Item defective,2023-03-25,136.87
3610,50661,Arrived damaged,2024-06-15,67.07
3611,27819,Arrived damaged,2023-10-16,106.76
3612,78838,Arrived damaged,2026-02-26,437.94
3613,2106,Arrived damaged,2023-12-16,132.77
3614,25116,Wrong size,2026-02-11,471.83
3615,67481,Changed my mind,2025-08-26,120.15
3616,79111,Arrived damaged,2024-02-20,127.04
3617,3811,Not as described,2026-02-11,474.86
3618,12369,Changed my mind,2024-05-22,334.93
3619,81376,Wrong size,2024-01-15,286.52
3620,41462,Wrong size,2023-12-27,82.81
3621,59707,Not as described,2025-09-06,92.21
3622,26162,Wrong size,2024-03-19,293.77
3623,30868,Item defective,2025-08-08,495.1
3624,4297,Item defective,2025-12-22,374.5
3625,29471,Wrong size,2026-03-04,447.42
3626,24211,Wrong size,2023-04-29,462.56
3627,99498,Wrong size,2026-05-03,407.33
3628,15287,Item defective,2024-07-10,149.94
3629,60931,Changed my mind,2024-08-03,205.55
3630,79989,Wrong size,2024-01-06,326.41
3631,63120,Arrived damaged,2023-12-03,58.34
3632,97666,Arrived damaged,2024-11-02,118.94
3633,34283,Changed my mind,2025-05-04,402.42
3634,73611,Item defective,2023-09-16,28.25
3635,22609,Not as described,2025-10-16,175.01
3636,52530,Wrong size,2026-03-27,434.96
3637,24819,Changed my mind,2024-03-19,119.48
3638,82025,Changed my mind,2023-06-13,334.24
3639,52918,Changed my mind,2025-03-28,263.77
3640,76457,Arrived damaged,2024-09-12,415.66
3641,95078,Item defective,2026-04-07,105.15
3642,42475,Not as described,2023-07-21,153.35
3643,86951,Changed my mind,2023-07-31,458.86
3644,96443,Changed my mind,2024-02-26,211.04
3645,34482,Not as described,2024-12-16,477.14
3646,71748,Not as described,2026-03-19,50.44
3647,71105,Item defective,2024-11-10,99.59
3648,10034,Not as described,2026-01-06,365.43
3649,69290,Wrong size,2024-01-08,418.03
3650,57041,Not as described,2023-02-12,499.62
3651,43273,Arrived damaged,2024-04-20,28.58
3652,15602,Changed my mind,2026-03-28,396.39
3653,27642,Changed my mind,2024-11-07,159.14
3654,92707,Not as described,2023-04-15,30.32
3655,89856,Not as described,2023-12-18,482.37
3656,76744,Changed my mind,2024-08-30,123.92
3657,78421,Item defective,2025-09-22,130.71
3658,47637,Arrived damaged,2025-03-01,210.0
3659,16717,Wrong size,2024-04-29,98.12
3660,96967,Not as described,2024-01-21,99.82
3661,26520,Changed my mind,2024-08-01,247.46
3662,25383,Item defective,2023-02-16,486.63
3663,28191,Item defective,2023-04-15,354.3
3664,82942,Arrived damaged,2023-05-22,24.23
3665,83680,Changed my mind,2023-11-29,161.6
3666,52097,Item defective,2023-01-11,31.17
3667,45541,Arrived damaged,2025-05-09,185.46
3668,51414,Arrived damaged,2023-01-05,299.7
3669,369,Item defective,2024-09-21,370.68
3670,97805,Not as described,2025-06-19,192.43
3671,15631,Changed my mind,2023-02-03,340.07
3672,95276,Arrived damaged,2026-01-30,383.08
3673,26098,Arrived damaged,2024-06-17,465.71
3674,40329,Changed my mind,2026-03-06,257.31
3675,64685,Item defective,2023-03-06,367.32
3676,48490,Item defective,2025-07-20,240.04
3677,51038,Arrived damaged,2024-12-09,370.2
3678,98883,Changed my mind,2026-02-15,446.09
3679,41302,Changed my mind,2023-10-08,264.43
3680,94230,Not as described,2026-02-27,121.15
3681,5233,Arrived damaged,2023-04-06,95.92
3682,64323,Item defective,2025-04-14,58.04
3683,13256,Wrong size,2024-09-22,401.72
3684,92364,Arrived damaged,2026-03-23,220.91
3685,59418,Not as described,2023-05-04,208.7
3686,64599,Not as described,2023-08-23,422.43
3687,61925,Arrived damaged,2025-06-12,376.43
3688,94317,Not as described,2023-06-03,151.47
3689,82909,Changed my mind,2024-06-01,292.99
3690,15655,Item defective,2025-06-09,479.33
3691,20355,Wrong size,2023-05-03,30.77
3692,31227,Changed my mind,2026-06-17,73.99
3693,44640,Changed my mind,2023-02-20,481.61
3694,56615,Changed my mind,2025-12-19,475.15
3695,46766,Not as described,2025-01-16,92.58
3696,72112,Item defective,2025-03-17,378.97
3697,33065,Wrong size,2024-03-18,406.9
3698,25579,Changed my mind,2025-11-20,65.73
3699,61710,Changed my mind,2025-03-09,302.74
3700,70358,Changed my mind,2023-07-07,98.1
3701,37428,Arrived damaged,2024-02-03,68.29
3702,85169,Item defective,2025-06-19,257.97
3703,14618,Arrived damaged,2024-01-23,207.64
3704,77285,Changed my mind,2024-04-07,258.05
3705,96760,Item defective,2023-09-26,196.96
3706,6841,Wrong size,2025-07-15,126.9
3707,26759,Arrived damaged,2024-03-21,236.73
3708,79531,Not as described,2025-01-19,258.32
3709,34272,Not as described,2025-03-24,312.88
3710,6372,Wrong size,2025-08-28,140.36
3711,80774,Item defective,2024-10-15,420.52
3712,70279,Item defective,2024-03-27,470.22
3713,92776,Item defective,2026-01-20,225.4
3714,53329,Wrong size,2024-01-20,324.91
3715,71432,Arrived damaged,2025-02-26,450.28
3716,2375,Item defective,2026-06-02,254.73
3717,70300,Not as described,2023-03-13,434.82
3718,16304,Changed my mind,2025-11-25,176.63
3719,50266,Item defective,2023-07-14,288.84
3720,96142,Changed my mind,2026-01-17,415.87
3721,5474,Wrong size,2024-01-06,481.29
3722,26192,Changed my mind,2026-02-08,34.83
3723,40888,Changed my mind,2025-05-04,64.78
3724,87700,Item defective,2024-12-15,37.1
3725,6777,Not as described,2024-09-06,140.02
3726,74285,Not as described,2026-03-13,270.35
3727,66722,Item defective,2023-12-10,361.93
3728,60383,Wrong size,2026-02-08,234.76
3729,16778,Not as described,2024-08-21,41.03
3730,33851,Not as described,2025-01-24,353.51
3731,55935,Item defective,2025-07-29,499.09
3732,45667,Wrong size,2025-08-08,20.58
3733,64231,Arrived damaged,2026-01-14,464.76
3734,16478,Arrived damaged,2024-09-10,307.07
3735,60020,Not as described,2025-10-22,422.28
3736,56617,Wrong size,2025-02-27,159.28
3737,95015,Wrong size,2023-09-03,343.64
3738,66112,Not as described,2025-07-28,239.92
3739,83037,Wrong size,2025-11-20,242.64
3740,97231,Not as described,2023-11-16,472.02
3741,22368,Changed my mind,2023-02-11,322.14
3742,98547,Not as described,2025-11-01,86.7
3743,3278,Wrong size,2026-04-09,268.77
3744,93259,Wrong size,2023-01-09,119.27
3745,18812,Not as described,2024-03-05,363.19
3746,14883,Item defective,2023-05-03,128.57
3747,13771,Wrong size,2023-11-22,148.87
3748,74690,Arrived damaged,2023-09-28,403.08
3749,4159,Arrived damaged,2025-12-22,407.1
3750,50519,Arrived damaged,2026-04-14,24.76
3751,45650,Not as described,2023-11-29,409.08
3752,25773,Item defective,2024-08-21,10.91
3753,95822,Changed my mind,2025-04-21,241.71
3754,58886,Changed my mind,2025-07-18,407.78
3755,42021,Arrived damaged,2025-08-22,18.96
3756,28397,Item defective,2025-10-02,73.14
3757,17339,Item defective,2024-09-24,249.85
3758,68736,Item defective,2023-03-24,198.44
3759,48853,Item defective,2025-01-27,89.36
3760,43397,Item defective,2025-10-19,470.52
3761,6953,Arrived damaged,2024-07-02,206.34
3762,67781,Changed my mind,2024-04-06,405.65
3763,11818,Arrived damaged,2024-02-25,176.91
3764,90243,Arrived damaged,2026-03-21,396.19
3765,66442,Wrong size,2025-01-13,468.66
3766,62507,Arrived damaged,2025-05-01,313.02
3767,22095,Changed my mind,2025-08-01,216.92
3768,8441,Item defective,2025-12-27,159.77
3769,65075,Changed my mind,2023-01-29,93.66
3770,62435,Changed my mind,2023-10-28,123.78
3771,31337,Item defective,2024-06-14,295.11
3772,17269,Wrong size,2025-05-11,424.37
3773,77742,Arrived damaged,2026-04-23,300.82
3774,74697,Wrong size,2025-07-28,118.48
3775,44398,Not as described,2025-04-17,90.56
3776,68595,Arrived damaged,2024-09-19,368.58
3777,66612,Item defective,2024-10-28,131.52
3778,15226,Wrong size,2024-02-22,388.95
3779,57717,Wrong size,2023-11-02,286.73
3780,44536,Changed my mind,2024-07-16,481.53
3781,3565,Item defective,2023-04-10,10.27
3782,50367,Arrived damaged,2025-05-30,91.79
3783,97839,Changed my mind,2023-10-09,171.05
3784,85930,Wrong size,2025-12-09,39.29
3785,49738,Changed my mind,2025-09-04,437.29
3786,22742,Arrived damaged,2025-10-23,338.66
3787,63809,Item defective,2023-06-28,169.76
3788,31883,Changed my mind,2025-10-15,364.31
3789,13098,Changed my mind,2024-09-09,232.55
3790,2228,Wrong size,2026-02-10,162.92
3791,90136,Changed my mind,2023-11-27,206.35
3792,30227,Wrong size,2024-09-27,372.83
3793,13187,Item defective,2026-02-12,44.34
3794,80410,Arrived damaged,2024-07-10,396.97
3795,85379,Not as described,2023-08-30,51.01
3796,27297,Wrong size,2024-10-22,194.62
3797,49981,Item defective,2024-06-23,322.71
3798,78370,Arrived damaged,2024-01-25,174.52
3799,39273,Changed my mind,2024-08-06,120.92
3800,17191,Changed my mind,2026-01-11,257.67
3801,17683,Arrived damaged,2024-09-15,440.09
3802,62921,Changed my mind,2024-04-05,436.93
3803,31210,Arrived damaged,2025-02-19,429.14
3804,17871,Changed my mind,2024-12-06,201.23
3805,56432,Not as described,2024-05-16,154.68
3806,90716,Arrived damaged,2023-06-18,142.44
3807,43581,Not as described,2024-06-15,214.71
3808,15048,Wrong size,2025-12-27,286.22
3809,47892,Changed my mind,2026-05-23,145.06
3810,88161,Not as described,2026-04-25,370.54
3811,74474,Not as described,2024-09-09,179.13
3812,49322,Item defective,2024-05-06,128.53
3813,68644,Wrong size,2023-12-24,153.64
3814,84212,Changed my mind,2024-01-24,354.78
3815,5661,Wrong size,2023-07-15,235.24
3816,20972,Wrong size,2023-12-18,281.09
3817,6935,Not as described,2024-08-16,268.49
3818,49094,Changed my mind,2025-08-17,451.3
3819,62193,Not as described,2023-08-20,490.26
3820,34944,Changed my mind,2024-09-16,297.75
3821,37142,Changed my mind,2024-09-07,382.77
3822,25655,Wrong size,2025-01-06,277.66
3823,75338,Item defective,2023-12-24,131.91
3824,33774,Wrong size,2025-08-01,433.14
3825,41389,Wrong size,2026-06-10,344.96
3826,32027,Item defective,2026-06-07,150.93
3827,97691,Changed my mind,2025-06-09,97.05
3828,60565,Arrived damaged,2024-11-16,8.21
3829,43283,Not as described,2025-08-15,423.9
3830,2986,Wrong size,2023-03-19,49.79
3831,87182,Changed my mind,2023-10-21,191.71
3832,89208,Arrived damaged,2025-03-30,373.46
3833,42498,Item defective,2024-05-22,157.34
3834,64734,Wrong size,2024-03-14,46.09
3835,48892,Arrived damaged,2025-02-22,435.53
3836,11532,Wrong size,2023-09-28,369.13
3837,44259,Arrived damaged,2024-04-15,367.14
3838,33011,Item defective,2024-07-08,361.61
3839,49126,Item defective,2024-06-15,24.79
3840,99495,Changed my mind,2024-03-30,369.28
3841,80174,Changed my mind,2026-06-15,313.58
3842,66459,Item defective,2024-05-23,407.96
3843,30611,Item defective,2024-03-06,122.05
3844,21223,Not as described,2024-05-31,203.11
3845,93384,Wrong size,2023-11-03,165.37
3846,6476,Wrong size,2025-01-11,47.0
3847,98399,Changed my mind,2026-03-10,463.16
3848,30069,Not as described,2023-01-03,245.03
3849,91969,Wrong size,2024-10-28,178.83
3850,9341,Changed my mind,2025-12-18,120.23
3851,68668,Not as described,2026-03-05,220.84
3852,73309,Not as described,2023-03-28,332.98
3853,32184,Item defective,2024-02-10,394.48
3854,70079,Changed my mind,2026-02-08,198.09
3855,34633,Changed my mind,2023-12-15,252.55
3856,43061,Wrong size,2024-06-27,475.22
3857,59714,Changed my mind,2024-04-26,216.63
3858,44151,Item defective,2023-09-14,419.0
3859,82269,Changed my mind,2023-08-24,101.67
3860,99574,Arrived damaged,2023-06-07,307.59
3861,50894,Changed my mind,2025-04-27,44.36
3862,31026,Not as described,2023-08-17,92.18
3863,66434,Not as described,2023-08-04,227.72
3864,49999,Item defective,2024-05-20,83.81
3865,67760,Arrived damaged,2023-04-23,260.19
3866,8031,Changed my mind,2023-12-30,143.16
3867,67447,Not as described,2025-01-09,63.25
3868,51830,Not as described,2024-07-01,127.13
3869,23489,Not as described,2024-09-20,267.79
3870,8988,Changed my mind,2024-08-29,485.32
3871,6551,Wrong size,2025-02-19,93.74
3872,39029,Changed my mind,2023-07-30,194.93
3873,62451,Wrong size,2025-10-03,496.51
3874,97618,Arrived damaged,2025-08-24,49.52
3875,26823,Not as described,2023-10-19,82.15
3876,5919,Not as described,2023-03-04,232.94
3877,14416,Arrived damaged,2025-01-02,221.17
3878,37266,Item defective,2026-04-27,198.04
3879,18105,Changed my mind,2025-08-18,74.29
3880,94259,Changed my mind,2024-11-01,151.78
3881,33610,Wrong size,2025-02-13,81.71
3882,9164,Arrived damaged,2025-06-28,484.22
3883,63373,Not as described,2025-09-04,354.48
3884,73740,Arrived damaged,2024-10-16,330.63
3885,4824,Changed my mind,2024-09-30,484.24
3886,89421,Item defective,2024-05-17,460.38
3887,18418,Changed my mind,2024-09-22,189.53
3888,21511,Changed my mind,2023-10-28,24.28
3889,7042,Item defective,2026-02-25,249.4
3890,81593,Wrong size,2024-04-06,117.8
3891,47562,Not as described,2026-06-05,51.04
3892,44896,Wrong size,2026-06-29,90.35
3893,19551,Not as described,2024-12-04,431.93
3894,80440,Not as described,2025-07-18,433.21
3895,26204,Changed my mind,2025-02-01,493.3
3896,68048,Item defective,2023-09-24,354.12
3897,46756,Changed my mind,2025-05-07,202.56
3898,91652,Changed my mind,2024-03-01,402.78
3899,72721,Changed my mind,2024-06-26,365.87
3900,661,Wrong size,2024-10-24,168.8
3901,52283,Arrived damaged,2023-02-25,436.89
3902,33060,Wrong size,2025-08-06,220.14
3903,87493,Item defective,2025-05-24,340.62
3904,90448,Item defective,2024-06-27,122.62
3905,85870,Item defective,2026-05-19,224.08
3906,50449,Not as described,2025-06-27,453.63
3907,24983,Changed my mind,2025-10-01,44.56
3908,75352,Arrived damaged,2025-02-16,82.3
3909,47358,Wrong size,2025-03-05,474.27
3910,91522,Not as described,2024-11-23,223.91
3911,178,Not as described,2026-02-04,375.61
3912,72878,Changed my mind,2025-08-19,412.3
3913,37350,Item defective,2026-01-20,153.78
3914,67007,Item defective,2024-10-11,378.9
3915,75505,Not as described,2024-10-28,203.89
3916,73995,Not as described,2025-06-12,123.0
3917,16044,Changed my mind,2024-11-02,345.85
3918,51214,Changed my mind,2023-02-05,106.03
3919,96435,Changed my mind,2024-06-11,15.28
3920,54766,Wrong size,2024-05-06,465.94
3921,72940,Changed my mind,2024-12-11,214.82
3922,84217,Changed my mind,2025-01-09,154.65
3923,57159,Not as described,2023-07-11,291.09
3924,46424,Arrived damaged,2025-06-11,195.81
3925,23035,Changed my mind,2024-08-21,91.0
3926,41530,Item defective,2025-11-29,324.41
3927,51374,Arrived damaged,2023-04-14,39.87
3928,71520,Item defective,2024-12-04,80.1
3929,90930,Arrived damaged,2026-05-26,231.76
3930,46984,Wrong size,2025-04-15,268.14
3931,20462,Wrong size,2025-05-24,43.7
3932,22683,Wrong size,2023-10-27,160.26
3933,33672,Changed my mind,2025-05-16,228.94
3934,47566,Not as described,2026-05-12,355.01
3935,11242,Item defective,2025-01-15,162.42
3936,27257,Wrong size,2025-07-18,159.06
3937,78596,Not as described,2023-04-11,495.57
3938,91480,Changed my mind,2023-03-02,25.76
3939,5997,Arrived damaged,2025-01-15,250.39
3940,38430,Changed my mind,2025-06-28,103.48
3941,5323,Changed my mind,2025-11-01,456.22
3942,71583,Changed my mind,2026-06-01,91.93
3943,38903,Item defective,2025-06-12,52.12
3944,35427,Changed my mind,2024-01-25,131.06
3945,25110,Not as described,2023-09-22,483.43
3946,81547,Changed my mind,2024-03-19,383.19
3947,60992,Not as described,2023-08-18,437.18
3948,2663,Item defective,2025-04-30,487.04
3949,11101,Arrived damaged,2026-02-12,452.36
3950,60596,Wrong size,2024-09-23,316.7
3951,50401,Item defective,2025-01-11,319.83
3952,92198,Item defective,2023-12-11,192.19
3953,41261,Arrived damaged,2026-05-15,87.34
3954,35967,Changed my mind,2025-04-27,141.12
3955,65321,Wrong size,2023-07-02,175.55
3956,10964,Item defective,2026-06-18,471.41
3957,38144,Arrived damaged,2023-08-03,380.75
3958,15950,Not as described,2025-08-14,422.58
3959,96679,Arrived damaged,2023-10-01,46.26
3960,94503,Not as described,2025-01-16,246.28
3961,94981,Not as described,2024-06-11,406.0
3962,76831,Not as described,2023-03-20,256.69
3963,44418,Changed my mind,2026-06-23,437.19
3964,46454,Arrived damaged,2023-05-09,18.33
3965,47480,Not as described,2024-12-09,291.81
3966,87123,Wrong size,2026-04-14,330.26
3967,31572,Item defective,2025-12-14,345.12
3968,24027,Wrong size,2024-04-22,216.81
3969,79735,Arrived damaged,2025-12-05,222.63
3970,13587,Not as described,2024-07-06,239.19
3971,38577,Arrived damaged,2023-02-18,195.31
3972,94177,Wrong size,2024-08-20,172.55
3973,17810,Item defective,2026-05-28,336.75
3974,23557,Not as described,2025-03-19,490.69
3975,27924,Wrong size,2023-11-29,478.01
3976,20858,Wrong size,2025-07-07,420.67
3977,93295,Changed my mind,2024-08-26,111.97
3978,64910,Wrong size,2025-12-27,215.34
3979,19029,Not as described,2023-08-09,473.09
3980,1409,Item defective,2023-03-28,360.34
3981,83236,Wrong size,2026-05-07,205.06
3982,14461,Not as described,2025-09-07,195.91
3983,99550,Item defective,2026-01-11,136.25
3984,62847,Not as described,2023-09-18,23.83
3985,36977,Wrong size,2024-04-03,495.85
3986,17289,Wrong size,2024-05-15,349.43
3987,30255,Arrived damaged,2026-03-16,463.8
3988,21398,Arrived damaged,2026-03-09,258.31
3989,7981,Changed my mind,2024-11-27,124.6
3990,38448,Not as described,2025-11-15,443.53
3991,57772,Changed my mind,2023-04-06,78.81
3992,13016,Changed my mind,2026-02-17,486.91
3993,26696,Item defective,2023-07-01,77.02
3994,18266,Changed my mind,2026-01-28,65.25
3995,8207,Not as described,2025-04-01,319.19
3996,47519,Arrived damaged,2025-09-14,302.61
3997,64745,Item defective,2025-12-01,413.42
3998,31759,Arrived damaged,2025-02-24,304.61
3999,90160,Not as described,2025-04-24,97.38
4000,41230,Changed my mind,2023-02-26,188.32
